seed,failed,beta_hat,se,ci_low,ci_high,sr_pds_variant,epds_variant,pre_lasso_terms_y,pre_lasso_terms_d,post_lasso_terms_y,post_lasso_terms_d,term_coefs_y,term_coefs_d,dgp,estimator,dgp_label,est_label,beta0
0,False,0.2751173015371681,0.2005947978533369,-0.11804850225537217,0.6682831053297085,sr_pds,sr_pds,"[('sq', 0, None)]","[('int', 4, 9), ('int', 27, 38)]","[('sq', 0, None)]",[],"{('sq', 0, None): 5.012438528870166}",{},dgp2,sr_pds,Quadratic,SR-PDS,0.5
1,False,0.3124651538297979,0.2364155512163496,-0.15090932655424733,0.7758396342138432,sr_pds,sr_pds,"[('sq', 0, None)]",[],"[('sq', 0, None)]",[],"{('sq', 0, None): 5.080137270232689}",{},dgp2,sr_pds,Quadratic,SR-PDS,0.5
2,False,0.4601133297845234,0.04810267067922682,0.36583209525323884,0.5543945643158079,sr_pds,sr_pds,"[('sq', 0, None), ('sq', 2, None)]",[],"[('sq', 0, None), ('sq', 2, None)]",[],"{('sq', 0, None): 5.010417762714056, ('sq', 2, None): 3.035110224016058}",{},dgp2,sr_pds,Quadratic,SR-PDS,0.5
3,False,0.47173375916627136,0.043895313382543065,0.38569894493648693,0.5577685733960558,sr_pds,sr_pds,"[('sq', 0, None), ('sq', 2, None)]",[],"[('sq', 0, None), ('sq', 2, None)]",[],"{('sq', 0, None): 4.946777671020764, ('sq', 2, None): 2.990164473627862}",{},dgp2,sr_pds,Quadratic,SR-PDS,0.5
4,False,0.5488619374297794,0.04534014302455248,0.45999525710165656,0.6377286177579022,sr_pds,sr_pds,"[('sq', 0, None), ('sq', 2, None)]",[],"[('sq', 0, None), ('sq', 2, None)]",[],"{('sq', 0, None): 5.027033001330868, ('sq', 2, None): 2.996292898471559}",{},dgp2,sr_pds,Quadratic,SR-PDS,0.5
5,False,0.42265092928929204,0.04421686537590993,0.3359858731525086,0.5093159854260755,sr_pds,sr_pds,"[('sq', 0, None), ('sq', 2, None)]","[('int', 15, 35), ('int', 15, 49)]","[('sq', 0, None), ('sq', 2, None)]",[],"{('sq', 0, None): 4.986568722290863, ('sq', 2, None): 2.992679639649051}",{},dgp2,sr_pds,Quadratic,SR-PDS,0.5
6,False,0.5083616142620017,0.042921886158453416,0.424234717391433,0.5924885111325704,sr_pds,sr_pds,"[('sq', 0, None), ('sq', 2, None)]","[('int', 10, 49)]","[('sq', 0, None), ('sq', 2, None)]",[],"{('sq', 0, None): 4.942844207272746, ('sq', 2, None): 3.0084813732619162}",{},dgp2,sr_pds,Quadratic,SR-PDS,0.5
7,False,0.5615806309346885,0.046069957781342624,0.47128351368325694,0.65187774818612,sr_pds,sr_pds,"[('sq', 0, None), ('sq', 2, None)]","[('int', 13, 34), ('int', 14, 34)]","[('sq', 0, None), ('sq', 2, None)]",[],"{('sq', 0, None): 4.938171719699617, ('sq', 2, None): 3.017804154705824}",{},dgp2,sr_pds,Quadratic,SR-PDS,0.5
8,False,0.18204568768730692,0.1873010079828608,-0.18506428795910027,0.5491556633337141,sr_pds,sr_pds,"[('sq', 0, None)]",[],"[('sq', 0, None)]",[],"{('sq', 0, None): 4.823845570249269}",{},dgp2,sr_pds,Quadratic,SR-PDS,0.5
9,False,0.25028630580085837,0.256796058312045,-0.2530339684907498,0.7536065800924665,sr_pds,sr_pds,"[('sq', 0, None)]","[('int', 4, 31), ('int', 11, 31)]","[('sq', 0, None)]","[('int', 4, 31)]","{('sq', 0, None): 4.838456458588123}","{('int', 4, 31): -0.12990307770943937}",dgp2,sr_pds,Quadratic,SR-PDS,0.5
10,False,0.6172103840189874,0.1734485498638753,0.2772512262857918,0.957169541752183,sr_pds,sr_pds,"[('sq', 0, None)]","[('int', 3, 34)]","[('sq', 0, None)]","[('int', 3, 34)]","{('sq', 0, None): 5.182307580747765}","{('int', 3, 34): -0.3216093392395092}",dgp2,sr_pds,Quadratic,SR-PDS,0.5
11,False,0.5552277547230768,0.18032390443217725,0.20179290203600947,0.9086626074101443,sr_pds,sr_pds,"[('sq', 0, None)]",[],"[('sq', 0, None)]",[],"{('sq', 0, None): 4.819115642937397}",{},dgp2,sr_pds,Quadratic,SR-PDS,0.5
12,False,0.5418309861631807,0.045802901238546474,0.45205729973562964,0.6316046725907318,sr_pds,sr_pds,"[('sq', 0, None), ('sq', 2, None)]","[('int', 14, 26)]","[('sq', 0, None), ('sq', 2, None)]",[],"{('sq', 0, None): 4.970879242972263, ('sq', 2, None): 2.9915734197812784}",{},dgp2,sr_pds,Quadratic,SR-PDS,0.5
13,False,0.6889658640753933,0.15630637430399655,0.38260537043956006,0.9953263577112266,sr_pds,sr_pds,"[('sq', 0, None)]",[],"[('sq', 0, None)]",[],"{('sq', 0, None): 4.948893941358292}",{},dgp2,sr_pds,Quadratic,SR-PDS,0.5
14,False,1.0000705203424147,0.20487028656686454,0.5985247586713602,1.4016162820134692,sr_pds,sr_pds,"[('sq', 0, None)]",[],"[('sq', 0, None)]",[],"{('sq', 0, None): 5.004466827133357}",{},dgp2,sr_pds,Quadratic,SR-PDS,0.5
15,False,0.42374973542625366,0.04258268367178153,0.34028767542956184,0.5072117954229455,sr_pds,sr_pds,"[('sq', 0, None), ('sq', 2, None)]","[('int', 30, 42)]","[('sq', 0, None), ('sq', 2, None)]","[('int', 30, 42)]","{('sq', 0, None): 5.002358764294493, ('sq', 2, None): 3.033041765799456}","{('int', 30, 42): -0.039869852454024954}",dgp2,sr_pds,Quadratic,SR-PDS,0.5
16,False,0.2068649309556694,0.18659172776255922,-0.15885485545894665,0.5725847173702855,sr_pds,sr_pds,"[('sq', 0, None)]","[('int', 18, 24)]","[('sq', 0, None)]","[('int', 18, 24)]","{('sq', 0, None): 4.803053935387718}","{('int', 18, 24): -0.14054115367093772}",dgp2,sr_pds,Quadratic,SR-PDS,0.5
17,False,0.00766067751675484,0.2024981384984265,-0.38923567394016106,0.4045570289736708,sr_pds,sr_pds,"[('sq', 0, None)]","[('int', 3, 24), ('int', 3, 37), ('int', 15, 24), ('int', 15, 37), ('int', 20, 24), ('int', 20, 37), ('int', 24, 28), ('int', 24, 38), ('int', 28, 37), ('int', 37, 38)]","[('sq', 0, None)]","[('int', 28, 37), ('int', 37, 38)]","{('sq', 0, None): 5.135748595800888}","{('int', 28, 37): 0.27045221416419735, ('int', 37, 38): 0.3701007871782624}",dgp2,sr_pds,Quadratic,SR-PDS,0.5
18,False,0.33238484682625935,0.22765075066925802,-0.11381062448548634,0.7785803181380051,sr_pds,sr_pds,"[('sq', 0, None)]","[('int', 7, 30)]","[('sq', 0, None)]",[],"{('sq', 0, None): 4.877656771867433}",{},dgp2,sr_pds,Quadratic,SR-PDS,0.5
19,False,0.4680780380602899,0.28688162391923,-0.09420994482140088,1.0303660209419807,sr_pds,sr_pds,"[('sq', 2, None)]",[],"[('sq', 2, None)]",[],"{('sq', 2, None): 3.058805516960172}",{},dgp2,sr_pds,Quadratic,SR-PDS,0.5
20,False,0.46944461692312256,0.04219288289073732,0.38674656645727745,0.5521426673889677,sr_pds,sr_pds,"[('sq', 0, None), ('sq', 2, None)]",[],"[('sq', 0, None), ('sq', 2, None)]",[],"{('sq', 0, None): 5.038773702088934, ('sq', 2, None): 2.955291760886066}",{},dgp2,sr_pds,Quadratic,SR-PDS,0.5
21,False,0.1116202180836084,0.21415582083361373,-0.3081251907502745,0.5313656269174913,sr_pds,sr_pds,"[('sq', 0, None)]","[('log', 17, None)]","[('sq', 0, None)]","[('log', 17, None)]","{('sq', 0, None): 4.767693989198486}","{('log', 17, None): -0.30193142901776215}",dgp2,sr_pds,Quadratic,SR-PDS,0.5
22,False,0.47297422228157276,0.04077306757218844,0.3930590098400834,0.5528894347230621,sr_pds,sr_pds,"[('sq', 0, None), ('sq', 2, None)]","[('int', 30, 36)]","[('sq', 0, None), ('sq', 2, None)]",[],"{('sq', 0, None): 5.020445306556912, ('sq', 2, None): 2.986109454444661}",{},dgp2,sr_pds,Quadratic,SR-PDS,0.5
23,False,0.7843112449438933,0.384299155563442,0.031084900039546892,1.5375375898482395,sr_pds,sr_pds,[],"[('int', 1, 14), ('int', 1, 23)]",[],"[('int', 1, 14), ('int', 1, 23)]",{},"{('int', 1, 14): -0.18672013841161425, ('int', 1, 23): 0.7664254663436506}",dgp2,sr_pds,Quadratic,SR-PDS,0.5
24,False,0.4674804881735907,0.21026815353818584,0.055354907238746476,0.879606069108435,sr_pds,sr_pds,"[('sq', 0, None)]",[],"[('sq', 0, None)]",[],"{('sq', 0, None): 5.113843108186087}",{},dgp2,sr_pds,Quadratic,SR-PDS,0.5
25,False,0.7094299763873129,0.21660746655964255,0.2848793419304135,1.1339806108442123,sr_pds,sr_pds,"[('sq', 0, None)]",[],"[('sq', 0, None)]",[],"{('sq', 0, None): 5.055653139315611}",{},dgp2,sr_pds,Quadratic,SR-PDS,0.5
26,False,0.5215949265266103,0.04849959303232761,0.4265357241832482,0.6166541288699725,sr_pds,sr_pds,"[('sq', 0, None), ('sq', 2, None)]","[('int', 4, 6)]","[('sq', 0, None), ('sq', 2, None)]","[('int', 4, 6)]","{('sq', 0, None): 4.978100998324628, ('sq', 2, None): 2.9535212445208394}","{('int', 4, 6): 0.04150406323729615}",dgp2,sr_pds,Quadratic,SR-PDS,0.5
27,False,0.41897334904366695,0.23475999382782278,-0.04115623885886571,0.8791029369461996,sr_pds,sr_pds,"[('sq', 0, None)]",[],"[('sq', 0, None)]",[],"{('sq', 0, None): 5.479632197531395}",{},dgp2,sr_pds,Quadratic,SR-PDS,0.5
28,False,0.44586215466340506,0.17241886636811427,0.10792117658190109,0.7838031327449091,sr_pds,sr_pds,"[('sq', 0, None)]","[('cubic', 19, 16)]","[('sq', 0, None)]","[('cubic', 19, 16)]","{('sq', 0, None): 4.806634358115421}","{('cubic', 19, 16): -0.0565888844786889}",dgp2,sr_pds,Quadratic,SR-PDS,0.5
29,False,0.5455837886601558,0.03965632920444311,0.46785738341944727,0.6233101939008643,sr_pds,sr_pds,"[('sq', 0, None), ('sq', 2, None)]","[('cubic', 34, 30), ('int', 11, 33), ('int', 11, 34), ('int', 11, 44), ('int', 30, 34)]","[('sq', 0, None), ('sq', 2, None)]","[('cubic', 34, 30), ('int', 30, 34)]","{('sq', 0, None): 5.032407555549692, ('sq', 2, None): 2.9629670729889037}","{('cubic', 34, 30): 0.00502255694731321, ('int', 30, 34): -0.08427540539655573}",dgp2,sr_pds,Quadratic,SR-PDS,0.5
30,False,0.43401113264463853,0.19661374821364339,0.0486481861458975,0.8193740791433796,sr_pds,sr_pds,"[('sq', 0, None)]","[('int', 3, 5), ('int', 3, 24)]","[('sq', 0, None)]","[('int', 3, 5), ('int', 3, 24)]","{('sq', 0, None): 5.107346730544381}","{('int', 3, 5): -0.4022429598071596, ('int', 3, 24): -0.1676804666591846}",dgp2,sr_pds,Quadratic,SR-PDS,0.5
31,False,0.5771238344098318,0.1912458332346882,0.20228200126984297,0.9519656675498207,sr_pds,sr_pds,"[('sq', 0, None)]",[],"[('sq', 0, None)]",[],"{('sq', 0, None): 5.1258543886344485}",{},dgp2,sr_pds,Quadratic,SR-PDS,0.5
32,False,0.44614733189493516,0.17775697437068122,0.09774366212839997,0.7945510016614703,sr_pds,sr_pds,"[('sq', 0, None)]","[('int', 8, 21), ('int', 8, 23), ('int', 25, 48)]","[('sq', 0, None)]","[('int', 8, 23)]","{('sq', 0, None): 5.095930755842772}","{('int', 8, 23): -0.25942982712077517}",dgp2,sr_pds,Quadratic,SR-PDS,0.5
33,False,0.5789984891352082,0.3363035174803376,-0.08015640512625344,1.23815338339667,sr_pds,sr_pds,[],[],[],[],{},{},dgp2,sr_pds,Quadratic,SR-PDS,0.5
34,False,0.49393718737842224,0.044158725152414924,0.40738608607968896,0.5804882886771555,sr_pds,sr_pds,"[('sq', 0, None), ('sq', 2, None)]",[],"[('sq', 0, None), ('sq', 2, None)]",[],"{('sq', 0, None): 4.945033531750246, ('sq', 2, None): 2.957787543925946}",{},dgp2,sr_pds,Quadratic,SR-PDS,0.5
35,False,0.5053159003014748,0.04591305023722918,0.4153263218365056,0.595305478766444,sr_pds,sr_pds,"[('sq', 0, None), ('sq', 2, None)]","[('cubic', 8, 11), ('int', 11, 18)]","[('sq', 0, None), ('sq', 2, None)]",[],"{('sq', 0, None): 5.022179101489117, ('sq', 2, None): 2.9910940486725797}",{},dgp2,sr_pds,Quadratic,SR-PDS,0.5
36,False,0.5108290010748576,0.04423088383629012,0.42413646875572897,0.5975215333939863,sr_pds,sr_pds,"[('sq', 0, None), ('sq', 2, None)]","[('cubic', 44, 3)]","[('sq', 0, None), ('sq', 2, None)]","[('cubic', 44, 3)]","{('sq', 0, None): 5.002704524363917, ('sq', 2, None): 3.0613798866729494}","{('cubic', 44, 3): 0.06583747094390859}",dgp2,sr_pds,Quadratic,SR-PDS,0.5
37,False,0.46761851240271746,0.04130910098811162,0.3866526744660187,0.5485843503394162,sr_pds,sr_pds,"[('sq', 0, None), ('sq', 2, None)]","[('cubic', 15, 0), ('sq', 15, None)]","[('sq', 0, None), ('sq', 2, None)]","[('cubic', 15, 0)]","{('sq', 0, None): 5.025629438038811, ('sq', 2, None): 3.064993268072458}","{('cubic', 15, 0): 0.010705922779562987}",dgp2,sr_pds,Quadratic,SR-PDS,0.5
38,False,0.45428233537561585,0.2021859595815861,0.05799785459570711,0.8505668161555247,sr_pds,sr_pds,"[('sq', 0, None)]","[('int', 20, 36)]","[('sq', 0, None)]",[],"{('sq', 0, None): 4.8967886803894105}",{},dgp2,sr_pds,Quadratic,SR-PDS,0.5
39,False,0.5565196832346538,0.044361745343311436,0.4695706623617634,0.6434687041075442,sr_pds,sr_pds,"[('sq', 0, None), ('sq', 2, None)]","[('cubic', 10, 31)]","[('sq', 0, None), ('sq', 2, None)]","[('cubic', 10, 31)]","{('sq', 0, None): 5.047048270355901, ('sq', 2, None): 2.9827664776215315}","{('cubic', 10, 31): -0.04305429674024671}",dgp2,sr_pds,Quadratic,SR-PDS,0.5
40,False,0.5502158897994313,0.044403723680513596,0.4631845913856246,0.6372471882132379,sr_pds,sr_pds,"[('sq', 0, None), ('sq', 2, None)]","[('int', 8, 29), ('int', 8, 35), ('int', 13, 29), ('int', 13, 35)]","[('sq', 0, None), ('sq', 2, None)]",[],"{('sq', 0, None): 4.958199977228765, ('sq', 2, None): 3.0124491309675827}",{},dgp2,sr_pds,Quadratic,SR-PDS,0.5
41,False,0.6823882051193247,0.1847831516932083,0.3202132278006365,1.044563182438013,sr_pds,sr_pds,"[('sq', 0, None)]","[('cubic', 6, 33)]","[('sq', 0, None)]",[],"{('sq', 0, None): 5.144214829054296}",{},dgp2,sr_pds,Quadratic,SR-PDS,0.5
42,False,0.46382578040888367,0.04687564585883677,0.3719495145255636,0.5557020462922038,sr_pds,sr_pds,"[('sq', 0, None), ('sq', 2, None)]","[('int', 7, 37), ('int', 20, 37), ('int', 27, 37), ('int', 30, 37), ('int', 34, 37)]","[('sq', 0, None), ('sq', 2, None)]",[],"{('sq', 0, None): 4.980600356897218, ('sq', 2, None): 2.991947456620974}",{},dgp2,sr_pds,Quadratic,SR-PDS,0.5
43,False,0.40655962892701825,0.044215815808827226,0.31989662994171686,0.49322262791231963,sr_pds,sr_pds,"[('sq', 0, None), ('sq', 2, None)]","[('int', 9, 19)]","[('sq', 0, None), ('sq', 2, None)]",[],"{('sq', 0, None): 4.971790775305885, ('sq', 2, None): 2.9862331405114664}",{},dgp2,sr_pds,Quadratic,SR-PDS,0.5
44,False,0.47409943737886184,0.05034236288132445,0.3754284061314659,0.5727704686262578,sr_pds,sr_pds,"[('sq', 0, None), ('sq', 2, None)]","[('int', 9, 36)]","[('sq', 0, None), ('sq', 2, None)]","[('int', 9, 36)]","{('sq', 0, None): 4.967659606525401, ('sq', 2, None): 3.0258295148585685}","{('int', 9, 36): -0.047176870882478274}",dgp2,sr_pds,Quadratic,SR-PDS,0.5
45,False,0.4369846148108676,0.04499069525937585,0.3488028521024909,0.5251663775192442,sr_pds,sr_pds,"[('sq', 0, None), ('sq', 2, None)]","[('int', 14, 49)]","[('sq', 0, None), ('sq', 2, None)]","[('int', 14, 49)]","{('sq', 0, None): 4.985951964915349, ('sq', 2, None): 2.9599574308424264}","{('int', 14, 49): -0.0017515321242775094}",dgp2,sr_pds,Quadratic,SR-PDS,0.5
46,False,0.42888895439742103,0.04693990465029479,0.33688674128284324,0.5208911675119988,sr_pds,sr_pds,"[('sq', 0, None), ('sq', 2, None)]",[],"[('sq', 0, None), ('sq', 2, None)]",[],"{('sq', 0, None): 5.009843950339309, ('sq', 2, None): 2.980822011267866}",{},dgp2,sr_pds,Quadratic,SR-PDS,0.5
47,False,0.5079714839222174,0.045967632259797726,0.4178749246930138,0.5980680431514209,sr_pds,sr_pds,"[('sq', 0, None), ('sq', 2, None)]","[('int', 13, 26), ('int', 13, 34)]","[('sq', 0, None), ('sq', 2, None)]",[],"{('sq', 0, None): 5.013261544661665, ('sq', 2, None): 2.9533707763788106}",{},dgp2,sr_pds,Quadratic,SR-PDS,0.5
48,False,0.9422295994428239,0.21164286870017118,0.5274095767904884,1.3570496220951593,sr_pds,sr_pds,"[('sq', 0, None)]","[('int', 0, 22)]","[('sq', 0, None)]",[],"{('sq', 0, None): 5.2286820940397725}",{},dgp2,sr_pds,Quadratic,SR-PDS,0.5
49,False,0.6140659982000888,0.18430951619845046,0.2528193464511259,0.9753126499490516,sr_pds,sr_pds,"[('sq', 0, None)]","[('int', 3, 6), ('int', 3, 20)]","[('sq', 0, None)]","[('int', 3, 20)]","{('sq', 0, None): 5.064390133184716}","{('int', 3, 20): 0.21704406338662555}",dgp2,sr_pds,Quadratic,SR-PDS,0.5
50,False,0.5086691698239985,0.046559147390761196,0.4174132409381065,0.5999250987098904,sr_pds,sr_pds,"[('sq', 0, None), ('sq', 2, None)]",[],"[('sq', 0, None), ('sq', 2, None)]",[],"{('sq', 0, None): 4.926637788426397, ('sq', 2, None): 2.9914186847660282}",{},dgp2,sr_pds,Quadratic,SR-PDS,0.5
51,False,0.19647147874732845,0.17967629712534625,-0.1556940636183502,0.5486370211130072,sr_pds,sr_pds,"[('sq', 0, None)]",[],"[('sq', 0, None)]",[],"{('sq', 0, None): 4.887133426498693}",{},dgp2,sr_pds,Quadratic,SR-PDS,0.5
52,False,0.6907205222510092,0.1635530928234888,0.3701564603169712,1.0112845841850473,sr_pds,sr_pds,"[('sq', 0, None)]",[],"[('sq', 0, None)]",[],"{('sq', 0, None): 4.897033374491251}",{},dgp2,sr_pds,Quadratic,SR-PDS,0.5
53,False,0.49497264567416305,0.04680978162532025,0.40322547368853534,0.5867198176597908,sr_pds,sr_pds,"[('sq', 0, None), ('sq', 2, None)]",[],"[('sq', 0, None), ('sq', 2, None)]",[],"{('sq', 0, None): 4.972624431220724, ('sq', 2, None): 2.9879350133894857}",{},dgp2,sr_pds,Quadratic,SR-PDS,0.5
54,False,0.4986805280942434,0.04642993231431813,0.40767786075817986,0.5896831954303069,sr_pds,sr_pds,"[('sq', 0, None), ('sq', 2, None)]","[('int', 5, 39), ('int', 11, 39)]","[('sq', 0, None), ('sq', 2, None)]",[],"{('sq', 0, None): 4.994465215617189, ('sq', 2, None): 2.9963615834373476}",{},dgp2,sr_pds,Quadratic,SR-PDS,0.5
55,False,0.47394126644685075,0.043745998531221054,0.3881991093256575,0.559683423568044,sr_pds,sr_pds,"[('sq', 0, None), ('sq', 2, None)]","[('int', 24, 41)]","[('sq', 0, None), ('sq', 2, None)]","[('int', 24, 41)]","{('sq', 0, None): 5.002380145467833, ('sq', 2, None): 3.0178514693505942}","{('int', 24, 41): -0.015377239376013398}",dgp2,sr_pds,Quadratic,SR-PDS,0.5
56,False,0.05214799971259844,0.32655316789085226,-0.587896209353472,0.6921922087786688,sr_pds,sr_pds,"[('sq', 2, None)]","[('int', 28, 33), ('int', 28, 49)]","[('sq', 2, None)]","[('int', 28, 33), ('int', 28, 49)]","{('sq', 2, None): 2.565911834310404}","{('int', 28, 33): 0.337172835196813, ('int', 28, 49): -0.3307663116991169}",dgp2,sr_pds,Quadratic,SR-PDS,0.5
57,False,0.5401655517285833,0.04931753148931696,0.44350319000952204,0.6368279134476446,sr_pds,sr_pds,"[('sq', 0, None), ('sq', 2, None)]","[('int', 13, 20)]","[('sq', 0, None), ('sq', 2, None)]",[],"{('sq', 0, None): 4.973681969904497, ('sq', 2, None): 3.045433300982293}",{},dgp2,sr_pds,Quadratic,SR-PDS,0.5
58,False,0.4360251844886849,0.20713978657285675,0.03003120280588567,0.8420191661714841,sr_pds,sr_pds,"[('sq', 0, None)]","[('int', 25, 40)]","[('sq', 0, None)]","[('int', 25, 40)]","{('sq', 0, None): 4.858567516204621}","{('int', 25, 40): 0.07560446501705276}",dgp2,sr_pds,Quadratic,SR-PDS,0.5
59,False,0.9853548470291078,0.22260676397083612,0.549045589646269,1.4216641044119465,sr_pds,sr_pds,"[('sq', 0, None)]","[('int', 7, 31)]","[('sq', 0, None)]","[('int', 7, 31)]","{('sq', 0, None): 5.171671612102512}","{('int', 7, 31): -0.14429471802115926}",dgp2,sr_pds,Quadratic,SR-PDS,0.5
60,False,0.467966139973623,0.046921676868244985,0.37599965331186286,0.5599326266353832,sr_pds,sr_pds,"[('sq', 0, None), ('sq', 2, None)]","[('int', 7, 19), ('int', 19, 23)]","[('sq', 0, None), ('sq', 2, None)]",[],"{('sq', 0, None): 5.045817745728295, ('sq', 2, None): 3.065357276269651}",{},dgp2,sr_pds,Quadratic,SR-PDS,0.5
61,False,0.5398482315688452,0.23253223090727676,0.08408505899058277,0.9956114041471076,sr_pds,sr_pds,"[('sq', 0, None)]",[],"[('sq', 0, None)]",[],"{('sq', 0, None): 5.256877359932069}",{},dgp2,sr_pds,Quadratic,SR-PDS,0.5
62,False,0.8910597971339462,0.18800987654025406,0.5225604391150482,1.2595591551528442,sr_pds,sr_pds,"[('sq', 0, None)]",[],"[('sq', 0, None)]",[],"{('sq', 0, None): 4.993621460230137}",{},dgp2,sr_pds,Quadratic,SR-PDS,0.5
63,False,0.29972143313660726,0.2344531449904589,-0.15980673104469217,0.7592495973179068,sr_pds,sr_pds,"[('sq', 0, None)]",[],"[('sq', 0, None)]",[],"{('sq', 0, None): 5.1336038212906825}",{},dgp2,sr_pds,Quadratic,SR-PDS,0.5
64,False,0.4775713655266068,0.1821558263164458,0.12054594594637302,0.8345967851068405,sr_pds,sr_pds,"[('sq', 0, None)]","[('cubic', 30, 17), ('int', 4, 17), ('int', 17, 30)]","[('sq', 0, None)]","[('cubic', 30, 17), ('int', 4, 17), ('int', 17, 30)]","{('sq', 0, None): 4.869064282851257}","{('cubic', 30, 17): 0.10565993996247038, ('int', 4, 17): -0.23444756536641498, ('int', 17, 30): -0.33349783999003385}",dgp2,sr_pds,Quadratic,SR-PDS,0.5
65,False,0.5079234633248395,0.04572095566875421,0.41831039021408123,0.5975365364355978,sr_pds,sr_pds,"[('sq', 0, None), ('sq', 2, None)]","[('int', 9, 21), ('int', 9, 36), ('int', 9, 43)]","[('sq', 0, None), ('sq', 2, None)]",[],"{('sq', 0, None): 4.961003534788095, ('sq', 2, None): 3.0014992739546984}",{},dgp2,sr_pds,Quadratic,SR-PDS,0.5
66,False,0.6579484889936535,0.1682197469174268,0.328237785035497,0.9876591929518101,sr_pds,sr_pds,"[('sq', 0, None)]",[],"[('sq', 0, None)]",[],"{('sq', 0, None): 5.095098536024048}",{},dgp2,sr_pds,Quadratic,SR-PDS,0.5
67,False,0.5099553707621807,0.041881374800627855,0.4278678761529501,0.5920428653714113,sr_pds,sr_pds,"[('sq', 0, None), ('sq', 2, None)]",[],"[('sq', 0, None), ('sq', 2, None)]",[],"{('sq', 0, None): 4.983829482058092, ('sq', 2, None): 2.9913886803047447}",{},dgp2,sr_pds,Quadratic,SR-PDS,0.5
68,False,0.48713504238264127,0.046172220666461844,0.39663748987637604,0.5776325948889065,sr_pds,sr_pds,"[('sq', 0, None), ('sq', 2, None)]","[('int', 16, 47)]","[('sq', 0, None), ('sq', 2, None)]","[('int', 16, 47)]","{('sq', 0, None): 4.992026713017255, ('sq', 2, None): 3.043148054892393}","{('int', 16, 47): 0.02202409256693397}",dgp2,sr_pds,Quadratic,SR-PDS,0.5
69,False,0.4816164958767658,0.04659707901071015,0.3902862210157739,0.5729467707377577,sr_pds,sr_pds,"[('sq', 0, None), ('sq', 2, None)]","[('int', 4, 30), ('int', 4, 49), ('int', 19, 31)]","[('sq', 0, None), ('sq', 2, None)]",[],"{('sq', 0, None): 5.023589988680351, ('sq', 2, None): 2.9977768861231198}",{},dgp2,sr_pds,Quadratic,SR-PDS,0.5
70,False,0.44165851513540744,0.04399844524425234,0.3554215624566729,0.527895467814142,sr_pds,sr_pds,"[('sq', 0, None), ('sq', 2, None)]","[('int', 15, 19), ('sq', 15, None)]","[('sq', 0, None), ('sq', 2, None)]","[('sq', 15, None)]","{('sq', 0, None): 5.002492178044118, ('sq', 2, None): 2.9963431343629345}","{('sq', 15, None): 0.00544018776341301}",dgp2,sr_pds,Quadratic,SR-PDS,0.5
71,False,0.2936718648232176,0.18061449569505755,-0.06033254673909516,0.6476762763855304,sr_pds,sr_pds,"[('sq', 0, None)]","[('int', 17, 32)]","[('sq', 0, None)]","[('int', 17, 32)]","{('sq', 0, None): 4.980504114714166}","{('int', 17, 32): 0.23326512971035457}",dgp2,sr_pds,Quadratic,SR-PDS,0.5
72,False,0.5195790844999799,0.04925049978438468,0.42304810492258593,0.6161100640773739,sr_pds,sr_pds,"[('sq', 0, None), ('sq', 2, None)]","[('int', 34, 49)]","[('sq', 0, None), ('sq', 2, None)]",[],"{('sq', 0, None): 5.010628437393961, ('sq', 2, None): 2.993908619448666}",{},dgp2,sr_pds,Quadratic,SR-PDS,0.5
73,False,0.5327006344605824,0.03967613676627329,0.4549354063986867,0.610465862522478,sr_pds,sr_pds,"[('sq', 0, None), ('sq', 2, None)]",[],"[('sq', 0, None), ('sq', 2, None)]",[],"{('sq', 0, None): 4.997890558938409, ('sq', 2, None): 2.975533981590284}",{},dgp2,sr_pds,Quadratic,SR-PDS,0.5
74,False,0.4883500563068573,0.04270842212905848,0.4046415489339027,0.5720585636798119,sr_pds,sr_pds,"[('sq', 0, None), ('sq', 2, None)]","[('int', 10, 34)]","[('sq', 0, None), ('sq', 2, None)]",[],"{('sq', 0, None): 5.03286854893983, ('sq', 2, None): 2.986667193497173}",{},dgp2,sr_pds,Quadratic,SR-PDS,0.5
75,False,0.5340257767807691,0.04692865747974281,0.4420456081204732,0.626005945441065,sr_pds,sr_pds,"[('sq', 0, None), ('sq', 2, None)]",[],"[('sq', 0, None), ('sq', 2, None)]",[],"{('sq', 0, None): 4.957398602118339, ('sq', 2, None): 2.9953340813502463}",{},dgp2,sr_pds,Quadratic,SR-PDS,0.5
76,False,0.5364127823835508,0.0443830073929457,0.4494220878933773,0.6234034768737244,sr_pds,sr_pds,"[('sq', 0, None), ('sq', 2, None)]",[],"[('sq', 0, None), ('sq', 2, None)]",[],"{('sq', 0, None): 5.0317368589939795, ('sq', 2, None): 3.0320264635855816}",{},dgp2,sr_pds,Quadratic,SR-PDS,0.5
77,False,0.6465993741401321,0.04310174845492644,0.5621199471684764,0.7310788011117879,sr_pds,sr_pds,"[('sq', 0, None), ('sq', 2, None)]","[('int', 4, 21), ('int', 19, 21), ('int', 21, 47)]","[('sq', 0, None), ('sq', 2, None)]",[],"{('sq', 0, None): 4.979273281351627, ('sq', 2, None): 3.003808051617045}",{},dgp2,sr_pds,Quadratic,SR-PDS,0.5
78,False,0.08617004998442557,0.3878946289497578,-0.6741034227570997,0.8464435227259508,sr_pds,sr_pds,[],"[('int', 0, 49), ('int', 3, 49), ('int', 25, 49), ('int', 35, 49)]",[],[],{},{},dgp2,sr_pds,Quadratic,SR-PDS,0.5
79,False,0.38280080220810314,0.16950809143250714,0.05056494300038916,0.7150366614158171,sr_pds,sr_pds,"[('sq', 0, None)]","[('int', 10, 28), ('int', 10, 32), ('int', 28, 30), ('int', 28, 32), ('int', 30, 32), ('sq', 32, None)]","[('sq', 0, None)]","[('int', 28, 32)]","{('sq', 0, None): 4.856560129173113}","{('int', 28, 32): 0.23953391293977083}",dgp2,sr_pds,Quadratic,SR-PDS,0.5
80,False,0.39741776752344476,0.19794352261483342,0.009448463198371282,0.7853870718485183,sr_pds,sr_pds,"[('sq', 0, None)]","[('int', 3, 37), ('int', 3, 43), ('int', 3, 48)]","[('sq', 0, None)]","[('int', 3, 43)]","{('sq', 0, None): 5.057908549506768}","{('int', 3, 43): -0.16949261684986142}",dgp2,sr_pds,Quadratic,SR-PDS,0.5
81,False,0.09579087323944549,0.43186388474321247,-0.7506623408572509,0.9422440873361418,sr_pds,sr_pds,[],"[('int', 8, 49), ('int', 30, 49)]",[],"[('int', 30, 49)]",{},"{('int', 30, 49): 0.2776840791353701}",dgp2,sr_pds,Quadratic,SR-PDS,0.5
82,False,0.5601167717571311,0.04913886126963094,0.4638046036686545,0.6564289398456078,sr_pds,sr_pds,"[('sq', 0, None), ('sq', 2, None)]","[('int', 0, 10)]","[('sq', 0, None), ('sq', 2, None)]","[('int', 0, 10)]","{('sq', 0, None): 4.996464482591475, ('sq', 2, None): 2.965347324047168}","{('int', 0, 10): -0.08497590204661451}",dgp2,sr_pds,Quadratic,SR-PDS,0.5
83,False,0.4381742490228556,0.17694828356743278,0.09135561323068736,0.7849928848150238,sr_pds,sr_pds,"[('sq', 0, None)]",[],"[('sq', 0, None)]",[],"{('sq', 0, None): 4.89227272021183}",{},dgp2,sr_pds,Quadratic,SR-PDS,0.5
84,False,0.6993351468447254,0.23972429226465763,0.22947553400599646,1.1691947596834544,sr_pds,sr_pds,"[('sq', 0, None)]",[],"[('sq', 0, None)]",[],"{('sq', 0, None): 4.784550275942919}",{},dgp2,sr_pds,Quadratic,SR-PDS,0.5
85,False,0.5446310024206238,0.21313203970271877,0.12689220460329503,0.9623698002379526,sr_pds,sr_pds,"[('sq', 0, None)]","[('int', 1, 32), ('int', 32, 47)]","[('sq', 0, None)]","[('int', 1, 32), ('int', 32, 47)]","{('sq', 0, None): 4.934106154950484}","{('int', 1, 32): -0.15302939143148186, ('int', 32, 47): -0.43404674689857703}",dgp2,sr_pds,Quadratic,SR-PDS,0.5
86,False,0.5613053198244609,0.042079998618497066,0.4788285225322066,0.6437821171167151,sr_pds,sr_pds,"[('sq', 0, None), ('sq', 2, None)]","[('int', 6, 45), ('int', 6, 48), ('int', 6, 49), ('int', 33, 45), ('int', 33, 48), ('int', 33, 49)]","[('sq', 0, None), ('sq', 2, None)]",[],"{('sq', 0, None): 5.022433603035426, ('sq', 2, None): 3.031961208852393}",{},dgp2,sr_pds,Quadratic,SR-PDS,0.5
87,False,0.6262187982581622,0.2926563915502181,0.05261227081973474,1.1998253256965896,sr_pds,sr_pds,[],"[('int', 2, 29)]",[],"[('int', 2, 29)]",{},"{('int', 2, 29): 0.4931269548254712}",dgp2,sr_pds,Quadratic,SR-PDS,0.5
88,False,0.4924777984712967,0.04474761651490087,0.404772470102091,0.5801831268405024,sr_pds,sr_pds,"[('sq', 0, None), ('sq', 2, None)]",[],"[('sq', 0, None), ('sq', 2, None)]",[],"{('sq', 0, None): 5.036125554751718, ('sq', 2, None): 2.993959331703562}",{},dgp2,sr_pds,Quadratic,SR-PDS,0.5
89,False,0.4219203827527673,0.047883512085767105,0.32806869906466374,0.5157720664408708,sr_pds,sr_pds,"[('sq', 0, None), ('sq', 2, None)]","[('int', 1, 19), ('int', 19, 36), ('int', 19, 49)]","[('sq', 0, None), ('sq', 2, None)]",[],"{('sq', 0, None): 5.0254888400969895, ('sq', 2, None): 2.962428174447763}",{},dgp2,sr_pds,Quadratic,SR-PDS,0.5
90,False,0.6189302373721621,0.37909943406237684,-0.12410465339009646,1.3619651281344207,sr_pds,sr_pds,[],[],[],[],{},{},dgp2,sr_pds,Quadratic,SR-PDS,0.5
91,False,0.46774840110533855,0.04198850660344546,0.3854509281625854,0.5500458740480917,sr_pds,sr_pds,"[('sq', 0, None), ('sq', 2, None)]","[('int', 5, 19)]","[('sq', 0, None), ('sq', 2, None)]",[],"{('sq', 0, None): 5.064428211368375, ('sq', 2, None): 2.992191357534635}",{},dgp2,sr_pds,Quadratic,SR-PDS,0.5
92,False,0.527741283675257,0.03908923553250115,0.45112638203155475,0.6043561853189592,sr_pds,sr_pds,"[('sq', 0, None), ('sq', 2, None)]","[('int', 10, 11), ('int', 11, 25)]","[('sq', 0, None), ('sq', 2, None)]",[],"{('sq', 0, None): 4.9882189577289955, ('sq', 2, None): 2.975981215344038}",{},dgp2,sr_pds,Quadratic,SR-PDS,0.5
93,False,0.6906005719765119,0.2383215330234685,0.22349036725051363,1.15771077670251,sr_pds,sr_pds,"[('sq', 0, None)]",[],"[('sq', 0, None)]",[],"{('sq', 0, None): 4.864916474390711}",{},dgp2,sr_pds,Quadratic,SR-PDS,0.5
94,False,0.5935141527212351,0.18225110283600374,0.23630199116266776,0.9507263142798024,sr_pds,sr_pds,"[('sq', 0, None)]","[('sq', 44, None)]","[('sq', 0, None)]","[('sq', 44, None)]","{('sq', 0, None): 4.916023698107704}","{('sq', 44, None): -0.13475380502917386}",dgp2,sr_pds,Quadratic,SR-PDS,0.5
95,False,0.585369349566587,0.19699905245646362,0.19925120675191832,0.9714874923812558,sr_pds,sr_pds,"[('sq', 0, None)]",[],"[('sq', 0, None)]",[],"{('sq', 0, None): 4.847145599363207}",{},dgp2,sr_pds,Quadratic,SR-PDS,0.5
96,False,0.4330574897466597,0.219917919030461,0.0020183684469561314,0.8640966110463633,sr_pds,sr_pds,"[('sq', 0, None)]",[],"[('sq', 0, None)]",[],"{('sq', 0, None): 4.962196977647369}",{},dgp2,sr_pds,Quadratic,SR-PDS,0.5
97,False,0.32891924082018353,0.13389125152905473,0.06649238782323624,0.5913460938171309,sr_pds,sr_pds,"[('sq', 0, None)]",[],"[('sq', 0, None)]",[],"{('sq', 0, None): 4.977812387903822}",{},dgp2,sr_pds,Quadratic,SR-PDS,0.5
98,False,0.4362155478498243,0.05083450442877528,0.33657991916942476,0.5358511765302238,sr_pds,sr_pds,"[('sq', 0, None), ('sq', 2, None)]","[('int', 14, 21), ('int', 20, 21), ('int', 21, 24)]","[('sq', 0, None), ('sq', 2, None)]",[],"{('sq', 0, None): 4.973106037610781, ('sq', 2, None): 3.03176768737824}",{},dgp2,sr_pds,Quadratic,SR-PDS,0.5
99,False,0.7549785497053093,0.19535998258533258,0.3720729838380575,1.1378841155725612,sr_pds,sr_pds,"[('sq', 0, None)]",[],"[('sq', 0, None)]",[],"{('sq', 0, None): 4.892157115289179}",{},dgp2,sr_pds,Quadratic,SR-PDS,0.5
100,False,0.5682639756513315,0.04621007266341229,0.4776922332310434,0.6588357180716196,sr_pds,sr_pds,"[('sq', 0, None), ('sq', 2, None)]","[('int', 6, 21)]","[('sq', 0, None), ('sq', 2, None)]",[],"{('sq', 0, None): 5.041214584277212, ('sq', 2, None): 2.990038388102596}",{},dgp2,sr_pds,Quadratic,SR-PDS,0.5
101,False,0.5296751367937808,0.04679778222801839,0.4379514836268647,0.6213987899606968,sr_pds,sr_pds,"[('sq', 0, None), ('sq', 2, None)]",[],"[('sq', 0, None), ('sq', 2, None)]",[],"{('sq', 0, None): 5.063116678308572, ('sq', 2, None): 2.990661028367109}",{},dgp2,sr_pds,Quadratic,SR-PDS,0.5
102,False,0.283198298860437,0.1928287266292605,-0.09474600533291355,0.6611426030537876,sr_pds,sr_pds,"[('sq', 0, None)]","[('cubic', 30, 13), ('int', 13, 30), ('int', 27, 30), ('sq', 27, None)]","[('sq', 0, None)]","[('cubic', 30, 13), ('int', 27, 30), ('sq', 27, None)]","{('sq', 0, None): 4.974438729384179}","{('cubic', 30, 13): -0.027813720713233684, ('int', 27, 30): -0.1752896261463599, ('sq', 27, None): -0.1522557374379362}",dgp2,sr_pds,Quadratic,SR-PDS,0.5
103,False,0.4535442079524217,0.04567454208780592,0.3640221054603221,0.5430663104445212,sr_pds,sr_pds,"[('sq', 0, None), ('sq', 2, None)]","[('int', 8, 38), ('int', 16, 38), ('int', 38, 39)]","[('sq', 0, None), ('sq', 2, None)]",[],"{('sq', 0, None): 4.955276639320253, ('sq', 2, None): 3.012082255386353}",{},dgp2,sr_pds,Quadratic,SR-PDS,0.5
104,False,0.8071748848735986,0.16476426868582938,0.484236918249373,1.1301128514978243,sr_pds,sr_pds,"[('sq', 0, None)]",[],"[('sq', 0, None)]",[],"{('sq', 0, None): 4.860240067830825}",{},dgp2,sr_pds,Quadratic,SR-PDS,0.5
105,False,0.45419722392118006,0.04531572996843471,0.365378393183048,0.5430160546593121,sr_pds,sr_pds,"[('sq', 0, None), ('sq', 2, None)]","[('cubic', 47, 37), ('int', 9, 47), ('int', 23, 47), ('int', 27, 47), ('int', 43, 47)]","[('sq', 0, None), ('sq', 2, None)]","[('cubic', 47, 37)]","{('sq', 0, None): 5.05030829011137, ('sq', 2, None): 3.002681736462073}","{('cubic', 47, 37): 0.014140216233727224}",dgp2,sr_pds,Quadratic,SR-PDS,0.5
106,False,0.7553798426603426,0.20225454189600178,0.35896094054417915,1.1517987447765061,sr_pds,sr_pds,"[('sq', 0, None)]","[('int', 18, 47), ('int', 35, 47)]","[('sq', 0, None)]","[('int', 35, 47)]","{('sq', 0, None): 4.831394166628809}","{('int', 35, 47): 0.0376031692941347}",dgp2,sr_pds,Quadratic,SR-PDS,0.5
107,False,0.7161387995543259,0.16205929722326734,0.3985025769967219,1.03377502211193,sr_pds,sr_pds,"[('sq', 0, None)]",[],"[('sq', 0, None)]",[],"{('sq', 0, None): 5.041910454968334}",{},dgp2,sr_pds,Quadratic,SR-PDS,0.5
108,False,0.22528487746451217,0.24735210950868203,-0.25952525717250463,0.7100950121015289,sr_pds,sr_pds,"[('sq', 0, None)]",[],"[('sq', 0, None)]",[],"{('sq', 0, None): 4.986630095155673}",{},dgp2,sr_pds,Quadratic,SR-PDS,0.5
109,False,0.41648374668016785,0.20861506330237403,0.0075982226075147485,0.825369270752821,sr_pds,sr_pds,"[('sq', 0, None)]","[('int', 0, 30), ('int', 17, 27), ('int', 30, 42)]","[('sq', 0, None)]","[('int', 0, 30), ('int', 30, 42)]","{('sq', 0, None): 4.90938477388735}","{('int', 0, 30): 0.4084801944253302, ('int', 30, 42): 0.33763635731981223}",dgp2,sr_pds,Quadratic,SR-PDS,0.5
110,False,0.564530848804347,0.04655703794689234,0.47327905442843804,0.655782643180256,sr_pds,sr_pds,"[('sq', 0, None), ('sq', 2, None)]","[('cubic', 10, 18), ('cubic', 10, 40), ('int', 10, 18), ('int', 10, 40), ('int', 18, 41), ('int', 40, 41)]","[('sq', 0, None), ('sq', 2, None)]",[],"{('sq', 0, None): 4.955588696387173, ('sq', 2, None): 3.0185081239809044}",{},dgp2,sr_pds,Quadratic,SR-PDS,0.5
111,False,0.5190533290126172,0.0482174750714735,0.4245470778725292,0.6135595801527053,sr_pds,sr_pds,"[('sq', 0, None), ('sq', 2, None)]",[],"[('sq', 0, None), ('sq', 2, None)]",[],"{('sq', 0, None): 4.985172166329177, ('sq', 2, None): 3.0353356856641422}",{},dgp2,sr_pds,Quadratic,SR-PDS,0.5
112,False,0.4825749849058454,0.04145548885456597,0.40132222675089607,0.5638277430607946,sr_pds,sr_pds,"[('sq', 0, None), ('sq', 2, None)]",[],"[('sq', 0, None), ('sq', 2, None)]",[],"{('sq', 0, None): 5.012516002098159, ('sq', 2, None): 2.9721575864133354}",{},dgp2,sr_pds,Quadratic,SR-PDS,0.5
113,False,0.4956653570802926,0.04609223151583357,0.4053245833092588,0.5860061308513264,sr_pds,sr_pds,"[('sq', 0, None), ('sq', 2, None)]",[],"[('sq', 0, None), ('sq', 2, None)]",[],"{('sq', 0, None): 5.04375085759159, ('sq', 2, None): 3.014837439423273}",{},dgp2,sr_pds,Quadratic,SR-PDS,0.5
114,False,0.8392536936952152,0.39999513571245804,0.055263227698797435,1.623244159691633,sr_pds,sr_pds,[],[],[],[],{},{},dgp2,sr_pds,Quadratic,SR-PDS,0.5
115,False,0.501835112382118,0.044658524402934184,0.41430440455236694,0.589365820211869,sr_pds,sr_pds,"[('sq', 0, None), ('sq', 2, None)]","[('int', 26, 37)]","[('sq', 0, None), ('sq', 2, None)]","[('int', 26, 37)]","{('sq', 0, None): 4.975730344572011, ('sq', 2, None): 3.0095580524604673}","{('int', 26, 37): -0.0359103117857441}",dgp2,sr_pds,Quadratic,SR-PDS,0.5
116,False,0.490317908553671,0.04352560007295746,0.4050077324106744,0.5756280846966676,sr_pds,sr_pds,"[('sq', 0, None), ('sq', 2, None)]",[],"[('sq', 0, None), ('sq', 2, None)]",[],"{('sq', 0, None): 4.990136673040755, ('sq', 2, None): 3.0203158483296355}",{},dgp2,sr_pds,Quadratic,SR-PDS,0.5
117,False,0.39401166336720483,0.2018959364046754,-0.0017043719859589634,0.7897276987203686,sr_pds,sr_pds,"[('sq', 0, None)]","[('int', 5, 44)]","[('sq', 0, None)]",[],"{('sq', 0, None): 4.928495495569307}",{},dgp2,sr_pds,Quadratic,SR-PDS,0.5
118,False,0.2406800816979856,0.18080254046263328,-0.1136928976087756,0.5950530610047469,sr_pds,sr_pds,"[('sq', 0, None)]","[('int', 4, 45)]","[('sq', 0, None)]","[('int', 4, 45)]","{('sq', 0, None): 4.883555571211046}","{('int', 4, 45): 0.08546322946979087}",dgp2,sr_pds,Quadratic,SR-PDS,0.5
119,False,0.4514092473268369,0.04431673083341082,0.3645484548933517,0.5382700397603221,sr_pds,sr_pds,"[('sq', 0, None), ('sq', 2, None)]",[],"[('sq', 0, None), ('sq', 2, None)]",[],"{('sq', 0, None): 5.021881716806716, ('sq', 2, None): 3.011460415925783}",{},dgp2,sr_pds,Quadratic,SR-PDS,0.5
120,False,0.5842458598809371,0.1675188745792142,0.25590886570567734,0.9125828540561969,sr_pds,sr_pds,"[('int', 1, 3), ('sq', 0, None)]","[('cubic', 21, 19), ('cubic', 35, 21), ('int', 21, 25), ('int', 21, 28), ('sq', 21, None)]","[('int', 1, 3), ('sq', 0, None)]","[('cubic', 21, 19), ('sq', 21, None)]","{('int', 1, 3): 0.30840046541884536, ('sq', 0, None): 4.919063037587769}","{('cubic', 21, 19): -0.19743700054931895, ('sq', 21, None): 0.12443830267021401}",dgp2,sr_pds,Quadratic,SR-PDS,0.5
121,False,0.5605897177344347,0.20671371308180267,0.15543084009410146,0.9657485953747679,sr_pds,sr_pds,"[('sq', 0, None)]","[('int', 10, 26), ('int', 37, 45)]","[('sq', 0, None)]","[('int', 10, 26)]","{('sq', 0, None): 4.939098696025239}","{('int', 10, 26): -0.1308028726645258}",dgp2,sr_pds,Quadratic,SR-PDS,0.5
122,False,0.460283368991204,0.04383464229676211,0.37436747008955024,0.5461992678928577,sr_pds,sr_pds,"[('sq', 0, None), ('sq', 2, None)]",[],"[('sq', 0, None), ('sq', 2, None)]",[],"{('sq', 0, None): 5.008713791767333, ('sq', 2, None): 3.0004845927863535}",{},dgp2,sr_pds,Quadratic,SR-PDS,0.5
123,False,0.5096488583997134,0.045773987999062286,0.4199318419215513,0.5993658748778755,sr_pds,sr_pds,"[('sq', 0, None), ('sq', 2, None)]","[('cubic', 41, 11)]","[('sq', 0, None), ('sq', 2, None)]","[('cubic', 41, 11)]","{('sq', 0, None): 4.955355357043372, ('sq', 2, None): 3.0173003614983935}","{('cubic', 41, 11): 0.03916993618266627}",dgp2,sr_pds,Quadratic,SR-PDS,0.5
124,False,0.5355784599307554,0.04332444037018354,0.4506625568051956,0.6204943630563151,sr_pds,sr_pds,"[('sq', 0, None), ('sq', 2, None)]","[('int', 3, 48), ('int', 15, 48)]","[('sq', 0, None), ('sq', 2, None)]",[],"{('sq', 0, None): 5.01248473664998, ('sq', 2, None): 3.043141458265274}",{},dgp2,sr_pds,Quadratic,SR-PDS,0.5
125,False,0.5610304674021112,0.15515472573348082,0.25692720496448873,0.8651337298397336,sr_pds,sr_pds,"[('sq', 0, None)]",[],"[('sq', 0, None)]",[],"{('sq', 0, None): 4.966721277100655}",{},dgp2,sr_pds,Quadratic,SR-PDS,0.5
126,False,0.38003874991061926,0.17769353839711216,0.03175941465227944,0.728318085168959,sr_pds,sr_pds,"[('sq', 0, None)]","[('int', 22, 48), ('int', 46, 48)]","[('sq', 0, None)]",[],"{('sq', 0, None): 5.066761980979164}",{},dgp2,sr_pds,Quadratic,SR-PDS,0.5
127,False,0.5280072039253498,0.18009893864943516,0.17501328417245693,0.8810011236782427,sr_pds,sr_pds,"[('sq', 0, None)]",[],"[('sq', 0, None)]",[],"{('sq', 0, None): 4.8409439062072215}",{},dgp2,sr_pds,Quadratic,SR-PDS,0.5
128,False,0.6556956778031547,0.19101454714106916,0.2813071654066592,1.0300841901996503,sr_pds,sr_pds,"[('sq', 0, None)]","[('int', 26, 44)]","[('sq', 0, None)]",[],"{('sq', 0, None): 5.167830908095797}",{},dgp2,sr_pds,Quadratic,SR-PDS,0.5
129,False,0.4744333716487471,0.042963702695414406,0.39022451436573485,0.5586422289317593,sr_pds,sr_pds,"[('sq', 0, None), ('sq', 2, None)]","[('cubic', 15, 33)]","[('sq', 0, None), ('sq', 2, None)]","[('cubic', 15, 33)]","{('sq', 0, None): 5.006983004726243, ('sq', 2, None): 2.9617103763757004}","{('cubic', 15, 33): 0.06916694858533795}",dgp2,sr_pds,Quadratic,SR-PDS,0.5
130,False,0.4809159067514593,0.1855742675547514,0.11719034234414655,0.844641471158772,sr_pds,sr_pds,"[('sq', 0, None)]","[('int', 12, 15), ('int', 12, 27)]","[('sq', 0, None)]","[('int', 12, 27)]","{('sq', 0, None): 4.8826471452278035}","{('int', 12, 27): 0.19778307001816606}",dgp2,sr_pds,Quadratic,SR-PDS,0.5
131,False,0.42825735150204847,0.048600839222981744,0.3329997066250042,0.5235149963790927,sr_pds,sr_pds,"[('sq', 0, None), ('sq', 2, None)]",[],"[('sq', 0, None), ('sq', 2, None)]",[],"{('sq', 0, None): 4.9493711182260895, ('sq', 2, None): 2.974174634616178}",{},dgp2,sr_pds,Quadratic,SR-PDS,0.5
132,False,0.7579812246457436,0.19888459367382727,0.36816742104504213,1.147795028246445,sr_pds,sr_pds,"[('sq', 0, None)]","[('int', 17, 19), ('int', 17, 44)]","[('sq', 0, None)]",[],"{('sq', 0, None): 4.866451541720127}",{},dgp2,sr_pds,Quadratic,SR-PDS,0.5
133,False,0.6102506975662146,0.1494132909405793,0.3174006473226792,0.9031007478097501,sr_pds,sr_pds,"[('sq', 0, None)]","[('int', 13, 15), ('int', 13, 19), ('int', 13, 23), ('int', 13, 43), ('int', 15, 19), ('int', 15, 23), ('int', 15, 43)]","[('sq', 0, None)]",[],"{('sq', 0, None): 4.961367195500835}",{},dgp2,sr_pds,Quadratic,SR-PDS,0.5
134,False,0.5051029947388149,0.04740622115770678,0.41218680126970964,0.5980191882079202,sr_pds,sr_pds,"[('sq', 0, None), ('sq', 2, None)]","[('cubic', 32, 28)]","[('sq', 0, None), ('sq', 2, None)]","[('cubic', 32, 28)]","{('sq', 0, None): 5.042437416230711, ('sq', 2, None): 3.005888035304785}","{('cubic', 32, 28): -0.025174911876652155}",dgp2,sr_pds,Quadratic,SR-PDS,0.5
135,False,-0.5052821672736415,0.3633332008205102,-1.2174152408818415,0.2068509063345585,sr_pds,sr_pds,[],[],[],[],{},{},dgp2,sr_pds,Quadratic,SR-PDS,0.5
136,False,0.3973514655377435,0.18616798874385934,0.03246220759977919,0.7622407234757078,sr_pds,sr_pds,"[('sq', 0, None)]",[],"[('sq', 0, None)]",[],"{('sq', 0, None): 5.487883552340795}",{},dgp2,sr_pds,Quadratic,SR-PDS,0.5
137,False,0.44216383966272277,0.04739780576618803,0.34926414036099424,0.5350635389644514,sr_pds,sr_pds,"[('sq', 0, None), ('sq', 2, None)]","[('int', 17, 38)]","[('sq', 0, None), ('sq', 2, None)]","[('int', 17, 38)]","{('sq', 0, None): 5.003754196106959, ('sq', 2, None): 3.0221433450099706}","{('int', 17, 38): 0.020722410813004126}",dgp2,sr_pds,Quadratic,SR-PDS,0.5
138,False,0.5811937834463008,0.18094926569719452,0.22653322267979953,0.935854344212802,sr_pds,sr_pds,"[('sq', 0, None)]","[('int', 9, 36), ('int', 10, 36), ('int', 30, 36), ('sq', 36, None)]","[('sq', 0, None)]","[('int', 30, 36), ('sq', 36, None)]","{('sq', 0, None): 4.9770882836305805}","{('int', 30, 36): 0.19742401530319487, ('sq', 36, None): -0.0017722407088340219}",dgp2,sr_pds,Quadratic,SR-PDS,0.5
139,False,0.5348641543181095,0.0499714387799858,0.43692013430933735,0.6328081743268816,sr_pds,sr_pds,"[('sq', 0, None), ('sq', 2, None)]",[],"[('sq', 0, None), ('sq', 2, None)]",[],"{('sq', 0, None): 4.930581246676946, ('sq', 2, None): 2.9990825941161523}",{},dgp2,sr_pds,Quadratic,SR-PDS,0.5
140,False,0.5148809727298841,0.048189311031103146,0.4204299231089219,0.6093320223508463,sr_pds,sr_pds,"[('sq', 0, None), ('sq', 2, None)]","[('int', 9, 12), ('int', 12, 30)]","[('sq', 0, None), ('sq', 2, None)]",[],"{('sq', 0, None): 5.0073967828095, ('sq', 2, None): 2.9808778031397014}",{},dgp2,sr_pds,Quadratic,SR-PDS,0.5
141,False,0.2371099939138252,0.18238070638124915,-0.12035619059342312,0.5945761784210735,sr_pds,sr_pds,"[('sq', 0, None)]",[],"[('sq', 0, None)]",[],"{('sq', 0, None): 5.077303112513301}",{},dgp2,sr_pds,Quadratic,SR-PDS,0.5
142,False,0.469739009921958,0.04854366558148148,0.37459342538225426,0.5648845944616617,sr_pds,sr_pds,"[('sq', 0, None), ('sq', 2, None)]","[('int', 6, 10)]","[('sq', 0, None), ('sq', 2, None)]",[],"{('sq', 0, None): 4.950578958423834, ('sq', 2, None): 2.9800925167212227}",{},dgp2,sr_pds,Quadratic,SR-PDS,0.5
143,False,0.552460216825569,0.04494875906119675,0.46436064906562335,0.6405597845855147,sr_pds,sr_pds,"[('sq', 0, None), ('sq', 2, None)]","[('int', 7, 12), ('int', 7, 22)]","[('sq', 0, None), ('sq', 2, None)]",[],"{('sq', 0, None): 4.903132634707098, ('sq', 2, None): 2.965840115123216}",{},dgp2,sr_pds,Quadratic,SR-PDS,0.5
144,False,0.46761965388849724,0.2168984372953196,0.04249871678967082,0.8927405909873236,sr_pds,sr_pds,"[('sq', 0, None)]","[('cubic', 48, 6), ('cubic', 48, 33), ('int', 33, 48)]","[('sq', 0, None)]","[('cubic', 48, 6), ('cubic', 48, 33)]","{('sq', 0, None): 5.176194621181382}","{('cubic', 48, 6): 0.012158925827213951, ('cubic', 48, 33): 0.12434647668897876}",dgp2,sr_pds,Quadratic,SR-PDS,0.5
145,False,0.5598030234252938,0.04592360387873267,0.46979275982297775,0.6498132870276098,sr_pds,sr_pds,"[('sq', 0, None), ('sq', 2, None)]",[],"[('sq', 0, None), ('sq', 2, None)]",[],"{('sq', 0, None): 4.995289690100093, ('sq', 2, None): 2.9790494533106404}",{},dgp2,sr_pds,Quadratic,SR-PDS,0.5
146,False,0.33762320200129137,0.20579725175205582,-0.06573941143273804,0.7409858154353208,sr_pds,sr_pds,"[('sq', 0, None)]","[('cubic', 22, 23)]","[('sq', 0, None)]","[('cubic', 22, 23)]","{('sq', 0, None): 5.065955262609775}","{('cubic', 22, 23): -0.0012909549377074466}",dgp2,sr_pds,Quadratic,SR-PDS,0.5
147,False,0.46900245630520476,0.04514190569235854,0.380524321148182,0.5574805914622275,sr_pds,sr_pds,"[('sq', 0, None), ('sq', 2, None)]","[('int', 15, 31), ('int', 15, 38)]","[('sq', 0, None), ('sq', 2, None)]",[],"{('sq', 0, None): 5.012310882510991, ('sq', 2, None): 2.9573424260100065}",{},dgp2,sr_pds,Quadratic,SR-PDS,0.5
148,False,0.4597492873282334,0.18337734954413606,0.10032968222172672,0.81916889243474,sr_pds,sr_pds,"[('sq', 0, None)]","[('int', 45, 48)]","[('sq', 0, None)]",[],"{('sq', 0, None): 4.824346802532684}",{},dgp2,sr_pds,Quadratic,SR-PDS,0.5
149,False,0.5071041541274711,0.046930456005133805,0.41512046035740885,0.5990878478975333,sr_pds,sr_pds,"[('sq', 0, None), ('sq', 2, None)]",[],"[('sq', 0, None), ('sq', 2, None)]",[],"{('sq', 0, None): 5.015533754660529, ('sq', 2, None): 3.0132222682852516}",{},dgp2,sr_pds,Quadratic,SR-PDS,0.5
150,False,0.5527465210141034,0.041266152335264865,0.4718648624369842,0.6336281795912225,sr_pds,sr_pds,"[('sq', 0, None), ('sq', 2, None)]","[('int', 32, 35)]","[('sq', 0, None), ('sq', 2, None)]",[],"{('sq', 0, None): 4.916157032818327, ('sq', 2, None): 2.9802738376575397}",{},dgp2,sr_pds,Quadratic,SR-PDS,0.5
151,False,0.03983398727466833,0.20096890094519457,-0.35406505857791304,0.43373303312724965,sr_pds,sr_pds,"[('sq', 0, None)]","[('int', 7, 13), ('int', 7, 22), ('int', 13, 22), ('sq', 22, None)]","[('sq', 0, None)]","[('int', 7, 13), ('sq', 22, None)]","{('sq', 0, None): 5.158764523703061}","{('int', 7, 13): 0.6112210894771984, ('sq', 22, None): 0.17252126019579753}",dgp2,sr_pds,Quadratic,SR-PDS,0.5
152,False,0.47725420077353176,0.04356193972049172,0.39187279892136795,0.5626356026256956,sr_pds,sr_pds,"[('sq', 0, None), ('sq', 2, None)]","[('int', 14, 18)]","[('sq', 0, None), ('sq', 2, None)]",[],"{('sq', 0, None): 5.031852229384307, ('sq', 2, None): 3.0202280868062834}",{},dgp2,sr_pds,Quadratic,SR-PDS,0.5
153,False,0.49219654969066423,0.043272236634882444,0.40738296588629463,0.5770101334950338,sr_pds,sr_pds,"[('sq', 0, None), ('sq', 2, None)]","[('int', 18, 45)]","[('sq', 0, None), ('sq', 2, None)]",[],"{('sq', 0, None): 4.983876612710765, ('sq', 2, None): 2.9888221021396757}",{},dgp2,sr_pds,Quadratic,SR-PDS,0.5
154,False,0.6565790204176871,0.2033538762847192,0.25800542289963746,1.055152617935737,sr_pds,sr_pds,"[('sq', 0, None)]","[('int', 14, 21)]","[('sq', 0, None)]","[('int', 14, 21)]","{('sq', 0, None): 5.078582679679249}","{('int', 14, 21): 0.02456500264189788}",dgp2,sr_pds,Quadratic,SR-PDS,0.5
155,False,0.48381889435161746,0.04607197938505026,0.39351781475691894,0.574119973946316,sr_pds,sr_pds,"[('sq', 0, None), ('sq', 2, None)]","[('int', 18, 32), ('int', 18, 44)]","[('sq', 0, None), ('sq', 2, None)]",[],"{('sq', 0, None): 5.020396727671696, ('sq', 2, None): 3.0043491415370793}",{},dgp2,sr_pds,Quadratic,SR-PDS,0.5
156,False,0.14861856413113556,0.36589723020225523,-0.5685400070652846,0.8657771353275558,sr_pds,sr_pds,[],[],[],[],{},{},dgp2,sr_pds,Quadratic,SR-PDS,0.5
157,False,0.5004407377559297,0.04298056697241828,0.41619882648998985,0.5846826490218695,sr_pds,sr_pds,"[('sq', 0, None), ('sq', 2, None)]","[('int', 32, 36), ('int', 37, 44)]","[('sq', 0, None), ('sq', 2, None)]","[('int', 37, 44)]","{('sq', 0, None): 4.948668282314995, ('sq', 2, None): 3.027642452771276}","{('int', 37, 44): -0.018928521238097486}",dgp2,sr_pds,Quadratic,SR-PDS,0.5
158,False,0.4110007616871462,0.1848966165359008,0.04860339327678065,0.7733981300975118,sr_pds,sr_pds,"[('sq', 0, None)]",[],"[('sq', 0, None)]",[],"{('sq', 0, None): 4.983543815529259}",{},dgp2,sr_pds,Quadratic,SR-PDS,0.5
159,False,0.502663580720668,0.21045043527181095,0.09018072758791851,0.9151464338534174,sr_pds,sr_pds,"[('sq', 0, None)]","[('int', 13, 17), ('int', 13, 29)]","[('sq', 0, None)]","[('int', 13, 29)]","{('sq', 0, None): 4.855782125867003}","{('int', 13, 29): 0.05128978253159878}",dgp2,sr_pds,Quadratic,SR-PDS,0.5
160,False,0.3310998357504831,0.1752451124531526,-0.012380584657696037,0.6745802561586622,sr_pds,sr_pds,"[('sq', 0, None)]","[('int', 8, 33), ('int', 29, 33)]","[('sq', 0, None)]","[('int', 8, 33)]","{('sq', 0, None): 5.194620611371209}","{('int', 8, 33): 0.29350900754016845}",dgp2,sr_pds,Quadratic,SR-PDS,0.5
161,False,0.3695430773402584,0.17869500949634695,0.01930085872741838,0.7197852959530984,sr_pds,sr_pds,"[('sq', 0, None)]",[],"[('sq', 0, None)]",[],"{('sq', 0, None): 4.9695810917941365}",{},dgp2,sr_pds,Quadratic,SR-PDS,0.5
162,False,0.27396538610269333,0.29142657530964133,-0.29723070150420366,0.8451614737095903,sr_pds,sr_pds,"[('sq', 2, None)]","[('int', 7, 14)]","[('sq', 2, None)]","[('int', 7, 14)]","{('sq', 2, None): 3.091539514307242}","{('int', 7, 14): 0.513498622907729}",dgp2,sr_pds,Quadratic,SR-PDS,0.5
163,False,0.8568377979802342,0.1830682530930853,0.498024021917787,1.2156515740426814,sr_pds,sr_pds,"[('cubic', 0, 1), ('sq', 0, None)]","[('int', 21, 43)]","[('sq', 0, None)]","[('int', 21, 43)]","{('sq', 0, None): 4.983767077008929}","{('int', 21, 43): 0.11066951280674164}",dgp2,sr_pds,Quadratic,SR-PDS,0.5
164,False,0.3167850145677034,0.22010047435298222,-0.11461191516414171,0.7481819442995485,sr_pds,sr_pds,"[('sq', 0, None)]","[('int', 36, 38)]","[('sq', 0, None)]",[],"{('sq', 0, None): 5.115994308957331}",{},dgp2,sr_pds,Quadratic,SR-PDS,0.5
165,False,0.4998825026089431,0.1487706116917696,0.20829210369307471,0.7914729015248115,sr_pds,sr_pds,"[('sq', 0, None)]","[('int', 7, 47)]","[('sq', 0, None)]","[('int', 7, 47)]","{('sq', 0, None): 4.985224489454816}","{('int', 7, 47): 0.08299630120847774}",dgp2,sr_pds,Quadratic,SR-PDS,0.5
166,False,0.9778390639933325,0.20477075510973228,0.5764883839782573,1.3791897440084078,sr_pds,sr_pds,"[('sq', 0, None)]",[],"[('sq', 0, None)]",[],"{('sq', 0, None): 5.171201531853547}",{},dgp2,sr_pds,Quadratic,SR-PDS,0.5
167,False,0.2096623732686702,0.21313015622310116,-0.20807273292860806,0.6273974794659485,sr_pds,sr_pds,"[('sq', 0, None)]",[],"[('sq', 0, None)]",[],"{('sq', 0, None): 4.897045439732538}",{},dgp2,sr_pds,Quadratic,SR-PDS,0.5
168,False,0.06406089249156659,0.1972069237983486,-0.3224646781531966,0.45058646313632983,sr_pds,sr_pds,"[('sq', 0, None)]",[],"[('sq', 0, None)]",[],"{('sq', 0, None): 4.9283135402724785}",{},dgp2,sr_pds,Quadratic,SR-PDS,0.5
169,False,0.2617362133898484,0.23497079206642282,-0.1988065390603403,0.7222789658400371,sr_pds,sr_pds,"[('sq', 0, None)]",[],"[('sq', 0, None)]",[],"{('sq', 0, None): 4.8299068217611785}",{},dgp2,sr_pds,Quadratic,SR-PDS,0.5
170,False,0.05534746140486535,0.29237709345311974,-0.5177116417632494,0.62840656457298,sr_pds,sr_pds,"[('sq', 2, None)]","[('int', 17, 18)]","[('sq', 2, None)]","[('int', 17, 18)]","{('sq', 2, None): 3.0680658221471027}","{('int', 17, 18): -0.11228113010203149}",dgp2,sr_pds,Quadratic,SR-PDS,0.5
171,False,0.5213554671000458,0.046924431488334556,0.42938358138291005,0.6133273528171815,sr_pds,sr_pds,"[('sq', 0, None), ('sq', 2, None)]","[('int', 2, 42)]","[('sq', 0, None), ('sq', 2, None)]",[],"{('sq', 0, None): 4.978798942045201, ('sq', 2, None): 3.0010506818405522}",{},dgp2,sr_pds,Quadratic,SR-PDS,0.5
172,False,0.8603691203752668,0.33615212692429725,0.20151095160364418,1.5192272891468894,sr_pds,sr_pds,[],"[('int', 33, 49)]",[],[],{},{},dgp2,sr_pds,Quadratic,SR-PDS,0.5
173,False,0.47231379786322825,0.04764263462919349,0.37893423399000903,0.5656933617364475,sr_pds,sr_pds,"[('sq', 0, None), ('sq', 2, None)]","[('int', 14, 34), ('int', 24, 34)]","[('sq', 0, None), ('sq', 2, None)]","[('int', 24, 34)]","{('sq', 0, None): 5.029215859103543, ('sq', 2, None): 3.002529583853205}","{('int', 24, 34): -0.057248651111894755}",dgp2,sr_pds,Quadratic,SR-PDS,0.5
174,False,0.5058965753569771,0.050032594054810774,0.40783269100954794,0.6039604597044061,sr_pds,sr_pds,"[('sq', 0, None), ('sq', 2, None)]",[],"[('sq', 0, None), ('sq', 2, None)]",[],"{('sq', 0, None): 4.96943226968213, ('sq', 2, None): 3.081302658517118}",{},dgp2,sr_pds,Quadratic,SR-PDS,0.5
175,False,0.5546927945401471,0.04311872037375578,0.47018010260758575,0.6392054864727084,sr_pds,sr_pds,"[('sq', 0, None), ('sq', 2, None)]","[('int', 1, 35)]","[('sq', 0, None), ('sq', 2, None)]",[],"{('sq', 0, None): 5.019665188672179, ('sq', 2, None): 3.0402210845726807}",{},dgp2,sr_pds,Quadratic,SR-PDS,0.5
176,False,0.338770057831504,0.32889977336975035,-0.3058734979732067,0.9834136136362146,sr_pds,sr_pds,[],"[('int', 2, 30)]",[],"[('int', 2, 30)]",{},"{('int', 2, 30): -1.4434543154375077}",dgp2,sr_pds,Quadratic,SR-PDS,0.5
177,False,0.4526487852355888,0.18144849725750456,0.09700973061087992,0.8082878398602977,sr_pds,sr_pds,"[('sq', 0, None)]","[('int', 0, 6), ('int', 0, 19), ('int', 0, 28), ('int', 0, 29), ('int', 0, 41), ('int', 0, 49)]","[('sq', 0, None)]","[('int', 0, 6), ('int', 0, 28), ('int', 0, 29), ('int', 0, 41)]","{('sq', 0, None): 4.9205520283340505}","{('int', 0, 6): 0.05603024511164996, ('int', 0, 28): -0.13614025386409082, ('int', 0, 29): -0.229075884258277, ('int', 0, 41): -0.3905025967323952}",dgp2,sr_pds,Quadratic,SR-PDS,0.5
178,False,0.6150779440541929,0.1741167476940024,0.27380911857394824,0.9563467695344376,sr_pds,sr_pds,"[('sq', 0, None)]","[('int', 13, 34), ('int', 17, 34)]","[('sq', 0, None)]",[],"{('sq', 0, None): 5.146618756934092}",{},dgp2,sr_pds,Quadratic,SR-PDS,0.5
179,False,0.4949816141703862,0.2177522909611088,0.06818712388661302,0.9217761044541595,sr_pds,sr_pds,"[('sq', 0, None)]",[],"[('sq', 0, None)]",[],"{('sq', 0, None): 5.04055835517699}",{},dgp2,sr_pds,Quadratic,SR-PDS,0.5
180,False,0.34986474707056353,0.17083649804940895,0.015025210893721996,0.6847042832474051,sr_pds,sr_pds,"[('sq', 0, None)]","[('int', 34, 41)]","[('sq', 0, None)]","[('int', 34, 41)]","{('sq', 0, None): 4.753260025698753}","{('int', 34, 41): -0.13083482119449943}",dgp2,sr_pds,Quadratic,SR-PDS,0.5
181,False,0.5496289641816482,0.04947203380999928,0.4526637779140496,0.6465941504492467,sr_pds,sr_pds,"[('sq', 0, None), ('sq', 2, None)]",[],"[('sq', 0, None), ('sq', 2, None)]",[],"{('sq', 0, None): 4.981192774899686, ('sq', 2, None): 3.055753170619028}",{},dgp2,sr_pds,Quadratic,SR-PDS,0.5
182,False,0.5819596401103041,0.14836111190468046,0.2911718607771304,0.8727474194434778,sr_pds,sr_pds,"[('sq', 0, None)]","[('int', 29, 33), ('int', 29, 43)]","[('sq', 0, None)]","[('int', 29, 43)]","{('sq', 0, None): 5.088702920458833}","{('int', 29, 43): 0.289054468892416}",dgp2,sr_pds,Quadratic,SR-PDS,0.5
183,False,0.3193970212722964,0.17357617664095487,-0.020812284943975135,0.659606327488568,sr_pds,sr_pds,"[('sq', 0, None)]",[],"[('sq', 0, None)]",[],"{('sq', 0, None): 4.984889381955459}",{},dgp2,sr_pds,Quadratic,SR-PDS,0.5
184,False,0.43404334929146027,0.16297419768692503,0.11461392182508723,0.7534727767578333,sr_pds,sr_pds,"[('cubic', 0, 1), ('int', 0, 1), ('int', 1, 3), ('sq', 0, None)]","[('int', 14, 46), ('int', 46, 47)]","[('cubic', 0, 1), ('sq', 0, None)]","[('int', 14, 46), ('int', 46, 47)]","{('cubic', 0, 1): -0.1649376251961142, ('sq', 0, None): 4.917587583971078}","{('int', 14, 46): 0.08419082501002483, ('int', 46, 47): 0.04262785566624623}",dgp2,sr_pds,Quadratic,SR-PDS,0.5
185,False,0.4002915098464498,0.21067529642129715,-0.0126320711392926,0.8132150908321922,sr_pds,sr_pds,"[('sq', 0, None)]","[('int', 5, 15)]","[('sq', 0, None)]",[],"{('sq', 0, None): 5.381333224179675}",{},dgp2,sr_pds,Quadratic,SR-PDS,0.5
186,False,0.4854708220042508,0.17730848837087199,0.13794618479734172,0.8329954592111599,sr_pds,sr_pds,"[('sq', 0, None)]",[],"[('sq', 0, None)]",[],"{('sq', 0, None): 4.936601273193772}",{},dgp2,sr_pds,Quadratic,SR-PDS,0.5
187,False,0.43924353287720674,0.23060838421315066,-0.012748900180568568,0.891235965934982,sr_pds,sr_pds,"[('sq', 0, None)]","[('int', 11, 12)]","[('sq', 0, None)]",[],"{('sq', 0, None): 4.95660098505576}",{},dgp2,sr_pds,Quadratic,SR-PDS,0.5
188,False,0.5138815554864263,0.04748363909164555,0.420813622866801,0.6069494881060516,sr_pds,sr_pds,"[('sq', 0, None), ('sq', 2, None)]",[],"[('sq', 0, None), ('sq', 2, None)]",[],"{('sq', 0, None): 5.020054075079236, ('sq', 2, None): 3.0239826637128795}",{},dgp2,sr_pds,Quadratic,SR-PDS,0.5
189,False,0.5188542358993757,0.04631567696012973,0.42807550905752145,0.60963296274123,sr_pds,sr_pds,"[('sq', 0, None), ('sq', 2, None)]","[('int', 3, 4), ('int', 3, 11), ('int', 4, 11), ('int', 4, 40), ('int', 11, 40), ('sq', 11, None)]","[('sq', 0, None), ('sq', 2, None)]","[('sq', 11, None)]","{('sq', 0, None): 5.014070545252932, ('sq', 2, None): 3.0185755062280126}","{('sq', 11, None): -0.0044219212676006574}",dgp2,sr_pds,Quadratic,SR-PDS,0.5
190,False,0.49015050756735223,0.20131543770371554,0.09557224966806976,0.8847287654666347,sr_pds,sr_pds,"[('sq', 0, None)]",[],"[('sq', 0, None)]",[],"{('sq', 0, None): 4.900118230039648}",{},dgp2,sr_pds,Quadratic,SR-PDS,0.5
191,False,0.35992865551550157,0.180421197730419,0.006303107963880339,0.7135542030671228,sr_pds,sr_pds,"[('sq', 0, None)]","[('cubic', 35, 4), ('cubic', 35, 7), ('cubic', 35, 8), ('cubic', 35, 49), ('cubic', 49, 35), ('int', 4, 35), ('int', 7, 35), ('int', 8, 35), ('int', 21, 35), ('int', 35, 45), ('int', 35, 49), ('sq', 35, None)]","[('sq', 0, None)]","[('cubic', 35, 4), ('cubic', 49, 35), ('int', 4, 35), ('sq', 35, None)]","{('sq', 0, None): 5.050894465947856}","{('cubic', 35, 4): -0.2968148892940997, ('cubic', 49, 35): -0.2041550279320005, ('int', 4, 35): -0.26803517706745617, ('sq', 35, None): 0.2942418517807124}",dgp2,sr_pds,Quadratic,SR-PDS,0.5
192,False,0.606011845540617,0.20287947826488378,0.20836806814144482,1.0036556229397893,sr_pds,sr_pds,"[('sq', 0, None)]",[],"[('sq', 0, None)]",[],"{('sq', 0, None): 4.8556611266733425}",{},dgp2,sr_pds,Quadratic,SR-PDS,0.5
193,False,0.44127216633459665,0.04575757661372019,0.3515873161717051,0.5309570164974882,sr_pds,sr_pds,"[('sq', 0, None), ('sq', 2, None)]",[],"[('sq', 0, None), ('sq', 2, None)]",[],"{('sq', 0, None): 4.965630310507072, ('sq', 2, None): 2.9505562912867096}",{},dgp2,sr_pds,Quadratic,SR-PDS,0.5
194,False,0.5207315111345575,0.04465852166658962,0.43320080866804184,0.6082622136010731,sr_pds,sr_pds,"[('sq', 0, None), ('sq', 2, None)]",[],"[('sq', 0, None), ('sq', 2, None)]",[],"{('sq', 0, None): 4.984462347814072, ('sq', 2, None): 2.9501865240251126}",{},dgp2,sr_pds,Quadratic,SR-PDS,0.5
195,False,0.558957418990715,0.3288783176941491,-0.08564408368981713,1.2035589216712472,sr_pds,sr_pds,"[('cubic', 0, 1)]",[],"[('cubic', 0, 1)]",[],"{('cubic', 0, 1): 0.7459633455229724}",{},dgp2,sr_pds,Quadratic,SR-PDS,0.5
196,False,0.521820867829951,0.0436332528610389,0.43629969222231474,0.6073420434375872,sr_pds,sr_pds,"[('sq', 0, None), ('sq', 2, None)]",[],"[('sq', 0, None), ('sq', 2, None)]",[],"{('sq', 0, None): 5.049735203455306, ('sq', 2, None): 2.9917718425786806}",{},dgp2,sr_pds,Quadratic,SR-PDS,0.5
197,False,0.5752363277930179,0.04149611386181738,0.49390394462385584,0.65656871096218,sr_pds,sr_pds,"[('sq', 0, None), ('sq', 2, None)]",[],"[('sq', 0, None), ('sq', 2, None)]",[],"{('sq', 0, None): 4.98649817153971, ('sq', 2, None): 3.0051655778806046}",{},dgp2,sr_pds,Quadratic,SR-PDS,0.5
198,False,0.606221511302776,0.37351217271118936,-0.12586234721115508,1.3383053698167071,sr_pds,sr_pds,[],[],[],[],{},{},dgp2,sr_pds,Quadratic,SR-PDS,0.5
199,False,0.4667614876287297,0.04954763931409693,0.3696481145730997,0.5638748606843597,sr_pds,sr_pds,"[('sq', 0, None), ('sq', 2, None)]",[],"[('sq', 0, None), ('sq', 2, None)]",[],"{('sq', 0, None): 4.979373420741467, ('sq', 2, None): 2.9930518125306746}",{},dgp2,sr_pds,Quadratic,SR-PDS,0.5
200,False,0.590209368589805,0.26117265965361325,0.07831095566872304,1.1021077815108868,sr_pds,sr_pds,"[('sq', 0, None)]","[('int', 14, 24)]","[('sq', 0, None)]",[],"{('sq', 0, None): 4.862095811616538}",{},dgp2,sr_pds,Quadratic,SR-PDS,0.5
201,False,0.48779780309970083,0.04562837980044564,0.39836617869082735,0.5772294275085743,sr_pds,sr_pds,"[('sq', 0, None), ('sq', 2, None)]","[('cubic', 26, 12), ('int', 8, 12), ('int', 12, 18), ('int', 12, 38)]","[('sq', 0, None), ('sq', 2, None)]","[('cubic', 26, 12)]","{('sq', 0, None): 5.028583019866983, ('sq', 2, None): 3.0017134229438613}","{('cubic', 26, 12): -0.014263101050473124}",dgp2,sr_pds,Quadratic,SR-PDS,0.5
202,False,0.14792806420243307,0.24143078147182923,-0.32527626748235217,0.6211323958872184,sr_pds,sr_pds,"[('sq', 0, None)]","[('int', 14, 47)]","[('sq', 0, None)]","[('int', 14, 47)]","{('sq', 0, None): 4.920454311997355}","{('int', 14, 47): 0.29620993456700867}",dgp2,sr_pds,Quadratic,SR-PDS,0.5
203,False,0.37446080444682284,0.3384518669879452,-0.28890485484954975,1.0378264637431953,sr_pds,sr_pds,[],"[('int', 16, 23), ('int', 16, 42)]",[],"[('int', 16, 23), ('int', 16, 42)]",{},"{('int', 16, 23): -0.06868378342243725, ('int', 16, 42): -0.6796150207926597}",dgp2,sr_pds,Quadratic,SR-PDS,0.5
204,False,0.5332904666959203,0.04880457664238556,0.4376334964768446,0.628947436914996,sr_pds,sr_pds,"[('sq', 0, None), ('sq', 2, None)]",[],"[('sq', 0, None), ('sq', 2, None)]",[],"{('sq', 0, None): 5.023439732551958, ('sq', 2, None): 3.025435101815122}",{},dgp2,sr_pds,Quadratic,SR-PDS,0.5
205,False,0.32064964273099,0.26016493631561277,-0.18927363244761103,0.8305729179095911,sr_pds,sr_pds,"[('sq', 0, None)]","[('cubic', 5, 6)]","[('sq', 0, None)]","[('cubic', 5, 6)]","{('sq', 0, None): 4.709677094536211}","{('cubic', 5, 6): -0.0922707722303981}",dgp2,sr_pds,Quadratic,SR-PDS,0.5
206,False,0.346473366798498,0.1850748988711755,-0.01627343498900602,0.709220168586002,sr_pds,sr_pds,"[('sq', 0, None)]","[('int', 17, 20), ('int', 17, 22), ('int', 20, 41), ('int', 20, 43), ('int', 22, 41), ('int', 22, 43), ('int', 31, 48)]","[('sq', 0, None)]","[('int', 20, 41), ('int', 20, 43)]","{('sq', 0, None): 5.11894488880995}","{('int', 20, 41): -0.35618523226529086, ('int', 20, 43): -0.22991753095226003}",dgp2,sr_pds,Quadratic,SR-PDS,0.5
207,False,0.47063207903113147,0.04313107075083721,0.38609518035949053,0.5551689777027724,sr_pds,sr_pds,"[('sq', 0, None), ('sq', 2, None)]",[],"[('sq', 0, None), ('sq', 2, None)]",[],"{('sq', 0, None): 5.009476811926569, ('sq', 2, None): 3.0447896854699557}",{},dgp2,sr_pds,Quadratic,SR-PDS,0.5
208,False,0.5699465118377784,0.15993797857333203,0.2564680738340477,0.8834249498415092,sr_pds,sr_pds,"[('sq', 0, None)]","[('int', 6, 32), ('int', 6, 36), ('int', 6, 37), ('int', 20, 32), ('int', 20, 37), ('int', 32, 36), ('int', 36, 37)]","[('sq', 0, None)]","[('int', 6, 32), ('int', 6, 36)]","{('sq', 0, None): 4.9526571060876785}","{('int', 6, 32): -0.22747795128491521, ('int', 6, 36): 0.07057406876950846}",dgp2,sr_pds,Quadratic,SR-PDS,0.5
209,False,0.48988899296218125,0.15566862730007316,0.18477848345403786,0.7949995024703247,sr_pds,sr_pds,"[('sq', 0, None)]",[],"[('sq', 0, None)]",[],"{('sq', 0, None): 4.970407981227906}",{},dgp2,sr_pds,Quadratic,SR-PDS,0.5
210,False,0.5089283153201438,0.04493867789446146,0.42084850664699935,0.5970081239932883,sr_pds,sr_pds,"[('sq', 0, None), ('sq', 2, None)]","[('int', 1, 3)]","[('sq', 0, None), ('sq', 2, None)]",[],"{('sq', 0, None): 5.018466404645298, ('sq', 2, None): 2.9593643269314676}",{},dgp2,sr_pds,Quadratic,SR-PDS,0.5
211,False,0.5019463029892085,0.04417823245582979,0.4153569673757821,0.5885356386026349,sr_pds,sr_pds,"[('sq', 0, None), ('sq', 2, None)]","[('int', 4, 33), ('int', 4, 41), ('int', 24, 31), ('int', 33, 38), ('int', 38, 41)]","[('sq', 0, None), ('sq', 2, None)]",[],"{('sq', 0, None): 4.9870640728734354, ('sq', 2, None): 3.026836334157467}",{},dgp2,sr_pds,Quadratic,SR-PDS,0.5
212,False,0.3920816049664404,0.19249783438560733,0.014785849570650045,0.7693773603622307,sr_pds,sr_pds,"[('sq', 0, None)]","[('int', 25, 35)]","[('sq', 0, None)]","[('int', 25, 35)]","{('sq', 0, None): 4.990964204818752}","{('int', 25, 35): -0.3459572809767855}",dgp2,sr_pds,Quadratic,SR-PDS,0.5
213,False,0.30668030356774906,0.16782142312146137,-0.022249685750315218,0.6356102928858134,sr_pds,sr_pds,"[('sq', 0, None)]",[],"[('sq', 0, None)]",[],"{('sq', 0, None): 4.985949971385586}",{},dgp2,sr_pds,Quadratic,SR-PDS,0.5
214,False,-0.26281731794292684,0.38732544104146893,-1.0219751823842058,0.49634054649835224,sr_pds,sr_pds,[],"[('int', 25, 33), ('int', 33, 35)]",[],"[('int', 25, 33)]",{},"{('int', 25, 33): 0.29478452697496144}",dgp2,sr_pds,Quadratic,SR-PDS,0.5
215,False,0.6407428530402732,0.16524476393023504,0.31686311573701254,0.9646225903435339,sr_pds,sr_pds,"[('sq', 0, None)]",[],"[('sq', 0, None)]",[],"{('sq', 0, None): 4.768246558076393}",{},dgp2,sr_pds,Quadratic,SR-PDS,0.5
216,False,0.5013845306091733,0.0548019911457421,0.3939726279635188,0.6087964332548278,sr_pds,sr_pds,"[('sq', 0, None), ('sq', 2, None)]","[('int', 14, 32), ('int', 16, 32)]","[('sq', 0, None), ('sq', 2, None)]",[],"{('sq', 0, None): 4.985569368845165, ('sq', 2, None): 3.0276902729351387}",{},dgp2,sr_pds,Quadratic,SR-PDS,0.5
217,False,0.5447405163799863,0.0433904405034824,0.45969525299316083,0.6297857797668118,sr_pds,sr_pds,"[('sq', 0, None), ('sq', 2, None)]",[],"[('sq', 0, None), ('sq', 2, None)]",[],"{('sq', 0, None): 4.967039689329654, ('sq', 2, None): 2.989516136091149}",{},dgp2,sr_pds,Quadratic,SR-PDS,0.5
218,False,0.4723137211265208,0.042438787051310066,0.3891336985059531,0.5554937437470886,sr_pds,sr_pds,"[('sq', 0, None), ('sq', 2, None)]","[('int', 14, 44), ('int', 19, 44)]","[('sq', 0, None), ('sq', 2, None)]","[('int', 19, 44)]","{('sq', 0, None): 5.024877374225264, ('sq', 2, None): 3.009822268978375}","{('int', 19, 44): 0.11111656771337404}",dgp2,sr_pds,Quadratic,SR-PDS,0.5
219,False,0.41663447466731474,0.049015507472904264,0.32056408002042236,0.5127048693142071,sr_pds,sr_pds,"[('sq', 0, None), ('sq', 2, None)]","[('int', 10, 44)]","[('sq', 0, None), ('sq', 2, None)]",[],"{('sq', 0, None): 4.995963609682912, ('sq', 2, None): 2.9883727549933465}",{},dgp2,sr_pds,Quadratic,SR-PDS,0.5
220,False,0.40697108214397726,0.19796290705389502,0.018963784318343002,0.7949783799696115,sr_pds,sr_pds,"[('sq', 0, None)]","[('int', 11, 45), ('int', 11, 48)]","[('sq', 0, None)]","[('int', 11, 48)]","{('sq', 0, None): 5.141196000560851}","{('int', 11, 48): 0.2563022763749604}",dgp2,sr_pds,Quadratic,SR-PDS,0.5
221,False,0.7477215024611628,0.19261252556680727,0.3702009523502205,1.125242052572105,sr_pds,sr_pds,"[('sq', 0, None)]",[],"[('sq', 0, None)]",[],"{('sq', 0, None): 4.860191362798657}",{},dgp2,sr_pds,Quadratic,SR-PDS,0.5
222,False,0.5086640027702789,0.04105779425002132,0.4281907260402371,0.5891372795003207,sr_pds,sr_pds,"[('sq', 0, None), ('sq', 2, None)]","[('int', 14, 27)]","[('sq', 0, None), ('sq', 2, None)]",[],"{('sq', 0, None): 4.998362485859176, ('sq', 2, None): 3.0058426959357774}",{},dgp2,sr_pds,Quadratic,SR-PDS,0.5
223,False,0.5374758663231236,0.05206080915390689,0.4354366803814661,0.6395150522647811,sr_pds,sr_pds,"[('sq', 0, None), ('sq', 2, None)]","[('int', 7, 31), ('sq', 7, None)]","[('sq', 0, None), ('sq', 2, None)]","[('sq', 7, None)]","{('sq', 0, None): 5.061695725697147, ('sq', 2, None): 3.0157815969658586}","{('sq', 7, None): -0.03966235882279753}",dgp2,sr_pds,Quadratic,SR-PDS,0.5
224,False,0.5981643715292485,0.18307682310186407,0.23933379824959494,0.9569949448089021,sr_pds,sr_pds,"[('sq', 0, None)]","[('int', 14, 48), ('int', 17, 48)]","[('sq', 0, None)]","[('int', 17, 48)]","{('sq', 0, None): 4.8930481824796885}","{('int', 17, 48): -0.05144742238400123}",dgp2,sr_pds,Quadratic,SR-PDS,0.5
225,False,0.4444782228698847,0.20540856300176116,0.041877439386432846,0.8470790063533365,sr_pds,sr_pds,"[('sq', 0, None)]",[],"[('sq', 0, None)]",[],"{('sq', 0, None): 5.011516424867776}",{},dgp2,sr_pds,Quadratic,SR-PDS,0.5
226,False,0.49473890463294673,0.34617648735396633,-0.18376701058082728,1.1732448198467207,sr_pds,sr_pds,[],"[('int', 6, 15), ('int', 15, 24), ('int', 15, 31)]",[],"[('int', 6, 15)]",{},"{('int', 6, 15): 0.31041834257993495}",dgp2,sr_pds,Quadratic,SR-PDS,0.5
227,False,0.5296258153993093,0.04794622732739512,0.43565120983761485,0.6236004209610038,sr_pds,sr_pds,"[('sq', 0, None), ('sq', 2, None)]",[],"[('sq', 0, None), ('sq', 2, None)]",[],"{('sq', 0, None): 4.946716983694474, ('sq', 2, None): 2.9987173170593575}",{},dgp2,sr_pds,Quadratic,SR-PDS,0.5
228,False,0.535666568691588,0.04227895010877457,0.4527998264783899,0.6185333109047861,sr_pds,sr_pds,"[('sq', 0, None), ('sq', 2, None)]","[('int', 21, 33)]","[('sq', 0, None), ('sq', 2, None)]",[],"{('sq', 0, None): 5.010145972235121, ('sq', 2, None): 2.99998143777062}",{},dgp2,sr_pds,Quadratic,SR-PDS,0.5
229,False,0.49140762919648107,0.04292553830185846,0.4072735741248385,0.5755416842681237,sr_pds,sr_pds,"[('sq', 0, None), ('sq', 2, None)]","[('int', 1, 45), ('int', 18, 22)]","[('sq', 0, None), ('sq', 2, None)]",[],"{('sq', 0, None): 4.9796214566678705, ('sq', 2, None): 3.045171236825558}",{},dgp2,sr_pds,Quadratic,SR-PDS,0.5
230,False,0.46415161493550977,0.04818223711776971,0.36971443018468114,0.5585887996863385,sr_pds,sr_pds,"[('sq', 0, None), ('sq', 2, None)]","[('int', 8, 40), ('int', 13, 40), ('int', 40, 47)]","[('sq', 0, None), ('sq', 2, None)]",[],"{('sq', 0, None): 4.919533894199547, ('sq', 2, None): 2.9706093553328823}",{},dgp2,sr_pds,Quadratic,SR-PDS,0.5
231,False,0.5332393340323974,0.20261162860549808,0.13612054196562118,0.9303581260991737,sr_pds,sr_pds,"[('sq', 0, None)]","[('int', 0, 20)]","[('sq', 0, None)]","[('int', 0, 20)]","{('sq', 0, None): 5.014088122400914}","{('int', 0, 20): -0.3841896431015851}",dgp2,sr_pds,Quadratic,SR-PDS,0.5
232,False,0.5465750688624105,0.04708766438226295,0.4542832466731751,0.6388668910516458,sr_pds,sr_pds,"[('sq', 0, None), ('sq', 2, None)]","[('int', 8, 21), ('int', 21, 29)]","[('sq', 0, None), ('sq', 2, None)]","[('int', 21, 29)]","{('sq', 0, None): 5.016248472141592, ('sq', 2, None): 3.007770767071057}","{('int', 21, 29): 0.006144908769747459}",dgp2,sr_pds,Quadratic,SR-PDS,0.5
233,False,0.4854006480483186,0.04651582722439604,0.39422962668850237,0.5765716694081349,sr_pds,sr_pds,"[('sq', 0, None), ('sq', 2, None)]","[('int', 35, 36), ('int', 35, 48), ('log', 48, None)]","[('sq', 0, None), ('sq', 2, None)]",[],"{('sq', 0, None): 4.960088563335983, ('sq', 2, None): 2.9590070637506742}",{},dgp2,sr_pds,Quadratic,SR-PDS,0.5
234,False,0.818963351044921,0.3542019594190246,0.12472751058363285,1.5131991915062093,sr_pds,sr_pds,[],"[('int', 13, 26), ('int', 26, 29)]",[],"[('int', 13, 26)]",{},"{('int', 13, 26): -0.24166581389840755}",dgp2,sr_pds,Quadratic,SR-PDS,0.5
235,False,0.6515339723706131,0.22449043829420737,0.2115327133139666,1.0915352314272595,sr_pds,sr_pds,"[('sq', 0, None)]","[('int', 9, 42)]","[('sq', 0, None)]","[('int', 9, 42)]","{('sq', 0, None): 5.086846541856327}","{('int', 9, 42): -0.3172972673579258}",dgp2,sr_pds,Quadratic,SR-PDS,0.5
236,False,0.4591346217128845,0.047666629534246455,0.36570802782576145,0.5525612156000075,sr_pds,sr_pds,"[('sq', 0, None), ('sq', 2, None)]","[('int', 28, 48)]","[('sq', 0, None), ('sq', 2, None)]",[],"{('sq', 0, None): 4.9961875589835465, ('sq', 2, None): 3.0202903103971854}",{},dgp2,sr_pds,Quadratic,SR-PDS,0.5
237,False,0.5333965903369015,0.0413734808205928,0.45230456792853957,0.6144886127452633,sr_pds,sr_pds,"[('sq', 0, None), ('sq', 2, None)]",[],"[('sq', 0, None), ('sq', 2, None)]",[],"{('sq', 0, None): 4.992816446583903, ('sq', 2, None): 2.9809965739104993}",{},dgp2,sr_pds,Quadratic,SR-PDS,0.5
238,False,-0.013050115086359448,0.39342317289174406,-0.7841595339541778,0.7580593037814589,sr_pds,sr_pds,"[('int', 1, 3)]","[('int', 10, 12), ('int', 10, 13)]","[('int', 1, 3)]","[('int', 10, 12)]","{('int', 1, 3): 0.6666401081452694}","{('int', 10, 12): 0.12057668280744402}",dgp2,sr_pds,Quadratic,SR-PDS,0.5
239,False,0.5356368136691343,0.19992516271036911,0.14378349475681085,0.9274901325814577,sr_pds,sr_pds,"[('sq', 0, None)]","[('int', 0, 30)]","[('sq', 0, None)]",[],"{('sq', 0, None): 5.19359197740782}",{},dgp2,sr_pds,Quadratic,SR-PDS,0.5
240,False,0.16633286459183663,0.24324586631077005,-0.3104290333772727,0.6430947625609459,sr_pds,sr_pds,"[('sq', 0, None)]","[('int', 5, 21)]","[('sq', 0, None)]",[],"{('sq', 0, None): 4.947063284015591}",{},dgp2,sr_pds,Quadratic,SR-PDS,0.5
241,False,0.4499644658915024,0.04238200817542771,0.3668957298676641,0.5330332019153408,sr_pds,sr_pds,"[('sq', 0, None), ('sq', 2, None)]",[],"[('sq', 0, None), ('sq', 2, None)]",[],"{('sq', 0, None): 5.040763542119956, ('sq', 2, None): 3.030312376303016}",{},dgp2,sr_pds,Quadratic,SR-PDS,0.5
242,False,0.5824952415254747,0.17539943372658037,0.2387123514213772,0.9262781316295723,sr_pds,sr_pds,"[('sq', 0, None)]","[('int', 7, 35)]","[('sq', 0, None)]",[],"{('sq', 0, None): 4.971928118619402}",{},dgp2,sr_pds,Quadratic,SR-PDS,0.5
243,False,0.4496496806238374,0.048858334251004755,0.3538873454918681,0.5454120157558068,sr_pds,sr_pds,"[('sq', 0, None), ('sq', 2, None)]",[],"[('sq', 0, None), ('sq', 2, None)]",[],"{('sq', 0, None): 5.038567898531025, ('sq', 2, None): 2.9778586038913897}",{},dgp2,sr_pds,Quadratic,SR-PDS,0.5
244,False,0.2514242477692436,0.19339736192267784,-0.12763458159920493,0.6304830771376921,sr_pds,sr_pds,"[('sq', 0, None)]",[],"[('sq', 0, None)]",[],"{('sq', 0, None): 4.832481165626605}",{},dgp2,sr_pds,Quadratic,SR-PDS,0.5
245,False,0.5545084243709929,0.16136087937219382,0.23824110080149302,0.8707757479404927,sr_pds,sr_pds,"[('sq', 0, None)]",[],"[('sq', 0, None)]",[],"{('sq', 0, None): 4.917983461486345}",{},dgp2,sr_pds,Quadratic,SR-PDS,0.5
246,False,0.5766447284834733,0.20403146503112002,0.176743057022478,0.9765463999444686,sr_pds,sr_pds,"[('sq', 0, None)]",[],"[('sq', 0, None)]",[],"{('sq', 0, None): 5.169804677643688}",{},dgp2,sr_pds,Quadratic,SR-PDS,0.5
247,False,0.5792808920200245,0.22395193363665197,0.1403351020921867,1.0182266819478625,sr_pds,sr_pds,"[('sq', 0, None)]","[('int', 20, 37), ('int', 37, 49)]","[('sq', 0, None)]","[('int', 20, 37), ('int', 37, 49)]","{('sq', 0, None): 4.960714745570776}","{('int', 20, 37): -0.20438147637510218, ('int', 37, 49): 0.3606118594225087}",dgp2,sr_pds,Quadratic,SR-PDS,0.5
248,False,0.4883861031434084,0.04595159688238839,0.3983209732539272,0.5784512330328897,sr_pds,sr_pds,"[('sq', 0, None), ('sq', 2, None)]",[],"[('sq', 0, None), ('sq', 2, None)]",[],"{('sq', 0, None): 4.959521826442674, ('sq', 2, None): 2.940367959845124}",{},dgp2,sr_pds,Quadratic,SR-PDS,0.5
249,False,0.26736346901365016,0.2080592821873019,-0.14043272407346158,0.6751596621007618,sr_pds,sr_pds,"[('sq', 0, None)]","[('int', 28, 47)]","[('sq', 0, None)]",[],"{('sq', 0, None): 5.229148643040596}",{},dgp2,sr_pds,Quadratic,SR-PDS,0.5
250,False,0.7257457341505035,0.1659966539889276,0.40039229233220536,1.0510991759688015,sr_pds,sr_pds,"[('sq', 0, None)]",[],"[('sq', 0, None)]",[],"{('sq', 0, None): 4.795156429641485}",{},dgp2,sr_pds,Quadratic,SR-PDS,0.5
251,False,0.43310283218224704,0.044896339177403634,0.3451060073945359,0.5210996569699582,sr_pds,sr_pds,"[('sq', 0, None), ('sq', 2, None)]","[('cubic', 20, 13), ('cubic', 20, 28), ('cubic', 20, 43), ('int', 13, 20), ('int', 20, 28), ('int', 20, 43)]","[('sq', 0, None), ('sq', 2, None)]","[('cubic', 20, 13)]","{('sq', 0, None): 5.006120096790985, ('sq', 2, None): 3.012816777544851}","{('cubic', 20, 13): 0.005506659748938849}",dgp2,sr_pds,Quadratic,SR-PDS,0.5
252,False,0.6129988877895834,0.15497199564948144,0.30925377631659984,0.916743999262567,sr_pds,sr_pds,"[('sq', 0, None)]","[('int', 1, 25), ('int', 14, 25)]","[('sq', 0, None)]","[('int', 14, 25)]","{('sq', 0, None): 4.783994082208415}","{('int', 14, 25): 0.29662596487192866}",dgp2,sr_pds,Quadratic,SR-PDS,0.5
253,False,0.5697483518587174,0.16099318864790158,0.25420170210883036,0.8852950016086045,sr_pds,sr_pds,"[('sq', 0, None)]","[('int', 4, 28)]","[('sq', 0, None)]",[],"{('sq', 0, None): 4.9449802705755195}",{},dgp2,sr_pds,Quadratic,SR-PDS,0.5
254,False,0.49073387853595407,0.04765771349892807,0.39732476007805506,0.5841429969938531,sr_pds,sr_pds,"[('sq', 0, None), ('sq', 2, None)]",[],"[('sq', 0, None), ('sq', 2, None)]",[],"{('sq', 0, None): 4.999312539632769, ('sq', 2, None): 2.945592571786893}",{},dgp2,sr_pds,Quadratic,SR-PDS,0.5
255,False,0.19530724114585704,0.17273406167293495,-0.14325151973309544,0.5338660020248095,sr_pds,sr_pds,"[('sq', 0, None)]",[],"[('sq', 0, None)]",[],"{('sq', 0, None): 5.221175153458313}",{},dgp2,sr_pds,Quadratic,SR-PDS,0.5
256,False,0.2603408841980858,0.18963063400470936,-0.1113351584511445,0.6320169268473161,sr_pds,sr_pds,"[('sq', 0, None)]","[('int', 2, 10), ('int', 14, 48)]","[('sq', 0, None)]","[('int', 14, 48)]","{('sq', 0, None): 4.857479381910078}","{('int', 14, 48): 0.3261330897864357}",dgp2,sr_pds,Quadratic,SR-PDS,0.5
257,False,0.4308755848536559,0.23669761762711267,-0.03305174569548491,0.8948029154027968,sr_pds,sr_pds,"[('sq', 0, None)]",[],"[('sq', 0, None)]",[],"{('sq', 0, None): 4.955435742561154}",{},dgp2,sr_pds,Quadratic,SR-PDS,0.5
258,False,0.5270348736390134,0.046503055207926705,0.435888885431477,0.6181808618465497,sr_pds,sr_pds,"[('sq', 0, None), ('sq', 2, None)]","[('int', 23, 49)]","[('sq', 0, None), ('sq', 2, None)]",[],"{('sq', 0, None): 5.038088011616161, ('sq', 2, None): 3.053707928543445}",{},dgp2,sr_pds,Quadratic,SR-PDS,0.5
259,False,0.4838681410188117,0.04227091126709345,0.40101715493530854,0.5667191271023149,sr_pds,sr_pds,"[('sq', 0, None), ('sq', 2, None)]",[],"[('sq', 0, None), ('sq', 2, None)]",[],"{('sq', 0, None): 4.987842277580463, ('sq', 2, None): 2.9673056182088473}",{},dgp2,sr_pds,Quadratic,SR-PDS,0.5
260,False,0.09344288796186763,0.16676490625163556,-0.23341632829133807,0.4203021042150733,sr_pds,sr_pds,"[('sq', 0, None)]","[('sq', 10, None)]","[('sq', 0, None)]","[('sq', 10, None)]","{('sq', 0, None): 4.982340744314794}","{('sq', 10, None): 0.0896250828143256}",dgp2,sr_pds,Quadratic,SR-PDS,0.5
261,False,0.5493774155721687,0.1834875507229398,0.1897418161552067,0.9090130149891307,sr_pds,sr_pds,"[('sq', 0, None)]","[('int', 13, 18), ('int', 13, 49)]","[('sq', 0, None)]",[],"{('sq', 0, None): 4.948335169001231}",{},dgp2,sr_pds,Quadratic,SR-PDS,0.5
262,False,0.6815100192900985,0.1807669389923959,0.3272068188650025,1.0358132197151944,sr_pds,sr_pds,"[('sq', 0, None)]",[],"[('sq', 0, None)]",[],"{('sq', 0, None): 5.012020621069515}",{},dgp2,sr_pds,Quadratic,SR-PDS,0.5
263,False,0.48505120442392474,0.052277158569049256,0.3825879736285882,0.5875144352192613,sr_pds,sr_pds,"[('sq', 0, None), ('sq', 2, None)]","[('int', 8, 37), ('int', 20, 27)]","[('sq', 0, None), ('sq', 2, None)]",[],"{('sq', 0, None): 5.004842283337558, ('sq', 2, None): 2.986261259492665}",{},dgp2,sr_pds,Quadratic,SR-PDS,0.5
264,False,0.49728376583594375,0.04771549231752815,0.4037614008935886,0.5908061307782989,sr_pds,sr_pds,"[('sq', 0, None), ('sq', 2, None)]","[('int', 6, 20), ('int', 6, 45), ('int', 20, 32), ('int', 32, 45)]","[('sq', 0, None), ('sq', 2, None)]",[],"{('sq', 0, None): 4.9783256071659086, ('sq', 2, None): 3.009871134835109}",{},dgp2,sr_pds,Quadratic,SR-PDS,0.5
265,False,0.13784272103955963,0.16890143735102622,-0.19320409616845174,0.468889538247571,sr_pds,sr_pds,"[('sq', 0, None)]",[],"[('sq', 0, None)]",[],"{('sq', 0, None): 5.272086361680812}",{},dgp2,sr_pds,Quadratic,SR-PDS,0.5
266,False,0.5536523913275807,0.1781489060845943,0.2044805354017759,0.9028242472533855,sr_pds,sr_pds,"[('sq', 0, None)]","[('int', 12, 39), ('int', 34, 39)]","[('sq', 0, None)]","[('int', 34, 39)]","{('sq', 0, None): 4.996761157209698}","{('int', 34, 39): 0.22779522475531105}",dgp2,sr_pds,Quadratic,SR-PDS,0.5
267,False,0.5360428535055095,0.04730376791869809,0.44332746838486126,0.6287582386261578,sr_pds,sr_pds,"[('sq', 0, None), ('sq', 2, None)]","[('int', 7, 31)]","[('sq', 0, None), ('sq', 2, None)]",[],"{('sq', 0, None): 4.963708546460737, ('sq', 2, None): 3.015165134522863}",{},dgp2,sr_pds,Quadratic,SR-PDS,0.5
268,False,0.5572102250252695,0.050873149831635364,0.4574988513552642,0.6569215986952748,sr_pds,sr_pds,"[('sq', 0, None), ('sq', 2, None)]",[],"[('sq', 0, None), ('sq', 2, None)]",[],"{('sq', 0, None): 4.971011150600803, ('sq', 2, None): 3.0168721980395516}",{},dgp2,sr_pds,Quadratic,SR-PDS,0.5
269,False,0.5481496878741104,0.04596016981907289,0.4580677550287276,0.6382316207194934,sr_pds,sr_pds,"[('sq', 0, None), ('sq', 2, None)]",[],"[('sq', 0, None), ('sq', 2, None)]",[],"{('sq', 0, None): 5.015038125695673, ('sq', 2, None): 3.011930215606477}",{},dgp2,sr_pds,Quadratic,SR-PDS,0.5
270,False,0.42456147943479644,0.040056236804032516,0.3460512552988927,0.5030717035707002,sr_pds,sr_pds,"[('sq', 0, None), ('sq', 2, None)]","[('int', 21, 33), ('int', 29, 33), ('int', 33, 47)]","[('sq', 0, None), ('sq', 2, None)]",[],"{('sq', 0, None): 4.965818824680925, ('sq', 2, None): 3.0163315294374256}",{},dgp2,sr_pds,Quadratic,SR-PDS,0.5
271,False,0.5833579682913229,0.37403730081115305,-0.14975514129853706,1.3164710778811828,sr_pds,sr_pds,[],[],[],[],{},{},dgp2,sr_pds,Quadratic,SR-PDS,0.5
272,False,0.4201618995046266,0.1997811309504078,0.028590882841827314,0.8117329161674259,sr_pds,sr_pds,"[('sq', 0, None)]",[],"[('sq', 0, None)]",[],"{('sq', 0, None): 5.035038837389531}",{},dgp2,sr_pds,Quadratic,SR-PDS,0.5
273,False,0.6685664255747016,0.23726941772839555,0.20351836682704633,1.1336144843223568,sr_pds,sr_pds,"[('sq', 0, None)]","[('int', 23, 28)]","[('sq', 0, None)]","[('int', 23, 28)]","{('sq', 0, None): 5.053755875364214}","{('int', 23, 28): -0.6297119001764497}",dgp2,sr_pds,Quadratic,SR-PDS,0.5
274,False,0.5309061641270238,0.17944981854373634,0.17918451978130062,0.882627808472747,sr_pds,sr_pds,"[('sq', 0, None)]",[],"[('sq', 0, None)]",[],"{('sq', 0, None): 4.982201705478922}",{},dgp2,sr_pds,Quadratic,SR-PDS,0.5
275,False,0.09936591352075111,0.35655904506848196,-0.5994898148134735,0.7982216418549757,sr_pds,sr_pds,"[('sq', 2, None)]","[('int', 17, 49), ('int', 22, 49)]","[('sq', 2, None)]","[('int', 17, 49), ('int', 22, 49)]","{('sq', 2, None): 2.6259560066100542}","{('int', 17, 49): -0.23622242919073197, ('int', 22, 49): 0.14493109031208348}",dgp2,sr_pds,Quadratic,SR-PDS,0.5
276,False,0.4775189059209676,0.04301443617235231,0.393210611023157,0.5618272008187781,sr_pds,sr_pds,"[('sq', 0, None), ('sq', 2, None)]",[],"[('sq', 0, None), ('sq', 2, None)]",[],"{('sq', 0, None): 5.036823211533062, ('sq', 2, None): 3.020089583070173}",{},dgp2,sr_pds,Quadratic,SR-PDS,0.5
277,False,0.9205881972866282,0.2307912483306587,0.46823735055853716,1.3729390440147193,sr_pds,sr_pds,"[('sq', 0, None)]",[],"[('sq', 0, None)]",[],"{('sq', 0, None): 5.257752714034008}",{},dgp2,sr_pds,Quadratic,SR-PDS,0.5
278,False,0.39005722056234,0.20458722324010137,-0.010933736988258669,0.7910481781129386,sr_pds,sr_pds,"[('sq', 0, None)]","[('int', 28, 35)]","[('sq', 0, None)]",[],"{('sq', 0, None): 5.100179879106997}",{},dgp2,sr_pds,Quadratic,SR-PDS,0.5
279,False,0.3932259420034773,0.04937163793069982,0.29645753165930566,0.489994352347649,sr_pds,sr_pds,"[('sq', 0, None), ('sq', 2, None)]",[],"[('sq', 0, None), ('sq', 2, None)]",[],"{('sq', 0, None): 4.9678359679109585, ('sq', 2, None): 3.021877873204463}",{},dgp2,sr_pds,Quadratic,SR-PDS,0.5
280,False,0.5299072848641295,0.04670589953321931,0.43836372177901967,0.6214508479492393,sr_pds,sr_pds,"[('sq', 0, None), ('sq', 2, None)]","[('int', 6, 11), ('int', 6, 42)]","[('sq', 0, None), ('sq', 2, None)]",[],"{('sq', 0, None): 4.993985982223931, ('sq', 2, None): 2.9932008449467253}",{},dgp2,sr_pds,Quadratic,SR-PDS,0.5
281,False,0.6014168346027837,0.04264460388624693,0.5178334109857398,0.6850002582198277,sr_pds,sr_pds,"[('sq', 0, None), ('sq', 2, None)]","[('int', 3, 9), ('int', 9, 28)]","[('sq', 0, None), ('sq', 2, None)]",[],"{('sq', 0, None): 4.982467952615629, ('sq', 2, None): 3.0304607051874703}",{},dgp2,sr_pds,Quadratic,SR-PDS,0.5
282,False,0.48744504406828565,0.05019891234847632,0.38905517586527205,0.5858349122712992,sr_pds,sr_pds,"[('sq', 0, None), ('sq', 2, None)]","[('int', 3, 31), ('int', 3, 43)]","[('sq', 0, None), ('sq', 2, None)]",[],"{('sq', 0, None): 4.9771870775351506, ('sq', 2, None): 2.9991447064507417}",{},dgp2,sr_pds,Quadratic,SR-PDS,0.5
283,False,0.4002136382653294,0.16480443907936446,0.07719693766977509,0.7232303388608837,sr_pds,sr_pds,"[('sq', 0, None)]",[],"[('sq', 0, None)]",[],"{('sq', 0, None): 5.008024158053299}",{},dgp2,sr_pds,Quadratic,SR-PDS,0.5
284,False,0.031978980075594944,0.16992607491841052,-0.30107612676448964,0.36503408691567957,sr_pds,sr_pds,"[('sq', 0, None)]","[('int', 35, 37)]","[('sq', 0, None)]","[('int', 35, 37)]","{('sq', 0, None): 4.879419496342107}","{('int', 35, 37): 0.0654049220043945}",dgp2,sr_pds,Quadratic,SR-PDS,0.5
285,False,0.49833749272391603,0.04617281251882994,0.40783878018700936,0.5888362052608227,sr_pds,sr_pds,"[('sq', 0, None), ('sq', 2, None)]","[('cubic', 20, 10), ('cubic', 20, 46), ('int', 10, 20), ('int', 10, 33), ('int', 20, 46), ('int', 33, 46)]","[('sq', 0, None), ('sq', 2, None)]","[('cubic', 20, 10), ('cubic', 20, 46)]","{('sq', 0, None): 4.902199127635475, ('sq', 2, None): 3.017152354294099}","{('cubic', 20, 10): -0.015050441327755867, ('cubic', 20, 46): -0.016766969049246173}",dgp2,sr_pds,Quadratic,SR-PDS,0.5
286,False,0.47845222663756315,0.04275188685238998,0.39465852840687876,0.5622459248682475,sr_pds,sr_pds,"[('sq', 0, None), ('sq', 2, None)]","[('int', 7, 16), ('int', 8, 16)]","[('sq', 0, None), ('sq', 2, None)]",[],"{('sq', 0, None): 4.968281442451384, ('sq', 2, None): 3.0354369820815816}",{},dgp2,sr_pds,Quadratic,SR-PDS,0.5
287,False,0.5556231881635676,0.2113177589977823,0.1414403805279143,0.9698059957992209,sr_pds,sr_pds,"[('sq', 0, None)]",[],"[('sq', 0, None)]",[],"{('sq', 0, None): 5.078700802242662}",{},dgp2,sr_pds,Quadratic,SR-PDS,0.5
288,False,0.552965475952265,0.04209945616091531,0.47045054187687096,0.635480410027659,sr_pds,sr_pds,"[('sq', 0, None), ('sq', 2, None)]","[('int', 36, 41)]","[('sq', 0, None), ('sq', 2, None)]",[],"{('sq', 0, None): 5.033632335893782, ('sq', 2, None): 3.007955969326028}",{},dgp2,sr_pds,Quadratic,SR-PDS,0.5
289,False,0.5656366563557268,0.04638192503130288,0.47472808329437316,0.6565452294170805,sr_pds,sr_pds,"[('sq', 0, None), ('sq', 2, None)]","[('int', 12, 31)]","[('sq', 0, None), ('sq', 2, None)]",[],"{('sq', 0, None): 5.038118756277995, ('sq', 2, None): 2.9674018404347002}",{},dgp2,sr_pds,Quadratic,SR-PDS,0.5
290,False,0.40807211837748175,0.20207993079062386,0.01199545402785901,0.8041487827271045,sr_pds,sr_pds,"[('sq', 0, None)]",[],"[('sq', 0, None)]",[],"{('sq', 0, None): 5.111642990959787}",{},dgp2,sr_pds,Quadratic,SR-PDS,0.5
291,False,0.5910269076789512,0.16832840692789117,0.26110323010028447,0.9209505852576179,sr_pds,sr_pds,"[('sq', 0, None)]",[],"[('sq', 0, None)]",[],"{('sq', 0, None): 4.977234301406013}",{},dgp2,sr_pds,Quadratic,SR-PDS,0.5
292,False,0.5153325427845965,0.04683272130220546,0.4235404090322738,0.6071246765369192,sr_pds,sr_pds,"[('sq', 0, None), ('sq', 2, None)]","[('int', 3, 26), ('int', 26, 49)]","[('sq', 0, None), ('sq', 2, None)]",[],"{('sq', 0, None): 4.9980689243075584, ('sq', 2, None): 2.9992178021279816}",{},dgp2,sr_pds,Quadratic,SR-PDS,0.5
293,False,0.6853693644861967,0.19180260724423928,0.30943625428748767,1.0613024746849056,sr_pds,sr_pds,"[('sq', 0, None)]","[('cubic', 3, 22), ('int', 3, 22), ('int', 6, 22)]","[('sq', 0, None)]","[('cubic', 3, 22), ('int', 6, 22)]","{('sq', 0, None): 4.966700452188068}","{('cubic', 3, 22): 0.060387939042852876, ('int', 6, 22): 0.11171833732883747}",dgp2,sr_pds,Quadratic,SR-PDS,0.5
294,False,0.7493110183164321,0.190388533170031,0.3761494933031714,1.122472543329693,sr_pds,sr_pds,"[('sq', 0, None)]",[],"[('sq', 0, None)]",[],"{('sq', 0, None): 5.034264410997836}",{},dgp2,sr_pds,Quadratic,SR-PDS,0.5
295,False,0.8716021777945643,0.20446292600470775,0.47085484282533707,1.2723495127637916,sr_pds,sr_pds,"[('sq', 0, None)]",[],"[('sq', 0, None)]",[],"{('sq', 0, None): 5.049699798645594}",{},dgp2,sr_pds,Quadratic,SR-PDS,0.5
296,False,0.5543239484813345,0.18125336836859743,0.19906734647888352,0.9095805504837855,sr_pds,sr_pds,"[('sq', 0, None)]","[('int', 10, 33), ('int', 26, 33), ('int', 33, 41)]","[('sq', 0, None)]","[('int', 33, 41)]","{('sq', 0, None): 4.863925882449812}","{('int', 33, 41): -0.1822558280614388}",dgp2,sr_pds,Quadratic,SR-PDS,0.5
297,False,0.46573336878038024,0.04819287467793573,0.3712753344116262,0.5601914031491343,sr_pds,sr_pds,"[('sq', 0, None), ('sq', 2, None)]","[('int', 0, 10)]","[('sq', 0, None), ('sq', 2, None)]","[('int', 0, 10)]","{('sq', 0, None): 4.967004036724979, ('sq', 2, None): 3.0065735585538094}","{('int', 0, 10): 0.04022866092674751}",dgp2,sr_pds,Quadratic,SR-PDS,0.5
298,False,0.4299419084412701,0.048297534139961185,0.3352787415269462,0.524605075355594,sr_pds,sr_pds,"[('sq', 0, None), ('sq', 2, None)]","[('int', 0, 46), ('int', 7, 46), ('sq', 46, None)]","[('sq', 0, None), ('sq', 2, None)]","[('sq', 46, None)]","{('sq', 0, None): 4.9761187411207235, ('sq', 2, None): 3.0054726235069245}","{('sq', 46, None): -0.0073993629948805005}",dgp2,sr_pds,Quadratic,SR-PDS,0.5
299,False,0.4344668680223279,0.04334851375055835,0.3495037810712336,0.5194299549734223,sr_pds,sr_pds,"[('sq', 0, None), ('sq', 2, None)]",[],"[('sq', 0, None), ('sq', 2, None)]",[],"{('sq', 0, None): 4.984348186201549, ('sq', 2, None): 3.0201332672585486}",{},dgp2,sr_pds,Quadratic,SR-PDS,0.5
300,False,0.29989887313489483,0.2206506798856215,-0.13257645944092333,0.732374205710713,sr_pds,sr_pds,"[('sq', 0, None)]",[],"[('sq', 0, None)]",[],"{('sq', 0, None): 4.8706146868532345}",{},dgp2,sr_pds,Quadratic,SR-PDS,0.5
301,False,0.5180078416846087,0.1870896690235491,0.15131209039845245,0.884703592970765,sr_pds,sr_pds,"[('sq', 0, None)]","[('cubic', 8, 4), ('cubic', 8, 47)]","[('sq', 0, None)]","[('cubic', 8, 4), ('cubic', 8, 47)]","{('sq', 0, None): 5.0357781766892185}","{('cubic', 8, 4): 0.2328340555402155, ('cubic', 8, 47): -0.03744457642987185}",dgp2,sr_pds,Quadratic,SR-PDS,0.5
302,False,0.4624597168265038,0.04507840082447222,0.37410605121053825,0.5508133824424694,sr_pds,sr_pds,"[('sq', 0, None), ('sq', 2, None)]",[],"[('sq', 0, None), ('sq', 2, None)]",[],"{('sq', 0, None): 5.011440488450666, ('sq', 2, None): 3.081252200621022}",{},dgp2,sr_pds,Quadratic,SR-PDS,0.5
303,False,0.7343686438630374,0.16666614727992698,0.40770299519438047,1.0610342925316942,sr_pds,sr_pds,"[('sq', 0, None)]","[('cubic', 45, 10)]","[('sq', 0, None)]","[('cubic', 45, 10)]","{('sq', 0, None): 4.932343858139095}","{('cubic', 45, 10): 0.022200393543032257}",dgp2,sr_pds,Quadratic,SR-PDS,0.5
304,False,0.3149290179315889,0.18739965656122057,-0.05237430892840339,0.6822323447915812,sr_pds,sr_pds,"[('sq', 0, None)]",[],"[('sq', 0, None)]",[],"{('sq', 0, None): 4.962413120539479}",{},dgp2,sr_pds,Quadratic,SR-PDS,0.5
305,False,0.42381385444362507,0.040094043272769574,0.3452295296289967,0.5023981792582535,sr_pds,sr_pds,"[('sq', 0, None), ('sq', 2, None)]",[],"[('sq', 0, None), ('sq', 2, None)]",[],"{('sq', 0, None): 5.010715357564276, ('sq', 2, None): 2.927601183146457}",{},dgp2,sr_pds,Quadratic,SR-PDS,0.5
306,False,0.48421958032316237,0.04668148156651977,0.3927238764527836,0.5757152841935411,sr_pds,sr_pds,"[('sq', 0, None), ('sq', 2, None)]","[('cubic', 13, 37), ('cubic', 37, 13), ('cubic', 37, 34)]","[('sq', 0, None), ('sq', 2, None)]","[('cubic', 13, 37), ('cubic', 37, 13), ('cubic', 37, 34)]","{('sq', 0, None): 4.983036327518678, ('sq', 2, None): 3.003037907162476}","{('cubic', 13, 37): -0.012294275247405903, ('cubic', 37, 13): 0.02914229116659637, ('cubic', 37, 34): 0.005597885713728269}",dgp2,sr_pds,Quadratic,SR-PDS,0.5
307,False,0.24271346759188572,0.1992969218023764,-0.14790849914077203,0.6333354343245434,sr_pds,sr_pds,"[('sq', 0, None)]",[],"[('sq', 0, None)]",[],"{('sq', 0, None): 4.98661645169337}",{},dgp2,sr_pds,Quadratic,SR-PDS,0.5
308,False,0.5179423167923113,0.17438760313962812,0.17614261463864017,0.8597420189459823,sr_pds,sr_pds,"[('sq', 0, None)]","[('int', 9, 30)]","[('sq', 0, None)]",[],"{('sq', 0, None): 4.861180813903275}",{},dgp2,sr_pds,Quadratic,SR-PDS,0.5
309,False,0.4888258825759587,0.16847678299819113,0.15861138789950407,0.8190403772524133,sr_pds,sr_pds,"[('sq', 0, None)]",[],"[('sq', 0, None)]",[],"{('sq', 0, None): 4.926232689807533}",{},dgp2,sr_pds,Quadratic,SR-PDS,0.5
310,False,0.3374027657540371,0.20224543686537574,-0.05899829050209937,0.7338038220101736,sr_pds,sr_pds,"[('sq', 0, None)]",[],"[('sq', 0, None)]",[],"{('sq', 0, None): 4.851885195614661}",{},dgp2,sr_pds,Quadratic,SR-PDS,0.5
311,False,0.6248347475896336,0.18020532512597412,0.2716323103427244,0.9780371848365429,sr_pds,sr_pds,"[('sq', 0, None)]",[],"[('sq', 0, None)]",[],"{('sq', 0, None): 5.1590229724363725}",{},dgp2,sr_pds,Quadratic,SR-PDS,0.5
312,False,0.4785888346440757,0.044912319958936936,0.3905606875245593,0.5666169817635921,sr_pds,sr_pds,"[('sq', 0, None), ('sq', 2, None)]",[],"[('sq', 0, None), ('sq', 2, None)]",[],"{('sq', 0, None): 4.951714155040245, ('sq', 2, None): 3.0330753266700436}",{},dgp2,sr_pds,Quadratic,SR-PDS,0.5
313,False,0.4000927116831736,0.19256010725421865,0.022674901464905084,0.7775105219014422,sr_pds,sr_pds,"[('sq', 0, None)]",[],"[('sq', 0, None)]",[],"{('sq', 0, None): 5.2121136134872454}",{},dgp2,sr_pds,Quadratic,SR-PDS,0.5
314,False,0.3694463208530165,0.15249799271883488,0.07055025512410013,0.6683423865819329,sr_pds,sr_pds,"[('sq', 0, None)]",[],"[('sq', 0, None)]",[],"{('sq', 0, None): 5.112136528960326}",{},dgp2,sr_pds,Quadratic,SR-PDS,0.5
315,False,0.3642153963000438,0.18111119584380722,0.009237452446181627,0.7191933401539059,sr_pds,sr_pds,"[('sq', 0, None)]",[],"[('sq', 0, None)]",[],"{('sq', 0, None): 4.721727972163143}",{},dgp2,sr_pds,Quadratic,SR-PDS,0.5
316,False,0.5670524700541745,0.04876000551000573,0.47148285925456324,0.6626220808537857,sr_pds,sr_pds,"[('sq', 0, None), ('sq', 2, None)]","[('int', 3, 28), ('int', 3, 39), ('int', 6, 28), ('int', 6, 39), ('int', 17, 28), ('int', 17, 39)]","[('sq', 0, None), ('sq', 2, None)]",[],"{('sq', 0, None): 5.0667422023082525, ('sq', 2, None): 3.026315083318248}",{},dgp2,sr_pds,Quadratic,SR-PDS,0.5
317,False,0.4978214193554049,0.045299955013293716,0.40903350752934925,0.5866093311814606,sr_pds,sr_pds,"[('sq', 0, None), ('sq', 2, None)]",[],"[('sq', 0, None), ('sq', 2, None)]",[],"{('sq', 0, None): 4.9920653846262075, ('sq', 2, None): 2.982462340490333}",{},dgp2,sr_pds,Quadratic,SR-PDS,0.5
318,False,0.5009299900788605,0.04727268921301001,0.4082755192213609,0.5935844609363601,sr_pds,sr_pds,"[('sq', 0, None), ('sq', 2, None)]","[('int', 43, 44)]","[('sq', 0, None), ('sq', 2, None)]",[],"{('sq', 0, None): 5.003857344140602, ('sq', 2, None): 3.039828946682194}",{},dgp2,sr_pds,Quadratic,SR-PDS,0.5
319,False,0.4947190704933338,0.050133817734831394,0.39645678773306425,0.5929813532536033,sr_pds,sr_pds,"[('sq', 0, None), ('sq', 2, None)]",[],"[('sq', 0, None), ('sq', 2, None)]",[],"{('sq', 0, None): 4.971931105846883, ('sq', 2, None): 2.992924858784638}",{},dgp2,sr_pds,Quadratic,SR-PDS,0.5
320,False,0.5190928654446159,0.045779787068300756,0.42936448279074635,0.6088212480984854,sr_pds,sr_pds,"[('sq', 0, None), ('sq', 2, None)]",[],"[('sq', 0, None), ('sq', 2, None)]",[],"{('sq', 0, None): 4.972752107503454, ('sq', 2, None): 2.9689606001345292}",{},dgp2,sr_pds,Quadratic,SR-PDS,0.5
321,False,0.6266996439481318,0.04263818157385111,0.5431288080633836,0.71027047983288,sr_pds,sr_pds,"[('sq', 0, None), ('sq', 2, None)]","[('int', 3, 20)]","[('sq', 0, None), ('sq', 2, None)]",[],"{('sq', 0, None): 5.008823220710723, ('sq', 2, None): 3.0072827207782646}",{},dgp2,sr_pds,Quadratic,SR-PDS,0.5
322,False,0.5198921230298003,0.04698539808458757,0.4278007427840086,0.6119835032755919,sr_pds,sr_pds,"[('sq', 0, None), ('sq', 2, None)]","[('int', 6, 29), ('int', 6, 45)]","[('sq', 0, None), ('sq', 2, None)]","[('int', 6, 29)]","{('sq', 0, None): 4.959093525764319, ('sq', 2, None): 3.000776843530117}","{('int', 6, 29): -0.0028793268056379346}",dgp2,sr_pds,Quadratic,SR-PDS,0.5
323,False,0.4800077106877869,0.04588730406502151,0.3900685947203447,0.5699468266552291,sr_pds,sr_pds,"[('sq', 0, None), ('sq', 2, None)]","[('int', 3, 32), ('int', 15, 32), ('sq', 32, None)]","[('sq', 0, None), ('sq', 2, None)]","[('sq', 32, None)]","{('sq', 0, None): 5.0070719370308865, ('sq', 2, None): 3.0184393741398234}","{('sq', 32, None): -0.027831885979839217}",dgp2,sr_pds,Quadratic,SR-PDS,0.5
324,False,0.3570219677394574,0.17189952743968712,0.020098893957670616,0.6939450415212441,sr_pds,sr_pds,"[('sq', 0, None)]","[('int', 7, 19)]","[('sq', 0, None)]","[('int', 7, 19)]","{('sq', 0, None): 5.107745128253215}","{('int', 7, 19): -0.1896804606922559}",dgp2,sr_pds,Quadratic,SR-PDS,0.5
325,False,0.3897831832286189,0.21584825281457065,-0.03327939228793958,0.8128457587451774,sr_pds,sr_pds,"[('sq', 0, None)]",[],"[('sq', 0, None)]",[],"{('sq', 0, None): 4.945898705681196}",{},dgp2,sr_pds,Quadratic,SR-PDS,0.5
326,False,0.7203224368469716,0.16877891960264854,0.38951575442578046,1.0511291192681629,sr_pds,sr_pds,"[('sq', 0, None)]",[],"[('sq', 0, None)]",[],"{('sq', 0, None): 4.771611231718029}",{},dgp2,sr_pds,Quadratic,SR-PDS,0.5
327,False,0.6086647123181709,0.04661429584414171,0.5173006924636532,0.7000287321726886,sr_pds,sr_pds,"[('sq', 0, None), ('sq', 2, None)]","[('int', 17, 31), ('int', 17, 41)]","[('sq', 0, None), ('sq', 2, None)]",[],"{('sq', 0, None): 4.993135155054926, ('sq', 2, None): 2.995205281049208}",{},dgp2,sr_pds,Quadratic,SR-PDS,0.5
328,False,0.43392408524172177,0.04349791654263669,0.3486681688181539,0.5191800016652897,sr_pds,sr_pds,"[('sq', 0, None), ('sq', 2, None)]",[],"[('sq', 0, None), ('sq', 2, None)]",[],"{('sq', 0, None): 4.963314582391222, ('sq', 2, None): 3.038004885068082}",{},dgp2,sr_pds,Quadratic,SR-PDS,0.5
329,False,0.39020223887281985,0.1976987957677021,0.0027125991681237194,0.777691878577516,sr_pds,sr_pds,"[('sq', 0, None)]",[],"[('sq', 0, None)]",[],"{('sq', 0, None): 4.94131628546769}",{},dgp2,sr_pds,Quadratic,SR-PDS,0.5
330,False,0.41182907472379593,0.20511664584018593,0.00980044887703152,0.8138577005705603,sr_pds,sr_pds,"[('sq', 0, None)]",[],"[('sq', 0, None)]",[],"{('sq', 0, None): 4.986989463212426}",{},dgp2,sr_pds,Quadratic,SR-PDS,0.5
331,False,-0.15953438076096887,0.30333328072270765,-0.7540676109774758,0.4349988494555381,sr_pds,sr_pds,"[('sq', 2, None)]",[],"[('sq', 2, None)]",[],"{('sq', 2, None): 3.206934858103427}",{},dgp2,sr_pds,Quadratic,SR-PDS,0.5
332,False,0.5605094898817529,0.18862439840297832,0.19080566901191537,0.9302133107515904,sr_pds,sr_pds,"[('sq', 0, None)]","[('int', 6, 32), ('int', 6, 36), ('int', 15, 32), ('int', 15, 36)]","[('sq', 0, None)]","[('int', 6, 36), ('int', 15, 32), ('int', 15, 36)]","{('sq', 0, None): 5.0673080847809615}","{('int', 6, 36): 0.1697400607004737, ('int', 15, 32): -0.21342584505413165, ('int', 15, 36): 0.1290686685699891}",dgp2,sr_pds,Quadratic,SR-PDS,0.5
333,False,0.9378957934603798,0.3292571680823078,0.2925517440190565,1.583239842901703,sr_pds,sr_pds,"[('sq', 2, None)]","[('int', 2, 9)]","[('sq', 2, None)]","[('int', 2, 9)]","{('sq', 2, None): 2.6939658380314544}","{('int', 2, 9): -0.01877417563356915}",dgp2,sr_pds,Quadratic,SR-PDS,0.5
334,False,0.5538020784115851,0.04275601094132588,0.4700002969665864,0.6376038598565839,sr_pds,sr_pds,"[('sq', 0, None), ('sq', 2, None)]","[('int', 16, 43), ('int', 30, 43)]","[('sq', 0, None), ('sq', 2, None)]",[],"{('sq', 0, None): 5.020964501400478, ('sq', 2, None): 2.9967565762577624}",{},dgp2,sr_pds,Quadratic,SR-PDS,0.5
335,False,0.5475587138915212,0.24588197518202537,0.06563004253475152,1.0294873852482909,sr_pds,sr_pds,"[('sq', 0, None)]",[],"[('sq', 0, None)]",[],"{('sq', 0, None): 4.9983393911338405}",{},dgp2,sr_pds,Quadratic,SR-PDS,0.5
336,False,0.7442651799538982,0.205713109744507,0.3410674848546645,1.147462875053132,sr_pds,sr_pds,"[('sq', 0, None)]",[],"[('sq', 0, None)]",[],"{('sq', 0, None): 5.018665218563413}",{},dgp2,sr_pds,Quadratic,SR-PDS,0.5
337,False,0.8051797506183281,0.36152214664046506,0.09659634320301669,1.5137631580336395,sr_pds,sr_pds,[],"[('int', 19, 46)]",[],"[('int', 19, 46)]",{},"{('int', 19, 46): -0.44507980658020885}",dgp2,sr_pds,Quadratic,SR-PDS,0.5
338,False,0.5005705492541688,0.16780389532749074,0.17167491441228694,0.8294661840960507,sr_pds,sr_pds,"[('sq', 0, None)]",[],"[('sq', 0, None)]",[],"{('sq', 0, None): 5.041256656611826}",{},dgp2,sr_pds,Quadratic,SR-PDS,0.5
339,False,0.5273471138077408,0.17647964995593768,0.18144699989410296,0.8732472277213786,sr_pds,sr_pds,"[('sq', 0, None)]","[('cubic', 40, 12), ('cubic', 40, 42), ('int', 7, 40), ('int', 37, 40), ('sq', 40, None)]","[('sq', 0, None)]","[('cubic', 40, 12), ('cubic', 40, 42), ('int', 37, 40)]","{('sq', 0, None): 5.089292094291665}","{('cubic', 40, 12): 0.27609752985671115, ('cubic', 40, 42): 0.28356676095238853, ('int', 37, 40): -0.22465468592200266}",dgp2,sr_pds,Quadratic,SR-PDS,0.5
340,False,0.48396203315153324,0.19907018128380927,0.09378447783526711,0.8741395884677994,sr_pds,sr_pds,"[('sq', 0, None)]","[('int', 4, 32), ('int', 32, 42)]","[('sq', 0, None)]","[('int', 32, 42)]","{('sq', 0, None): 4.893295325816777}","{('int', 32, 42): 0.345090327559457}",dgp2,sr_pds,Quadratic,SR-PDS,0.5
341,False,0.20453094207952113,0.20772590979298455,-0.2026118411147286,0.6116737252737708,sr_pds,sr_pds,"[('cubic', 0, 1), ('int', 0, 1), ('sq', 0, None)]","[('int', 5, 30), ('int', 38, 48), ('int', 44, 48)]","[('sq', 0, None)]","[('int', 38, 48)]","{('sq', 0, None): 5.17243542169969}","{('int', 38, 48): -0.10068688407903677}",dgp2,sr_pds,Quadratic,SR-PDS,0.5
342,False,0.4527235918209212,0.04775046779590399,0.35913267494094936,0.546314508700893,sr_pds,sr_pds,"[('sq', 0, None), ('sq', 2, None)]","[('int', 13, 40)]","[('sq', 0, None), ('sq', 2, None)]","[('int', 13, 40)]","{('sq', 0, None): 5.0170477972396545, ('sq', 2, None): 2.975803679211436}","{('int', 13, 40): -0.004678501946170558}",dgp2,sr_pds,Quadratic,SR-PDS,0.5
343,False,0.5299310064676963,0.04493311677880944,0.4418620975812298,0.6179999153541629,sr_pds,sr_pds,"[('sq', 0, None), ('sq', 2, None)]","[('int', 26, 28)]","[('sq', 0, None), ('sq', 2, None)]",[],"{('sq', 0, None): 5.018392314978393, ('sq', 2, None): 2.9916867560755787}",{},dgp2,sr_pds,Quadratic,SR-PDS,0.5
344,False,0.5367957935808628,0.04496559634329329,0.44866322474800796,0.6249283624137176,sr_pds,sr_pds,"[('sq', 0, None), ('sq', 2, None)]",[],"[('sq', 0, None), ('sq', 2, None)]",[],"{('sq', 0, None): 4.990682001958918, ('sq', 2, None): 3.0863406761384904}",{},dgp2,sr_pds,Quadratic,SR-PDS,0.5
345,False,0.42916082322308013,0.04410315641927744,0.34271863664129637,0.515603009804864,sr_pds,sr_pds,"[('sq', 0, None), ('sq', 2, None)]",[],"[('sq', 0, None), ('sq', 2, None)]",[],"{('sq', 0, None): 5.029927114385304, ('sq', 2, None): 2.9874933645484423}",{},dgp2,sr_pds,Quadratic,SR-PDS,0.5
346,False,0.41379666164425505,0.3362450611753951,-0.24524365825951938,1.0728369815480294,sr_pds,sr_pds,"[('sq', 2, None)]",[],"[('sq', 2, None)]",[],"{('sq', 2, None): 3.1963779364906473}",{},dgp2,sr_pds,Quadratic,SR-PDS,0.5
347,False,0.45790823930504343,0.04601454662373739,0.36771972792251817,0.5480967506875687,sr_pds,sr_pds,"[('sq', 0, None), ('sq', 2, None)]","[('int', 11, 41)]","[('sq', 0, None), ('sq', 2, None)]",[],"{('sq', 0, None): 4.982103173114417, ('sq', 2, None): 2.9605359564260776}",{},dgp2,sr_pds,Quadratic,SR-PDS,0.5
348,False,0.515498138292729,0.04712780044855299,0.42312764941356507,0.6078686271718928,sr_pds,sr_pds,"[('sq', 0, None), ('sq', 2, None)]","[('int', 30, 46)]","[('sq', 0, None), ('sq', 2, None)]",[],"{('sq', 0, None): 4.9755884137995015, ('sq', 2, None): 3.0093285287990117}",{},dgp2,sr_pds,Quadratic,SR-PDS,0.5
349,False,0.4326677138352787,0.1616602648740954,0.11581359468205171,0.7495218329885056,sr_pds,sr_pds,"[('sq', 0, None)]","[('int', 8, 43)]","[('sq', 0, None)]",[],"{('sq', 0, None): 5.049532954146163}",{},dgp2,sr_pds,Quadratic,SR-PDS,0.5
350,False,0.5250557225373716,0.044727770466413144,0.4373892924232019,0.6127221526515414,sr_pds,sr_pds,"[('sq', 0, None), ('sq', 2, None)]",[],"[('sq', 0, None), ('sq', 2, None)]",[],"{('sq', 0, None): 4.978990119873602, ('sq', 2, None): 3.025176283898718}",{},dgp2,sr_pds,Quadratic,SR-PDS,0.5
351,False,0.5184032783083257,0.046383836484801017,0.42749095879811566,0.6093155978185356,sr_pds,sr_pds,"[('sq', 0, None), ('sq', 2, None)]","[('int', 1, 10), ('int', 1, 44), ('int', 20, 44), ('int', 22, 39), ('int', 28, 39)]","[('sq', 0, None), ('sq', 2, None)]",[],"{('sq', 0, None): 5.020454282226436, ('sq', 2, None): 3.011806309479533}",{},dgp2,sr_pds,Quadratic,SR-PDS,0.5
352,False,0.4672107855201083,0.04475479061195366,0.37949139592067915,0.5549301751195375,sr_pds,sr_pds,"[('sq', 0, None), ('sq', 2, None)]",[],"[('sq', 0, None), ('sq', 2, None)]",[],"{('sq', 0, None): 4.979459499470435, ('sq', 2, None): 3.045927384939367}",{},dgp2,sr_pds,Quadratic,SR-PDS,0.5
353,False,0.6411164482099985,0.21581799567443544,0.21811317668810504,1.064119719731892,sr_pds,sr_pds,"[('sq', 0, None)]","[('int', 14, 43)]","[('sq', 0, None)]","[('int', 14, 43)]","{('sq', 0, None): 5.107858836814351}","{('int', 14, 43): -0.02510176567197945}",dgp2,sr_pds,Quadratic,SR-PDS,0.5
354,False,0.4495086096826423,0.15537561986798787,0.14497239474138607,0.7540448246238984,sr_pds,sr_pds,"[('sq', 0, None)]",[],"[('sq', 0, None)]",[],"{('sq', 0, None): 4.983476928140919}",{},dgp2,sr_pds,Quadratic,SR-PDS,0.5
355,False,0.5192296550379014,0.1957911348132081,0.13547903080401358,0.9029802792717893,sr_pds,sr_pds,"[('sq', 0, None)]",[],"[('sq', 0, None)]",[],"{('sq', 0, None): 5.234038140397976}",{},dgp2,sr_pds,Quadratic,SR-PDS,0.5
356,False,0.7686453796974939,0.2223427877625338,0.33285351568292765,1.2044372437120603,sr_pds,sr_pds,"[('sq', 0, None)]",[],"[('sq', 0, None)]",[],"{('sq', 0, None): 4.9704590053616595}",{},dgp2,sr_pds,Quadratic,SR-PDS,0.5
357,False,0.43022737288598406,0.042678463127774326,0.3465775851555464,0.5138771606164217,sr_pds,sr_pds,"[('sq', 0, None), ('sq', 2, None)]",[],"[('sq', 0, None), ('sq', 2, None)]",[],"{('sq', 0, None): 5.0227562347440315, ('sq', 2, None): 3.029247845725793}",{},dgp2,sr_pds,Quadratic,SR-PDS,0.5
358,False,0.9462953834733998,0.15946754328504711,0.6337389986347075,1.2588517683120921,sr_pds,sr_pds,"[('sq', 0, None)]","[('int', 22, 24)]","[('sq', 0, None)]","[('int', 22, 24)]","{('sq', 0, None): 4.909414343057412}","{('int', 22, 24): 0.05431569821039661}",dgp2,sr_pds,Quadratic,SR-PDS,0.5
359,False,0.47243213501192205,0.04412054304224333,0.3859558706491251,0.558908399374719,sr_pds,sr_pds,"[('sq', 0, None), ('sq', 2, None)]","[('cubic', 7, 17), ('cubic', 7, 18), ('cubic', 7, 19), ('cubic', 7, 21), ('cubic', 7, 42), ('cubic', 7, 43), ('cubic', 21, 7), ('int', 7, 21), ('int', 7, 49), ('sq', 7, None)]","[('sq', 0, None), ('sq', 2, None)]","[('cubic', 7, 17), ('cubic', 7, 21), ('cubic', 7, 42), ('sq', 7, None)]","{('sq', 0, None): 4.982418368625068, ('sq', 2, None): 3.0061581583553565}","{('cubic', 7, 17): -0.05135591781105038, ('cubic', 7, 21): 0.01623931749118467, ('cubic', 7, 42): 0.012983944618898862, ('sq', 7, None): 0.07247860205209587}",dgp2,sr_pds,Quadratic,SR-PDS,0.5
360,False,0.5728496480825843,0.23387855886348788,0.11444767271014811,1.0312516234550206,sr_pds,sr_pds,"[('sq', 0, None)]",[],"[('sq', 0, None)]",[],"{('sq', 0, None): 5.092542540768414}",{},dgp2,sr_pds,Quadratic,SR-PDS,0.5
361,False,0.40158515533695394,0.04621407558540421,0.3110055671895617,0.4921647434843462,sr_pds,sr_pds,"[('sq', 0, None), ('sq', 2, None)]",[],"[('sq', 0, None), ('sq', 2, None)]",[],"{('sq', 0, None): 4.988976578565547, ('sq', 2, None): 2.976629983006568}",{},dgp2,sr_pds,Quadratic,SR-PDS,0.5
362,False,0.6426267735852266,0.17307277567227067,0.3034041332675761,0.981849413902877,sr_pds,sr_pds,"[('sq', 0, None)]",[],"[('sq', 0, None)]",[],"{('sq', 0, None): 5.3684410152682975}",{},dgp2,sr_pds,Quadratic,SR-PDS,0.5
363,False,0.4150347272563099,0.18152193501543268,0.05925173462606187,0.770817719886558,sr_pds,sr_pds,"[('sq', 0, None)]",[],"[('sq', 0, None)]",[],"{('sq', 0, None): 5.1270974973345265}",{},dgp2,sr_pds,Quadratic,SR-PDS,0.5
364,False,0.578626044689148,0.18583402057032586,0.21439136437130935,0.9428607250069867,sr_pds,sr_pds,"[('sq', 0, None)]","[('int', 12, 41)]","[('sq', 0, None)]",[],"{('sq', 0, None): 5.257931486557045}",{},dgp2,sr_pds,Quadratic,SR-PDS,0.5
365,False,0.5900408992074881,0.1760319057511675,0.24501836393519982,0.9350634344797765,sr_pds,sr_pds,"[('sq', 0, None)]",[],"[('sq', 0, None)]",[],"{('sq', 0, None): 4.813780131161733}",{},dgp2,sr_pds,Quadratic,SR-PDS,0.5
366,False,0.6080926159859761,0.04304619672529172,0.5237220704044043,0.6924631615675478,sr_pds,sr_pds,"[('sq', 0, None), ('sq', 2, None)]",[],"[('sq', 0, None), ('sq', 2, None)]",[],"{('sq', 0, None): 4.937309992766112, ('sq', 2, None): 2.9538097630561353}",{},dgp2,sr_pds,Quadratic,SR-PDS,0.5
367,False,0.46443635848431447,0.18201346690970754,0.10768996334128766,0.8211827536273413,sr_pds,sr_pds,"[('sq', 0, None)]","[('int', 42, 47)]","[('sq', 0, None)]","[('int', 42, 47)]","{('sq', 0, None): 5.085364636823421}","{('int', 42, 47): 0.10374697276578917}",dgp2,sr_pds,Quadratic,SR-PDS,0.5
368,False,0.5846314510648042,0.04099973784066107,0.5042719648971085,0.6649909372324999,sr_pds,sr_pds,"[('sq', 0, None), ('sq', 2, None)]","[('int', 12, 42), ('int', 18, 42)]","[('sq', 0, None), ('sq', 2, None)]",[],"{('sq', 0, None): 4.980755019530816, ('sq', 2, None): 3.065644096211373}",{},dgp2,sr_pds,Quadratic,SR-PDS,0.5
369,False,0.6120757077149102,0.044153833944878935,0.5255341931829475,0.6986172222468728,sr_pds,sr_pds,"[('sq', 0, None), ('sq', 2, None)]","[('int', 8, 18)]","[('sq', 0, None), ('sq', 2, None)]",[],"{('sq', 0, None): 5.0088679361300255, ('sq', 2, None): 2.9842033503204832}",{},dgp2,sr_pds,Quadratic,SR-PDS,0.5
370,False,0.8828435819210478,0.18203925533941265,0.526046641455799,1.2396405223862965,sr_pds,sr_pds,"[('sq', 0, None)]","[('int', 18, 42)]","[('sq', 0, None)]","[('int', 18, 42)]","{('sq', 0, None): 5.025910715758265}","{('int', 18, 42): -0.23997435177470727}",dgp2,sr_pds,Quadratic,SR-PDS,0.5
371,False,0.6028850625026446,0.340637141727533,-0.06476373528332002,1.2705338602886092,sr_pds,sr_pds,[],"[('int', 7, 17)]",[],"[('int', 7, 17)]",{},"{('int', 7, 17): -0.14030643379253266}",dgp2,sr_pds,Quadratic,SR-PDS,0.5
372,False,0.3154052592682034,0.21653298005420069,-0.10899938163802991,0.7398099001744367,sr_pds,sr_pds,"[('sq', 0, None)]","[('int', 24, 40), ('int', 40, 43), ('int', 40, 49)]","[('sq', 0, None)]",[],"{('sq', 0, None): 4.9725216580495815}",{},dgp2,sr_pds,Quadratic,SR-PDS,0.5
373,False,0.47235134917274985,0.049806090323078055,0.3747314121395169,0.5699712862059828,sr_pds,sr_pds,"[('sq', 0, None), ('sq', 2, None)]",[],"[('sq', 0, None), ('sq', 2, None)]",[],"{('sq', 0, None): 5.007664835339538, ('sq', 2, None): 3.0703913702502965}",{},dgp2,sr_pds,Quadratic,SR-PDS,0.5
374,False,0.5767677409685595,0.20555022931481995,0.17388929151151244,0.9796461904256066,sr_pds,sr_pds,"[('sq', 0, None)]","[('int', 2, 44), ('int', 44, 45)]","[('sq', 0, None)]",[],"{('sq', 0, None): 4.72405673222412}",{},dgp2,sr_pds,Quadratic,SR-PDS,0.5
375,False,0.5143497220552561,0.18331757968235535,0.15504726587783962,0.8736521782326725,sr_pds,sr_pds,"[('sq', 0, None)]","[('int', 4, 6)]","[('sq', 0, None)]","[('int', 4, 6)]","{('sq', 0, None): 4.932467183337772}","{('int', 4, 6): 0.11791507744630403}",dgp2,sr_pds,Quadratic,SR-PDS,0.5
376,False,0.5221752617737367,0.19759413694873496,0.13489075335421624,0.9094597701932572,sr_pds,sr_pds,"[('sq', 0, None)]","[('int', 21, 42), ('int', 25, 42)]","[('sq', 0, None)]","[('int', 21, 42)]","{('sq', 0, None): 5.198402056010514}","{('int', 21, 42): -0.2728568453131524}",dgp2,sr_pds,Quadratic,SR-PDS,0.5
377,False,0.5894822134686653,0.17896512961252645,0.23871055942811342,0.9402538675092171,sr_pds,sr_pds,"[('sq', 0, None)]","[('int', 46, 48)]","[('sq', 0, None)]","[('int', 46, 48)]","{('sq', 0, None): 4.954837285704891}","{('int', 46, 48): 0.07762871935417903}",dgp2,sr_pds,Quadratic,SR-PDS,0.5
378,False,0.6357813038216981,0.18139218554181025,0.28025262015975,0.9913099874836462,sr_pds,sr_pds,"[('sq', 0, None)]","[('int', 34, 35)]","[('sq', 0, None)]","[('int', 34, 35)]","{('sq', 0, None): 4.906824698109914}","{('int', 34, 35): 0.49925035201936774}",dgp2,sr_pds,Quadratic,SR-PDS,0.5
379,False,0.4643429241334136,0.04748140491665959,0.3712793704967608,0.5574064777700665,sr_pds,sr_pds,"[('sq', 0, None), ('sq', 2, None)]","[('int', 20, 23), ('sq', 20, None)]","[('sq', 0, None), ('sq', 2, None)]","[('sq', 20, None)]","{('sq', 0, None): 4.952885058609384, ('sq', 2, None): 3.012166271245262}","{('sq', 20, None): -0.03133230302537087}",dgp2,sr_pds,Quadratic,SR-PDS,0.5
380,False,0.5227083814869903,0.05211530156948742,0.42056239041079496,0.6248543725631857,sr_pds,sr_pds,"[('sq', 0, None), ('sq', 2, None)]",[],"[('sq', 0, None), ('sq', 2, None)]",[],"{('sq', 0, None): 5.028534011108839, ('sq', 2, None): 3.0169853303840273}",{},dgp2,sr_pds,Quadratic,SR-PDS,0.5
381,False,0.5647358531749926,0.044634425786493084,0.4772523786334662,0.6522193277165191,sr_pds,sr_pds,"[('sq', 0, None), ('sq', 2, None)]",[],"[('sq', 0, None), ('sq', 2, None)]",[],"{('sq', 0, None): 4.994261646069156, ('sq', 2, None): 3.0183270681160494}",{},dgp2,sr_pds,Quadratic,SR-PDS,0.5
382,False,0.21345329576860603,0.2256532974997875,-0.22882716733097744,0.6557337588681895,sr_pds,sr_pds,"[('sq', 0, None)]",[],"[('sq', 0, None)]",[],"{('sq', 0, None): 4.689445125837357}",{},dgp2,sr_pds,Quadratic,SR-PDS,0.5
383,False,0.8951210244875843,0.15796156120459257,0.5855163645265828,1.2047256844485859,sr_pds,sr_pds,"[('sq', 0, None)]",[],"[('sq', 0, None)]",[],"{('sq', 0, None): 4.998316522903085}",{},dgp2,sr_pds,Quadratic,SR-PDS,0.5
384,False,0.654801056189994,0.1983761571210773,0.2659837882326824,1.0436183241473054,sr_pds,sr_pds,"[('sq', 0, None)]","[('int', 6, 39)]","[('sq', 0, None)]",[],"{('sq', 0, None): 5.074392444761887}",{},dgp2,sr_pds,Quadratic,SR-PDS,0.5
385,False,0.5104788375678846,0.041514436916550435,0.42911054121144576,0.5918471339243234,sr_pds,sr_pds,"[('sq', 0, None), ('sq', 2, None)]",[],"[('sq', 0, None), ('sq', 2, None)]",[],"{('sq', 0, None): 5.062804265842425, ('sq', 2, None): 2.98919091982875}",{},dgp2,sr_pds,Quadratic,SR-PDS,0.5
386,False,0.43283779335893224,0.04995276095726102,0.33493038188270063,0.5307452048351639,sr_pds,sr_pds,"[('sq', 0, None), ('sq', 2, None)]",[],"[('sq', 0, None), ('sq', 2, None)]",[],"{('sq', 0, None): 4.979942435642354, ('sq', 2, None): 3.0202362985115503}",{},dgp2,sr_pds,Quadratic,SR-PDS,0.5
387,False,0.5028556113661717,0.04965349271723174,0.40553476564039753,0.6001764570919459,sr_pds,sr_pds,"[('sq', 0, None), ('sq', 2, None)]","[('int', 8, 40)]","[('sq', 0, None), ('sq', 2, None)]",[],"{('sq', 0, None): 4.998408524951407, ('sq', 2, None): 3.003944124286974}",{},dgp2,sr_pds,Quadratic,SR-PDS,0.5
388,False,0.4720296186843917,0.04608498292131516,0.381703052158614,0.5623561852101694,sr_pds,sr_pds,"[('sq', 0, None), ('sq', 2, None)]",[],"[('sq', 0, None), ('sq', 2, None)]",[],"{('sq', 0, None): 4.9953815253362785, ('sq', 2, None): 2.9828830473450525}",{},dgp2,sr_pds,Quadratic,SR-PDS,0.5
389,False,0.4317911256911144,0.1780596874581529,0.0827941382731347,0.7807881131090941,sr_pds,sr_pds,"[('sq', 0, None)]",[],"[('sq', 0, None)]",[],"{('sq', 0, None): 5.148101114570861}",{},dgp2,sr_pds,Quadratic,SR-PDS,0.5
390,False,0.40237493863973794,0.17285054788239285,0.06358786479024797,0.741162012489228,sr_pds,sr_pds,"[('sq', 0, None)]","[('int', 18, 38)]","[('sq', 0, None)]",[],"{('sq', 0, None): 4.882450694698566}",{},dgp2,sr_pds,Quadratic,SR-PDS,0.5
391,False,0.5978502713212861,0.16279874768823105,0.27876472585235323,0.916935816790219,sr_pds,sr_pds,"[('sq', 0, None)]",[],"[('sq', 0, None)]",[],"{('sq', 0, None): 5.451756089364777}",{},dgp2,sr_pds,Quadratic,SR-PDS,0.5
392,False,0.3596795587428574,0.37855433555864887,-0.3822869389520944,1.1016460564378092,sr_pds,sr_pds,[],[],[],[],{},{},dgp2,sr_pds,Quadratic,SR-PDS,0.5
393,False,0.5014873224270329,0.042956057193825864,0.41729345032713416,0.5856811945269316,sr_pds,sr_pds,"[('sq', 0, None), ('sq', 2, None)]",[],"[('sq', 0, None), ('sq', 2, None)]",[],"{('sq', 0, None): 4.998081665718384, ('sq', 2, None): 3.0056120219873783}",{},dgp2,sr_pds,Quadratic,SR-PDS,0.5
394,False,0.4635986248801244,0.04625860810236485,0.3729317529994893,0.5542654967607594,sr_pds,sr_pds,"[('sq', 0, None), ('sq', 2, None)]","[('int', 36, 39), ('int', 39, 48)]","[('sq', 0, None), ('sq', 2, None)]",[],"{('sq', 0, None): 5.037973381022457, ('sq', 2, None): 3.0179841011033823}",{},dgp2,sr_pds,Quadratic,SR-PDS,0.5
395,False,0.5922572134417544,0.1847106983983949,0.2302242445809004,0.9542901823026084,sr_pds,sr_pds,"[('sq', 0, None)]","[('int', 9, 16)]","[('sq', 0, None)]","[('int', 9, 16)]","{('sq', 0, None): 5.115937580690719}","{('int', 9, 16): -0.18604209469207247}",dgp2,sr_pds,Quadratic,SR-PDS,0.5
396,False,0.5109831469683438,0.04322197607384926,0.4262680738635992,0.5956982200730884,sr_pds,sr_pds,"[('sq', 0, None), ('sq', 2, None)]",[],"[('sq', 0, None), ('sq', 2, None)]",[],"{('sq', 0, None): 4.945612568746261, ('sq', 2, None): 3.0139878202566854}",{},dgp2,sr_pds,Quadratic,SR-PDS,0.5
397,False,0.4303018175152046,0.16577423062929766,0.10538432548178117,0.7552193095486279,sr_pds,sr_pds,"[('sq', 0, None)]","[('int', 8, 41), ('int', 8, 44)]","[('sq', 0, None)]",[],"{('sq', 0, None): 4.997341689078104}",{},dgp2,sr_pds,Quadratic,SR-PDS,0.5
398,False,0.510392922577129,0.04401119901840446,0.42413097250105625,0.5966548726532017,sr_pds,sr_pds,"[('sq', 0, None), ('sq', 2, None)]","[('int', 12, 16), ('int', 16, 27)]","[('sq', 0, None), ('sq', 2, None)]",[],"{('sq', 0, None): 5.011537132733083, ('sq', 2, None): 3.0371073787266654}",{},dgp2,sr_pds,Quadratic,SR-PDS,0.5
399,False,0.5127414828383426,0.04786095152059771,0.41893401785797113,0.6065489478187142,sr_pds,sr_pds,"[('sq', 0, None), ('sq', 2, None)]","[('int', 7, 9), ('int', 7, 30)]","[('sq', 0, None), ('sq', 2, None)]",[],"{('sq', 0, None): 4.9838791947627366, ('sq', 2, None): 3.033680308224802}",{},dgp2,sr_pds,Quadratic,SR-PDS,0.5
400,False,0.43888158380712944,0.042345985456564914,0.3558834523122622,0.5218797153019967,sr_pds,sr_pds,"[('sq', 0, None), ('sq', 2, None)]","[('int', 7, 22), ('int', 12, 22), ('int', 14, 22)]","[('sq', 0, None), ('sq', 2, None)]",[],"{('sq', 0, None): 5.016482449837878, ('sq', 2, None): 3.0372784573419676}",{},dgp2,sr_pds,Quadratic,SR-PDS,0.5
401,False,0.48661477163620814,0.041890751088252236,0.40450889950323377,0.5687206437691825,sr_pds,sr_pds,"[('sq', 0, None), ('sq', 2, None)]",[],"[('sq', 0, None), ('sq', 2, None)]",[],"{('sq', 0, None): 5.01473581290571, ('sq', 2, None): 3.054669917059545}",{},dgp2,sr_pds,Quadratic,SR-PDS,0.5
402,False,0.7927863552244955,0.1801219284876678,0.4397473753886666,1.1458253350603242,sr_pds,sr_pds,"[('sq', 0, None)]",[],"[('sq', 0, None)]",[],"{('sq', 0, None): 4.906399504625238}",{},dgp2,sr_pds,Quadratic,SR-PDS,0.5
403,False,0.5324553608404107,0.14792707885856488,0.2425182862776235,0.8223924354031978,sr_pds,sr_pds,"[('sq', 0, None)]",[],"[('sq', 0, None)]",[],"{('sq', 0, None): 4.885183542327152}",{},dgp2,sr_pds,Quadratic,SR-PDS,0.5
404,False,0.3817047027882624,0.1902235377976317,0.008866568704904265,0.7545428368716205,sr_pds,sr_pds,"[('sq', 0, None)]",[],"[('sq', 0, None)]",[],"{('sq', 0, None): 5.031751701058593}",{},dgp2,sr_pds,Quadratic,SR-PDS,0.5
405,False,0.5363800114272803,0.20483184435650792,0.1349095964885248,0.9378504263660359,sr_pds,sr_pds,"[('sq', 0, None)]",[],"[('sq', 0, None)]",[],"{('sq', 0, None): 4.806980355503207}",{},dgp2,sr_pds,Quadratic,SR-PDS,0.5
406,False,0.11764467381994241,0.19261741674123714,-0.25988546299288234,0.4951748106327672,sr_pds,sr_pds,"[('sq', 0, None)]","[('int', 17, 42), ('int', 30, 42), ('int', 32, 42)]","[('sq', 0, None)]","[('int', 17, 42), ('int', 30, 42)]","{('sq', 0, None): 4.773295502619971}","{('int', 17, 42): -0.3231849503533004, ('int', 30, 42): -0.1517702877872474}",dgp2,sr_pds,Quadratic,SR-PDS,0.5
407,False,0.27840523294991226,0.18248540295422536,-0.07926615684036942,0.6360766227401939,sr_pds,sr_pds,"[('sq', 0, None)]","[('sq', 19, None)]","[('sq', 0, None)]","[('sq', 19, None)]","{('sq', 0, None): 5.01860164406878}","{('sq', 19, None): -0.03885432068106676}",dgp2,sr_pds,Quadratic,SR-PDS,0.5
408,False,0.521341796479,0.04574522233260692,0.43168116070709045,0.6110024322509096,sr_pds,sr_pds,"[('sq', 0, None), ('sq', 2, None)]",[],"[('sq', 0, None), ('sq', 2, None)]",[],"{('sq', 0, None): 5.0162362439277945, ('sq', 2, None): 3.033895402240305}",{},dgp2,sr_pds,Quadratic,SR-PDS,0.5
409,False,0.38812199483906246,0.166468991108253,0.06184277226688656,0.7144012174112384,sr_pds,sr_pds,"[('sq', 0, None)]",[],"[('sq', 0, None)]",[],"{('sq', 0, None): 4.820685045358467}",{},dgp2,sr_pds,Quadratic,SR-PDS,0.5
410,False,0.6627101847401861,0.42268463429255954,-0.16575169847323057,1.4911720679536027,sr_pds,sr_pds,[],"[('int', 23, 44), ('int', 44, 49)]",[],"[('int', 23, 44), ('int', 44, 49)]",{},"{('int', 23, 44): 0.7887372404454653, ('int', 44, 49): 0.40579007692388724}",dgp2,sr_pds,Quadratic,SR-PDS,0.5
411,False,0.762925438014886,0.2005352987275457,0.36987625250889644,1.1559746235208754,sr_pds,sr_pds,"[('sq', 0, None)]","[('int', 1, 23), ('int', 1, 36)]","[('sq', 0, None)]","[('int', 1, 23), ('int', 1, 36)]","{('sq', 0, None): 4.87105641487426}","{('int', 1, 23): 0.5433514887866787, ('int', 1, 36): 0.3851997720139582}",dgp2,sr_pds,Quadratic,SR-PDS,0.5
412,False,0.21373317362775712,0.168428573132135,-0.11638682971122744,0.5438531769667416,sr_pds,sr_pds,"[('sq', 0, None)]","[('int', 2, 7), ('int', 2, 29), ('int', 7, 29), ('int', 29, 48)]","[('sq', 0, None)]","[('int', 2, 29), ('int', 7, 29)]","{('sq', 0, None): 5.1584091085318775}","{('int', 2, 29): -0.6705334987394757, ('int', 7, 29): 0.20599695378343064}",dgp2,sr_pds,Quadratic,SR-PDS,0.5
413,False,0.8252704459270682,0.22136927957978433,0.39138665795069094,1.2591542339034456,sr_pds,sr_pds,"[('int', 3, 32), ('sq', 0, None)]",[],"[('int', 3, 32), ('sq', 0, None)]",[],"{('int', 3, 32): 0.30832172720158196, ('sq', 0, None): 5.208337966659696}",{},dgp2,sr_pds,Quadratic,SR-PDS,0.5
414,False,0.7235358570824175,0.37111930179810826,-0.0038579744418746342,1.4509296886067098,sr_pds,sr_pds,[],[],[],[],{},{},dgp2,sr_pds,Quadratic,SR-PDS,0.5
415,False,0.47005742948534834,0.1626855880483184,0.15119367691064428,0.7889211820600524,sr_pds,sr_pds,"[('sq', 0, None)]","[('int', 16, 27)]","[('sq', 0, None)]","[('int', 16, 27)]","{('sq', 0, None): 5.014595709156811}","{('int', 16, 27): 0.1304728724901486}",dgp2,sr_pds,Quadratic,SR-PDS,0.5
416,False,0.46737494103202726,0.05152618728662594,0.36638361395024044,0.5683662681138141,sr_pds,sr_pds,"[('sq', 0, None), ('sq', 2, None)]",[],"[('sq', 0, None), ('sq', 2, None)]",[],"{('sq', 0, None): 4.997637068051928, ('sq', 2, None): 2.9496432908308523}",{},dgp2,sr_pds,Quadratic,SR-PDS,0.5
417,False,0.3754030653678882,0.218006935362648,-0.05189052794290189,0.8026966586786783,sr_pds,sr_pds,"[('sq', 0, None)]","[('int', 1, 30)]","[('sq', 0, None)]","[('int', 1, 30)]","{('sq', 0, None): 5.083074168543756}","{('int', 1, 30): -0.34492253966632724}",dgp2,sr_pds,Quadratic,SR-PDS,0.5
418,False,0.516775832672527,0.049430471593546896,0.4198921083491751,0.6136595569958789,sr_pds,sr_pds,"[('sq', 0, None), ('sq', 2, None)]","[('int', 6, 35), ('int', 29, 35)]","[('sq', 0, None), ('sq', 2, None)]","[('int', 6, 35)]","{('sq', 0, None): 5.047964891010375, ('sq', 2, None): 3.023270359424773}","{('int', 6, 35): -0.12179362345483871}",dgp2,sr_pds,Quadratic,SR-PDS,0.5
419,False,0.5380639046042556,0.0443752357185034,0.4510884425959889,0.6250393666125222,sr_pds,sr_pds,"[('sq', 0, None), ('sq', 2, None)]",[],"[('sq', 0, None), ('sq', 2, None)]",[],"{('sq', 0, None): 5.000883316581419, ('sq', 2, None): 3.0048515337809367}",{},dgp2,sr_pds,Quadratic,SR-PDS,0.5
420,False,0.5018590923786594,0.2119437720156676,0.08644929922795092,0.917268885529368,sr_pds,sr_pds,"[('sq', 0, None)]","[('int', 1, 14), ('int', 14, 49)]","[('sq', 0, None)]",[],"{('sq', 0, None): 4.633726759570609}",{},dgp2,sr_pds,Quadratic,SR-PDS,0.5
421,False,0.4625009884851119,0.18286768224001843,0.10408033129467581,0.8209216456755479,sr_pds,sr_pds,"[('sq', 0, None)]","[('int', 0, 4), ('int', 4, 9)]","[('sq', 0, None)]","[('int', 4, 9)]","{('sq', 0, None): 5.005133459696562}","{('int', 4, 9): 0.29767742203681075}",dgp2,sr_pds,Quadratic,SR-PDS,0.5
422,False,0.47630516612898655,0.17762039972325097,0.12816918267141464,0.8244411495865585,sr_pds,sr_pds,"[('sq', 0, None)]","[('int', 18, 31)]","[('sq', 0, None)]",[],"{('sq', 0, None): 5.032881975199158}",{},dgp2,sr_pds,Quadratic,SR-PDS,0.5
423,False,0.47300749390365077,0.03843278778345511,0.39767922984807874,0.5483357579592227,sr_pds,sr_pds,"[('sq', 0, None), ('sq', 2, None)]","[('int', 7, 32), ('int', 31, 32)]","[('sq', 0, None), ('sq', 2, None)]",[],"{('sq', 0, None): 4.992372702972155, ('sq', 2, None): 3.039434258799627}",{},dgp2,sr_pds,Quadratic,SR-PDS,0.5
424,False,0.5157642437447987,0.04434508907306463,0.428847869161592,0.6026806183280053,sr_pds,sr_pds,"[('sq', 0, None), ('sq', 2, None)]","[('int', 3, 10), ('int', 3, 36)]","[('sq', 0, None), ('sq', 2, None)]",[],"{('sq', 0, None): 4.999938652985311, ('sq', 2, None): 2.995619244757316}",{},dgp2,sr_pds,Quadratic,SR-PDS,0.5
425,False,0.492814380128731,0.04775368759055891,0.39921715245123557,0.5864116078062265,sr_pds,sr_pds,"[('sq', 0, None), ('sq', 2, None)]","[('cubic', 10, 45), ('int', 10, 14), ('int', 10, 28), ('int', 14, 39), ('int', 28, 39)]","[('sq', 0, None), ('sq', 2, None)]","[('cubic', 10, 45)]","{('sq', 0, None): 4.988291579766143, ('sq', 2, None): 3.080453489469925}","{('cubic', 10, 45): -0.0019286745301693383}",dgp2,sr_pds,Quadratic,SR-PDS,0.5
426,False,0.17058836549161815,0.3667144403592654,-0.548171937612542,0.8893486685957783,sr_pds,sr_pds,[],"[('int', 11, 36), ('int', 36, 37)]",[],"[('int', 11, 36), ('int', 36, 37)]",{},"{('int', 11, 36): -0.29672404024956106, ('int', 36, 37): -0.20302203914605374}",dgp2,sr_pds,Quadratic,SR-PDS,0.5
427,False,0.518164846911439,0.04227724524506232,0.4353014462311169,0.6010282475917612,sr_pds,sr_pds,"[('sq', 0, None), ('sq', 2, None)]",[],"[('sq', 0, None), ('sq', 2, None)]",[],"{('sq', 0, None): 5.02275154851676, ('sq', 2, None): 2.988528244291742}",{},dgp2,sr_pds,Quadratic,SR-PDS,0.5
428,False,0.5058969715629448,0.04245741131313279,0.4226804453892045,0.5891134977366851,sr_pds,sr_pds,"[('sq', 0, None), ('sq', 2, None)]",[],"[('sq', 0, None), ('sq', 2, None)]",[],"{('sq', 0, None): 5.027499832057227, ('sq', 2, None): 3.0168945079131686}",{},dgp2,sr_pds,Quadratic,SR-PDS,0.5
429,False,0.44726706604184374,0.04562114475854344,0.3578496223150986,0.5366845097685888,sr_pds,sr_pds,"[('sq', 0, None), ('sq', 2, None)]","[('int', 7, 21)]","[('sq', 0, None), ('sq', 2, None)]","[('int', 7, 21)]","{('sq', 0, None): 4.993298385414375, ('sq', 2, None): 2.9900233377781467}","{('int', 7, 21): 0.03514147210162964}",dgp2,sr_pds,Quadratic,SR-PDS,0.5
430,False,0.11269549802963996,0.20793539620277765,-0.2948578785278042,0.5202488745870841,sr_pds,sr_pds,"[('cubic', 0, 1), ('sq', 0, None)]",[],"[('cubic', 0, 1), ('sq', 0, None)]",[],"{('cubic', 0, 1): -0.14449149037365852, ('sq', 0, None): 4.892641799006575}",{},dgp2,sr_pds,Quadratic,SR-PDS,0.5
431,False,0.5100079219455537,0.039574473486353956,0.4324419539122999,0.5875738899788074,sr_pds,sr_pds,"[('sq', 0, None), ('sq', 2, None)]",[],"[('sq', 0, None), ('sq', 2, None)]",[],"{('sq', 0, None): 5.013791433803099, ('sq', 2, None): 2.951074630007822}",{},dgp2,sr_pds,Quadratic,SR-PDS,0.5
432,False,0.4779317948222797,0.2444467346537242,-0.001183805099019719,0.9570473947435791,sr_pds,sr_pds,"[('cubic', 0, 1), ('sq', 0, None)]","[('int', 10, 37)]","[('sq', 0, None)]","[('int', 10, 37)]","{('sq', 0, None): 5.191499676395071}","{('int', 10, 37): -0.1917769935012768}",dgp2,sr_pds,Quadratic,SR-PDS,0.5
433,False,0.4680190577539901,0.04239323951895778,0.3849283082968329,0.5511098072111473,sr_pds,sr_pds,"[('sq', 0, None), ('sq', 2, None)]","[('int', 25, 38)]","[('sq', 0, None), ('sq', 2, None)]",[],"{('sq', 0, None): 4.9531129253745565, ('sq', 2, None): 2.998484713048606}",{},dgp2,sr_pds,Quadratic,SR-PDS,0.5
434,False,0.22843274013606188,0.4154965339937006,-0.5859404664915914,1.0428059467637152,sr_pds,sr_pds,[],"[('int', 7, 14)]",[],[],{},{},dgp2,sr_pds,Quadratic,SR-PDS,0.5
435,False,0.5384166483793444,0.043686771451391736,0.4527905763346166,0.6240427204240723,sr_pds,sr_pds,"[('sq', 0, None), ('sq', 2, None)]",[],"[('sq', 0, None), ('sq', 2, None)]",[],"{('sq', 0, None): 5.086963166712283, ('sq', 2, None): 2.994143344282122}",{},dgp2,sr_pds,Quadratic,SR-PDS,0.5
436,False,0.644517504523204,0.19297806501460296,0.2662804970945822,1.0227545119518258,sr_pds,sr_pds,"[('sq', 0, None)]","[('int', 8, 12), ('int', 8, 42)]","[('sq', 0, None)]","[('int', 8, 12), ('int', 8, 42)]","{('sq', 0, None): 5.025558503656627}","{('int', 8, 12): 0.3971520905008816, ('int', 8, 42): 0.08088491548883625}",dgp2,sr_pds,Quadratic,SR-PDS,0.5
437,False,0.3859494708500996,0.1651936308154844,0.062169954451750165,0.7097289872484491,sr_pds,sr_pds,"[('sq', 0, None)]",[],"[('sq', 0, None)]",[],"{('sq', 0, None): 4.813148201720565}",{},dgp2,sr_pds,Quadratic,SR-PDS,0.5
438,False,0.4384077340132149,0.19161425671762855,0.06284379084666297,0.8139716771797669,sr_pds,sr_pds,"[('sq', 0, None)]","[('int', 6, 12)]","[('sq', 0, None)]",[],"{('sq', 0, None): 4.91297538922261}",{},dgp2,sr_pds,Quadratic,SR-PDS,0.5
439,False,0.8006801029235818,0.2092084171593014,0.39063160529135105,1.2107286005558127,sr_pds,sr_pds,"[('sq', 0, None)]",[],"[('sq', 0, None)]",[],"{('sq', 0, None): 5.09953450383202}",{},dgp2,sr_pds,Quadratic,SR-PDS,0.5
440,False,0.49932933398367235,0.04652237831747245,0.40814547248142635,0.5905131954859184,sr_pds,sr_pds,"[('sq', 0, None), ('sq', 2, None)]",[],"[('sq', 0, None), ('sq', 2, None)]",[],"{('sq', 0, None): 4.9574089751577, ('sq', 2, None): 3.0191206141798372}",{},dgp2,sr_pds,Quadratic,SR-PDS,0.5
441,False,0.47589892382359406,0.042174106953127156,0.39323767419546485,0.5585601734517233,sr_pds,sr_pds,"[('sq', 0, None), ('sq', 2, None)]","[('int', 8, 9), ('int', 8, 26)]","[('sq', 0, None), ('sq', 2, None)]","[('int', 8, 26)]","{('sq', 0, None): 4.953462725441826, ('sq', 2, None): 2.978652927192937}","{('int', 8, 26): -0.021745670536292113}",dgp2,sr_pds,Quadratic,SR-PDS,0.5
442,False,0.51045655440636,0.0428354205528239,0.42649913012282514,0.5944139786898948,sr_pds,sr_pds,"[('sq', 0, None), ('sq', 2, None)]",[],"[('sq', 0, None), ('sq', 2, None)]",[],"{('sq', 0, None): 5.001417854700698, ('sq', 2, None): 3.0081896375804353}",{},dgp2,sr_pds,Quadratic,SR-PDS,0.5
443,False,0.5202084061128542,0.04328007956282291,0.43537945016972135,0.6050373620559871,sr_pds,sr_pds,"[('sq', 0, None), ('sq', 2, None)]","[('int', 9, 38)]","[('sq', 0, None), ('sq', 2, None)]",[],"{('sq', 0, None): 4.989820015503128, ('sq', 2, None): 3.0106300389744285}",{},dgp2,sr_pds,Quadratic,SR-PDS,0.5
444,False,0.4581092602347392,0.04807402624661268,0.3638841687913783,0.5523343516781001,sr_pds,sr_pds,"[('sq', 0, None), ('sq', 2, None)]","[('int', 13, 39), ('int', 34, 39), ('int', 37, 39)]","[('sq', 0, None), ('sq', 2, None)]",[],"{('sq', 0, None): 4.981334154877776, ('sq', 2, None): 2.9848986152436785}",{},dgp2,sr_pds,Quadratic,SR-PDS,0.5
445,False,0.6045729636301272,0.04185899199161361,0.5225293393265645,0.68661658793369,sr_pds,sr_pds,"[('sq', 0, None), ('sq', 2, None)]",[],"[('sq', 0, None), ('sq', 2, None)]",[],"{('sq', 0, None): 4.971977645755559, ('sq', 2, None): 2.989814308907295}",{},dgp2,sr_pds,Quadratic,SR-PDS,0.5
446,False,0.6183165587258241,0.2063502079231969,0.21387015119635827,1.02276296625529,sr_pds,sr_pds,"[('sq', 0, None)]","[('int', 4, 11), ('int', 11, 15), ('int', 11, 42)]","[('sq', 0, None)]","[('int', 4, 11), ('int', 11, 15)]","{('sq', 0, None): 4.965415306672915}","{('int', 4, 11): -0.31492576478154716, ('int', 11, 15): -0.5156292402335656}",dgp2,sr_pds,Quadratic,SR-PDS,0.5
447,False,0.6463863103265851,0.16286546368210947,0.3271700015096506,0.9656026191435196,sr_pds,sr_pds,"[('sq', 0, None)]",[],"[('sq', 0, None)]",[],"{('sq', 0, None): 5.250225054164902}",{},dgp2,sr_pds,Quadratic,SR-PDS,0.5
448,False,0.3225478610167703,0.18580593555017555,-0.04163177266157375,0.6867274946951143,sr_pds,sr_pds,"[('sq', 0, None)]","[('int', 34, 40)]","[('sq', 0, None)]",[],"{('sq', 0, None): 5.161327110121226}",{},dgp2,sr_pds,Quadratic,SR-PDS,0.5
449,False,0.6625935344726792,0.10610399466586082,0.454629704927592,0.8705573640177664,sr_pds,sr_pds,"[('sq', 0, None), ('sqrt', 2, None)]",[],"[('sq', 0, None), ('sqrt', 2, None)]",[],"{('sq', 0, None): 5.06876822169332, ('sqrt', 2, None): 9.935193325580151}",{},dgp2,sr_pds,Quadratic,SR-PDS,0.5
450,False,0.8193607247792554,0.31096001754560226,0.20987909038987496,1.4288423591686357,sr_pds,sr_pds,"[('sq', 2, None)]",[],"[('sq', 2, None)]",[],"{('sq', 2, None): 3.128192881032569}",{},dgp2,sr_pds,Quadratic,SR-PDS,0.5
451,False,0.5211985788322716,0.04522070294051539,0.43256600106886145,0.6098311565956818,sr_pds,sr_pds,"[('sq', 0, None), ('sq', 2, None)]",[],"[('sq', 0, None), ('sq', 2, None)]",[],"{('sq', 0, None): 4.990930844363073, ('sq', 2, None): 2.995766444306522}",{},dgp2,sr_pds,Quadratic,SR-PDS,0.5
452,False,0.5091466110802055,0.04562776927083194,0.41971618330937494,0.5985770388510361,sr_pds,sr_pds,"[('sq', 0, None), ('sq', 2, None)]",[],"[('sq', 0, None), ('sq', 2, None)]",[],"{('sq', 0, None): 5.02140083417477, ('sq', 2, None): 3.0250470114513113}",{},dgp2,sr_pds,Quadratic,SR-PDS,0.5
453,False,0.48358437600478016,0.04686799257350255,0.3917231105607152,0.5754456414488451,sr_pds,sr_pds,"[('sq', 0, None), ('sq', 2, None)]",[],"[('sq', 0, None), ('sq', 2, None)]",[],"{('sq', 0, None): 5.0733311464376545, ('sq', 2, None): 2.9689390533042284}",{},dgp2,sr_pds,Quadratic,SR-PDS,0.5
454,False,0.7308505517521661,0.2387239649689371,0.26295158041304934,1.1987495230912828,sr_pds,sr_pds,"[('sq', 0, None)]","[('int', 5, 6), ('int', 6, 38)]","[('sq', 0, None)]","[('int', 6, 38)]","{('sq', 0, None): 5.227368855824688}","{('int', 6, 38): 0.22688432955758864}",dgp2,sr_pds,Quadratic,SR-PDS,0.5
455,False,0.6195546577691576,0.19353769991156167,0.24022076594249675,0.9988885495958185,sr_pds,sr_pds,"[('sq', 0, None)]",[],"[('sq', 0, None)]",[],"{('sq', 0, None): 4.923251972818782}",{},dgp2,sr_pds,Quadratic,SR-PDS,0.5
456,False,0.49067297217774375,0.048007340031966425,0.3965785857150895,0.584767358640398,sr_pds,sr_pds,"[('sq', 0, None), ('sq', 2, None)]","[('int', 18, 31)]","[('sq', 0, None), ('sq', 2, None)]",[],"{('sq', 0, None): 5.000065071618661, ('sq', 2, None): 2.9593390855187414}",{},dgp2,sr_pds,Quadratic,SR-PDS,0.5
457,False,0.4481017598508027,0.18960126643828562,0.07648327763176288,0.8197202420698425,sr_pds,sr_pds,"[('sq', 0, None)]",[],"[('sq', 0, None)]",[],"{('sq', 0, None): 5.103656738899948}",{},dgp2,sr_pds,Quadratic,SR-PDS,0.5
458,False,0.4193265584123062,0.19060597443427854,0.04573884852112026,0.7929142683034922,sr_pds,sr_pds,"[('sq', 0, None)]",[],"[('sq', 0, None)]",[],"{('sq', 0, None): 5.058183707199706}",{},dgp2,sr_pds,Quadratic,SR-PDS,0.5
459,False,0.44269764307060644,0.041862122635085396,0.3606478827058391,0.5247474034353738,sr_pds,sr_pds,"[('sq', 0, None), ('sq', 2, None)]","[('int', 7, 24), ('int', 7, 25), ('int', 24, 25), ('sq', 7, None)]","[('sq', 0, None), ('sq', 2, None)]",[],"{('sq', 0, None): 5.017074464839741, ('sq', 2, None): 2.9967488171416923}",{},dgp2,sr_pds,Quadratic,SR-PDS,0.5
460,False,0.6598375356382424,0.2008628751252745,0.2661463003927044,1.0535287708837804,sr_pds,sr_pds,"[('sq', 0, None)]","[('int', 7, 12), ('int', 7, 18), ('int', 7, 30)]","[('sq', 0, None)]","[('int', 7, 12), ('int', 7, 18), ('int', 7, 30)]","{('sq', 0, None): 4.891106480317157}","{('int', 7, 12): 0.5326158577747527, ('int', 7, 18): -0.015269911715324123, ('int', 7, 30): -0.21284957460246684}",dgp2,sr_pds,Quadratic,SR-PDS,0.5
461,False,0.47545223845454726,0.047177749861938366,0.38298384872514807,0.5679206281839464,sr_pds,sr_pds,"[('sq', 0, None), ('sq', 2, None)]","[('int', 17, 49), ('int', 43, 49)]","[('sq', 0, None), ('sq', 2, None)]",[],"{('sq', 0, None): 5.013091071523126, ('sq', 2, None): 3.0383043995004244}",{},dgp2,sr_pds,Quadratic,SR-PDS,0.5
462,False,0.14339090803484883,0.20574547711044935,-0.2598702271016319,0.5466520431713295,sr_pds,sr_pds,"[('sq', 0, None)]",[],"[('sq', 0, None)]",[],"{('sq', 0, None): 5.056771482928248}",{},dgp2,sr_pds,Quadratic,SR-PDS,0.5
463,False,0.4983250619869309,0.04518851339944613,0.40975557572401644,0.5868945482498453,sr_pds,sr_pds,"[('sq', 0, None), ('sq', 2, None)]",[],"[('sq', 0, None), ('sq', 2, None)]",[],"{('sq', 0, None): 5.021611448998143, ('sq', 2, None): 3.0400647997619967}",{},dgp2,sr_pds,Quadratic,SR-PDS,0.5
464,False,0.04751810199981002,0.38037551375011946,-0.6980179049504242,0.7930541089500441,sr_pds,sr_pds,"[('sq', 2, None)]",[],"[('sq', 2, None)]",[],"{('sq', 2, None): 3.193271417073421}",{},dgp2,sr_pds,Quadratic,SR-PDS,0.5
465,False,0.5981253458646125,0.04549348359806483,0.5089581180124054,0.6872925737168196,sr_pds,sr_pds,"[('sq', 0, None), ('sq', 2, None)]",[],"[('sq', 0, None), ('sq', 2, None)]",[],"{('sq', 0, None): 5.034794600482907, ('sq', 2, None): 2.9626552737464142}",{},dgp2,sr_pds,Quadratic,SR-PDS,0.5
466,False,0.53344560207543,0.04474225245638564,0.44575078726091416,0.6211404168899459,sr_pds,sr_pds,"[('sq', 0, None), ('sq', 2, None)]","[('cubic', 42, 36), ('cubic', 42, 38), ('cubic', 42, 44)]","[('sq', 0, None), ('sq', 2, None)]","[('cubic', 42, 36), ('cubic', 42, 38), ('cubic', 42, 44)]","{('sq', 0, None): 5.0724202749072616, ('sq', 2, None): 2.976031403658873}","{('cubic', 42, 36): -0.016264904201411565, ('cubic', 42, 38): 0.05434147137165479, ('cubic', 42, 44): 0.03144402115635537}",dgp2,sr_pds,Quadratic,SR-PDS,0.5
467,False,0.4749550935294225,0.04505515884899316,0.3866469821853959,0.563263204873449,sr_pds,sr_pds,"[('sq', 0, None), ('sq', 2, None)]","[('int', 3, 42)]","[('sq', 0, None), ('sq', 2, None)]",[],"{('sq', 0, None): 4.937792912167542, ('sq', 2, None): 3.013947826068486}",{},dgp2,sr_pds,Quadratic,SR-PDS,0.5
468,False,0.5169646241913491,0.04420663981606349,0.4303196101518647,0.6036096382308336,sr_pds,sr_pds,"[('sq', 0, None), ('sq', 2, None)]",[],"[('sq', 0, None), ('sq', 2, None)]",[],"{('sq', 0, None): 5.0069725262639695, ('sq', 2, None): 3.0080445409927807}",{},dgp2,sr_pds,Quadratic,SR-PDS,0.5
469,False,0.5548614751028352,0.20683168227171492,0.14947137785027398,0.9602515723553965,sr_pds,sr_pds,"[('sq', 0, None)]",[],"[('sq', 0, None)]",[],"{('sq', 0, None): 4.911140645733191}",{},dgp2,sr_pds,Quadratic,SR-PDS,0.5
470,False,0.5150626278433896,0.04126116623073498,0.43419074203114905,0.5959345136556302,sr_pds,sr_pds,"[('sq', 0, None), ('sq', 2, None)]",[],"[('sq', 0, None), ('sq', 2, None)]",[],"{('sq', 0, None): 5.031767605488665, ('sq', 2, None): 2.989748442397631}",{},dgp2,sr_pds,Quadratic,SR-PDS,0.5
471,False,0.5856408248165133,0.20874622638080942,0.1764982211101268,0.9947834285228997,sr_pds,sr_pds,"[('sq', 0, None)]","[('int', 0, 23), ('int', 18, 22), ('int', 18, 34), ('int', 22, 42), ('int', 34, 42)]","[('sq', 0, None)]","[('int', 0, 23), ('int', 18, 22), ('int', 18, 34), ('int', 34, 42)]","{('sq', 0, None): 4.804036118030966}","{('int', 0, 23): 0.21268766894037058, ('int', 18, 22): 0.3061535953952104, ('int', 18, 34): -0.13869970070165988, ('int', 34, 42): -0.49607841750860665}",dgp2,sr_pds,Quadratic,SR-PDS,0.5
472,False,0.47006364922147126,0.042056972938512766,0.38763198226198625,0.5524953161809563,sr_pds,sr_pds,"[('sq', 0, None), ('sq', 2, None)]","[('int', 11, 34)]","[('sq', 0, None), ('sq', 2, None)]","[('int', 11, 34)]","{('sq', 0, None): 5.0109927211250485, ('sq', 2, None): 2.9189184275002815}","{('int', 11, 34): -0.027354020619736515}",dgp2,sr_pds,Quadratic,SR-PDS,0.5
473,False,0.5866087265864132,0.04424896680862529,0.4998807516415076,0.6733367015313187,sr_pds,sr_pds,"[('sq', 0, None), ('sq', 2, None)]",[],"[('sq', 0, None), ('sq', 2, None)]",[],"{('sq', 0, None): 5.015978346331643, ('sq', 2, None): 3.0437982477684}",{},dgp2,sr_pds,Quadratic,SR-PDS,0.5
474,False,0.44170449388764305,0.17566675243044655,0.0973976591239678,0.7860113286513183,sr_pds,sr_pds,"[('sq', 0, None)]","[('int', 2, 46)]","[('sq', 0, None)]","[('int', 2, 46)]","{('sq', 0, None): 5.0007388194124704}","{('int', 2, 46): -0.22259825959919838}",dgp2,sr_pds,Quadratic,SR-PDS,0.5
475,False,0.5443396470459507,0.0458676496975452,0.45443905363876214,0.6342402404531393,sr_pds,sr_pds,"[('sq', 0, None), ('sq', 2, None)]",[],"[('sq', 0, None), ('sq', 2, None)]",[],"{('sq', 0, None): 4.976505390616037, ('sq', 2, None): 3.0167007553008163}",{},dgp2,sr_pds,Quadratic,SR-PDS,0.5
476,False,0.8201108845481646,0.20818442702219223,0.41206940758466787,1.2281523615116614,sr_pds,sr_pds,"[('sq', 0, None)]","[('int', 18, 45)]","[('sq', 0, None)]","[('int', 18, 45)]","{('sq', 0, None): 4.875284414772587}","{('int', 18, 45): 0.1397912920995099}",dgp2,sr_pds,Quadratic,SR-PDS,0.5
477,False,0.5913351246143738,0.18713604968706382,0.2245484672277287,0.9581217820010188,sr_pds,sr_pds,"[('sq', 0, None)]","[('int', 5, 10), ('int', 5, 43)]","[('sq', 0, None)]",[],"{('sq', 0, None): 4.999015957109193}",{},dgp2,sr_pds,Quadratic,SR-PDS,0.5
478,False,0.5087544586101628,0.040885045378262784,0.4286197696687677,0.5888891475515579,sr_pds,sr_pds,"[('sq', 0, None), ('sq', 2, None)]","[('int', 1, 46), ('int', 45, 46)]","[('sq', 0, None), ('sq', 2, None)]",[],"{('sq', 0, None): 4.972301083485683, ('sq', 2, None): 2.9979955427301817}",{},dgp2,sr_pds,Quadratic,SR-PDS,0.5
479,False,0.5267353055588376,0.04762256322957212,0.4333950816288763,0.620075529488799,sr_pds,sr_pds,"[('sq', 0, None), ('sq', 2, None)]","[('int', 6, 13), ('int', 6, 22), ('int', 6, 35)]","[('sq', 0, None), ('sq', 2, None)]",[],"{('sq', 0, None): 4.994612939014873, ('sq', 2, None): 2.961247652861895}",{},dgp2,sr_pds,Quadratic,SR-PDS,0.5
480,False,0.46513874881693207,0.19143618378235727,0.08992382860351184,0.8403536690303524,sr_pds,sr_pds,"[('sq', 0, None)]","[('int', 19, 22)]","[('sq', 0, None)]",[],"{('sq', 0, None): 5.17355001942444}",{},dgp2,sr_pds,Quadratic,SR-PDS,0.5
481,False,0.3674880051920983,0.16609353468361,0.041944677212222725,0.6930313331719739,sr_pds,sr_pds,"[('sq', 0, None)]","[('int', 32, 38)]","[('sq', 0, None)]",[],"{('sq', 0, None): 4.962543606333938}",{},dgp2,sr_pds,Quadratic,SR-PDS,0.5
482,False,0.5204012228099352,0.04769935243070236,0.42691049204575854,0.6138919535741119,sr_pds,sr_pds,"[('sq', 0, None), ('sq', 2, None)]","[('int', 0, 28)]","[('sq', 0, None), ('sq', 2, None)]",[],"{('sq', 0, None): 5.03003396352253, ('sq', 2, None): 3.0078431762417}",{},dgp2,sr_pds,Quadratic,SR-PDS,0.5
483,False,0.4414891090704076,0.040952713348493854,0.3612217909073597,0.5217564272334556,sr_pds,sr_pds,"[('sq', 0, None), ('sq', 2, None)]",[],"[('sq', 0, None), ('sq', 2, None)]",[],"{('sq', 0, None): 5.043562166655523, ('sq', 2, None): 2.954578790741148}",{},dgp2,sr_pds,Quadratic,SR-PDS,0.5
484,False,0.45027759792379035,0.04411145244899945,0.3638191511237514,0.5367360447238293,sr_pds,sr_pds,"[('sq', 0, None), ('sq', 2, None)]","[('int', 1, 37), ('int', 29, 37)]","[('sq', 0, None), ('sq', 2, None)]","[('int', 29, 37)]","{('sq', 0, None): 4.949282234793486, ('sq', 2, None): 2.9644848301973643}","{('int', 29, 37): -0.00809144786230684}",dgp2,sr_pds,Quadratic,SR-PDS,0.5
485,False,0.6293994136068338,0.3413017965925207,-0.03955210771450668,1.2983509349281743,sr_pds,sr_pds,[],"[('int', 27, 33)]",[],[],{},{},dgp2,sr_pds,Quadratic,SR-PDS,0.5
486,False,0.5113689383595091,0.17832622123195835,0.1618495447448708,0.8608883319741475,sr_pds,sr_pds,"[('sq', 0, None)]",[],"[('sq', 0, None)]",[],"{('sq', 0, None): 5.246837785758676}",{},dgp2,sr_pds,Quadratic,SR-PDS,0.5
487,False,0.52762413811051,0.19018466885783367,0.154862187149156,0.900386089071864,sr_pds,sr_pds,"[('sq', 0, None)]","[('cubic', 35, 10), ('cubic', 35, 11), ('cubic', 35, 23), ('int', 10, 35), ('int', 11, 35), ('int', 23, 35)]","[('sq', 0, None)]","[('cubic', 35, 10), ('cubic', 35, 11), ('cubic', 35, 23), ('int', 10, 35)]","{('sq', 0, None): 5.163290005212188}","{('cubic', 35, 10): -0.031363537202750015, ('cubic', 35, 11): 0.02510190566725498, ('cubic', 35, 23): 0.142668656136437, ('int', 10, 35): 0.0946802994302052}",dgp2,sr_pds,Quadratic,SR-PDS,0.5
488,False,0.4689148411392523,0.0494176053864725,0.3720563345817662,0.5657733476967384,sr_pds,sr_pds,"[('sq', 0, None), ('sq', 2, None)]",[],"[('sq', 0, None), ('sq', 2, None)]",[],"{('sq', 0, None): 5.032309951171853, ('sq', 2, None): 2.9828146479725777}",{},dgp2,sr_pds,Quadratic,SR-PDS,0.5
489,False,0.48622280755536057,0.04364742877834064,0.4006738471498129,0.5717717679609082,sr_pds,sr_pds,"[('sq', 0, None), ('sq', 2, None)]",[],"[('sq', 0, None), ('sq', 2, None)]",[],"{('sq', 0, None): 4.976269705069676, ('sq', 2, None): 2.9644318640584486}",{},dgp2,sr_pds,Quadratic,SR-PDS,0.5
490,False,0.5105051101214316,0.04567920714977662,0.42097386410786947,0.6000363561349938,sr_pds,sr_pds,"[('sq', 0, None), ('sq', 2, None)]","[('int', 10, 12), ('int', 12, 32)]","[('sq', 0, None), ('sq', 2, None)]",[],"{('sq', 0, None): 4.965615028841488, ('sq', 2, None): 2.918778468996951}",{},dgp2,sr_pds,Quadratic,SR-PDS,0.5
491,False,0.6745003349247827,0.19994548067821946,0.28260719279547253,1.0663934770540928,sr_pds,sr_pds,"[('sq', 0, None)]","[('int', 31, 39)]","[('sq', 0, None)]","[('int', 31, 39)]","{('sq', 0, None): 4.872450193687295}","{('int', 31, 39): 0.18529402729624353}",dgp2,sr_pds,Quadratic,SR-PDS,0.5
492,False,0.3520814116771964,0.16441809181777156,0.029821951714364192,0.6743408716400286,sr_pds,sr_pds,"[('sq', 0, None)]","[('cubic', 43, 2), ('int', 2, 10), ('int', 2, 43)]","[('sq', 0, None)]","[('cubic', 43, 2), ('int', 2, 43)]","{('sq', 0, None): 5.063006446965831}","{('cubic', 43, 2): 0.26871433607849504, ('int', 2, 43): 0.8310932534316584}",dgp2,sr_pds,Quadratic,SR-PDS,0.5
493,False,0.5482811001469553,0.044212633828376,0.46162433784333834,0.6349378624505723,sr_pds,sr_pds,"[('sq', 0, None), ('sq', 2, None)]",[],"[('sq', 0, None), ('sq', 2, None)]",[],"{('sq', 0, None): 4.999211704040843, ('sq', 2, None): 3.0272688350106134}",{},dgp2,sr_pds,Quadratic,SR-PDS,0.5
494,False,0.5414012791575677,0.0481709200955592,0.4469862757702717,0.6358162825448638,sr_pds,sr_pds,"[('sq', 0, None), ('sq', 2, None)]","[('int', 16, 27), ('int', 16, 28)]","[('sq', 0, None), ('sq', 2, None)]",[],"{('sq', 0, None): 5.062771148382939, ('sq', 2, None): 2.9502488175950754}",{},dgp2,sr_pds,Quadratic,SR-PDS,0.5
495,False,0.5473558968715587,0.16077142131370106,0.23224391109670467,0.8624678826464127,sr_pds,sr_pds,"[('sq', 0, None)]","[('int', 6, 18)]","[('sq', 0, None)]","[('int', 6, 18)]","{('sq', 0, None): 4.830625227507367}","{('int', 6, 18): 0.02636392117689037}",dgp2,sr_pds,Quadratic,SR-PDS,0.5
496,False,0.6070257446368227,0.1985411980100713,0.21788499653708293,0.9961664927365624,sr_pds,sr_pds,"[('cubic', 0, 1), ('sq', 0, None)]",[],"[('cubic', 0, 1), ('sq', 0, None)]",[],"{('cubic', 0, 1): -0.08852999530881474, ('sq', 0, None): 4.897489395246717}",{},dgp2,sr_pds,Quadratic,SR-PDS,0.5
497,False,0.462061764348772,0.045343536798862175,0.37318843222300213,0.5509350964745419,sr_pds,sr_pds,"[('sq', 0, None), ('sq', 2, None)]","[('int', 0, 32)]","[('sq', 0, None), ('sq', 2, None)]",[],"{('sq', 0, None): 5.03610855463804, ('sq', 2, None): 3.0098955094637723}",{},dgp2,sr_pds,Quadratic,SR-PDS,0.5
498,False,0.2434896214467485,0.1746997956270605,-0.0989219779822901,0.5859012208757871,sr_pds,sr_pds,"[('sq', 0, None)]","[('int', 20, 24), ('int', 20, 35)]","[('sq', 0, None)]","[('int', 20, 24)]","{('sq', 0, None): 4.804875093861283}","{('int', 20, 24): -0.27293259939797176}",dgp2,sr_pds,Quadratic,SR-PDS,0.5
499,False,0.5185546263323296,0.04154130715443198,0.43713366430964296,0.5999755883550163,sr_pds,sr_pds,"[('sq', 0, None), ('sq', 2, None)]","[('int', 3, 15)]","[('sq', 0, None), ('sq', 2, None)]",[],"{('sq', 0, None): 4.99104779544422, ('sq', 2, None): 2.989067357142193}",{},dgp2,sr_pds,Quadratic,SR-PDS,0.5
