seed,failed,beta_hat,se,ci_low,ci_high,sr_pds_variant,epds_variant,pre_lasso_terms_y,pre_lasso_terms_d,post_lasso_terms_y,post_lasso_terms_d,term_coefs_y,term_coefs_d,dgp,estimator,dgp_label,est_label,beta0
0,False,0.49725367926232844,0.04986789459402009,0.39951260585804904,0.5949947526666078,sr_pds,sr_pds,"[('int', 0, 1), ('int', 3, 4)]","[('int', 7, 43)]","[('int', 0, 1), ('int', 3, 4)]",[],"{('int', 0, 1): 4.97330517118047, ('int', 3, 4): 2.9401040056859253}",{},dgp3,sr_pds,Interactions,SR-PDS,0.5
1,False,0.2616918784497021,0.14547434774285864,-0.023437843126300817,0.546821600025705,sr_pds,sr_pds,"[('int', 0, 1)]",[],"[('int', 0, 1)]",[],"{('int', 0, 1): 4.646652227933805}",{},dgp3,sr_pds,Interactions,SR-PDS,0.5
2,False,0.45629260958926127,0.17119939260032166,0.1207418000926308,0.7918434190858917,sr_pds,sr_pds,"[('int', 0, 1)]","[('int', 1, 36), ('int', 13, 36), ('int', 30, 36)]","[('int', 0, 1)]",[],"{('int', 0, 1): 4.8491421915080135}",{},dgp3,sr_pds,Interactions,SR-PDS,0.5
3,False,0.36156778043890075,0.3279587926949602,-0.28123145324322124,1.0043670141210228,sr_pds,sr_pds,[],[],[],[],{},{},dgp3,sr_pds,Interactions,SR-PDS,0.5
4,False,0.5524528207965528,0.04522178988298244,0.4638181126259072,0.6410875289671983,sr_pds,sr_pds,"[('int', 0, 1), ('int', 3, 4)]",[],"[('int', 0, 1), ('int', 3, 4)]",[],"{('int', 0, 1): 4.94840854723219, ('int', 3, 4): 2.9290839918797755}",{},dgp3,sr_pds,Interactions,SR-PDS,0.5
5,False,0.5550582386297777,0.14233154477077403,0.27608841087906055,0.8340280663804948,sr_pds,sr_pds,"[('int', 0, 1)]",[],"[('int', 0, 1)]",[],"{('int', 0, 1): 5.0407428619825145}",{},dgp3,sr_pds,Interactions,SR-PDS,0.5
6,False,0.6543912483607961,0.21090201929221586,0.241023290548053,1.0677592061735393,sr_pds,sr_pds,"[('int', 3, 4)]","[('int', 6, 32), ('int', 27, 32), ('int', 32, 38)]","[('int', 3, 4)]",[],"{('int', 3, 4): 3.0318442411048787}",{},dgp3,sr_pds,Interactions,SR-PDS,0.5
7,False,0.5502080598682294,0.04725218621859102,0.457593774879791,0.6428223448566678,sr_pds,sr_pds,"[('int', 0, 1), ('int', 3, 4)]",[],"[('int', 0, 1), ('int', 3, 4)]",[],"{('int', 0, 1): 4.951540205979906, ('int', 3, 4): 2.988003105314987}",{},dgp3,sr_pds,Interactions,SR-PDS,0.5
8,False,0.6574204914682483,0.1353573045319765,0.3921201745855744,0.9227208083509222,sr_pds,sr_pds,"[('int', 0, 1)]",[],"[('int', 0, 1)]",[],"{('int', 0, 1): 4.629669886574701}",{},dgp3,sr_pds,Interactions,SR-PDS,0.5
9,False,0.5411983631198641,0.14045486807024085,0.2659068217021921,0.8164899045375362,sr_pds,sr_pds,"[('int', 0, 1)]",[],"[('int', 0, 1)]",[],"{('int', 0, 1): 5.152596566346588}",{},dgp3,sr_pds,Interactions,SR-PDS,0.5
10,False,0.4797075204482034,0.12383514646244427,0.23699063338181264,0.7224244075145942,sr_pds,sr_pds,"[('int', 0, 1)]","[('cubic', 43, 7), ('cubic', 43, 27), ('int', 2, 7), ('int', 2, 27), ('int', 2, 43), ('int', 7, 18), ('int', 7, 24), ('int', 7, 43), ('int', 18, 27), ('int', 18, 43), ('int', 24, 27), ('int', 27, 43), ('sq', 43, None)]","[('int', 0, 1)]","[('cubic', 43, 27), ('int', 2, 7), ('int', 27, 43)]","{('int', 0, 1): 5.215139679577813}","{('cubic', 43, 27): 0.13985083626997488, ('int', 2, 7): -0.23501966335037688, ('int', 27, 43): 0.22861943788411151}",dgp3,sr_pds,Interactions,SR-PDS,0.5
11,False,0.4841312836508822,0.17379697032156144,0.1434892218206218,0.8247733454811426,sr_pds,sr_pds,"[('int', 0, 1)]",[],"[('int', 0, 1)]",[],"{('int', 0, 1): 4.879847657649334}",{},dgp3,sr_pds,Interactions,SR-PDS,0.5
12,False,0.3042228939350039,0.12490388001968532,0.05941128909642068,0.5490344987735871,sr_pds,sr_pds,"[('int', 0, 1)]","[('int', 14, 37), ('int', 37, 46)]","[('int', 0, 1)]",[],"{('int', 0, 1): 4.952583125904028}",{},dgp3,sr_pds,Interactions,SR-PDS,0.5
13,False,0.5056770897195882,0.12842024778865857,0.25397340405381746,0.757380775385359,sr_pds,sr_pds,"[('int', 0, 1)]",[],"[('int', 0, 1)]",[],"{('int', 0, 1): 4.854812540275276}",{},dgp3,sr_pds,Interactions,SR-PDS,0.5
14,False,0.7427988700669679,0.1347668545061464,0.47865583523492095,1.0069419048990147,sr_pds,sr_pds,"[('int', 0, 1)]",[],"[('int', 0, 1)]",[],"{('int', 0, 1): 5.115379464132063}",{},dgp3,sr_pds,Interactions,SR-PDS,0.5
15,False,0.4293828081742327,0.04247941281979218,0.34612315904744,0.5126424573010253,sr_pds,sr_pds,"[('int', 0, 1), ('int', 3, 4)]","[('int', 30, 42)]","[('int', 0, 1), ('int', 3, 4)]","[('int', 30, 42)]","{('int', 0, 1): 5.032763220276048, ('int', 3, 4): 2.931407900404931}","{('int', 30, 42): -0.0419338772151703}",dgp3,sr_pds,Interactions,SR-PDS,0.5
16,False,0.7734491352917306,0.14438416934654255,0.49045616337250725,1.056442107210954,sr_pds,sr_pds,"[('int', 0, 1)]","[('int', 31, 36)]","[('int', 0, 1)]",[],"{('int', 0, 1): 4.984674824357775}",{},dgp3,sr_pds,Interactions,SR-PDS,0.5
17,False,0.6559816310466083,0.15346168000244792,0.3551967382418104,0.9567665238514063,sr_pds,sr_pds,"[('int', 0, 1)]","[('int', 34, 36), ('int', 34, 45), ('sq', 34, None)]","[('int', 0, 1)]","[('sq', 34, None)]","{('int', 0, 1): 5.113703579126515}","{('sq', 34, None): 0.036005956907556154}",dgp3,sr_pds,Interactions,SR-PDS,0.5
18,False,0.35796212795184457,0.15864303083998732,0.047021787505469426,0.6689024683982197,sr_pds,sr_pds,"[('int', 0, 1)]","[('int', 7, 30), ('int', 30, 32)]","[('int', 0, 1)]",[],"{('int', 0, 1): 4.818709474979115}",{},dgp3,sr_pds,Interactions,SR-PDS,0.5
19,False,0.39001657558380354,0.1798499777742295,0.037510619146313706,0.7425225320212934,sr_pds,sr_pds,"[('int', 3, 4)]",[],"[('int', 3, 4)]",[],"{('int', 3, 4): 3.0203180089289283}",{},dgp3,sr_pds,Interactions,SR-PDS,0.5
20,False,0.7089824489369666,0.1256987234543334,0.46261295096647315,0.9553519469074601,sr_pds,sr_pds,"[('int', 0, 1)]",[],"[('int', 0, 1)]",[],"{('int', 0, 1): 4.9305082372786835}",{},dgp3,sr_pds,Interactions,SR-PDS,0.5
21,False,0.4044786522123293,0.12379135624711052,0.1618475939679927,0.6471097104566659,sr_pds,sr_pds,"[('int', 0, 1)]","[('int', 3, 16), ('int', 16, 43)]","[('int', 0, 1)]",[],"{('int', 0, 1): 5.029728976864888}",{},dgp3,sr_pds,Interactions,SR-PDS,0.5
22,False,0.40445998755025087,0.12093926522136825,0.1674190277163691,0.6415009473841327,sr_pds,sr_pds,"[('int', 0, 1)]","[('int', 1, 35), ('int', 15, 35)]","[('int', 0, 1)]",[],"{('int', 0, 1): 4.920417737828896}",{},dgp3,sr_pds,Interactions,SR-PDS,0.5
23,False,0.6723752076278848,0.1281514021484094,0.4211984594170024,0.9235519558387673,sr_pds,sr_pds,"[('int', 0, 1)]","[('int', 29, 30)]","[('int', 0, 1)]","[('int', 29, 30)]","{('int', 0, 1): 4.9127367084706375}","{('int', 29, 30): -0.05054206692925656}",dgp3,sr_pds,Interactions,SR-PDS,0.5
24,False,0.5085995449825673,0.15762213777232886,0.19966015494880274,0.8175389350163319,sr_pds,sr_pds,"[('int', 0, 1)]","[('int', 14, 31), ('int', 20, 31), ('sq', 31, None)]","[('int', 0, 1)]","[('sq', 31, None)]","{('int', 0, 1): 5.217178477480382}","{('sq', 31, None): 0.19788485374469456}",dgp3,sr_pds,Interactions,SR-PDS,0.5
25,False,0.5728623503582595,0.1316898194831867,0.3147503041712136,0.8309743965453054,sr_pds,sr_pds,"[('int', 0, 1)]",[],"[('int', 0, 1)]",[],"{('int', 0, 1): 4.786491287067818}",{},dgp3,sr_pds,Interactions,SR-PDS,0.5
26,False,0.5223002221262333,0.04860039436917009,0.4270434491626599,0.6175569950898067,sr_pds,sr_pds,"[('int', 0, 1), ('int', 3, 4)]","[('int', 4, 6)]","[('int', 0, 1), ('int', 3, 4)]","[('int', 4, 6)]","{('int', 0, 1): 5.009540518019272, ('int', 3, 4): 2.966966670347702}","{('int', 4, 6): 0.03880406415572793}",dgp3,sr_pds,Interactions,SR-PDS,0.5
27,False,0.39007757251012104,0.15928364211582235,0.07788163396310921,0.7022735110571329,sr_pds,sr_pds,"[('int', 0, 1)]","[('int', 2, 17)]","[('int', 0, 1)]",[],"{('int', 0, 1): 5.098338290657803}",{},dgp3,sr_pds,Interactions,SR-PDS,0.5
28,False,0.5573439290062528,0.04473995038795907,0.46965362624585305,0.6450342317666526,sr_pds,sr_pds,"[('int', 0, 1), ('int', 3, 4)]",[],"[('int', 0, 1), ('int', 3, 4)]",[],"{('int', 0, 1): 5.004074265187783, ('int', 3, 4): 2.971678752762749}",{},dgp3,sr_pds,Interactions,SR-PDS,0.5
29,False,0.5434784738680242,0.03948326733961135,0.4660912698823859,0.6208656778536624,sr_pds,sr_pds,"[('int', 0, 1), ('int', 3, 4)]","[('int', 0, 16)]","[('int', 0, 1), ('int', 3, 4)]",[],"{('int', 0, 1): 4.977693945270031, ('int', 3, 4): 2.9660701492831447}",{},dgp3,sr_pds,Interactions,SR-PDS,0.5
30,False,0.44103508651428264,0.25423749947008045,-0.057270412447075036,0.9393405854756403,sr_pds,sr_pds,[],"[('int', 11, 33)]",[],"[('int', 11, 33)]",{},"{('int', 11, 33): 0.3226880242188405}",dgp3,sr_pds,Interactions,SR-PDS,0.5
31,False,0.39173568559348226,0.042223465157605014,0.3089776938845764,0.4744936773023881,sr_pds,sr_pds,"[('int', 0, 1), ('int', 3, 4)]",[],"[('int', 0, 1), ('int', 3, 4)]",[],"{('int', 0, 1): 4.995972683875918, ('int', 3, 4): 3.009963029350548}",{},dgp3,sr_pds,Interactions,SR-PDS,0.5
32,False,0.3985253701666166,0.042533605099221425,0.3151595041721426,0.4818912361610906,sr_pds,sr_pds,"[('int', 0, 1), ('int', 3, 4)]",[],"[('int', 0, 1), ('int', 3, 4)]",[],"{('int', 0, 1): 5.009376822198038, ('int', 3, 4): 2.983454357618834}",{},dgp3,sr_pds,Interactions,SR-PDS,0.5
33,False,0.5196860576517757,0.29924643936222745,-0.06683696349819013,1.1062090788017414,sr_pds,sr_pds,[],[],[],[],{},{},dgp3,sr_pds,Interactions,SR-PDS,0.5
34,False,0.4935746979804201,0.04407100642801012,0.40719552538152026,0.5799538705793199,sr_pds,sr_pds,"[('int', 0, 1), ('int', 3, 4)]",[],"[('int', 0, 1), ('int', 3, 4)]",[],"{('int', 0, 1): 4.967161397944094, ('int', 3, 4): 2.9748956315598503}",{},dgp3,sr_pds,Interactions,SR-PDS,0.5
35,False,0.3197443275315198,0.13732565641949582,0.05058604094930802,0.5889026141137317,sr_pds,sr_pds,"[('int', 0, 1)]",[],"[('int', 0, 1)]",[],"{('int', 0, 1): 4.986230974410036}",{},dgp3,sr_pds,Interactions,SR-PDS,0.5
36,False,0.5137208441044531,0.1750156325359695,0.17069020433395288,0.8567514838749533,sr_pds,sr_pds,"[('int', 0, 1)]","[('cubic', 44, 3), ('cubic', 44, 31)]","[('int', 0, 1)]","[('cubic', 44, 3), ('cubic', 44, 31)]","{('int', 0, 1): 4.907600279910859}","{('cubic', 44, 3): 0.06718064431269348, ('cubic', 44, 31): -0.04445748789406504}",dgp3,sr_pds,Interactions,SR-PDS,0.5
37,False,0.36852496530555157,0.126781750614576,0.12003273410098261,0.6170171965101205,sr_pds,sr_pds,"[('int', 0, 1)]","[('int', 38, 42), ('int', 39, 42), ('int', 42, 46), ('int', 42, 47)]","[('int', 0, 1)]","[('int', 39, 42)]","{('int', 0, 1): 4.8489454384770845}","{('int', 39, 42): -0.07370613142203637}",dgp3,sr_pds,Interactions,SR-PDS,0.5
38,False,0.5780508532533563,0.13367539688951424,0.31604707534990834,0.8400546311568042,sr_pds,sr_pds,"[('int', 0, 1)]",[],"[('int', 0, 1)]",[],"{('int', 0, 1): 5.1099236133224375}",{},dgp3,sr_pds,Interactions,SR-PDS,0.5
39,False,0.5276240293814607,0.0460224665959053,0.4374199948534863,0.6178280639094351,sr_pds,sr_pds,"[('int', 0, 1), ('int', 3, 4)]",[],"[('int', 0, 1), ('int', 3, 4)]",[],"{('int', 0, 1): 5.036825366205542, ('int', 3, 4): 3.000813237222875}",{},dgp3,sr_pds,Interactions,SR-PDS,0.5
40,False,0.362108166742152,0.15360704984162227,0.06103834905257238,0.6631779844317316,sr_pds,sr_pds,"[('int', 0, 1)]",[],"[('int', 0, 1)]",[],"{('int', 0, 1): 4.975151251814141}",{},dgp3,sr_pds,Interactions,SR-PDS,0.5
41,False,0.47249248645710634,0.043338684568380276,0.387548664703081,0.5574363082111317,sr_pds,sr_pds,"[('int', 0, 1), ('int', 3, 4)]","[('int', 9, 44)]","[('int', 0, 1), ('int', 3, 4)]",[],"{('int', 0, 1): 5.0744997422970854, ('int', 3, 4): 2.9779579536625573}",{},dgp3,sr_pds,Interactions,SR-PDS,0.5
42,False,0.4611998259683136,0.04651077088010915,0.37003871504329966,0.5523609368933275,sr_pds,sr_pds,"[('int', 0, 1), ('int', 3, 4)]",[],"[('int', 0, 1), ('int', 3, 4)]",[],"{('int', 0, 1): 5.049872315947466, ('int', 3, 4): 3.0023505404815602}",{},dgp3,sr_pds,Interactions,SR-PDS,0.5
43,False,0.3148722541508012,0.18947623363001992,-0.0565011637640378,0.6862456720656402,sr_pds,sr_pds,"[('int', 3, 4)]","[('int', 21, 27)]","[('int', 3, 4)]",[],"{('int', 3, 4): 3.02348953240502}",{},dgp3,sr_pds,Interactions,SR-PDS,0.5
44,False,0.48497283628216886,0.04880188867735701,0.38932113447454914,0.5806245380897886,sr_pds,sr_pds,"[('int', 0, 1), ('int', 3, 4)]",[],"[('int', 0, 1), ('int', 3, 4)]",[],"{('int', 0, 1): 5.005556440403787, ('int', 3, 4): 2.94716893223525}",{},dgp3,sr_pds,Interactions,SR-PDS,0.5
45,False,0.4315977482347696,0.04322841258396211,0.3468700595702039,0.5163254368993353,sr_pds,sr_pds,"[('int', 0, 1), ('int', 3, 4)]","[('int', 29, 43)]","[('int', 0, 1), ('int', 3, 4)]",[],"{('int', 0, 1): 4.977429047446131, ('int', 3, 4): 2.9895528006212677}",{},dgp3,sr_pds,Interactions,SR-PDS,0.5
46,False,0.4378933810076975,0.13671645070445207,0.16992913762697143,0.7058576243884236,sr_pds,sr_pds,"[('int', 0, 1)]","[('int', 17, 22)]","[('int', 0, 1)]",[],"{('int', 0, 1): 5.17514409720908}",{},dgp3,sr_pds,Interactions,SR-PDS,0.5
47,False,0.3678111279739363,0.14140839050774373,0.09065068257875858,0.6449715733691139,sr_pds,sr_pds,"[('int', 0, 1)]",[],"[('int', 0, 1)]",[],"{('int', 0, 1): 4.851220057531952}",{},dgp3,sr_pds,Interactions,SR-PDS,0.5
48,False,0.5475672181492136,0.04383187283465659,0.4616567473932867,0.6334776889051406,sr_pds,sr_pds,"[('int', 0, 1), ('int', 3, 4)]","[('int', 1, 23), ('int', 23, 39)]","[('int', 0, 1), ('int', 3, 4)]",[],"{('int', 0, 1): 5.049294873141189, ('int', 3, 4): 2.9892761257799902}",{},dgp3,sr_pds,Interactions,SR-PDS,0.5
49,False,0.5483762067198923,0.14614731734468106,0.26192746472431744,0.8348249487154671,sr_pds,sr_pds,"[('int', 0, 1)]",[],"[('int', 0, 1)]",[],"{('int', 0, 1): 4.922213764383564}",{},dgp3,sr_pds,Interactions,SR-PDS,0.5
50,False,0.5137761829824158,0.045033999752646964,0.42550954346722775,0.6020428224976039,sr_pds,sr_pds,"[('int', 0, 1), ('int', 0, 3), ('int', 0, 19), ('int', 3, 4)]","[('cubic', 34, 0), ('cubic', 34, 49), ('int', 27, 34), ('int', 34, 49)]","[('int', 0, 1), ('int', 3, 4)]","[('cubic', 34, 49)]","{('int', 0, 1): 5.023737362987813, ('int', 3, 4): 3.0254110647411276}","{('cubic', 34, 49): -0.030916071211852376}",dgp3,sr_pds,Interactions,SR-PDS,0.5
51,False,0.48056458704806554,0.14120201300424526,0.20380864155974482,0.7573205325363863,sr_pds,sr_pds,"[('int', 0, 1)]",[],"[('int', 0, 1)]",[],"{('int', 0, 1): 4.9279485288953815}",{},dgp3,sr_pds,Interactions,SR-PDS,0.5
52,False,0.4640112963917332,0.0430926203047845,0.3795497605943556,0.5484728321891108,sr_pds,sr_pds,"[('int', 0, 1), ('int', 3, 4)]","[('cubic', 39, 37)]","[('int', 0, 1), ('int', 3, 4)]","[('cubic', 39, 37)]","{('int', 0, 1): 5.015089272293752, ('int', 3, 4): 3.018695109512274}","{('cubic', 39, 37): -0.020237595846162835}",dgp3,sr_pds,Interactions,SR-PDS,0.5
53,False,0.5630939183517365,0.14103954965948942,0.28665640101913725,0.8395314356843357,sr_pds,sr_pds,"[('int', 0, 1)]","[('int', 5, 16), ('int', 16, 38)]","[('int', 0, 1)]","[('int', 16, 38)]","{('int', 0, 1): 4.8601242960774105}","{('int', 16, 38): -0.10938181532665822}",dgp3,sr_pds,Interactions,SR-PDS,0.5
54,False,0.4185862519262073,0.12973602699479428,0.16430363901641054,0.672868864836004,sr_pds,sr_pds,"[('int', 0, 1)]",[],"[('int', 0, 1)]",[],"{('int', 0, 1): 4.86092918265247}",{},dgp3,sr_pds,Interactions,SR-PDS,0.5
55,False,0.2923803325382753,0.14919245776528678,-3.688468168677739e-05,0.5847975497582374,sr_pds,sr_pds,"[('int', 0, 1)]","[('int', 24, 41)]","[('int', 0, 1)]","[('int', 24, 41)]","{('int', 0, 1): 4.8948659375486026}","{('int', 24, 41): 0.15750211278009896}",dgp3,sr_pds,Interactions,SR-PDS,0.5
56,False,0.2004051740933966,0.1522717763252389,-0.09804750750407165,0.4988578556908648,sr_pds,sr_pds,"[('int', 0, 1)]",[],"[('int', 0, 1)]",[],"{('int', 0, 1): 5.041491939199608}",{},dgp3,sr_pds,Interactions,SR-PDS,0.5
57,False,0.3025667149727427,0.15774925593362593,-0.006621826657164154,0.6117552566026495,sr_pds,sr_pds,"[('int', 0, 1)]",[],"[('int', 0, 1)]",[],"{('int', 0, 1): 4.9349787904391595}",{},dgp3,sr_pds,Interactions,SR-PDS,0.5
58,False,0.5575045249603477,0.045528903490676925,0.468267874118621,0.6467411758020745,sr_pds,sr_pds,"[('int', 0, 1), ('int', 3, 4)]","[('int', 22, 35)]","[('int', 0, 1), ('int', 3, 4)]",[],"{('int', 0, 1): 5.0193294089009886, ('int', 3, 4): 3.0479389222174413}",{},dgp3,sr_pds,Interactions,SR-PDS,0.5
59,False,0.5956013293337433,0.1507626197500669,0.30010659462361217,0.8910960640438745,sr_pds,sr_pds,"[('int', 0, 1)]",[],"[('int', 0, 1)]",[],"{('int', 0, 1): 4.796978441185888}",{},dgp3,sr_pds,Interactions,SR-PDS,0.5
60,False,0.38503010505468166,0.13647343543265933,0.11754217160666935,0.652518038502694,sr_pds,sr_pds,"[('int', 0, 1)]","[('int', 3, 24), ('int', 3, 40), ('int', 3, 43)]","[('int', 0, 1)]","[('int', 3, 40)]","{('int', 0, 1): 4.969088655603178}","{('int', 3, 40): 0.20101127353951326}",dgp3,sr_pds,Interactions,SR-PDS,0.5
61,False,0.4955647307535646,0.1460025965777936,0.20939964146108914,0.7817298200460401,sr_pds,sr_pds,"[('int', 0, 1)]",[],"[('int', 0, 1)]",[],"{('int', 0, 1): 4.990761306390006}",{},dgp3,sr_pds,Interactions,SR-PDS,0.5
62,False,0.49054449456469273,0.19288119197047962,0.1124973583025527,0.8685916308268328,sr_pds,sr_pds,"[('int', 3, 4)]",[],"[('int', 3, 4)]",[],"{('int', 3, 4): 3.142911219616878}",{},dgp3,sr_pds,Interactions,SR-PDS,0.5
63,False,0.7363562771342431,0.13452839770439165,0.4726806176336355,1.0000319366348507,sr_pds,sr_pds,"[('int', 0, 1)]","[('int', 4, 23)]","[('int', 0, 1)]","[('int', 4, 23)]","{('int', 0, 1): 4.9590251186177}","{('int', 4, 23): -0.40606694377278646}",dgp3,sr_pds,Interactions,SR-PDS,0.5
64,False,0.4087383863179014,0.13961340089509391,0.13509612056351733,0.6823806520722855,sr_pds,sr_pds,"[('int', 0, 1)]",[],"[('int', 0, 1)]",[],"{('int', 0, 1): 4.929445206403502}",{},dgp3,sr_pds,Interactions,SR-PDS,0.5
65,False,0.5385406177583352,0.1641726774685878,0.2167621699199031,0.8603190655967672,sr_pds,sr_pds,"[('int', 0, 1)]","[('cubic', 28, 45)]","[('int', 0, 1)]","[('cubic', 28, 45)]","{('int', 0, 1): 4.871609588458684}","{('cubic', 28, 45): 0.10901901835892001}",dgp3,sr_pds,Interactions,SR-PDS,0.5
66,False,0.5052256497028264,0.1613660759593075,0.18894814082258365,0.821503158583069,sr_pds,sr_pds,"[('int', 0, 1)]",[],"[('int', 0, 1)]",[],"{('int', 0, 1): 5.0798359186545445}",{},dgp3,sr_pds,Interactions,SR-PDS,0.5
67,False,0.5159087960041155,0.04225904762585559,0.4330810626574386,0.5987365293507925,sr_pds,sr_pds,"[('int', 0, 1), ('int', 3, 4)]",[],"[('int', 0, 1), ('int', 3, 4)]",[],"{('int', 0, 1): 4.954061771869031, ('int', 3, 4): 2.9442765813394183}",{},dgp3,sr_pds,Interactions,SR-PDS,0.5
68,False,0.5114199424794397,0.1201153202601196,0.2759939147696052,0.7468459701892741,sr_pds,sr_pds,"[('int', 0, 1)]","[('int', 16, 47)]","[('int', 0, 1)]","[('int', 16, 47)]","{('int', 0, 1): 5.150019269473056}","{('int', 16, 47): 0.14970776480826034}",dgp3,sr_pds,Interactions,SR-PDS,0.5
69,False,0.4856902290836092,0.045536086162591784,0.3964395002049293,0.5749409579622891,sr_pds,sr_pds,"[('int', 0, 1), ('int', 3, 4)]","[('int', 5, 19), ('int', 19, 29)]","[('int', 0, 1), ('int', 3, 4)]",[],"{('int', 0, 1): 4.911143686658413, ('int', 3, 4): 2.941288444462233}",{},dgp3,sr_pds,Interactions,SR-PDS,0.5
70,False,0.4365839390875202,0.04285620954512921,0.35258576837906697,0.5205821097959734,sr_pds,sr_pds,"[('int', 0, 1), ('int', 3, 4)]",[],"[('int', 0, 1), ('int', 3, 4)]",[],"{('int', 0, 1): 5.023219365825755, ('int', 3, 4): 2.9513972002137407}",{},dgp3,sr_pds,Interactions,SR-PDS,0.5
71,False,0.5151599203818497,0.12851919137450682,0.2632623052878163,0.7670575354758831,sr_pds,sr_pds,"[('int', 0, 1)]",[],"[('int', 0, 1)]",[],"{('int', 0, 1): 5.039555679167191}",{},dgp3,sr_pds,Interactions,SR-PDS,0.5
72,False,0.516488983605244,0.04847488742923055,0.4214782042439521,0.6114997629665359,sr_pds,sr_pds,"[('int', 0, 1), ('int', 3, 4)]","[('int', 5, 15)]","[('int', 0, 1), ('int', 3, 4)]",[],"{('int', 0, 1): 4.95862113077433, ('int', 3, 4): 3.0757125556247877}",{},dgp3,sr_pds,Interactions,SR-PDS,0.5
73,False,0.5295333093182437,0.03854528911237106,0.4539845426579964,0.605082075978491,sr_pds,sr_pds,"[('int', 0, 1), ('int', 3, 4)]",[],"[('int', 0, 1), ('int', 3, 4)]",[],"{('int', 0, 1): 4.928955081373664, ('int', 3, 4): 3.0424110620387355}",{},dgp3,sr_pds,Interactions,SR-PDS,0.5
74,False,0.6118019160759739,0.12821477462766753,0.36050095780574554,0.8631028743462023,sr_pds,sr_pds,"[('int', 0, 1)]","[('int', 16, 40)]","[('int', 0, 1)]","[('int', 16, 40)]","{('int', 0, 1): 4.90590472508035}","{('int', 16, 40): 0.1607795896343722}",dgp3,sr_pds,Interactions,SR-PDS,0.5
75,False,0.5360166636932933,0.047136717180777506,0.44362869801896937,0.6284046293676172,sr_pds,sr_pds,"[('int', 0, 1), ('int', 3, 4)]",[],"[('int', 0, 1), ('int', 3, 4)]",[],"{('int', 0, 1): 4.969160139106528, ('int', 3, 4): 2.9858160436501238}",{},dgp3,sr_pds,Interactions,SR-PDS,0.5
76,False,0.5362786996717795,0.044034940771114514,0.4499702157603951,0.622587183583164,sr_pds,sr_pds,"[('int', 0, 1), ('int', 3, 4)]","[('int', 20, 31)]","[('int', 0, 1), ('int', 3, 4)]",[],"{('int', 0, 1): 5.182466007097971, ('int', 3, 4): 3.034017860212061}",{},dgp3,sr_pds,Interactions,SR-PDS,0.5
77,False,0.5568495802254432,0.1330618893370683,0.2960482771247893,0.817650883326097,sr_pds,sr_pds,"[('int', 0, 1)]","[('int', 27, 34), ('int', 27, 35), ('int', 32, 34), ('int', 32, 35)]","[('int', 0, 1)]","[('int', 32, 35)]","{('int', 0, 1): 4.921835938373978}","{('int', 32, 35): 0.2214656451606668}",dgp3,sr_pds,Interactions,SR-PDS,0.5
78,False,0.38233169216543633,0.14629220901149903,0.09559896250289823,0.6690644218279744,sr_pds,sr_pds,"[('int', 0, 1)]","[('int', 3, 49), ('int', 7, 49), ('int', 35, 49), ('int', 46, 49)]","[('int', 0, 1)]","[('int', 3, 49)]","{('int', 0, 1): 5.162131198403645}","{('int', 3, 49): -0.25642778885546447}",dgp3,sr_pds,Interactions,SR-PDS,0.5
79,False,0.8373740718525452,0.22713379563913474,0.3921918323998411,1.2825563113052492,sr_pds,sr_pds,[],"[('int', 24, 26)]",[],[],{},{},dgp3,sr_pds,Interactions,SR-PDS,0.5
80,False,0.5775345329337753,0.2570537476335095,0.07370918757209666,1.081359878295454,sr_pds,sr_pds,[],[],[],[],{},{},dgp3,sr_pds,Interactions,SR-PDS,0.5
81,False,0.42896692887627624,0.052149298997967414,0.3267543028402601,0.5311795549122924,sr_pds,sr_pds,"[('int', 0, 1), ('int', 3, 4)]","[('int', 23, 42)]","[('int', 0, 1), ('int', 3, 4)]",[],"{('int', 0, 1): 5.0261185483460515, ('int', 3, 4): 2.9429384246733794}",{},dgp3,sr_pds,Interactions,SR-PDS,0.5
82,False,0.7876656468307125,0.1304555643864046,0.5319727406333594,1.0433585530280656,sr_pds,sr_pds,"[('int', 0, 1)]","[('int', 0, 10)]","[('int', 0, 1)]","[('int', 0, 10)]","{('int', 0, 1): 4.808081652239501}","{('int', 0, 10): -0.3620265892565339}",dgp3,sr_pds,Interactions,SR-PDS,0.5
83,False,0.3936634786844367,0.12167868209653507,0.15517326177522794,0.6321536955936454,sr_pds,sr_pds,"[('int', 0, 1)]",[],"[('int', 0, 1)]",[],"{('int', 0, 1): 5.051477393960908}",{},dgp3,sr_pds,Interactions,SR-PDS,0.5
84,False,0.5517969703842474,0.15193285350720015,0.25400857751013506,0.8495853632583596,sr_pds,sr_pds,"[('int', 0, 1)]","[('int', 12, 39)]","[('int', 0, 1)]",[],"{('int', 0, 1): 4.820871353243006}",{},dgp3,sr_pds,Interactions,SR-PDS,0.5
85,False,0.39725641320210414,0.12533966214311615,0.1515906754015965,0.6429221510026117,sr_pds,sr_pds,"[('int', 0, 1)]",[],"[('int', 0, 1)]",[],"{('int', 0, 1): 5.145535018284524}",{},dgp3,sr_pds,Interactions,SR-PDS,0.5
86,False,0.8061896346781359,0.1252910049466486,0.5606192649827046,1.051760004373567,sr_pds,sr_pds,"[('int', 0, 1)]","[('int', 23, 33), ('sqrt', 44, None)]","[('int', 0, 1)]",[],"{('int', 0, 1): 4.88266227377828}",{},dgp3,sr_pds,Interactions,SR-PDS,0.5
87,False,0.4782064676101614,0.047171675782623435,0.38574998307621944,0.5706629521441033,sr_pds,sr_pds,"[('int', 0, 1), ('int', 3, 4)]",[],"[('int', 0, 1), ('int', 3, 4)]",[],"{('int', 0, 1): 5.0153913337411735, ('int', 3, 4): 3.034600283155714}",{},dgp3,sr_pds,Interactions,SR-PDS,0.5
88,False,0.5019583640025012,0.045290091328171835,0.4131897849992844,0.5907269430057179,sr_pds,sr_pds,"[('int', 0, 1), ('int', 3, 4)]",[],"[('int', 0, 1), ('int', 3, 4)]",[],"{('int', 0, 1): 5.008254812869321, ('int', 3, 4): 2.9834236715891533}",{},dgp3,sr_pds,Interactions,SR-PDS,0.5
89,False,0.2231819937377696,0.18482873994329196,-0.13908233655108265,0.5854463240266219,sr_pds,sr_pds,"[('int', 0, 1)]",[],"[('int', 0, 1)]",[],"{('int', 0, 1): 4.850052619739712}",{},dgp3,sr_pds,Interactions,SR-PDS,0.5
90,False,0.5559428122420733,0.047507566932923975,0.46282798105354234,0.6490576434306043,sr_pds,sr_pds,"[('int', 0, 1), ('int', 3, 4)]",[],"[('int', 0, 1), ('int', 3, 4)]",[],"{('int', 0, 1): 5.051533522773685, ('int', 3, 4): 2.9571429921614607}",{},dgp3,sr_pds,Interactions,SR-PDS,0.5
91,False,0.6016129697071824,0.11500201893007568,0.376209012604234,0.8270169268101307,sr_pds,sr_pds,"[('int', 0, 1)]",[],"[('int', 0, 1)]",[],"{('int', 0, 1): 4.85380828872836}",{},dgp3,sr_pds,Interactions,SR-PDS,0.5
92,False,0.8122462835260731,0.1367943179541392,0.5441294203359602,1.080363146716186,sr_pds,sr_pds,"[('int', 0, 1)]","[('int', 10, 11), ('int', 11, 25)]","[('int', 0, 1)]","[('int', 10, 11)]","{('int', 0, 1): 5.148450105442105}","{('int', 10, 11): -0.006037999127874193}",dgp3,sr_pds,Interactions,SR-PDS,0.5
93,False,0.4886563959998149,0.13060291563623325,0.23267468135279779,0.744638110646832,sr_pds,sr_pds,"[('int', 0, 1)]","[('int', 6, 7), ('int', 6, 28), ('int', 6, 39), ('int', 6, 41), ('int', 19, 28), ('int', 19, 41)]","[('int', 0, 1)]","[('int', 6, 39), ('int', 6, 41), ('int', 19, 28)]","{('int', 0, 1): 4.965635905083662}","{('int', 6, 39): 0.3550951656273342, ('int', 6, 41): 0.26869927287525186, ('int', 19, 28): 0.15279865480991273}",dgp3,sr_pds,Interactions,SR-PDS,0.5
94,False,0.3448239036477446,0.14328178669654693,0.06399160172251267,0.6256562055729766,sr_pds,sr_pds,"[('int', 0, 1)]","[('int', 32, 43)]","[('int', 0, 1)]","[('int', 32, 43)]","{('int', 0, 1): 4.998247140560753}","{('int', 32, 43): 0.27610977988711327}",dgp3,sr_pds,Interactions,SR-PDS,0.5
95,False,0.725717030083295,0.14911609947741875,0.43344947510755427,1.0179845850590357,sr_pds,sr_pds,"[('int', 0, 1)]",[],"[('int', 0, 1)]",[],"{('int', 0, 1): 5.044460370813202}",{},dgp3,sr_pds,Interactions,SR-PDS,0.5
96,False,0.21275687501400659,0.1301869700050448,-0.042409586195881255,0.4679233362238944,sr_pds,sr_pds,"[('int', 0, 1)]","[('int', 3, 7), ('int', 3, 49)]","[('int', 0, 1)]","[('int', 3, 49)]","{('int', 0, 1): 4.8651635992849664}","{('int', 3, 49): -0.3514555196195912}",dgp3,sr_pds,Interactions,SR-PDS,0.5
97,False,0.5951493730358645,0.12213421817656075,0.35576630540980536,0.8345324406619236,sr_pds,sr_pds,"[('int', 0, 1)]","[('int', 21, 24), ('int', 21, 25), ('int', 24, 37), ('int', 25, 37)]","[('int', 0, 1)]","[('int', 21, 25)]","{('int', 0, 1): 4.991332693160285}","{('int', 21, 25): 0.18491472580544552}",dgp3,sr_pds,Interactions,SR-PDS,0.5
98,False,0.6214555147066985,0.24471282294513377,0.14181838173423628,1.1010926476791607,sr_pds,sr_pds,"[('int', 3, 4)]",[],"[('int', 3, 4)]",[],"{('int', 3, 4): 3.040824921551734}",{},dgp3,sr_pds,Interactions,SR-PDS,0.5
99,False,0.6572845954648814,0.12704143584375965,0.40828338121111246,0.9062858097186504,sr_pds,sr_pds,"[('int', 0, 1)]",[],"[('int', 0, 1)]",[],"{('int', 0, 1): 4.847039214409808}",{},dgp3,sr_pds,Interactions,SR-PDS,0.5
100,False,0.2710210087134492,0.15568519870894032,-0.03412198075607381,0.5761639981829723,sr_pds,sr_pds,"[('int', 0, 1)]",[],"[('int', 0, 1)]",[],"{('int', 0, 1): 5.102408395508698}",{},dgp3,sr_pds,Interactions,SR-PDS,0.5
101,False,0.48006821109011405,0.22279426473340588,0.043391452212638515,0.9167449699675896,sr_pds,sr_pds,"[('int', 3, 4)]",[],"[('int', 3, 4)]",[],"{('int', 3, 4): 3.114061163043296}",{},dgp3,sr_pds,Interactions,SR-PDS,0.5
102,False,0.509032657229726,0.046881098666910724,0.417145703842581,0.600919610616871,sr_pds,sr_pds,"[('int', 0, 1), ('int', 3, 4)]",[],"[('int', 0, 1), ('int', 3, 4)]",[],"{('int', 0, 1): 5.005680787507206, ('int', 3, 4): 2.9587145963365873}",{},dgp3,sr_pds,Interactions,SR-PDS,0.5
103,False,0.4877380235139884,0.12131336477534266,0.24996382855431676,0.72551221847366,sr_pds,sr_pds,"[('int', 0, 1)]",[],"[('int', 0, 1)]",[],"{('int', 0, 1): 5.273899266466039}",{},dgp3,sr_pds,Interactions,SR-PDS,0.5
104,False,0.5175993075642482,0.15458261645166826,0.2146173793189784,0.820581235809518,sr_pds,sr_pds,"[('int', 0, 1)]",[],"[('int', 0, 1)]",[],"{('int', 0, 1): 5.1618393087687835}",{},dgp3,sr_pds,Interactions,SR-PDS,0.5
105,False,0.25340252189884505,0.13492999559661992,-0.01106026947052996,0.51786531326822,sr_pds,sr_pds,"[('int', 0, 1)]",[],"[('int', 0, 1)]",[],"{('int', 0, 1): 4.8767605617637235}",{},dgp3,sr_pds,Interactions,SR-PDS,0.5
106,False,0.37997753840898385,0.14197376889767938,0.10170895136953229,0.6582461254484354,sr_pds,sr_pds,"[('int', 0, 1)]",[],"[('int', 0, 1)]",[],"{('int', 0, 1): 5.082656769448621}",{},dgp3,sr_pds,Interactions,SR-PDS,0.5
107,False,0.6324699837114071,0.20209115320530743,0.23637132342900452,1.0285686439938095,sr_pds,sr_pds,"[('int', 3, 4)]",[],"[('int', 3, 4)]",[],"{('int', 3, 4): 2.818107882376033}",{},dgp3,sr_pds,Interactions,SR-PDS,0.5
108,False,0.30692142960571744,0.11395124806798053,0.0835769833924756,0.5302658758189593,sr_pds,sr_pds,"[('int', 0, 1)]","[('int', 1, 12)]","[('int', 0, 1)]",[],"{('int', 0, 1): 5.082500815761041}",{},dgp3,sr_pds,Interactions,SR-PDS,0.5
109,False,0.32776611911832876,0.12583775587139798,0.08112411761038874,0.5744081206262688,sr_pds,sr_pds,"[('int', 0, 1)]",[],"[('int', 0, 1)]",[],"{('int', 0, 1): 4.674452002406795}",{},dgp3,sr_pds,Interactions,SR-PDS,0.5
110,False,0.5305974791320736,0.13864966460890316,0.25884413649862337,0.8023508217655237,sr_pds,sr_pds,"[('int', 0, 1)]",[],"[('int', 0, 1)]",[],"{('int', 0, 1): 5.079162053390723}",{},dgp3,sr_pds,Interactions,SR-PDS,0.5
111,False,0.37501493208485115,0.13408001596401378,0.11221810079538413,0.6378117633743181,sr_pds,sr_pds,"[('int', 0, 1)]",[],"[('int', 0, 1)]",[],"{('int', 0, 1): 4.965922010652459}",{},dgp3,sr_pds,Interactions,SR-PDS,0.5
112,False,0.48765968590745123,0.041508535459705766,0.40630295640642794,0.5690164154084745,sr_pds,sr_pds,"[('int', 0, 1), ('int', 3, 4)]",[],"[('int', 0, 1), ('int', 3, 4)]",[],"{('int', 0, 1): 4.957056364223021, ('int', 3, 4): 3.013088306322045}",{},dgp3,sr_pds,Interactions,SR-PDS,0.5
113,False,0.4933873385352729,0.045927372369828724,0.40336968869040857,0.5834049883801372,sr_pds,sr_pds,"[('int', 0, 1), ('int', 3, 4)]",[],"[('int', 0, 1), ('int', 3, 4)]",[],"{('int', 0, 1): 4.9302496123433075, ('int', 3, 4): 3.0071925928648042}",{},dgp3,sr_pds,Interactions,SR-PDS,0.5
114,False,0.4883354521231658,0.1506588378924707,0.19304412985392327,0.7836267743924084,sr_pds,sr_pds,"[('int', 0, 1)]","[('cubic', 35, 32), ('cubic', 35, 46), ('sq', 35, None)]","[('int', 0, 1)]","[('cubic', 35, 32), ('cubic', 35, 46)]","{('int', 0, 1): 5.0248577542539055}","{('cubic', 35, 32): -0.08021960924435968, ('cubic', 35, 46): 0.0780676913329871}",dgp3,sr_pds,Interactions,SR-PDS,0.5
115,False,0.4838344233672603,0.12681259152602728,0.23528174397624682,0.7323871027582738,sr_pds,sr_pds,"[('int', 0, 1)]",[],"[('int', 0, 1)]",[],"{('int', 0, 1): 5.013700733417451}",{},dgp3,sr_pds,Interactions,SR-PDS,0.5
116,False,0.48927293827538204,0.04302368326516244,0.40494651907566365,0.5735993574751004,sr_pds,sr_pds,"[('int', 0, 1), ('int', 3, 4)]",[],"[('int', 0, 1), ('int', 3, 4)]",[],"{('int', 0, 1): 4.983361160194569, ('int', 3, 4): 3.0457497288167463}",{},dgp3,sr_pds,Interactions,SR-PDS,0.5
117,False,0.46093919652683074,0.1202917136953876,0.22516743768387104,0.6967109553697904,sr_pds,sr_pds,"[('int', 0, 1)]",[],"[('int', 0, 1)]",[],"{('int', 0, 1): 4.9794162433869005}",{},dgp3,sr_pds,Interactions,SR-PDS,0.5
118,False,0.40655640479335886,0.14114109163409205,0.12991986519053844,0.6831929443961793,sr_pds,sr_pds,"[('int', 0, 1)]","[('int', 1, 42), ('int', 8, 42), ('int', 12, 42), ('int', 15, 42), ('int', 26, 42), ('int', 34, 42), ('int', 42, 44)]","[('int', 0, 1)]","[('int', 12, 42)]","{('int', 0, 1): 5.041941191933598}","{('int', 12, 42): 0.21399298103652767}",dgp3,sr_pds,Interactions,SR-PDS,0.5
119,False,0.49164539633725973,0.15893434351274485,0.18013408305227985,0.8031567096222396,sr_pds,sr_pds,"[('int', 0, 1)]","[('cubic', 32, 14), ('int', 32, 36), ('int', 32, 46), ('sq', 32, None)]","[('int', 0, 1)]","[('cubic', 32, 14)]","{('int', 0, 1): 4.906911427618619}","{('cubic', 32, 14): 0.04578810646167193}",dgp3,sr_pds,Interactions,SR-PDS,0.5
120,False,0.46298344441517814,0.1462999120213533,0.17623561685332567,0.7497312719770306,sr_pds,sr_pds,"[('int', 0, 1)]","[('int', 6, 31), ('int', 8, 31), ('int', 31, 35)]","[('int', 0, 1)]","[('int', 31, 35)]","{('int', 0, 1): 5.027164511851237}","{('int', 31, 35): 0.39837276745018757}",dgp3,sr_pds,Interactions,SR-PDS,0.5
121,False,0.4908056515916749,0.1415395424799715,0.21338814833093078,0.768223154852419,sr_pds,sr_pds,"[('int', 0, 1)]","[('int', 1, 43), ('int', 32, 43)]","[('int', 0, 1)]","[('int', 32, 43)]","{('int', 0, 1): 4.982002446116498}","{('int', 32, 43): -0.1678102915803936}",dgp3,sr_pds,Interactions,SR-PDS,0.5
122,False,0.5673453494260495,0.22189555230986982,0.13243006689870468,1.0022606319533944,sr_pds,sr_pds,"[('int', 3, 4)]",[],"[('int', 3, 4)]",[],"{('int', 3, 4): 2.8680929821503898}",{},dgp3,sr_pds,Interactions,SR-PDS,0.5
123,False,0.24079371785026119,0.14555456522398802,-0.04449322998875535,0.5260806656892777,sr_pds,sr_pds,"[('int', 0, 1)]","[('int', 12, 20)]","[('int', 0, 1)]",[],"{('int', 0, 1): 4.904773189893039}",{},dgp3,sr_pds,Interactions,SR-PDS,0.5
124,False,0.5412441189522305,0.1341029915356067,0.2784022555424413,0.8040859823620197,sr_pds,sr_pds,"[('int', 0, 1)]","[('int', 3, 48)]","[('int', 0, 1)]","[('int', 3, 48)]","{('int', 0, 1): 5.251879947034505}","{('int', 3, 48): -0.14740473246546132}",dgp3,sr_pds,Interactions,SR-PDS,0.5
125,False,0.6080797654275718,0.13072486543228923,0.35185902918028494,0.8643005016748586,sr_pds,sr_pds,"[('int', 0, 1)]","[('int', 3, 17)]","[('int', 0, 1)]","[('int', 3, 17)]","{('int', 0, 1): 4.9319926623215755}","{('int', 3, 17): -0.3725059189420282}",dgp3,sr_pds,Interactions,SR-PDS,0.5
126,False,0.3561546280918034,0.2210944551276609,-0.07719050395841193,0.7894997601420188,sr_pds,sr_pds,"[('int', 3, 4)]",[],"[('int', 3, 4)]",[],"{('int', 3, 4): 3.0509844366446446}",{},dgp3,sr_pds,Interactions,SR-PDS,0.5
127,False,0.5462898292474452,0.12625659834303093,0.2988268964951045,0.7937527619997858,sr_pds,sr_pds,"[('int', 0, 1)]","[('int', 10, 35)]","[('int', 0, 1)]",[],"{('int', 0, 1): 5.0237679766788625}",{},dgp3,sr_pds,Interactions,SR-PDS,0.5
128,False,0.6519242985003665,0.13659274881564507,0.38420251082170215,0.9196460861790308,sr_pds,sr_pds,"[('int', 0, 1)]","[('int', 26, 44)]","[('int', 0, 1)]",[],"{('int', 0, 1): 4.834310856905065}",{},dgp3,sr_pds,Interactions,SR-PDS,0.5
129,False,0.487125361565178,0.12969618130197536,0.23292084621330628,0.7413298769170498,sr_pds,sr_pds,"[('int', 0, 1)]","[('int', 19, 31), ('int', 31, 47)]","[('int', 0, 1)]","[('int', 19, 31)]","{('int', 0, 1): 5.077523480898246}","{('int', 19, 31): -0.15487892806252565}",dgp3,sr_pds,Interactions,SR-PDS,0.5
130,False,0.2223420012024488,0.1319521747615273,-0.036284261330144674,0.48096826373504226,sr_pds,sr_pds,"[('int', 0, 1)]","[('int', 1, 7), ('int', 7, 14), ('int', 7, 20), ('int', 7, 28), ('int', 7, 34)]","[('int', 0, 1)]","[('int', 7, 14), ('int', 7, 28), ('int', 7, 34)]","{('int', 0, 1): 5.040289720994254}","{('int', 7, 14): -0.1485284191547062, ('int', 7, 28): -0.37106165611732495, ('int', 7, 34): -0.1677498480605381}",dgp3,sr_pds,Interactions,SR-PDS,0.5
131,False,0.4046984778138838,0.16283489221139555,0.08554208907954852,0.7238548665482191,sr_pds,sr_pds,"[('int', 0, 1)]",[],"[('int', 0, 1)]",[],"{('int', 0, 1): 4.970100343986506}",{},dgp3,sr_pds,Interactions,SR-PDS,0.5
132,False,0.5052920423431366,0.04189707551042162,0.42317377434271025,0.5874103103435631,sr_pds,sr_pds,"[('int', 0, 1), ('int', 3, 4)]","[('int', 13, 19)]","[('int', 0, 1), ('int', 3, 4)]",[],"{('int', 0, 1): 5.046543124401262, ('int', 3, 4): 2.9761795978027417}",{},dgp3,sr_pds,Interactions,SR-PDS,0.5
133,False,0.6233816652792652,0.22044826526765926,0.19130306535465308,1.0554602652038774,sr_pds,sr_pds,"[('int', 3, 4)]",[],"[('int', 3, 4)]",[],"{('int', 3, 4): 3.0687493337322733}",{},dgp3,sr_pds,Interactions,SR-PDS,0.5
134,False,0.40229372589502593,0.12594597880188124,0.1554396074433387,0.6491478443467131,sr_pds,sr_pds,"[('int', 0, 1)]","[('int', 24, 27), ('int', 24, 36), ('int', 27, 38), ('int', 36, 38)]","[('int', 0, 1)]",[],"{('int', 0, 1): 5.041572032495006}",{},dgp3,sr_pds,Interactions,SR-PDS,0.5
135,False,0.4647624711368463,0.04125903794027582,0.3838947567739057,0.5456301854997869,sr_pds,sr_pds,"[('int', 0, 1), ('int', 3, 4)]",[],"[('int', 0, 1), ('int', 3, 4)]",[],"{('int', 0, 1): 5.094080930549852, ('int', 3, 4): 3.0209042689695}",{},dgp3,sr_pds,Interactions,SR-PDS,0.5
136,False,0.653745803493236,0.13235572828309178,0.39432857605837607,0.9131630309280958,sr_pds,sr_pds,"[('int', 0, 1)]",[],"[('int', 0, 1)]",[],"{('int', 0, 1): 4.897453442077264}",{},dgp3,sr_pds,Interactions,SR-PDS,0.5
137,False,0.6669208765256981,0.16139088402367172,0.35059474383930156,0.9832470092120946,sr_pds,sr_pds,"[('int', 0, 1)]","[('int', 10, 11), ('int', 17, 38)]","[('int', 0, 1)]","[('int', 10, 11), ('int', 17, 38)]","{('int', 0, 1): 4.954452350447438}","{('int', 10, 11): 0.14903887243691427, ('int', 17, 38): 0.3733031484422402}",dgp3,sr_pds,Interactions,SR-PDS,0.5
138,False,0.3841680304381685,0.17427936442090494,0.042580476173194826,0.7257555847031422,sr_pds,sr_pds,"[('int', 0, 1)]","[('int', 20, 29), ('int', 29, 34)]","[('int', 0, 1)]","[('int', 29, 34)]","{('int', 0, 1): 5.063528442752931}","{('int', 29, 34): 0.23748030937562464}",dgp3,sr_pds,Interactions,SR-PDS,0.5
139,False,0.5295723452324955,0.05067146981473822,0.4302562643956086,0.6288884260693824,sr_pds,sr_pds,"[('int', 0, 1), ('int', 3, 4)]","[('int', 19, 36), ('int', 29, 36), ('int', 36, 47)]","[('int', 0, 1), ('int', 3, 4)]",[],"{('int', 0, 1): 5.007991927510108, ('int', 3, 4): 2.9808581500495253}",{},dgp3,sr_pds,Interactions,SR-PDS,0.5
140,False,0.4648583086020769,0.16006455134751307,0.15113178796095128,0.7785848292432025,sr_pds,sr_pds,"[('int', 0, 1)]",[],"[('int', 0, 1)]",[],"{('int', 0, 1): 5.281430883766914}",{},dgp3,sr_pds,Interactions,SR-PDS,0.5
141,False,0.45294134033682104,0.1315116952059707,0.1951784177331185,0.7107042629405236,sr_pds,sr_pds,"[('int', 0, 1)]",[],"[('int', 0, 1)]",[],"{('int', 0, 1): 4.958414383477093}",{},dgp3,sr_pds,Interactions,SR-PDS,0.5
142,False,0.25790607122436215,0.1374429796147926,-0.011482168820631355,0.5272943112693557,sr_pds,sr_pds,"[('int', 0, 1)]","[('int', 4, 9), ('int', 4, 25)]","[('int', 0, 1)]",[],"{('int', 0, 1): 4.862773879907498}",{},dgp3,sr_pds,Interactions,SR-PDS,0.5
143,False,0.9222194544889386,0.24234881855879925,0.44721577011369207,1.3972231388641851,sr_pds,sr_pds,"[('int', 3, 4)]","[('int', 12, 32), ('int', 29, 32)]","[('int', 3, 4)]","[('int', 12, 32)]","{('int', 3, 4): 2.610663028524019}","{('int', 12, 32): -0.13162065299742293}",dgp3,sr_pds,Interactions,SR-PDS,0.5
144,False,0.4465386001955754,0.13244046543755333,0.1869552879379709,0.7061219124531799,sr_pds,sr_pds,"[('int', 0, 1)]",[],"[('int', 0, 1)]",[],"{('int', 0, 1): 5.051022652755351}",{},dgp3,sr_pds,Interactions,SR-PDS,0.5
145,False,0.679466304665152,0.14899170818796015,0.38744255661675014,0.9714900527135539,sr_pds,sr_pds,"[('int', 0, 1)]","[('int', 6, 42)]","[('int', 0, 1)]","[('int', 6, 42)]","{('int', 0, 1): 4.7891783114865065}","{('int', 6, 42): -0.1840963130506704}",dgp3,sr_pds,Interactions,SR-PDS,0.5
146,False,0.4560183328723411,0.16641577619890563,0.12984341152248607,0.7821932542221961,sr_pds,sr_pds,"[('int', 0, 1)]",[],"[('int', 0, 1)]",[],"{('int', 0, 1): 5.412534907482522}",{},dgp3,sr_pds,Interactions,SR-PDS,0.5
147,False,0.22575069562831443,0.13040997689499215,-0.02985285908587018,0.481354250342499,sr_pds,sr_pds,"[('int', 0, 1)]",[],"[('int', 0, 1)]",[],"{('int', 0, 1): 5.03278354224819}",{},dgp3,sr_pds,Interactions,SR-PDS,0.5
148,False,0.2749972803317267,0.25043941193719554,-0.21586396706517652,0.76585852772863,sr_pds,sr_pds,[],"[('int', 14, 41)]",[],"[('int', 14, 41)]",{},"{('int', 14, 41): 0.31934960588230543}",dgp3,sr_pds,Interactions,SR-PDS,0.5
149,False,0.5092572807843896,0.047163828653277194,0.4168161766239663,0.6016983849448129,sr_pds,sr_pds,"[('int', 0, 1), ('int', 3, 4)]","[('int', 26, 32), ('int', 26, 48), ('int', 27, 32), ('int', 27, 48)]","[('int', 0, 1), ('int', 3, 4)]",[],"{('int', 0, 1): 5.002119392396796, ('int', 3, 4): 3.0457376156486773}",{},dgp3,sr_pds,Interactions,SR-PDS,0.5
150,False,0.5564893902179174,0.04184848627233582,0.4744663571241392,0.6385124233116957,sr_pds,sr_pds,"[('int', 0, 1), ('int', 3, 4)]","[('int', 21, 32), ('int', 32, 35)]","[('int', 0, 1), ('int', 3, 4)]",[],"{('int', 0, 1): 4.974990953140183, ('int', 3, 4): 2.9861519134977197}",{},dgp3,sr_pds,Interactions,SR-PDS,0.5
151,False,0.4729495671684209,0.17220407705314014,0.1354295761442662,0.8104695581925756,sr_pds,sr_pds,"[('int', 0, 1)]",[],"[('int', 0, 1)]",[],"{('int', 0, 1): 4.90251695449539}",{},dgp3,sr_pds,Interactions,SR-PDS,0.5
152,False,0.4790887013245662,0.0439010196623174,0.3930427027864241,0.5651346998627084,sr_pds,sr_pds,"[('int', 0, 1), ('int', 3, 4)]","[('int', 5, 16)]","[('int', 0, 1), ('int', 3, 4)]","[('int', 5, 16)]","{('int', 0, 1): 5.046680850413179, ('int', 3, 4): 2.981811014900285}","{('int', 5, 16): 0.0072055201952026735}",dgp3,sr_pds,Interactions,SR-PDS,0.5
153,False,0.49211855077943656,0.04359228761072087,0.40667766706242364,0.5775594344964494,sr_pds,sr_pds,"[('int', 0, 1), ('int', 3, 4)]","[('int', 0, 13), ('int', 43, 44)]","[('int', 0, 1), ('int', 3, 4)]",[],"{('int', 0, 1): 4.977277274578954, ('int', 3, 4): 2.9340274716862402}",{},dgp3,sr_pds,Interactions,SR-PDS,0.5
154,False,0.44777010102084774,0.10965460316500879,0.23284707881743053,0.662693123224265,sr_pds,sr_pds,"[('int', 0, 1)]","[('int', 14, 21)]","[('int', 0, 1)]",[],"{('int', 0, 1): 4.792264882127103}",{},dgp3,sr_pds,Interactions,SR-PDS,0.5
155,False,0.4256971506083846,0.13938691898068076,0.15249878940625033,0.6988955118105189,sr_pds,sr_pds,"[('int', 0, 1)]","[('int', 4, 17)]","[('int', 0, 1)]",[],"{('int', 0, 1): 5.068820606714819}",{},dgp3,sr_pds,Interactions,SR-PDS,0.5
156,False,0.48887341985544525,0.044191724734850224,0.4022576393751388,0.5754892003357517,sr_pds,sr_pds,"[('int', 0, 1), ('int', 3, 4)]",[],"[('int', 0, 1), ('int', 3, 4)]",[],"{('int', 0, 1): 4.991736271449257, ('int', 3, 4): 3.0805113794782497}",{},dgp3,sr_pds,Interactions,SR-PDS,0.5
157,False,0.569221789159131,0.24344842266952763,0.09206288072685687,1.0463806975914052,sr_pds,sr_pds,[],"[('int', 37, 44)]",[],"[('int', 37, 44)]",{},"{('int', 37, 44): -0.6394372959141993}",dgp3,sr_pds,Interactions,SR-PDS,0.5
158,False,0.6294006182466858,0.17692292767768275,0.28263167999842764,0.976169556494944,sr_pds,sr_pds,"[('int', 0, 1)]",[],"[('int', 0, 1)]",[],"{('int', 0, 1): 5.256033346629372}",{},dgp3,sr_pds,Interactions,SR-PDS,0.5
159,False,0.42345060318838346,0.12964364686073312,0.16934905534134653,0.6775521510354203,sr_pds,sr_pds,"[('int', 0, 1)]",[],"[('int', 0, 1)]",[],"{('int', 0, 1): 4.988447550326793}",{},dgp3,sr_pds,Interactions,SR-PDS,0.5
160,False,0.5503905308121954,0.044740240545766016,0.46269965934249396,0.6380814022818968,sr_pds,sr_pds,"[('int', 0, 1), ('int', 3, 4)]",[],"[('int', 0, 1), ('int', 3, 4)]",[],"{('int', 0, 1): 5.015104295383661, ('int', 3, 4): 2.9334919934277193}",{},dgp3,sr_pds,Interactions,SR-PDS,0.5
161,False,0.5444330502892083,0.0476436445773084,0.4510515069176838,0.6378145936607328,sr_pds,sr_pds,"[('int', 0, 1), ('int', 3, 4)]",[],"[('int', 0, 1), ('int', 3, 4)]",[],"{('int', 0, 1): 4.951623179321907, ('int', 3, 4): 2.980404629304532}",{},dgp3,sr_pds,Interactions,SR-PDS,0.5
162,False,0.4250103073769406,0.24141133761151332,-0.04815591434162547,0.8981765290955067,sr_pds,sr_pds,[],"[('int', 12, 20), ('int', 12, 24), ('int', 12, 47)]",[],"[('int', 12, 24)]",{},"{('int', 12, 24): 0.3491245029851936}",dgp3,sr_pds,Interactions,SR-PDS,0.5
163,False,0.5427809121820465,0.046403257792556926,0.4518305269086349,0.6337312974554581,sr_pds,sr_pds,"[('int', 0, 1), ('int', 3, 4)]","[('int', 6, 36)]","[('int', 0, 1), ('int', 3, 4)]",[],"{('int', 0, 1): 5.076452374191719, ('int', 3, 4): 2.9621884551073534}",{},dgp3,sr_pds,Interactions,SR-PDS,0.5
164,False,0.3866683510641882,0.04536737560354095,0.29774829488124793,0.4755884072471284,sr_pds,sr_pds,"[('int', 0, 1), ('int', 3, 4)]",[],"[('int', 0, 1), ('int', 3, 4)]",[],"{('int', 0, 1): 4.982354780933125, ('int', 3, 4): 2.9515113701256994}",{},dgp3,sr_pds,Interactions,SR-PDS,0.5
165,False,0.5276648419173451,0.14151913901441285,0.25028732944909593,0.8050423543855942,sr_pds,sr_pds,"[('int', 0, 1)]",[],"[('int', 0, 1)]",[],"{('int', 0, 1): 5.071291336327506}",{},dgp3,sr_pds,Interactions,SR-PDS,0.5
166,False,0.4809365965818019,0.12946083166481565,0.2271933665187632,0.7346798266448406,sr_pds,sr_pds,"[('int', 0, 1)]","[('int', 7, 46), ('int', 7, 49), ('int', 8, 46), ('int', 8, 49)]","[('int', 0, 1)]",[],"{('int', 0, 1): 5.020906961209348}",{},dgp3,sr_pds,Interactions,SR-PDS,0.5
167,False,0.4205807343151247,0.04065355729572932,0.3408997620154952,0.5002617066147542,sr_pds,sr_pds,"[('int', 0, 1), ('int', 3, 4)]","[('int', 6, 37), ('int', 6, 49)]","[('int', 0, 1), ('int', 3, 4)]",[],"{('int', 0, 1): 5.105070182689162, ('int', 3, 4): 3.02629597531522}",{},dgp3,sr_pds,Interactions,SR-PDS,0.5
168,False,0.44750116651887034,0.042790775052401496,0.36363124741616343,0.5313710856215773,sr_pds,sr_pds,"[('int', 0, 1), ('int', 3, 4)]",[],"[('int', 0, 1), ('int', 3, 4)]",[],"{('int', 0, 1): 4.949769431016579, ('int', 3, 4): 2.983052885664671}",{},dgp3,sr_pds,Interactions,SR-PDS,0.5
169,False,0.6799896788805977,0.14248795657883404,0.40071328398608297,0.9592660737751124,sr_pds,sr_pds,"[('int', 0, 1)]",[],"[('int', 0, 1)]",[],"{('int', 0, 1): 5.157204428166081}",{},dgp3,sr_pds,Interactions,SR-PDS,0.5
170,False,0.5712381848286548,0.15257285156201061,0.27219539576711405,0.8702809738901957,sr_pds,sr_pds,"[('int', 0, 1)]",[],"[('int', 0, 1)]",[],"{('int', 0, 1): 5.069385059783478}",{},dgp3,sr_pds,Interactions,SR-PDS,0.5
171,False,0.5217620859997377,0.04669146946128113,0.4302468058556267,0.6132773661438488,sr_pds,sr_pds,"[('int', 0, 1), ('int', 3, 4), ('int', 3, 48)]","[('int', 10, 34), ('int', 13, 34)]","[('int', 0, 1), ('int', 3, 4)]",[],"{('int', 0, 1): 4.999955733352775, ('int', 3, 4): 3.0002710671617994}",{},dgp3,sr_pds,Interactions,SR-PDS,0.5
172,False,0.541041129432564,0.03965861474112391,0.46331024453996117,0.6187720143251668,sr_pds,sr_pds,"[('int', 0, 1), ('int', 3, 4)]","[('int', 33, 49)]","[('int', 0, 1), ('int', 3, 4)]",[],"{('int', 0, 1): 4.978770676082872, ('int', 3, 4): 3.0832208101190446}",{},dgp3,sr_pds,Interactions,SR-PDS,0.5
173,False,0.7223136483592671,0.2561343844449129,0.22029025484723797,1.2243370418712964,sr_pds,sr_pds,"[('int', 3, 4)]","[('int', 24, 34)]","[('int', 3, 4)]","[('int', 24, 34)]","{('int', 3, 4): 3.4458994966751373}","{('int', 24, 34): 0.16294403107052502}",dgp3,sr_pds,Interactions,SR-PDS,0.5
174,False,0.607881179189625,0.20794575532844747,0.200307498745868,1.0154548596333821,sr_pds,sr_pds,"[('int', 3, 4)]","[('int', 21, 36)]","[('int', 3, 4)]",[],"{('int', 3, 4): 3.179267839326366}",{},dgp3,sr_pds,Interactions,SR-PDS,0.5
175,False,0.6484588215844678,0.12555014981694246,0.40238052794326057,0.8945371152256749,sr_pds,sr_pds,"[('int', 0, 1)]",[],"[('int', 0, 1)]",[],"{('int', 0, 1): 5.101270472299995}",{},dgp3,sr_pds,Interactions,SR-PDS,0.5
176,False,0.3025537664502286,0.12940475096304796,0.04892045456265459,0.5561870783378026,sr_pds,sr_pds,"[('int', 0, 1)]","[('int', 17, 23)]","[('int', 0, 1)]","[('int', 17, 23)]","{('int', 0, 1): 5.071436908196876}","{('int', 17, 23): 0.15471637527858959}",dgp3,sr_pds,Interactions,SR-PDS,0.5
177,False,0.523837346079832,0.12361811034816944,0.2815458497974199,0.7661288423622441,sr_pds,sr_pds,"[('int', 0, 1)]",[],"[('int', 0, 1)]",[],"{('int', 0, 1): 5.005692685379751}",{},dgp3,sr_pds,Interactions,SR-PDS,0.5
178,False,0.44971460382810663,0.1483260772473007,0.15899549242339722,0.740433715232816,sr_pds,sr_pds,"[('int', 0, 1)]",[],"[('int', 0, 1)]",[],"{('int', 0, 1): 4.971407896304709}",{},dgp3,sr_pds,Interactions,SR-PDS,0.5
179,False,0.5711843612590172,0.14774803855837743,0.2815982056845974,0.860770516833437,sr_pds,sr_pds,"[('int', 0, 1)]","[('int', 19, 38), ('int', 37, 46), ('int', 38, 44), ('sq', 38, None)]","[('int', 0, 1)]","[('sq', 38, None)]","{('int', 0, 1): 4.975230633581891}","{('sq', 38, None): -0.14551050382393318}",dgp3,sr_pds,Interactions,SR-PDS,0.5
180,False,0.14961418938136714,0.2902127530169461,-0.41920280653184716,0.7184311852945815,sr_pds,sr_pds,"[('int', 3, 4)]","[('int', 7, 46), ('int', 10, 46), ('int', 24, 46)]","[('int', 3, 4)]","[('int', 10, 46)]","{('int', 3, 4): 3.058516727948785}","{('int', 10, 46): -0.49658445711586313}",dgp3,sr_pds,Interactions,SR-PDS,0.5
181,False,0.5371401678346582,0.0497456733227935,0.439638648121983,0.6346416875473335,sr_pds,sr_pds,"[('int', 0, 1), ('int', 3, 4)]",[],"[('int', 0, 1), ('int', 3, 4)]",[],"{('int', 0, 1): 4.987973580181663, ('int', 3, 4): 2.8748267905343576}",{},dgp3,sr_pds,Interactions,SR-PDS,0.5
182,False,0.5301229928825142,0.15586251917547356,0.224632455298586,0.8356135304664424,sr_pds,sr_pds,"[('int', 0, 1)]","[('int', 45, 47)]","[('int', 0, 1)]","[('int', 45, 47)]","{('int', 0, 1): 5.20494163569624}","{('int', 45, 47): 0.2030436676166857}",dgp3,sr_pds,Interactions,SR-PDS,0.5
183,False,0.5165567515594153,0.1485793471719727,0.22534123110234883,0.8077722720164817,sr_pds,sr_pds,"[('int', 0, 1)]",[],"[('int', 0, 1)]",[],"{('int', 0, 1): 5.149231387533183}",{},dgp3,sr_pds,Interactions,SR-PDS,0.5
184,False,0.29031984243976394,0.10955938170950853,0.07558345428912722,0.5050562305904007,sr_pds,sr_pds,"[('int', 0, 1)]",[],"[('int', 0, 1)]",[],"{('int', 0, 1): 5.029238673643}",{},dgp3,sr_pds,Interactions,SR-PDS,0.5
185,False,0.396307554026744,0.15033922818222945,0.10164266678957429,0.6909724412639138,sr_pds,sr_pds,"[('int', 0, 1)]","[('int', 37, 41)]","[('int', 0, 1)]","[('int', 37, 41)]","{('int', 0, 1): 4.747578538222925}","{('int', 37, 41): -0.08468187307019368}",dgp3,sr_pds,Interactions,SR-PDS,0.5
186,False,0.3191441460911985,0.14693504284071704,0.031151462123393092,0.6071368300590039,sr_pds,sr_pds,"[('int', 0, 1)]","[('int', 12, 32), ('int', 17, 32), ('int', 32, 41)]","[('int', 0, 1)]","[('int', 12, 32), ('int', 17, 32), ('int', 32, 41)]","{('int', 0, 1): 5.026484011751259}","{('int', 12, 32): -0.19987339952813923, ('int', 17, 32): 0.19138602957713333, ('int', 32, 41): 0.12202039430858652}",dgp3,sr_pds,Interactions,SR-PDS,0.5
187,False,0.37025570269342556,0.1432195232432796,0.08954543713659752,0.6509659682502535,sr_pds,sr_pds,"[('int', 0, 1)]","[('int', 10, 49), ('int', 47, 49)]","[('int', 0, 1)]",[],"{('int', 0, 1): 5.043099298012243}",{},dgp3,sr_pds,Interactions,SR-PDS,0.5
188,False,0.6414315505721686,0.13795693033302225,0.371035967119445,0.9118271340248922,sr_pds,sr_pds,"[('int', 0, 1)]",[],"[('int', 0, 1)]",[],"{('int', 0, 1): 5.101672622351166}",{},dgp3,sr_pds,Interactions,SR-PDS,0.5
189,False,0.5602694642687724,0.19810382856628206,0.1719859602788596,0.9485529682586853,sr_pds,sr_pds,"[('int', 3, 4)]",[],"[('int', 3, 4)]",[],"{('int', 3, 4): 3.293425185120292}",{},dgp3,sr_pds,Interactions,SR-PDS,0.5
190,False,0.19342229132239608,0.24794168460281904,-0.29254341049912924,0.6793879931439214,sr_pds,sr_pds,"[('int', 3, 4)]","[('int', 12, 16), ('int', 16, 21)]","[('int', 3, 4)]","[('int', 12, 16), ('int', 16, 21)]","{('int', 3, 4): 3.0057315947313694}","{('int', 12, 16): -0.13587130972498884, ('int', 16, 21): 0.25723873356039995}",dgp3,sr_pds,Interactions,SR-PDS,0.5
191,False,0.45511432186349876,0.03995073714223085,0.37681087706472627,0.5334177666622713,sr_pds,sr_pds,"[('int', 0, 1), ('int', 3, 4)]",[],"[('int', 0, 1), ('int', 3, 4)]",[],"{('int', 0, 1): 5.005827524510302, ('int', 3, 4): 3.0680010971367326}",{},dgp3,sr_pds,Interactions,SR-PDS,0.5
192,False,0.5443723234835405,0.16633330322364628,0.21835904916519377,0.8703855978018872,sr_pds,sr_pds,"[('int', 0, 1)]",[],"[('int', 0, 1)]",[],"{('int', 0, 1): 4.90513225928049}",{},dgp3,sr_pds,Interactions,SR-PDS,0.5
193,False,0.441049708902705,0.14880356785015866,0.14939471591639403,0.732704701889016,sr_pds,sr_pds,"[('int', 0, 1)]","[('int', 1, 47)]","[('int', 0, 1)]","[('int', 1, 47)]","{('int', 0, 1): 4.90434808034298}","{('int', 1, 47): -0.210627681730278}",dgp3,sr_pds,Interactions,SR-PDS,0.5
194,False,0.4389650718493595,0.19797125142587144,0.05094141905465149,0.8269887246440675,sr_pds,sr_pds,"[('int', 3, 4)]",[],"[('int', 3, 4)]",[],"{('int', 3, 4): 3.005911748024693}",{},dgp3,sr_pds,Interactions,SR-PDS,0.5
195,False,0.5526059033161252,0.12444837896974636,0.3086870805354224,0.7965247260968281,sr_pds,sr_pds,"[('int', 0, 1)]",[],"[('int', 0, 1)]",[],"{('int', 0, 1): 5.0101279837948045}",{},dgp3,sr_pds,Interactions,SR-PDS,0.5
196,False,0.4986172284157439,0.04178529403418686,0.4167180521087377,0.5805164047227501,sr_pds,sr_pds,"[('int', 0, 1), ('int', 3, 4)]",[],"[('int', 0, 1), ('int', 3, 4)]",[],"{('int', 0, 1): 4.881369661047592, ('int', 3, 4): 3.019708752800325}",{},dgp3,sr_pds,Interactions,SR-PDS,0.5
197,False,0.5731928818101056,0.04100958929431738,0.49281408679324357,0.6535716768269677,sr_pds,sr_pds,"[('int', 0, 1), ('int', 3, 4)]",[],"[('int', 0, 1), ('int', 3, 4)]",[],"{('int', 0, 1): 5.0323158293077865, ('int', 3, 4): 3.014305731476562}",{},dgp3,sr_pds,Interactions,SR-PDS,0.5
198,False,0.4388763397412047,0.1433012829794048,0.1580058251015713,0.7197468543808381,sr_pds,sr_pds,"[('int', 0, 1)]",[],"[('int', 0, 1)]",[],"{('int', 0, 1): 5.164496742156951}",{},dgp3,sr_pds,Interactions,SR-PDS,0.5
199,False,0.7450578638909529,0.13500192325632931,0.4804540943085474,1.0096616334733584,sr_pds,sr_pds,"[('int', 0, 1)]",[],"[('int', 0, 1)]",[],"{('int', 0, 1): 5.106105914879688}",{},dgp3,sr_pds,Interactions,SR-PDS,0.5
200,False,0.41973563598507674,0.1333836779197716,0.1583036272623244,0.6811676447078291,sr_pds,sr_pds,"[('int', 0, 1)]",[],"[('int', 0, 1)]",[],"{('int', 0, 1): 4.759622825725059}",{},dgp3,sr_pds,Interactions,SR-PDS,0.5
201,False,0.1661069767927905,0.13663602016422793,-0.10169962272909625,0.4339135763146772,sr_pds,sr_pds,"[('int', 0, 1)]","[('int', 7, 16)]","[('int', 0, 1)]",[],"{('int', 0, 1): 5.151711477640856}",{},dgp3,sr_pds,Interactions,SR-PDS,0.5
202,False,0.42301066149988636,0.041441168005364785,0.3417859722093714,0.5042353507904014,sr_pds,sr_pds,"[('int', 0, 1), ('int', 3, 4)]",[],"[('int', 0, 1), ('int', 3, 4)]",[],"{('int', 0, 1): 4.991989910815196, ('int', 3, 4): 2.931441467741183}",{},dgp3,sr_pds,Interactions,SR-PDS,0.5
203,False,0.5424576615201736,0.03960326492840187,0.464835262260506,0.6200800607798412,sr_pds,sr_pds,"[('int', 0, 1), ('int', 3, 4)]","[('int', 8, 16), ('int', 8, 34)]","[('int', 0, 1), ('int', 3, 4)]",[],"{('int', 0, 1): 4.963295917970651, ('int', 3, 4): 3.0155722851664426}",{},dgp3,sr_pds,Interactions,SR-PDS,0.5
204,False,0.7046944434990918,0.1683780336544614,0.3746734975363475,1.0347153894618362,sr_pds,sr_pds,"[('int', 0, 1)]","[('int', 12, 16), ('int', 12, 30), ('int', 12, 40), ('int', 16, 41), ('int', 16, 46), ('int', 30, 41), ('int', 30, 46), ('int', 40, 41), ('int', 40, 46)]","[('int', 0, 1)]","[('int', 12, 40), ('int', 16, 41), ('int', 16, 46), ('int', 40, 46)]","{('int', 0, 1): 5.12904864291476}","{('int', 12, 40): -0.13641661589457268, ('int', 16, 41): 0.2098373767300688, ('int', 16, 46): -0.20826738571661602, ('int', 40, 46): 0.15634389118227426}",dgp3,sr_pds,Interactions,SR-PDS,0.5
205,False,0.3637642929448218,0.14472928726186454,0.08009488991156732,0.6474336959780763,sr_pds,sr_pds,"[('int', 0, 1)]",[],"[('int', 0, 1)]",[],"{('int', 0, 1): 5.201604930130296}",{},dgp3,sr_pds,Interactions,SR-PDS,0.5
206,False,0.5307747367454468,0.15203568305706794,0.2327847979535937,0.8287646755372999,sr_pds,sr_pds,"[('int', 0, 1)]","[('int', 22, 31)]","[('int', 0, 1)]","[('int', 22, 31)]","{('int', 0, 1): 4.793985243591966}","{('int', 22, 31): -0.1370580150230354}",dgp3,sr_pds,Interactions,SR-PDS,0.5
207,False,0.4866714710543887,0.04566997557061597,0.39715831893598136,0.576184623172796,sr_pds,sr_pds,"[('int', 0, 1), ('int', 3, 4)]","[('cubic', 2, 31), ('cubic', 31, 2), ('cubic', 31, 8), ('cubic', 31, 10)]","[('int', 0, 1), ('int', 3, 4)]","[('cubic', 2, 31), ('cubic', 31, 2), ('cubic', 31, 10)]","{('int', 0, 1): 5.044454896039823, ('int', 3, 4): 2.9908220986457574}","{('cubic', 2, 31): 0.01462601878605849, ('cubic', 31, 2): 0.04723743985439981, ('cubic', 31, 10): -0.012654426466778588}",dgp3,sr_pds,Interactions,SR-PDS,0.5
208,False,0.33235543383868843,0.04291148295351904,0.2482489272497911,0.4164619404275858,sr_pds,sr_pds,"[('int', 0, 1), ('int', 3, 4)]",[],"[('int', 0, 1), ('int', 3, 4)]",[],"{('int', 0, 1): 4.940213774336253, ('int', 3, 4): 2.9918844338158905}",{},dgp3,sr_pds,Interactions,SR-PDS,0.5
209,False,0.21923016013378446,0.26157112589495035,-0.29344924662031824,0.7319095668878872,sr_pds,sr_pds,[],"[('cubic', 16, 13), ('int', 13, 35), ('int', 13, 40)]",[],"[('cubic', 16, 13), ('int', 13, 35)]",{},"{('cubic', 16, 13): 0.03579977062039686, ('int', 13, 35): 0.3465168463427389}",dgp3,sr_pds,Interactions,SR-PDS,0.5
210,False,0.5103519400350445,0.04468452372920105,0.4227702735258104,0.5979336065442785,sr_pds,sr_pds,"[('int', 0, 1), ('int', 3, 4)]",[],"[('int', 0, 1), ('int', 3, 4)]",[],"{('int', 0, 1): 5.029354577292833, ('int', 3, 4): 3.029457520529728}",{},dgp3,sr_pds,Interactions,SR-PDS,0.5
211,False,0.36463647447514946,0.14274556808003055,0.0848551610382896,0.6444177879120093,sr_pds,sr_pds,"[('int', 0, 1)]",[],"[('int', 0, 1)]",[],"{('int', 0, 1): 4.782034970530101}",{},dgp3,sr_pds,Interactions,SR-PDS,0.5
212,False,0.5800083357448202,0.11368772309749164,0.3571803984737366,0.8028362730159039,sr_pds,sr_pds,"[('int', 0, 1)]",[],"[('int', 0, 1)]",[],"{('int', 0, 1): 5.072398064649999}",{},dgp3,sr_pds,Interactions,SR-PDS,0.5
213,False,0.45858739045443214,0.1413111801778694,0.18161747730580813,0.7355573036030562,sr_pds,sr_pds,"[('int', 0, 1)]","[('int', 10, 19), ('int', 19, 47)]","[('int', 0, 1)]","[('int', 19, 47)]","{('int', 0, 1): 5.002066481511875}","{('int', 19, 47): -0.2847869090980196}",dgp3,sr_pds,Interactions,SR-PDS,0.5
214,False,0.5036555839415051,0.14559798557445794,0.21828353221556757,0.7890276356674426,sr_pds,sr_pds,"[('int', 0, 1)]",[],"[('int', 0, 1)]",[],"{('int', 0, 1): 5.220930326237293}",{},dgp3,sr_pds,Interactions,SR-PDS,0.5
215,False,0.5746026016810789,0.04689151277704992,0.4826952366380611,0.6665099667240968,sr_pds,sr_pds,"[('int', 0, 1), ('int', 3, 4)]","[('int', 0, 14), ('int', 14, 29)]","[('int', 0, 1), ('int', 3, 4)]",[],"{('int', 0, 1): 4.999846749048082, ('int', 3, 4): 3.0464918818106956}",{},dgp3,sr_pds,Interactions,SR-PDS,0.5
216,False,0.681345129122528,0.13515684355714389,0.41643771575052596,0.9462525424945301,sr_pds,sr_pds,"[('int', 0, 1)]","[('cubic', 27, 32), ('sq', 27, None)]","[('int', 0, 1)]","[('cubic', 27, 32)]","{('int', 0, 1): 5.001129597665179}","{('cubic', 27, 32): -0.04969039303161952}",dgp3,sr_pds,Interactions,SR-PDS,0.5
217,False,0.5717658889436219,0.25803271757548596,0.06602176249566938,1.0775100153915744,sr_pds,sr_pds,[],"[('int', 18, 30), ('int', 18, 38)]",[],"[('int', 18, 30), ('int', 18, 38)]",{},"{('int', 18, 30): 0.01003193908867492, ('int', 18, 38): 0.07638187877909419}",dgp3,sr_pds,Interactions,SR-PDS,0.5
218,False,0.4776881660539711,0.04257789708146979,0.3942354877742903,0.5611408443336519,sr_pds,sr_pds,"[('int', 0, 1), ('int', 3, 4)]",[],"[('int', 0, 1), ('int', 3, 4)]",[],"{('int', 0, 1): 5.080399138985513, ('int', 3, 4): 2.946762874596951}",{},dgp3,sr_pds,Interactions,SR-PDS,0.5
219,False,0.12979390401987032,0.1526609436767839,-0.16942154558662612,0.4290093536263667,sr_pds,sr_pds,"[('int', 0, 1), ('int', 5, 21)]","[('int', 24, 25)]","[('int', 0, 1), ('int', 5, 21)]","[('int', 24, 25)]","{('int', 0, 1): 5.075650975114244, ('int', 5, 21): 0.3145734754853631}","{('int', 24, 25): 0.08552390236325891}",dgp3,sr_pds,Interactions,SR-PDS,0.5
220,False,0.5212253655534218,0.046328810205060536,0.43042089755150315,0.6120298335553405,sr_pds,sr_pds,"[('int', 0, 1), ('int', 3, 4)]","[('cubic', 2, 37), ('int', 2, 37)]","[('int', 0, 1), ('int', 3, 4)]",[],"{('int', 0, 1): 4.96596179566371, ('int', 3, 4): 2.9361341589912735}",{},dgp3,sr_pds,Interactions,SR-PDS,0.5
221,False,0.5557639695922069,0.1513982519195526,0.25902339582988376,0.85250454335453,sr_pds,sr_pds,"[('int', 0, 1)]","[('int', 16, 32), ('int', 16, 34), ('int', 19, 32), ('int', 19, 34)]","[('int', 0, 1)]","[('int', 16, 32)]","{('int', 0, 1): 5.217416272976704}","{('int', 16, 32): -0.25392807229646325}",dgp3,sr_pds,Interactions,SR-PDS,0.5
222,False,0.41190598437454,0.11164789089663409,0.19307611821713722,0.6307358505319428,sr_pds,sr_pds,"[('int', 0, 1)]",[],"[('int', 0, 1)]",[],"{('int', 0, 1): 4.937197450664556}",{},dgp3,sr_pds,Interactions,SR-PDS,0.5
223,False,0.5403019138213144,0.1564828176152391,0.23359559129544577,0.8470082363471831,sr_pds,sr_pds,"[('int', 0, 1)]","[('int', 7, 31), ('sq', 7, None)]","[('int', 0, 1)]","[('sq', 7, None)]","{('int', 0, 1): 5.113037429354846}","{('sq', 7, None): -0.04456551420301536}",dgp3,sr_pds,Interactions,SR-PDS,0.5
224,False,0.4296232738693334,0.042771907807161766,0.34579033456729635,0.5134562131713705,sr_pds,sr_pds,"[('int', 0, 1), ('int', 3, 4)]","[('int', 10, 35)]","[('int', 0, 1), ('int', 3, 4)]",[],"{('int', 0, 1): 4.99566619115178, ('int', 3, 4): 3.0151298771243034}",{},dgp3,sr_pds,Interactions,SR-PDS,0.5
225,False,0.7007741565843191,0.12339945960285618,0.458911215762721,0.9426370974059172,sr_pds,sr_pds,"[('int', 0, 1)]",[],"[('int', 0, 1)]",[],"{('int', 0, 1): 5.0136682255764375}",{},dgp3,sr_pds,Interactions,SR-PDS,0.5
226,False,0.4554542981230024,0.13226115254882245,0.1962224391273104,0.7146861571186944,sr_pds,sr_pds,"[('int', 0, 1)]","[('int', 0, 41), ('int', 4, 39), ('int', 31, 41)]","[('int', 0, 1)]",[],"{('int', 0, 1): 4.903981002550623}",{},dgp3,sr_pds,Interactions,SR-PDS,0.5
227,False,0.5199214058151828,0.13511547331639234,0.2550950781150538,0.7847477335153117,sr_pds,sr_pds,"[('int', 0, 1)]",[],"[('int', 0, 1)]",[],"{('int', 0, 1): 5.032161602090828}",{},dgp3,sr_pds,Interactions,SR-PDS,0.5
228,False,0.53583528161106,0.04203165803477565,0.4534532318628997,0.6182173313592203,sr_pds,sr_pds,"[('int', 0, 1), ('int', 3, 4)]",[],"[('int', 0, 1), ('int', 3, 4)]",[],"{('int', 0, 1): 4.9902497909626256, ('int', 3, 4): 3.0102872137988257}",{},dgp3,sr_pds,Interactions,SR-PDS,0.5
229,False,0.5325037624875655,0.14587483229760712,0.24658909118425554,0.8184184337908754,sr_pds,sr_pds,"[('int', 0, 1)]","[('int', 1, 27), ('int', 1, 45)]","[('int', 0, 1)]","[('int', 1, 27)]","{('int', 0, 1): 4.9301226185292775}","{('int', 1, 27): 0.22407761844588764}",dgp3,sr_pds,Interactions,SR-PDS,0.5
230,False,0.502614255849396,0.14103275723089703,0.2261900516768378,0.7790384600219542,sr_pds,sr_pds,"[('int', 0, 1)]","[('int', 19, 23), ('int', 19, 24), ('int', 19, 29)]","[('int', 0, 1)]","[('int', 19, 29)]","{('int', 0, 1): 5.094639947782683}","{('int', 19, 29): 0.13198369722809164}",dgp3,sr_pds,Interactions,SR-PDS,0.5
231,False,0.36895527252215,0.11284843415944183,0.147772341569644,0.590138203474656,sr_pds,sr_pds,"[('int', 0, 1)]",[],"[('int', 0, 1)]",[],"{('int', 0, 1): 4.583817708223803}",{},dgp3,sr_pds,Interactions,SR-PDS,0.5
232,False,0.5382100979475766,0.12969394983302743,0.2840099562748428,0.7924102396203103,sr_pds,sr_pds,"[('int', 0, 1)]",[],"[('int', 0, 1)]",[],"{('int', 0, 1): 5.006814774848343}",{},dgp3,sr_pds,Interactions,SR-PDS,0.5
233,False,0.49060289225600023,0.04581081264050835,0.40081369948060386,0.5803920850313966,sr_pds,sr_pds,"[('int', 0, 1), ('int', 3, 4)]",[],"[('int', 0, 1), ('int', 3, 4)]",[],"{('int', 0, 1): 4.889002663042525, ('int', 3, 4): 2.991309159278875}",{},dgp3,sr_pds,Interactions,SR-PDS,0.5
234,False,0.7543025650539723,0.125183687745151,0.5089425370734764,0.9996625930344682,sr_pds,sr_pds,"[('int', 0, 1)]","[('int', 8, 23), ('int', 23, 24), ('int', 23, 38), ('int', 23, 48)]","[('int', 0, 1)]","[('int', 8, 23), ('int', 23, 24)]","{('int', 0, 1): 4.918225302510184}","{('int', 8, 23): 0.20383671172482581, ('int', 23, 24): -0.09103866314734052}",dgp3,sr_pds,Interactions,SR-PDS,0.5
235,False,0.7868093537104472,0.1946259053052221,0.4053425793122119,1.1682761281086826,sr_pds,sr_pds,"[('int', 3, 4)]",[],"[('int', 3, 4)]",[],"{('int', 3, 4): 2.867107760204056}",{},dgp3,sr_pds,Interactions,SR-PDS,0.5
236,False,0.1926494413138266,0.14184202601789936,-0.08536092968125614,0.47065981230890935,sr_pds,sr_pds,"[('int', 0, 1)]",[],"[('int', 0, 1)]",[],"{('int', 0, 1): 4.86098250732527}",{},dgp3,sr_pds,Interactions,SR-PDS,0.5
237,False,0.5357812569474238,0.141427259941001,0.2585838274630619,0.8129786864317858,sr_pds,sr_pds,"[('int', 0, 1)]","[('int', 31, 45)]","[('int', 0, 1)]",[],"{('int', 0, 1): 5.319634515147671}",{},dgp3,sr_pds,Interactions,SR-PDS,0.5
238,False,0.7485042226692733,0.28688193947628715,0.18621562129575053,1.310792824042796,sr_pds,sr_pds,"[('int', 3, 4)]","[('int', 5, 12), ('int', 5, 46), ('int', 10, 12), ('int', 12, 28), ('int', 30, 46)]","[('int', 3, 4)]","[('int', 5, 12), ('int', 10, 12), ('int', 12, 28), ('int', 30, 46)]","{('int', 3, 4): 3.055723326537029}","{('int', 5, 12): -0.3218577854830336, ('int', 10, 12): 0.024823222932773455, ('int', 12, 28): 0.14061077935150873, ('int', 30, 46): -0.18316370982201374}",dgp3,sr_pds,Interactions,SR-PDS,0.5
239,False,0.5945527334598464,0.15318272014963186,0.29431460196656795,0.8947908649531249,sr_pds,sr_pds,"[('int', 0, 1)]","[('int', 0, 30)]","[('int', 0, 1)]","[('int', 0, 30)]","{('int', 0, 1): 4.985021317107905}","{('int', 0, 30): 0.12695394648431615}",dgp3,sr_pds,Interactions,SR-PDS,0.5
240,False,0.24999931229503103,0.12259491553972925,0.009713277837161721,0.49028534675290036,sr_pds,sr_pds,"[('int', 0, 1)]",[],"[('int', 0, 1)]",[],"{('int', 0, 1): 5.117460223849586}",{},dgp3,sr_pds,Interactions,SR-PDS,0.5
241,False,0.6553871528040581,0.2649200778860552,0.13614380014738992,1.1746305054607262,sr_pds,sr_pds,[],[],[],[],{},{},dgp3,sr_pds,Interactions,SR-PDS,0.5
242,False,0.6130580387967592,0.2280049635060093,0.16616831032498103,1.0599477672685373,sr_pds,sr_pds,"[('int', 3, 4)]","[('int', 7, 35)]","[('int', 3, 4)]",[],"{('int', 3, 4): 2.734983062904827}",{},dgp3,sr_pds,Interactions,SR-PDS,0.5
243,False,0.504759871953968,0.140583723208649,0.22921577446501595,0.78030396944292,sr_pds,sr_pds,"[('int', 0, 1)]",[],"[('int', 0, 1)]",[],"{('int', 0, 1): 4.9393027348160485}",{},dgp3,sr_pds,Interactions,SR-PDS,0.5
244,False,0.44223694625752485,0.1167296887029234,0.213446756399795,0.6710271361152547,sr_pds,sr_pds,"[('int', 0, 1)]","[('int', 12, 49), ('int', 20, 49), ('int', 26, 49), ('int', 42, 49)]","[('int', 0, 1)]",[],"{('int', 0, 1): 4.980884243733649}",{},dgp3,sr_pds,Interactions,SR-PDS,0.5
245,False,0.4243881453363309,0.04358170693363432,0.3389679997464076,0.5098082909262541,sr_pds,sr_pds,"[('int', 0, 1), ('int', 3, 4)]","[('int', 1, 13), ('int', 34, 37)]","[('int', 0, 1), ('int', 3, 4)]",[],"{('int', 0, 1): 4.968195948514611, ('int', 3, 4): 3.0578133026834364}",{},dgp3,sr_pds,Interactions,SR-PDS,0.5
246,False,0.18011609175967036,0.23102328999116908,-0.272689556623021,0.6329217401423617,sr_pds,sr_pds,"[('int', 3, 4)]",[],"[('int', 3, 4)]",[],"{('int', 3, 4): 3.1631690620206316}",{},dgp3,sr_pds,Interactions,SR-PDS,0.5
247,False,0.4625904543833996,0.1468556228979074,0.1747534335035011,0.750427475263298,sr_pds,sr_pds,"[('int', 0, 1)]","[('int', 30, 49), ('int', 37, 49)]","[('int', 0, 1)]",[],"{('int', 0, 1): 4.940423771081437}",{},dgp3,sr_pds,Interactions,SR-PDS,0.5
248,False,0.4979811730220022,0.04747143653959228,0.4049371574044013,0.5910251886396031,sr_pds,sr_pds,"[('int', 0, 1), ('int', 3, 4)]",[],"[('int', 0, 1), ('int', 3, 4)]",[],"{('int', 0, 1): 4.919465199548067, ('int', 3, 4): 2.9063380869313598}",{},dgp3,sr_pds,Interactions,SR-PDS,0.5
249,False,0.5520729499682022,0.12492669850998399,0.3072166208886336,0.7969292790477709,sr_pds,sr_pds,"[('int', 0, 1)]","[('int', 7, 20)]","[('int', 0, 1)]",[],"{('int', 0, 1): 5.153553355318096}",{},dgp3,sr_pds,Interactions,SR-PDS,0.5
250,False,0.8138180264848635,0.1565992607816941,0.506883475352743,1.120752577616984,sr_pds,sr_pds,"[('int', 0, 1)]",[],"[('int', 0, 1)]",[],"{('int', 0, 1): 5.14991861812898}",{},dgp3,sr_pds,Interactions,SR-PDS,0.5
251,False,0.14451340996129577,0.13327424560870627,-0.11670411143176848,0.40573093135436,sr_pds,sr_pds,"[('int', 0, 1)]","[('int', 5, 25), ('int', 25, 35), ('int', 25, 45)]","[('int', 0, 1)]","[('int', 25, 45)]","{('int', 0, 1): 4.939081672514754}","{('int', 25, 45): -0.19157978001649903}",dgp3,sr_pds,Interactions,SR-PDS,0.5
252,False,0.3655139699808908,0.12438698894156575,0.12171547165542196,0.6093124683063597,sr_pds,sr_pds,"[('int', 0, 1)]",[],"[('int', 0, 1)]",[],"{('int', 0, 1): 4.978761826139172}",{},dgp3,sr_pds,Interactions,SR-PDS,0.5
253,False,0.6072522193516445,0.14866809592346622,0.31586275134165076,0.8986416873616383,sr_pds,sr_pds,"[('int', 0, 1)]",[],"[('int', 0, 1)]",[],"{('int', 0, 1): 5.031127088795466}",{},dgp3,sr_pds,Interactions,SR-PDS,0.5
254,False,0.48496841044314987,0.047293138317112404,0.3922738593416096,0.5776629615446902,sr_pds,sr_pds,"[('int', 0, 1), ('int', 3, 4)]","[('int', 0, 22), ('int', 0, 41)]","[('int', 0, 1), ('int', 3, 4)]",[],"{('int', 0, 1): 5.00585972119767, ('int', 3, 4): 2.9966793530083984}",{},dgp3,sr_pds,Interactions,SR-PDS,0.5
255,False,0.2848274789945298,0.1466414234217417,-0.0025897109120838757,0.5722446689011436,sr_pds,sr_pds,"[('int', 0, 1)]",[],"[('int', 0, 1)]",[],"{('int', 0, 1): 5.261074637483651}",{},dgp3,sr_pds,Interactions,SR-PDS,0.5
256,False,0.607142270160778,0.1310532136845626,0.3502779713390353,0.8640065689825207,sr_pds,sr_pds,"[('int', 0, 1)]",[],"[('int', 0, 1)]",[],"{('int', 0, 1): 4.760920082075259}",{},dgp3,sr_pds,Interactions,SR-PDS,0.5
257,False,0.49870271064249966,0.0454993817046023,0.4095239225014792,0.5878814987835201,sr_pds,sr_pds,"[('int', 0, 1), ('int', 3, 4)]",[],"[('int', 0, 1), ('int', 3, 4)]",[],"{('int', 0, 1): 5.000635343016583, ('int', 3, 4): 2.997068594873594}",{},dgp3,sr_pds,Interactions,SR-PDS,0.5
258,False,0.5263023232109566,0.045758979690914706,0.4366147230167638,0.6159899234051495,sr_pds,sr_pds,"[('int', 0, 1), ('int', 3, 4)]","[('int', 23, 49)]","[('int', 0, 1), ('int', 3, 4)]",[],"{('int', 0, 1): 5.111337398731429, ('int', 3, 4): 3.072387532785483}",{},dgp3,sr_pds,Interactions,SR-PDS,0.5
259,False,0.5597775784016824,0.14400017505093246,0.2775372353018548,0.84201792150151,sr_pds,sr_pds,"[('int', 0, 1)]","[('int', 27, 45)]","[('int', 0, 1)]","[('int', 27, 45)]","{('int', 0, 1): 5.030304899513106}","{('int', 27, 45): 0.1662599425523053}",dgp3,sr_pds,Interactions,SR-PDS,0.5
260,False,0.5634311753610108,0.2641319881248816,0.04573247863624297,1.0811298720857787,sr_pds,sr_pds,[],"[('int', 10, 33), ('int', 10, 47), ('sq', 10, None)]",[],"[('sq', 10, None)]",{},"{('sq', 10, None): -0.0690601879612825}",dgp3,sr_pds,Interactions,SR-PDS,0.5
261,False,0.7043622146882901,0.13878580882391112,0.4323420293934243,0.9763823999831558,sr_pds,sr_pds,"[('int', 0, 1)]","[('int', 11, 23), ('int', 23, 47)]","[('int', 0, 1)]","[('int', 23, 47)]","{('int', 0, 1): 4.944338453909348}","{('int', 23, 47): 0.2573468375619792}",dgp3,sr_pds,Interactions,SR-PDS,0.5
262,False,0.543562704964785,0.04604437726837054,0.45331572551877874,0.6338096844107912,sr_pds,sr_pds,"[('int', 0, 1), ('int', 0, 4), ('int', 3, 4), ('int', 4, 5)]","[('int', 4, 24), ('int', 11, 24), ('int', 24, 48)]","[('int', 0, 1), ('int', 3, 4)]",[],"{('int', 0, 1): 4.983107146131823, ('int', 3, 4): 2.949177235039368}",{},dgp3,sr_pds,Interactions,SR-PDS,0.5
263,False,0.4810456681913828,0.05248261066808597,0.37817975128193426,0.5839115851008313,sr_pds,sr_pds,"[('int', 0, 1), ('int', 3, 4), ('int', 3, 35), ('int', 5, 15)]","[('int', 21, 27), ('int', 21, 46)]","[('int', 0, 1), ('int', 3, 4)]",[],"{('int', 0, 1): 5.0198878562041465, ('int', 3, 4): 2.9528633472443975}",{},dgp3,sr_pds,Interactions,SR-PDS,0.5
264,False,0.5136065053028039,0.2442623258439835,0.03485234664859632,0.9923606639570115,sr_pds,sr_pds,"[('int', 3, 4)]","[('int', 27, 33), ('int', 33, 37), ('int', 33, 47)]","[('int', 3, 4)]","[('int', 33, 47)]","{('int', 3, 4): 3.1401208028773855}","{('int', 33, 47): 0.348220597495896}",dgp3,sr_pds,Interactions,SR-PDS,0.5
265,False,0.5490791139193446,0.04397177984466397,0.4628944254238032,0.635263802414886,sr_pds,sr_pds,"[('int', 0, 1), ('int', 3, 4)]",[],"[('int', 0, 1), ('int', 3, 4)]",[],"{('int', 0, 1): 4.9589659267490305, ('int', 3, 4): 2.9995959837486708}",{},dgp3,sr_pds,Interactions,SR-PDS,0.5
266,False,0.8005245238919463,0.17660058628173123,0.4543873747797531,1.1466616730041395,sr_pds,sr_pds,"[('int', 0, 1)]","[('int', 12, 39)]","[('int', 0, 1)]","[('int', 12, 39)]","{('int', 0, 1): 5.132055623402229}","{('int', 12, 39): -0.22314620377989589}",dgp3,sr_pds,Interactions,SR-PDS,0.5
267,False,0.8099472106109685,0.24298019735825238,0.3337060237887939,1.2861883974331432,sr_pds,sr_pds,[],"[('int', 23, 35)]",[],"[('int', 23, 35)]",{},"{('int', 23, 35): 0.3247335982098127}",dgp3,sr_pds,Interactions,SR-PDS,0.5
268,False,0.5410698300136431,0.049409401872329804,0.44422740234387664,0.6379122576834095,sr_pds,sr_pds,"[('int', 0, 1), ('int', 3, 4)]","[('int', 16, 46), ('int', 16, 49)]","[('int', 0, 1), ('int', 3, 4)]","[('int', 16, 49)]","{('int', 0, 1): 5.026159127200288, ('int', 3, 4): 2.9400068928718195}","{('int', 16, 49): 0.1309319473034711}",dgp3,sr_pds,Interactions,SR-PDS,0.5
269,False,0.5467830756771601,0.11485718296379804,0.32166299706811596,0.7719031542862043,sr_pds,sr_pds,"[('int', 0, 1)]","[('int', 2, 32), ('int', 24, 32), ('int', 32, 44)]","[('int', 0, 1)]","[('int', 24, 32), ('int', 32, 44)]","{('int', 0, 1): 5.102131452819269}","{('int', 24, 32): 0.29145013655471924, ('int', 32, 44): -0.11890025395399699}",dgp3,sr_pds,Interactions,SR-PDS,0.5
270,False,0.42439966607735596,0.03982365762300606,0.34634529713626405,0.5024540350184479,sr_pds,sr_pds,"[('int', 0, 1), ('int', 3, 4)]",[],"[('int', 0, 1), ('int', 3, 4)]",[],"{('int', 0, 1): 4.983727590696382, ('int', 3, 4): 2.967375635890507}",{},dgp3,sr_pds,Interactions,SR-PDS,0.5
271,False,0.5836773916773912,0.14883884627117713,0.29195325298588404,0.8754015303688983,sr_pds,sr_pds,"[('int', 0, 1)]",[],"[('int', 0, 1)]",[],"{('int', 0, 1): 5.039220463231201}",{},dgp3,sr_pds,Interactions,SR-PDS,0.5
272,False,0.43391590998040136,0.1407911859112472,0.15796518559435685,0.7098666343664459,sr_pds,sr_pds,"[('int', 0, 1)]",[],"[('int', 0, 1)]",[],"{('int', 0, 1): 4.804252616729241}",{},dgp3,sr_pds,Interactions,SR-PDS,0.5
273,False,0.14891223192632205,0.29285616548261506,-0.4250858524196034,0.7229103162722476,sr_pds,sr_pds,[],"[('int', 23, 28)]",[],"[('int', 23, 28)]",{},"{('int', 23, 28): 0.15327623196091997}",dgp3,sr_pds,Interactions,SR-PDS,0.5
274,False,0.38109604104546757,0.26131570188589953,-0.13108273465089548,0.8932748167418306,sr_pds,sr_pds,[],"[('int', 9, 23), ('int', 23, 37)]",[],"[('int', 9, 23)]",{},"{('int', 9, 23): -0.5141168078273366}",dgp3,sr_pds,Interactions,SR-PDS,0.5
275,False,0.5278977412224491,0.046251784630949234,0.43724424334578865,0.6185512390991097,sr_pds,sr_pds,"[('int', 0, 1), ('int', 3, 4)]",[],"[('int', 0, 1), ('int', 3, 4)]",[],"{('int', 0, 1): 4.9472421695089075, ('int', 3, 4): 2.971182080440644}",{},dgp3,sr_pds,Interactions,SR-PDS,0.5
276,False,0.4675857339775819,0.044765049738864145,0.3798462364894082,0.5553252314657556,sr_pds,sr_pds,"[('int', 0, 1), ('int', 3, 4)]","[('int', 8, 49)]","[('int', 0, 1), ('int', 3, 4)]","[('int', 8, 49)]","{('int', 0, 1): 4.957891157897342, ('int', 3, 4): 3.0304298985516542}","{('int', 8, 49): 0.042043700498170314}",dgp3,sr_pds,Interactions,SR-PDS,0.5
277,False,0.48432482572659213,0.04784525997236061,0.39054811618076535,0.5781015352724189,sr_pds,sr_pds,"[('int', 0, 1), ('int', 3, 4)]","[('int', 13, 42), ('int', 31, 42)]","[('int', 0, 1), ('int', 3, 4)]","[('int', 13, 42)]","{('int', 0, 1): 5.055543024001495, ('int', 3, 4): 3.044358720699398}","{('int', 13, 42): -0.12490365936062717}",dgp3,sr_pds,Interactions,SR-PDS,0.5
278,False,0.6794807693550113,0.1337123733224579,0.41740451764299386,0.9415570210670288,sr_pds,sr_pds,"[('int', 0, 1)]","[('int', 13, 35), ('int', 16, 35)]","[('int', 0, 1)]",[],"{('int', 0, 1): 4.865121048820677}",{},dgp3,sr_pds,Interactions,SR-PDS,0.5
279,False,0.4884331593260745,0.16144274366927722,0.17200538173429114,0.8048609369178579,sr_pds,sr_pds,"[('int', 0, 1)]",[],"[('int', 0, 1)]",[],"{('int', 0, 1): 5.05836484717195}",{},dgp3,sr_pds,Interactions,SR-PDS,0.5
280,False,0.45835882493603103,0.14103636501302938,0.18192754951049345,0.7347901003615687,sr_pds,sr_pds,"[('int', 0, 1), ('int', 2, 5)]","[('int', 9, 20), ('int', 9, 29), ('int', 20, 38), ('int', 20, 46), ('int', 29, 38), ('int', 29, 46)]","[('int', 0, 1), ('int', 2, 5)]","[('int', 20, 38)]","{('int', 0, 1): 5.114550447934665, ('int', 2, 5): -0.3304221413671733}","{('int', 20, 38): 0.29963263222240744}",dgp3,sr_pds,Interactions,SR-PDS,0.5
281,False,0.5842537499165655,0.1281820399585406,0.33301695159782596,0.8354905482353051,sr_pds,sr_pds,"[('int', 0, 1)]","[('int', 12, 43)]","[('int', 0, 1)]","[('int', 12, 43)]","{('int', 0, 1): 5.011636523023893}","{('int', 12, 43): 0.247521136271379}",dgp3,sr_pds,Interactions,SR-PDS,0.5
282,False,0.3503524005258386,0.2367949494790767,-0.11376570045315171,0.8144705015048289,sr_pds,sr_pds,"[('int', 3, 4)]","[('int', 4, 10), ('int', 4, 16), ('int', 10, 33), ('int', 10, 40), ('int', 16, 33), ('int', 16, 40)]","[('int', 3, 4)]","[('int', 10, 40), ('int', 16, 33), ('int', 16, 40)]","{('int', 3, 4): 2.6878593853989976}","{('int', 10, 40): -0.35676662085806726, ('int', 16, 33): -0.31599536866778793, ('int', 16, 40): 0.19009511341707253}",dgp3,sr_pds,Interactions,SR-PDS,0.5
283,False,0.5241401189647615,0.041621248051216135,0.4425624727843779,0.6057177651451452,sr_pds,sr_pds,"[('int', 0, 1), ('int', 3, 4)]",[],"[('int', 0, 1), ('int', 3, 4)]",[],"{('int', 0, 1): 5.005528785957481, ('int', 3, 4): 3.0259199235844187}",{},dgp3,sr_pds,Interactions,SR-PDS,0.5
284,False,0.4491056751256912,0.04483171658341256,0.3612355106222026,0.5369758396291798,sr_pds,sr_pds,"[('int', 0, 1), ('int', 3, 4)]","[('int', 29, 48)]","[('int', 0, 1), ('int', 3, 4)]",[],"{('int', 0, 1): 4.977581883738205, ('int', 3, 4): 3.027974840359084}",{},dgp3,sr_pds,Interactions,SR-PDS,0.5
285,False,0.5097890274991885,0.04530832802779309,0.4209847045647141,0.598593350433663,sr_pds,sr_pds,"[('int', 0, 1), ('int', 3, 4)]","[('int', 4, 11), ('int', 4, 40), ('int', 21, 44), ('int', 31, 44), ('int', 37, 44), ('int', 44, 45), ('int', 44, 46)]","[('int', 0, 1), ('int', 3, 4)]",[],"{('int', 0, 1): 4.9392914516703295, ('int', 3, 4): 3.064952935898793}",{},dgp3,sr_pds,Interactions,SR-PDS,0.5
286,False,0.48036932609879823,0.04214539789957502,0.39776434621563117,0.5629743059819653,sr_pds,sr_pds,"[('int', 0, 1), ('int', 3, 4), ('int', 4, 5)]","[('int', 1, 46)]","[('int', 0, 1), ('int', 3, 4)]",[],"{('int', 0, 1): 4.9533436801561255, ('int', 3, 4): 3.0205611991266426}",{},dgp3,sr_pds,Interactions,SR-PDS,0.5
287,False,0.5728231714671708,0.13100359105503775,0.31605613299929675,0.8295902099350447,sr_pds,sr_pds,"[('int', 0, 1)]",[],"[('int', 0, 1)]",[],"{('int', 0, 1): 5.010551658113521}",{},dgp3,sr_pds,Interactions,SR-PDS,0.5
288,False,0.6045253023724988,0.1330710641469995,0.3437060166443798,0.8653445881006179,sr_pds,sr_pds,"[('int', 0, 1)]",[],"[('int', 0, 1)]",[],"{('int', 0, 1): 4.87948911347626}",{},dgp3,sr_pds,Interactions,SR-PDS,0.5
289,False,0.8167083642079636,0.1350427107263573,0.5520246511843032,1.081392077231624,sr_pds,sr_pds,"[('int', 0, 1)]",[],"[('int', 0, 1)]",[],"{('int', 0, 1): 4.928792302854115}",{},dgp3,sr_pds,Interactions,SR-PDS,0.5
290,False,0.29588837268480833,0.1264301276930587,0.04808532240641328,0.5436914229632034,sr_pds,sr_pds,"[('int', 0, 1)]",[],"[('int', 0, 1)]",[],"{('int', 0, 1): 4.962509994428415}",{},dgp3,sr_pds,Interactions,SR-PDS,0.5
291,False,0.5074049758743143,0.043031520738578466,0.42306319522670055,0.5917467565219281,sr_pds,sr_pds,"[('int', 0, 1), ('int', 3, 4)]","[('cubic', 24, 8), ('int', 8, 24)]","[('int', 0, 1), ('int', 3, 4)]",[],"{('int', 0, 1): 5.04251461921807, ('int', 3, 4): 2.969742767972581}",{},dgp3,sr_pds,Interactions,SR-PDS,0.5
292,False,0.3775688131462161,0.1545195299084085,0.07471053452573545,0.6804270917666968,sr_pds,sr_pds,"[('int', 0, 1)]","[('int', 11, 31)]","[('int', 0, 1)]",[],"{('int', 0, 1): 5.1222276616123}",{},dgp3,sr_pds,Interactions,SR-PDS,0.5
293,False,0.6342998464415328,0.13087099039192654,0.3777927052733568,0.8908069876097089,sr_pds,sr_pds,"[('int', 0, 1)]","[('int', 3, 22), ('int', 3, 27), ('int', 3, 49)]","[('int', 0, 1)]",[],"{('int', 0, 1): 5.079081105081465}",{},dgp3,sr_pds,Interactions,SR-PDS,0.5
294,False,0.4090768516326796,0.1286489290187011,0.15692495075602547,0.6612287525093337,sr_pds,sr_pds,"[('int', 0, 1)]",[],"[('int', 0, 1)]",[],"{('int', 0, 1): 5.172826179614969}",{},dgp3,sr_pds,Interactions,SR-PDS,0.5
295,False,0.3018807671289814,0.17317614300495937,-0.037544473160739,0.6413060074187018,sr_pds,sr_pds,"[('int', 0, 1)]","[('int', 14, 35), ('int', 30, 35)]","[('int', 0, 1)]",[],"{('int', 0, 1): 4.709900137853876}",{},dgp3,sr_pds,Interactions,SR-PDS,0.5
296,False,0.5725460396082612,0.23531145520184385,0.11133558741264726,1.0337564918038753,sr_pds,sr_pds,[],"[('int', 12, 37)]",[],[],{},{},dgp3,sr_pds,Interactions,SR-PDS,0.5
297,False,0.5432882451216398,0.145285168173526,0.2585293155015288,0.8280471747417507,sr_pds,sr_pds,"[('int', 0, 1)]",[],"[('int', 0, 1)]",[],"{('int', 0, 1): 5.083726440445271}",{},dgp3,sr_pds,Interactions,SR-PDS,0.5
298,False,0.42775071045619495,0.047589248630180006,0.33447578314104215,0.5210256377713478,sr_pds,sr_pds,"[('int', 0, 1), ('int', 3, 4)]","[('int', 0, 39), ('int', 28, 39)]","[('int', 0, 1), ('int', 3, 4)]",[],"{('int', 0, 1): 4.985223089817179, ('int', 3, 4): 3.001056138372783}",{},dgp3,sr_pds,Interactions,SR-PDS,0.5
299,False,0.32822046756147694,0.14271488916623998,0.04849928479564658,0.6079416503273073,sr_pds,sr_pds,"[('int', 0, 1)]",[],"[('int', 0, 1)]",[],"{('int', 0, 1): 5.174975962975329}",{},dgp3,sr_pds,Interactions,SR-PDS,0.5
300,False,0.3165078491658834,0.22983405636034027,-0.13396690130038347,0.7669825996321503,sr_pds,sr_pds,[],"[('int', 6, 41), ('int', 41, 44)]",[],"[('int', 6, 41)]",{},"{('int', 6, 41): -0.3704895123012098}",dgp3,sr_pds,Interactions,SR-PDS,0.5
301,False,0.5496615358792932,0.04278875277825128,0.4657955804339207,0.6335274913246658,sr_pds,sr_pds,"[('int', 0, 1), ('int', 3, 4)]","[('int', 4, 36), ('int', 4, 43), ('int', 4, 46)]","[('int', 0, 1), ('int', 3, 4)]",[],"{('int', 0, 1): 5.004726080194734, ('int', 3, 4): 3.0734981268661024}",{},dgp3,sr_pds,Interactions,SR-PDS,0.5
302,False,0.47358816170324364,0.04487360201482529,0.38563590175418605,0.5615404216523012,sr_pds,sr_pds,"[('int', 0, 1), ('int', 3, 4)]","[('int', 4, 30), ('int', 6, 30), ('int', 19, 30), ('int', 30, 45)]","[('int', 0, 1), ('int', 3, 4)]",[],"{('int', 0, 1): 4.945361111508668, ('int', 3, 4): 2.9912616048246132}",{},dgp3,sr_pds,Interactions,SR-PDS,0.5
303,False,0.5266123395285311,0.12000059931722884,0.29141116486676266,0.7618135141902996,sr_pds,sr_pds,"[('int', 0, 1)]","[('int', 10, 49), ('int', 19, 49)]","[('int', 0, 1)]",[],"{('int', 0, 1): 4.7617109980676355}",{},dgp3,sr_pds,Interactions,SR-PDS,0.5
304,False,0.5112869638349081,0.04663382660554019,0.41988466368804933,0.6026892639817669,sr_pds,sr_pds,"[('int', 0, 1), ('int', 3, 4)]","[('int', 7, 48)]","[('int', 0, 1), ('int', 3, 4)]",[],"{('int', 0, 1): 5.015960886830161, ('int', 3, 4): 2.918959451327759}",{},dgp3,sr_pds,Interactions,SR-PDS,0.5
305,False,0.3612396174648516,0.12286570606117694,0.12042283358494482,0.6020564013447585,sr_pds,sr_pds,"[('int', 0, 1)]",[],"[('int', 0, 1)]",[],"{('int', 0, 1): 5.046855294937688}",{},dgp3,sr_pds,Interactions,SR-PDS,0.5
306,False,0.5077425594813751,0.12543928627543013,0.2618815583815321,0.7536035605812181,sr_pds,sr_pds,"[('int', 0, 1)]","[('int', 7, 24)]","[('int', 0, 1)]","[('int', 7, 24)]","{('int', 0, 1): 4.845473622421076}","{('int', 7, 24): 0.2737004929293763}",dgp3,sr_pds,Interactions,SR-PDS,0.5
307,False,0.3120651017590609,0.1412873216761297,0.03514195127384667,0.5889882522442751,sr_pds,sr_pds,"[('int', 0, 1)]",[],"[('int', 0, 1)]",[],"{('int', 0, 1): 5.1956339284152}",{},dgp3,sr_pds,Interactions,SR-PDS,0.5
308,False,0.5092679564944937,0.1336551789862697,0.24730380568140514,0.7712321073075823,sr_pds,sr_pds,"[('int', 0, 1)]",[],"[('int', 0, 1)]",[],"{('int', 0, 1): 4.859753224945934}",{},dgp3,sr_pds,Interactions,SR-PDS,0.5
309,False,0.30846735662924224,0.1593628548660403,-0.003883838908196713,0.6208185521666811,sr_pds,sr_pds,"[('int', 0, 1)]","[('int', 15, 49)]","[('int', 0, 1)]","[('int', 15, 49)]","{('int', 0, 1): 4.762078206325968}","{('int', 15, 49): 0.07847739557731877}",dgp3,sr_pds,Interactions,SR-PDS,0.5
310,False,0.45844875274501296,0.13310315212426155,0.19756657458146032,0.7193309309085656,sr_pds,sr_pds,"[('int', 0, 1)]",[],"[('int', 0, 1)]",[],"{('int', 0, 1): 4.826346396773975}",{},dgp3,sr_pds,Interactions,SR-PDS,0.5
311,False,0.2924230235904687,0.1439795852121182,0.010223036574717015,0.5746230106062203,sr_pds,sr_pds,"[('int', 0, 1)]",[],"[('int', 0, 1)]",[],"{('int', 0, 1): 5.02128010405154}",{},dgp3,sr_pds,Interactions,SR-PDS,0.5
312,False,0.43212655075901146,0.14021801673872175,0.15729923795111683,0.7069538635669061,sr_pds,sr_pds,"[('int', 0, 1)]","[('cubic', 19, 5)]","[('int', 0, 1)]","[('cubic', 19, 5)]","{('int', 0, 1): 4.788518805401232}","{('cubic', 19, 5): 0.02518388226481949}",dgp3,sr_pds,Interactions,SR-PDS,0.5
313,False,0.5294471272760259,0.13105631777194007,0.2725767444430234,0.7863175101090285,sr_pds,sr_pds,"[('int', 0, 1)]",[],"[('int', 0, 1)]",[],"{('int', 0, 1): 5.158205022237041}",{},dgp3,sr_pds,Interactions,SR-PDS,0.5
314,False,0.5164146521921392,0.12609115851387986,0.2692759815049347,0.7635533228793437,sr_pds,sr_pds,"[('int', 0, 1)]","[('int', 6, 10)]","[('int', 0, 1)]",[],"{('int', 0, 1): 4.865262555900905}",{},dgp3,sr_pds,Interactions,SR-PDS,0.5
315,False,0.6408740188078951,0.12861581579965242,0.38878701984057634,0.8929610177752139,sr_pds,sr_pds,"[('int', 0, 1)]","[('int', 18, 44), ('int', 20, 44)]","[('int', 0, 1)]",[],"{('int', 0, 1): 5.148974660154506}",{},dgp3,sr_pds,Interactions,SR-PDS,0.5
316,False,0.5845549224179898,0.13251437659738197,0.32482674428712116,0.8442831005488585,sr_pds,sr_pds,"[('int', 0, 1)]",[],"[('int', 0, 1)]",[],"{('int', 0, 1): 4.951908595277962}",{},dgp3,sr_pds,Interactions,SR-PDS,0.5
317,False,0.5087883786954712,0.04520454305183781,0.4201874743138691,0.5973892830770733,sr_pds,sr_pds,"[('int', 0, 1), ('int', 3, 4)]","[('int', 0, 41)]","[('int', 0, 1), ('int', 3, 4)]",[],"{('int', 0, 1): 5.04023476990803, ('int', 3, 4): 2.979786519371432}",{},dgp3,sr_pds,Interactions,SR-PDS,0.5
318,False,0.48020694603953634,0.11795517198208018,0.2490148089546592,0.7113990831244135,sr_pds,sr_pds,"[('int', 0, 1)]","[('int', 9, 29)]","[('int', 0, 1)]",[],"{('int', 0, 1): 4.805355223604587}",{},dgp3,sr_pds,Interactions,SR-PDS,0.5
319,False,0.574770389142142,0.13804737865923766,0.30419752697003616,0.8453432513142478,sr_pds,sr_pds,"[('int', 0, 1)]","[('int', 5, 7), ('int', 5, 14), ('int', 7, 36), ('int', 14, 36)]","[('int', 0, 1)]","[('int', 5, 14)]","{('int', 0, 1): 5.010187699934963}","{('int', 5, 14): 0.3135639461903949}",dgp3,sr_pds,Interactions,SR-PDS,0.5
320,False,0.5239880677925555,0.04564099762587166,0.434531712445847,0.613444423139264,sr_pds,sr_pds,"[('int', 0, 1), ('int', 3, 4)]",[],"[('int', 0, 1), ('int', 3, 4)]",[],"{('int', 0, 1): 4.994957666714717, ('int', 3, 4): 3.0317454757812303}",{},dgp3,sr_pds,Interactions,SR-PDS,0.5
321,False,0.6614041533581774,0.13088324253406558,0.40487299799140886,0.9179353087249459,sr_pds,sr_pds,"[('int', 0, 1)]","[('sqrt', 11, None)]","[('int', 0, 1)]",[],"{('int', 0, 1): 5.042679013999713}",{},dgp3,sr_pds,Interactions,SR-PDS,0.5
322,False,0.6780145976712519,0.1504890617555313,0.3830560366304106,0.9729731587120933,sr_pds,sr_pds,"[('int', 0, 1)]","[('int', 6, 29)]","[('int', 0, 1)]","[('int', 6, 29)]","{('int', 0, 1): 5.1526585919329335}","{('int', 6, 29): 0.05300089425561767}",dgp3,sr_pds,Interactions,SR-PDS,0.5
323,False,0.7724852121027208,0.1592813934138479,0.46029368101157897,1.0846767431938626,sr_pds,sr_pds,"[('int', 0, 1)]",[],"[('int', 0, 1)]",[],"{('int', 0, 1): 4.925921713026982}",{},dgp3,sr_pds,Interactions,SR-PDS,0.5
324,False,0.6128792384345252,0.12314426839655554,0.37151647237727636,0.854242004491774,sr_pds,sr_pds,"[('int', 0, 1)]",[],"[('int', 0, 1)]",[],"{('int', 0, 1): 5.1680350112664435}",{},dgp3,sr_pds,Interactions,SR-PDS,0.5
325,False,0.7850919138677404,0.2480017125287419,0.29900855731140624,1.2711752704240744,sr_pds,sr_pds,[],[],[],[],{},{},dgp3,sr_pds,Interactions,SR-PDS,0.5
326,False,0.6227770029926744,0.14153103190639435,0.34537618045614144,0.9001778255292072,sr_pds,sr_pds,"[('int', 0, 1)]","[('int', 16, 42), ('int', 42, 46)]","[('int', 0, 1)]","[('int', 42, 46)]","{('int', 0, 1): 5.024175145444905}","{('int', 42, 46): 0.23722885847268402}",dgp3,sr_pds,Interactions,SR-PDS,0.5
327,False,0.6181880576987073,0.04561867655966914,0.5287754516417558,0.7076006637556589,sr_pds,sr_pds,"[('int', 0, 1), ('int', 3, 4)]",[],"[('int', 0, 1), ('int', 3, 4)]",[],"{('int', 0, 1): 4.935768198671352, ('int', 3, 4): 3.031492332658903}",{},dgp3,sr_pds,Interactions,SR-PDS,0.5
328,False,0.5928942588068742,0.26864898955366096,0.06634223928169869,1.1194462783320498,sr_pds,sr_pds,[],"[('int', 4, 30), ('int', 22, 30), ('int', 30, 35)]",[],"[('int', 4, 30), ('int', 30, 35)]",{},"{('int', 4, 30): 0.13958907840334983, ('int', 30, 35): -0.23895223789832243}",dgp3,sr_pds,Interactions,SR-PDS,0.5
329,False,0.40919902074393893,0.12065202203576633,0.17272105755383693,0.6456769839340409,sr_pds,sr_pds,"[('int', 0, 1)]",[],"[('int', 0, 1)]",[],"{('int', 0, 1): 4.918356360869385}",{},dgp3,sr_pds,Interactions,SR-PDS,0.5
330,False,0.6775558001070358,0.25931764097468074,0.16929322379666156,1.18581837641741,sr_pds,sr_pds,[],[],[],[],{},{},dgp3,sr_pds,Interactions,SR-PDS,0.5
331,False,0.23353975656777798,0.1536283493429535,-0.06757180814441088,0.5346513212799668,sr_pds,sr_pds,"[('int', 0, 1)]",[],"[('int', 0, 1)]",[],"{('int', 0, 1): 5.136794587642795}",{},dgp3,sr_pds,Interactions,SR-PDS,0.5
332,False,0.4489182034904111,0.13037221390619563,0.1933886642342677,0.7044477427465545,sr_pds,sr_pds,"[('int', 0, 1)]","[('int', 5, 36), ('int', 6, 36)]","[('int', 0, 1)]","[('int', 5, 36)]","{('int', 0, 1): 5.081711639561061}","{('int', 5, 36): 0.15042444150312945}",dgp3,sr_pds,Interactions,SR-PDS,0.5
333,False,0.4659103780941658,0.1326208502599479,0.20597351158466792,0.7258472446036637,sr_pds,sr_pds,"[('int', 0, 1)]","[('int', 2, 9)]","[('int', 0, 1)]","[('int', 2, 9)]","{('int', 0, 1): 5.074608258150469}","{('int', 2, 9): -0.2319358662623195}",dgp3,sr_pds,Interactions,SR-PDS,0.5
334,False,0.5504567571723065,0.042927133505168615,0.46631957550217595,0.634593938842437,sr_pds,sr_pds,"[('int', 0, 1), ('int', 3, 4)]",[],"[('int', 0, 1), ('int', 3, 4)]",[],"{('int', 0, 1): 4.960896055206074, ('int', 3, 4): 3.0009419724236985}",{},dgp3,sr_pds,Interactions,SR-PDS,0.5
335,False,0.4666451480254866,0.046664720507396916,0.37518229583098867,0.5581080002199845,sr_pds,sr_pds,"[('int', 0, 1), ('int', 3, 4)]",[],"[('int', 0, 1), ('int', 3, 4)]",[],"{('int', 0, 1): 4.988565637397185, ('int', 3, 4): 3.0246517014819343}",{},dgp3,sr_pds,Interactions,SR-PDS,0.5
336,False,0.5806161055531253,0.049846577590964995,0.48291681347483384,0.6783153976314167,sr_pds,sr_pds,"[('int', 0, 1), ('int', 3, 4)]",[],"[('int', 0, 1), ('int', 3, 4)]",[],"{('int', 0, 1): 5.048006088395403, ('int', 3, 4): 2.9471537208156384}",{},dgp3,sr_pds,Interactions,SR-PDS,0.5
337,False,0.4440516627575034,0.042855366395706154,0.36005514462191934,0.5280481808930875,sr_pds,sr_pds,"[('int', 0, 1), ('int', 3, 4)]","[('int', 19, 46)]","[('int', 0, 1), ('int', 3, 4)]",[],"{('int', 0, 1): 5.082072212200562, ('int', 3, 4): 3.028968724098935}",{},dgp3,sr_pds,Interactions,SR-PDS,0.5
338,False,0.8056144945194719,0.1494468719580603,0.5126986254816737,1.09853036355727,sr_pds,sr_pds,"[('int', 0, 1)]","[('int', 4, 10), ('int', 4, 12), ('int', 10, 38), ('int', 12, 38)]","[('int', 0, 1)]",[],"{('int', 0, 1): 5.018521357428562}",{},dgp3,sr_pds,Interactions,SR-PDS,0.5
339,False,0.47178999408528166,0.11621277715857878,0.24401295085446725,0.699567037316096,sr_pds,sr_pds,"[('int', 0, 1)]","[('int', 13, 38)]","[('int', 0, 1)]",[],"{('int', 0, 1): 4.891604133835466}",{},dgp3,sr_pds,Interactions,SR-PDS,0.5
340,False,0.5539237183209608,0.12048079868934247,0.31778135288984954,0.790066083752072,sr_pds,sr_pds,"[('int', 0, 1)]",[],"[('int', 0, 1)]",[],"{('int', 0, 1): 4.9592087296357805}",{},dgp3,sr_pds,Interactions,SR-PDS,0.5
341,False,0.3670992320034478,0.14441844138324272,0.08403908689229206,0.6501593771146035,sr_pds,sr_pds,"[('int', 0, 1)]",[],"[('int', 0, 1)]",[],"{('int', 0, 1): 4.835988098483903}",{},dgp3,sr_pds,Interactions,SR-PDS,0.5
342,False,0.4564245565001975,0.04786852280360897,0.3626022518051239,0.5502468611952711,sr_pds,sr_pds,"[('int', 0, 1), ('int', 3, 4)]","[('int', 13, 40)]","[('int', 0, 1), ('int', 3, 4)]","[('int', 13, 40)]","{('int', 0, 1): 5.029619914550977, ('int', 3, 4): 2.9667487992243964}","{('int', 13, 40): -0.0089143753834399}",dgp3,sr_pds,Interactions,SR-PDS,0.5
343,False,0.6005916194178569,0.13223439598699765,0.3414122032833415,0.8597710355523722,sr_pds,sr_pds,"[('int', 0, 1)]","[('int', 4, 12)]","[('int', 0, 1)]","[('int', 4, 12)]","{('int', 0, 1): 4.869790267926086}","{('int', 4, 12): -0.3050195461886224}",dgp3,sr_pds,Interactions,SR-PDS,0.5
344,False,0.5383471266632351,0.04542984451374815,0.44930463141628874,0.6273896219101815,sr_pds,sr_pds,"[('int', 0, 1), ('int', 3, 4)]",[],"[('int', 0, 1), ('int', 3, 4)]",[],"{('int', 0, 1): 4.998648751078388, ('int', 3, 4): 3.0272898642605552}",{},dgp3,sr_pds,Interactions,SR-PDS,0.5
345,False,0.42136121480858973,0.15131176499869514,0.12479015541114724,0.7179322742060322,sr_pds,sr_pds,"[('int', 0, 1)]","[('int', 3, 18), ('int', 6, 46), ('int', 7, 46), ('int', 17, 46), ('int', 18, 41)]","[('int', 0, 1)]","[('int', 3, 18), ('int', 7, 46)]","{('int', 0, 1): 4.845441880539226}","{('int', 3, 18): -0.25564437034025866, ('int', 7, 46): -0.28319723828027754}",dgp3,sr_pds,Interactions,SR-PDS,0.5
346,False,0.4784313160322551,0.04881865721488972,0.3827467478910712,0.574115884173439,sr_pds,sr_pds,"[('int', 0, 1), ('int', 3, 4)]",[],"[('int', 0, 1), ('int', 3, 4)]",[],"{('int', 0, 1): 5.026700049447868, ('int', 3, 4): 3.0022315873946277}",{},dgp3,sr_pds,Interactions,SR-PDS,0.5
347,False,0.4643239721700763,0.04557855313665327,0.3749900080222359,0.5536579363179167,sr_pds,sr_pds,"[('int', 0, 1), ('int', 3, 4)]","[('int', 20, 23)]","[('int', 0, 1), ('int', 3, 4)]",[],"{('int', 0, 1): 4.928306683637383, ('int', 3, 4): 2.956480562753334}",{},dgp3,sr_pds,Interactions,SR-PDS,0.5
348,False,0.5161806658380146,0.04782106759788399,0.42245137334616195,0.6099099583298672,sr_pds,sr_pds,"[('int', 0, 1), ('int', 3, 4)]",[],"[('int', 0, 1), ('int', 3, 4)]",[],"{('int', 0, 1): 5.007880249524503, ('int', 3, 4): 3.057904966615619}",{},dgp3,sr_pds,Interactions,SR-PDS,0.5
349,False,0.5437007315703516,0.04315328304154102,0.4591202968089312,0.628281166331772,sr_pds,sr_pds,"[('int', 0, 1), ('int', 3, 4)]","[('int', 8, 37)]","[('int', 0, 1), ('int', 3, 4)]",[],"{('int', 0, 1): 5.1070161644513465, ('int', 3, 4): 2.9574132595583853}",{},dgp3,sr_pds,Interactions,SR-PDS,0.5
350,False,0.5264084093051777,0.045784495451287203,0.4366707982206548,0.6161460203897007,sr_pds,sr_pds,"[('int', 0, 1), ('int', 3, 4)]",[],"[('int', 0, 1), ('int', 3, 4)]",[],"{('int', 0, 1): 5.034434950867213, ('int', 3, 4): 2.9975401636412493}",{},dgp3,sr_pds,Interactions,SR-PDS,0.5
351,False,0.5063569779771185,0.12884454639292306,0.25382166704698933,0.7588922889072478,sr_pds,sr_pds,"[('int', 0, 1)]","[('int', 1, 10)]","[('int', 0, 1)]","[('int', 1, 10)]","{('int', 0, 1): 4.990384786056091}","{('int', 1, 10): 0.1507168308552069}",dgp3,sr_pds,Interactions,SR-PDS,0.5
352,False,0.42085853763156333,0.13589465371323414,0.1545050163536244,0.6872120589095023,sr_pds,sr_pds,"[('int', 0, 1)]","[('cubic', 9, 49), ('cubic', 49, 3)]","[('int', 0, 1)]","[('cubic', 9, 49), ('cubic', 49, 3)]","{('int', 0, 1): 5.098782619190906}","{('cubic', 9, 49): -0.07275168589978587, ('cubic', 49, 3): -0.059461116184794056}",dgp3,sr_pds,Interactions,SR-PDS,0.5
353,False,0.6358578153512637,0.14750133772609803,0.3467551934081116,0.9249604372944158,sr_pds,sr_pds,"[('int', 0, 1)]",[],"[('int', 0, 1)]",[],"{('int', 0, 1): 4.953375869133784}",{},dgp3,sr_pds,Interactions,SR-PDS,0.5
354,False,0.4689430298285511,0.042288103889728174,0.3860583462046838,0.5518277134524183,sr_pds,sr_pds,"[('int', 0, 1), ('int', 3, 4)]","[('int', 7, 18), ('int', 18, 33), ('int', 18, 41), ('int', 18, 42)]","[('int', 0, 1), ('int', 3, 4)]",[],"{('int', 0, 1): 5.059655268485195, ('int', 3, 4): 3.0172097592211116}",{},dgp3,sr_pds,Interactions,SR-PDS,0.5
355,False,0.5467232485671452,0.04510721106005718,0.45831311488943305,0.6351333822448573,sr_pds,sr_pds,"[('int', 0, 1), ('int', 3, 4)]",[],"[('int', 0, 1), ('int', 3, 4)]",[],"{('int', 0, 1): 4.961496489951881, ('int', 3, 4): 3.0066103649666776}",{},dgp3,sr_pds,Interactions,SR-PDS,0.5
356,False,0.45605123030206635,0.22657898071557267,0.011956428099543948,0.9001460325045887,sr_pds,sr_pds,"[('int', 3, 4)]","[('int', 3, 11)]","[('int', 3, 4)]",[],"{('int', 3, 4): 3.0654022910602072}",{},dgp3,sr_pds,Interactions,SR-PDS,0.5
357,False,0.41300764553683217,0.2502978099610562,-0.07757606198683803,0.9035913530605024,sr_pds,sr_pds,[],"[('int', 1, 38)]",[],"[('int', 1, 38)]",{},"{('int', 1, 38): -0.2971317168010378}",dgp3,sr_pds,Interactions,SR-PDS,0.5
358,False,0.8139223907583281,0.2592444452297832,0.30580327810795305,1.3220415034087032,sr_pds,sr_pds,"[('int', 3, 4)]","[('int', 33, 36)]","[('int', 3, 4)]","[('int', 33, 36)]","{('int', 3, 4): 2.3831802878017823}","{('int', 33, 36): 0.4317251865641631}",dgp3,sr_pds,Interactions,SR-PDS,0.5
359,False,0.5491205191773048,0.12940287917397833,0.29549087599630725,0.8027501623583022,sr_pds,sr_pds,"[('int', 0, 1)]","[('int', 12, 43), ('int', 17, 43), ('int', 21, 40), ('sq', 40, None)]","[('int', 0, 1)]","[('sq', 40, None)]","{('int', 0, 1): 4.880438615077312}","{('sq', 40, None): 0.09428139653209212}",dgp3,sr_pds,Interactions,SR-PDS,0.5
360,False,0.2604804086774758,0.1378722166830412,-0.009749136021284965,0.5307099533762365,sr_pds,sr_pds,"[('int', 0, 1)]",[],"[('int', 0, 1)]",[],"{('int', 0, 1): 5.234642718526654}",{},dgp3,sr_pds,Interactions,SR-PDS,0.5
361,False,0.5272432429306363,0.15767411093686895,0.21820198549437314,0.8362845003668995,sr_pds,sr_pds,"[('int', 0, 1)]","[('int', 9, 13), ('int', 13, 34)]","[('int', 0, 1)]","[('int', 9, 13)]","{('int', 0, 1): 5.038774012071403}","{('int', 9, 13): 0.20478418907932414}",dgp3,sr_pds,Interactions,SR-PDS,0.5
362,False,0.5023328534047506,0.13443803226357273,0.2388343101681481,0.7658313966413532,sr_pds,sr_pds,"[('int', 0, 1)]",[],"[('int', 0, 1)]",[],"{('int', 0, 1): 5.059773880583978}",{},dgp3,sr_pds,Interactions,SR-PDS,0.5
363,False,0.4342101108947952,0.13180090041101977,0.17588034608919645,0.692539875700394,sr_pds,sr_pds,"[('int', 0, 1)]",[],"[('int', 0, 1)]",[],"{('int', 0, 1): 4.963133884742433}",{},dgp3,sr_pds,Interactions,SR-PDS,0.5
364,False,0.521804563356536,0.12898081616063908,0.26900216368168345,0.7746069630313885,sr_pds,sr_pds,"[('int', 0, 1)]","[('int', 12, 41)]","[('int', 0, 1)]","[('int', 12, 41)]","{('int', 0, 1): 4.654909032905046}","{('int', 12, 41): -0.08064217093037408}",dgp3,sr_pds,Interactions,SR-PDS,0.5
365,False,0.5151548341749166,0.1362934200582991,0.24801973086065038,0.7822899374891827,sr_pds,sr_pds,"[('int', 0, 1)]","[('cubic', 1, 22), ('int', 1, 22), ('int', 6, 22)]","[('int', 0, 1)]","[('int', 6, 22)]","{('int', 0, 1): 4.877773120918898}","{('int', 6, 22): 0.2385740195930326}",dgp3,sr_pds,Interactions,SR-PDS,0.5
366,False,0.46426833414482943,0.13910224520764422,0.19162793353784674,0.7369087347518122,sr_pds,sr_pds,"[('int', 0, 1)]","[('int', 5, 8), ('int', 6, 8)]","[('int', 0, 1)]",[],"{('int', 0, 1): 4.747296666435552}",{},dgp3,sr_pds,Interactions,SR-PDS,0.5
367,False,0.5830676131928347,0.14928896919422582,0.29046123357215214,0.8756739928135173,sr_pds,sr_pds,"[('int', 0, 1)]","[('int', 4, 18), ('int', 4, 31)]","[('int', 0, 1)]","[('int', 4, 31)]","{('int', 0, 1): 4.895576609134099}","{('int', 4, 31): 0.5268703841457028}",dgp3,sr_pds,Interactions,SR-PDS,0.5
368,False,0.830213605684979,0.2438897850702829,0.3521896269472246,1.3082375844227334,sr_pds,sr_pds,[],"[('int', 4, 15), ('int', 4, 42), ('int', 12, 15), ('int', 12, 42)]",[],"[('int', 4, 42)]",{},"{('int', 4, 42): -0.866650426019685}",dgp3,sr_pds,Interactions,SR-PDS,0.5
369,False,0.9547881949497524,0.2383488247478774,0.4876244984439127,1.4219518914555922,sr_pds,sr_pds,[],[],[],[],{},{},dgp3,sr_pds,Interactions,SR-PDS,0.5
370,False,0.6651283161698067,0.12859002078710693,0.41309187542707715,0.9171647569125363,sr_pds,sr_pds,"[('int', 0, 1)]","[('int', 20, 30)]","[('int', 0, 1)]","[('int', 20, 30)]","{('int', 0, 1): 4.908913578587042}","{('int', 20, 30): -0.16907150461066897}",dgp3,sr_pds,Interactions,SR-PDS,0.5
371,False,0.43867098698821866,0.12861569094116718,0.18658423274353098,0.6907577412329063,sr_pds,sr_pds,"[('int', 0, 1)]",[],"[('int', 0, 1)]",[],"{('int', 0, 1): 4.882316457550259}",{},dgp3,sr_pds,Interactions,SR-PDS,0.5
372,False,0.5613652481764095,0.04579055515794265,0.4716157600668419,0.6511147362859772,sr_pds,sr_pds,"[('int', 0, 1), ('int', 3, 4)]",[],"[('int', 0, 1), ('int', 3, 4)]",[],"{('int', 0, 1): 5.023916210121208, ('int', 3, 4): 2.9558398143044866}",{},dgp3,sr_pds,Interactions,SR-PDS,0.5
373,False,0.4344286634112849,0.16742906975939564,0.10626768668286946,0.7625896401397003,sr_pds,sr_pds,"[('int', 0, 1)]",[],"[('int', 0, 1)]",[],"{('int', 0, 1): 4.974538020440121}",{},dgp3,sr_pds,Interactions,SR-PDS,0.5
374,False,0.6559123641605704,0.22982477817503902,0.20545579893749394,1.106368929383647,sr_pds,sr_pds,"[('int', 3, 4)]","[('int', 36, 43), ('int', 40, 43), ('int', 41, 44), ('int', 44, 45)]","[('int', 3, 4)]","[('int', 36, 43)]","{('int', 3, 4): 2.861783028243698}","{('int', 36, 43): 0.24402157765452345}",dgp3,sr_pds,Interactions,SR-PDS,0.5
375,False,0.5777916985074105,0.16360560027929177,0.25712472195999864,0.8984586750548225,sr_pds,sr_pds,"[('int', 0, 1)]",[],"[('int', 0, 1)]",[],"{('int', 0, 1): 4.987963530801935}",{},dgp3,sr_pds,Interactions,SR-PDS,0.5
376,False,0.41516833716709206,0.04934269483356905,0.3184566552932967,0.5118800190408874,sr_pds,sr_pds,"[('int', 0, 1), ('int', 3, 4)]",[],"[('int', 0, 1), ('int', 3, 4)]",[],"{('int', 0, 1): 5.00052400706513, ('int', 3, 4): 2.9908606304600416}",{},dgp3,sr_pds,Interactions,SR-PDS,0.5
377,False,0.7607521723269431,0.21713269079474978,0.33517209836923356,1.1863322462846528,sr_pds,sr_pds,"[('int', 3, 4)]","[('int', 46, 48)]","[('int', 3, 4)]","[('int', 46, 48)]","{('int', 3, 4): 3.050317367387245}","{('int', 46, 48): 0.3988295161619486}",dgp3,sr_pds,Interactions,SR-PDS,0.5
378,False,0.5321394065592536,0.12721001145353203,0.28280778411033086,0.7814710290081763,sr_pds,sr_pds,"[('int', 0, 1)]",[],"[('int', 0, 1)]",[],"{('int', 0, 1): 4.922928270506779}",{},dgp3,sr_pds,Interactions,SR-PDS,0.5
379,False,0.4574326301361403,0.048149897783960456,0.36305883047957777,0.5518064297927028,sr_pds,sr_pds,"[('int', 0, 1), ('int', 3, 4)]",[],"[('int', 0, 1), ('int', 3, 4)]",[],"{('int', 0, 1): 5.0259557445866365, ('int', 3, 4): 2.936336770148156}",{},dgp3,sr_pds,Interactions,SR-PDS,0.5
380,False,0.6246342395083437,0.15291269220584625,0.3249253627848851,0.9243431162318023,sr_pds,sr_pds,"[('int', 0, 1)]","[('int', 15, 35), ('int', 35, 36)]","[('int', 0, 1)]","[('int', 15, 35)]","{('int', 0, 1): 4.811518680477158}","{('int', 15, 35): 0.12390411947292346}",dgp3,sr_pds,Interactions,SR-PDS,0.5
381,False,0.41788413331139157,0.25095315495257126,-0.0739840503956481,0.9097523170184312,sr_pds,sr_pds,[],[],[],[],{},{},dgp3,sr_pds,Interactions,SR-PDS,0.5
382,False,0.542700261967702,0.04617726484418757,0.4521928228730944,0.6332077010623097,sr_pds,sr_pds,"[('int', 0, 1), ('int', 3, 4)]",[],"[('int', 0, 1), ('int', 3, 4)]",[],"{('int', 0, 1): 4.965032879903664, ('int', 3, 4): 3.008884671311546}",{},dgp3,sr_pds,Interactions,SR-PDS,0.5
383,False,0.5852790150133468,0.040867568603639874,0.5051785805502126,0.665379449476481,sr_pds,sr_pds,"[('int', 0, 1), ('int', 3, 4)]",[],"[('int', 0, 1), ('int', 3, 4)]",[],"{('int', 0, 1): 4.981645626052615, ('int', 3, 4): 3.028802533786218}",{},dgp3,sr_pds,Interactions,SR-PDS,0.5
384,False,0.44311235314623515,0.04363875961170894,0.3575803843072856,0.5286443219851846,sr_pds,sr_pds,"[('int', 0, 1), ('int', 3, 4)]","[('int', 16, 31), ('int', 27, 31)]","[('int', 0, 1), ('int', 3, 4)]",[],"{('int', 0, 1): 4.981956506715316, ('int', 3, 4): 2.9276476854605793}",{},dgp3,sr_pds,Interactions,SR-PDS,0.5
385,False,0.31417445155326734,0.15867727040072044,0.0031670015678552654,0.6251819015386795,sr_pds,sr_pds,"[('int', 0, 1)]","[('cubic', 8, 35)]","[('int', 0, 1)]","[('cubic', 8, 35)]","{('int', 0, 1): 4.83226425139799}","{('cubic', 8, 35): -0.27390119293540394}",dgp3,sr_pds,Interactions,SR-PDS,0.5
386,False,0.28995201335498655,0.1423406906534552,0.010964259674214383,0.5689397670357588,sr_pds,sr_pds,"[('int', 0, 1)]",[],"[('int', 0, 1)]",[],"{('int', 0, 1): 4.89002388783158}",{},dgp3,sr_pds,Interactions,SR-PDS,0.5
387,False,0.556355605848094,0.13254440583271299,0.2965685704159765,0.8161426412802114,sr_pds,sr_pds,"[('int', 0, 1)]","[('int', 22, 23), ('int', 22, 42)]","[('int', 0, 1)]","[('int', 22, 42)]","{('int', 0, 1): 4.821882717804717}","{('int', 22, 42): 0.28015679239299923}",dgp3,sr_pds,Interactions,SR-PDS,0.5
388,False,0.3459623978637459,0.11455411831115761,0.12143632597387696,0.5704884697536148,sr_pds,sr_pds,"[('int', 0, 1)]","[('int', 2, 24), ('int', 4, 24)]","[('int', 0, 1)]","[('int', 2, 24)]","{('int', 0, 1): 5.123282943508073}","{('int', 2, 24): -0.039701664662782084}",dgp3,sr_pds,Interactions,SR-PDS,0.5
389,False,0.4684010181073584,0.0412679342050895,0.387515867065383,0.5492861691493338,sr_pds,sr_pds,"[('int', 0, 1), ('int', 3, 4)]","[('int', 3, 18), ('int', 18, 20), ('int', 18, 41), ('int', 18, 45)]","[('int', 0, 1), ('int', 3, 4)]",[],"{('int', 0, 1): 4.983848685590237, ('int', 3, 4): 2.9359264472436872}",{},dgp3,sr_pds,Interactions,SR-PDS,0.5
390,False,0.21773080149493118,0.2468249632865498,-0.2660461265467064,0.7015077295365688,sr_pds,sr_pds,"[('int', 3, 4)]",[],"[('int', 3, 4)]",[],"{('int', 3, 4): 2.842602805194239}",{},dgp3,sr_pds,Interactions,SR-PDS,0.5
391,False,0.272773210979474,0.16659707603073778,-0.05375705804077208,0.5993034799997201,sr_pds,sr_pds,"[('int', 0, 1)]",[],"[('int', 0, 1)]",[],"{('int', 0, 1): 5.02082702823821}",{},dgp3,sr_pds,Interactions,SR-PDS,0.5
392,False,0.5319373821836955,0.03984186410093618,0.4538473285458605,0.6100274358215304,sr_pds,sr_pds,"[('int', 0, 1), ('int', 3, 4)]","[('int', 31, 48)]","[('int', 0, 1), ('int', 3, 4)]",[],"{('int', 0, 1): 4.975577168963403, ('int', 3, 4): 2.9060312804124737}",{},dgp3,sr_pds,Interactions,SR-PDS,0.5
393,False,0.4992871706971662,0.042971842895525164,0.4150623586219369,0.5835119827723956,sr_pds,sr_pds,"[('int', 0, 1), ('int', 3, 4)]","[('int', 13, 20), ('int', 13, 41)]","[('int', 0, 1), ('int', 3, 4)]",[],"{('int', 0, 1): 5.0024440307078795, ('int', 3, 4): 3.0153604077999128}",{},dgp3,sr_pds,Interactions,SR-PDS,0.5
394,False,0.5107076346606529,0.14904174349004565,0.21858581742016348,0.8028294519011424,sr_pds,sr_pds,"[('int', 0, 1)]",[],"[('int', 0, 1)]",[],"{('int', 0, 1): 4.9556138040870366}",{},dgp3,sr_pds,Interactions,SR-PDS,0.5
395,False,0.578142672090302,0.04382524508075024,0.4922451917320315,0.6640401524485725,sr_pds,sr_pds,"[('int', 0, 1), ('int', 3, 4)]",[],"[('int', 0, 1), ('int', 3, 4)]",[],"{('int', 0, 1): 4.964471763706212, ('int', 3, 4): 2.9984676463290136}",{},dgp3,sr_pds,Interactions,SR-PDS,0.5
396,False,0.7168411265869002,0.14445599322823102,0.4337073798595674,0.9999748733142331,sr_pds,sr_pds,"[('int', 0, 1)]","[('int', 1, 42), ('int', 26, 42), ('int', 28, 42), ('int', 29, 42)]","[('int', 0, 1)]","[('int', 28, 42)]","{('int', 0, 1): 5.231616723423295}","{('int', 28, 42): 0.06681223254389708}",dgp3,sr_pds,Interactions,SR-PDS,0.5
397,False,0.5830662034129911,0.04545908627860121,0.49396639430693273,0.6721660125190494,sr_pds,sr_pds,"[('int', 0, 1), ('int', 3, 4)]","[('cubic', 41, 43), ('int', 41, 43)]","[('int', 0, 1), ('int', 3, 4)]","[('cubic', 41, 43)]","{('int', 0, 1): 4.9892106235365725, ('int', 3, 4): 3.036519506189942}","{('cubic', 41, 43): -0.05625249688307306}",dgp3,sr_pds,Interactions,SR-PDS,0.5
398,False,0.5002108158682547,0.04453219432666356,0.4129277149879941,0.5874939167485153,sr_pds,sr_pds,"[('int', 0, 1), ('int', 3, 4)]","[('int', 3, 28), ('int', 28, 36), ('int', 39, 45)]","[('int', 0, 1), ('int', 3, 4)]",[],"{('int', 0, 1): 5.009201080727877, ('int', 3, 4): 3.088108008072204}",{},dgp3,sr_pds,Interactions,SR-PDS,0.5
399,False,0.2315328985191648,0.27185778628614005,-0.3013083626016697,0.7643741596399993,sr_pds,sr_pds,[],[],[],[],{},{},dgp3,sr_pds,Interactions,SR-PDS,0.5
400,False,0.43859780531446385,0.042155913150623815,0.3559722155392412,0.5212233950896865,sr_pds,sr_pds,"[('int', 0, 1), ('int', 3, 4)]","[('int', 0, 28), ('int', 17, 28)]","[('int', 0, 1), ('int', 3, 4)]",[],"{('int', 0, 1): 5.015968560250588, ('int', 3, 4): 2.947190505820405}",{},dgp3,sr_pds,Interactions,SR-PDS,0.5
401,False,0.5409566879128752,0.13053452642128943,0.28510901612714795,0.7968043596986025,sr_pds,sr_pds,"[('int', 0, 1)]","[('int', 16, 26), ('int', 26, 46)]","[('int', 0, 1)]","[('int', 16, 26)]","{('int', 0, 1): 5.152703215288953}","{('int', 16, 26): -0.2356260541693409}",dgp3,sr_pds,Interactions,SR-PDS,0.5
402,False,0.4585765509064685,0.13001208163978403,0.20375287089249178,0.7134002309204452,sr_pds,sr_pds,"[('int', 0, 1)]","[('int', 21, 44)]","[('int', 0, 1)]",[],"{('int', 0, 1): 4.8853320959647615}",{},dgp3,sr_pds,Interactions,SR-PDS,0.5
403,False,0.6580845722276296,0.12727439146537511,0.40862676495549444,0.9075423794997648,sr_pds,sr_pds,"[('int', 0, 1)]","[('int', 11, 32), ('int', 17, 32)]","[('int', 0, 1)]",[],"{('int', 0, 1): 4.899783885009313}",{},dgp3,sr_pds,Interactions,SR-PDS,0.5
404,False,0.38530295390904645,0.12011121106870232,0.14988498021438992,0.620720927603703,sr_pds,sr_pds,"[('int', 0, 1)]","[('int', 22, 26)]","[('int', 0, 1)]","[('int', 22, 26)]","{('int', 0, 1): 4.997157400641182}","{('int', 22, 26): 0.2618070540418682}",dgp3,sr_pds,Interactions,SR-PDS,0.5
405,False,0.47298530730006133,0.045708919800881036,0.3833958244903345,0.5625747901097882,sr_pds,sr_pds,"[('int', 0, 1), ('int', 3, 4)]","[('int', 7, 33), ('int', 33, 38)]","[('int', 0, 1), ('int', 3, 4)]",[],"{('int', 0, 1): 4.97249914775954, ('int', 3, 4): 3.0662395306533052}",{},dgp3,sr_pds,Interactions,SR-PDS,0.5
406,False,0.33789201219420056,0.11522415716575861,0.1120526641493137,0.5637313602390874,sr_pds,sr_pds,"[('int', 0, 1)]",[],"[('int', 0, 1)]",[],"{('int', 0, 1): 4.938720670100573}",{},dgp3,sr_pds,Interactions,SR-PDS,0.5
407,False,0.11746863947833551,0.14199713697377953,-0.16084574899027232,0.39578302794694337,sr_pds,sr_pds,"[('int', 0, 1)]","[('int', 1, 16)]","[('int', 0, 1)]",[],"{('int', 0, 1): 4.916456787422591}",{},dgp3,sr_pds,Interactions,SR-PDS,0.5
408,False,0.520159018571017,0.04553283230808618,0.4309146672471681,0.6094033698948659,sr_pds,sr_pds,"[('int', 0, 1), ('int', 3, 4)]",[],"[('int', 0, 1), ('int', 3, 4)]",[],"{('int', 0, 1): 4.988110857046554, ('int', 3, 4): 2.977913079642299}",{},dgp3,sr_pds,Interactions,SR-PDS,0.5
409,False,0.4556512122690971,0.049405994294742156,0.35881546345140247,0.5524869610867917,sr_pds,sr_pds,"[('int', 0, 1), ('int', 3, 4)]",[],"[('int', 0, 1), ('int', 3, 4)]",[],"{('int', 0, 1): 5.0405505570227795, ('int', 3, 4): 2.921851283491784}",{},dgp3,sr_pds,Interactions,SR-PDS,0.5
410,False,0.46033083253425117,0.048469066892897324,0.3653314614241724,0.55533020364433,sr_pds,sr_pds,"[('int', 0, 1), ('int', 3, 4)]",[],"[('int', 0, 1), ('int', 3, 4)]",[],"{('int', 0, 1): 4.985763681394168, ('int', 3, 4): 3.0261128251427705}",{},dgp3,sr_pds,Interactions,SR-PDS,0.5
411,False,0.032785327034798147,0.23303885841263194,-0.42397083545396047,0.48954148952355675,sr_pds,sr_pds,"[('int', 3, 4)]",[],"[('int', 3, 4)]",[],"{('int', 3, 4): 3.074933629204995}",{},dgp3,sr_pds,Interactions,SR-PDS,0.5
412,False,0.5131648101994308,0.13494916501667265,0.24866444676675248,0.7776651736321092,sr_pds,sr_pds,"[('int', 0, 1)]","[('int', 2, 7), ('int', 7, 29)]","[('int', 0, 1)]","[('int', 2, 7)]","{('int', 0, 1): 5.062099356064103}","{('int', 2, 7): 0.17303444221200473}",dgp3,sr_pds,Interactions,SR-PDS,0.5
413,False,0.5696848535707226,0.14574235350806464,0.28402984069491594,0.8553398664465293,sr_pds,sr_pds,"[('int', 0, 1)]",[],"[('int', 0, 1)]",[],"{('int', 0, 1): 4.950642846254343}",{},dgp3,sr_pds,Interactions,SR-PDS,0.5
414,False,0.34260036528022286,0.141480794507235,0.0652980080460423,0.6199027225144034,sr_pds,sr_pds,"[('int', 0, 1)]","[('int', 13, 19), ('int', 13, 20), ('int', 19, 49), ('int', 20, 49)]","[('int', 0, 1)]","[('int', 13, 20)]","{('int', 0, 1): 5.210269182867123}","{('int', 13, 20): 0.18586141508196852}",dgp3,sr_pds,Interactions,SR-PDS,0.5
415,False,0.4911406764190737,0.13564468747854333,0.2252770889611288,0.7570042638770187,sr_pds,sr_pds,"[('int', 0, 1)]","[('int', 16, 27)]","[('int', 0, 1)]","[('int', 16, 27)]","{('int', 0, 1): 5.338099393302725}","{('int', 16, 27): 0.00014482975468178722}",dgp3,sr_pds,Interactions,SR-PDS,0.5
416,False,0.47351626258031737,0.0510298343804847,0.3734977871945674,0.5735347379660674,sr_pds,sr_pds,"[('int', 0, 1), ('int', 3, 4)]",[],"[('int', 0, 1), ('int', 3, 4)]",[],"{('int', 0, 1): 5.05646586279048, ('int', 3, 4): 3.0176195899062725}",{},dgp3,sr_pds,Interactions,SR-PDS,0.5
417,False,0.47153985226017925,0.04335677323427504,0.3865605767210002,0.5565191277993583,sr_pds,sr_pds,"[('int', 0, 1), ('int', 3, 4)]",[],"[('int', 0, 1), ('int', 3, 4)]",[],"{('int', 0, 1): 5.037101511044197, ('int', 3, 4): 2.962668126733152}",{},dgp3,sr_pds,Interactions,SR-PDS,0.5
418,False,0.4999142646390616,0.13442720413312984,0.23643694453812708,0.7633915847399961,sr_pds,sr_pds,"[('int', 0, 1)]","[('int', 17, 33)]","[('int', 0, 1)]","[('int', 17, 33)]","{('int', 0, 1): 5.12983403848303}","{('int', 17, 33): 0.2559910169425879}",dgp3,sr_pds,Interactions,SR-PDS,0.5
419,False,0.19551519439852968,0.13850702018336802,-0.07595856516087165,0.46698895395793105,sr_pds,sr_pds,"[('int', 0, 1)]",[],"[('int', 0, 1)]",[],"{('int', 0, 1): 4.99113432905323}",{},dgp3,sr_pds,Interactions,SR-PDS,0.5
420,False,0.5530306987130891,0.13088766406628138,0.29649087714317757,0.8095705202830006,sr_pds,sr_pds,"[('int', 0, 1)]",[],"[('int', 0, 1)]",[],"{('int', 0, 1): 5.13443235483559}",{},dgp3,sr_pds,Interactions,SR-PDS,0.5
421,False,0.49066854620956013,0.04682478596539157,0.39889196571739266,0.5824451267017277,sr_pds,sr_pds,"[('int', 0, 1), ('int', 3, 4)]","[('int', 5, 21), ('int', 21, 40)]","[('int', 0, 1), ('int', 3, 4)]",[],"{('int', 0, 1): 5.127605384793768, ('int', 3, 4): 3.030575924690387}",{},dgp3,sr_pds,Interactions,SR-PDS,0.5
422,False,0.6720984080462091,0.15052115185337628,0.3770769504135916,0.9671198656788267,sr_pds,sr_pds,"[('int', 0, 1)]","[('int', 35, 37), ('int', 35, 38), ('int', 35, 46)]","[('int', 0, 1)]","[('int', 35, 46)]","{('int', 0, 1): 4.933715633493356}","{('int', 35, 46): -0.06101446468203185}",dgp3,sr_pds,Interactions,SR-PDS,0.5
423,False,0.4376356222194352,0.12076216055213325,0.20094178753725403,0.6743294569016164,sr_pds,sr_pds,"[('int', 0, 1)]","[('int', 31, 32)]","[('int', 0, 1)]",[],"{('int', 0, 1): 4.92429671599973}",{},dgp3,sr_pds,Interactions,SR-PDS,0.5
424,False,0.5112440050560093,0.045051372643015855,0.42294331467569823,0.5995446954363204,sr_pds,sr_pds,"[('int', 0, 1), ('int', 3, 4)]","[('int', 13, 35), ('int', 18, 35)]","[('int', 0, 1), ('int', 3, 4)]",[],"{('int', 0, 1): 4.9877909309774475, ('int', 3, 4): 2.9352850044659435}",{},dgp3,sr_pds,Interactions,SR-PDS,0.5
425,False,0.7409350345116731,0.23146786151557533,0.28725802594114547,1.1946120430822007,sr_pds,sr_pds,"[('int', 3, 4)]","[('cubic', 37, 16), ('int', 16, 26), ('int', 16, 42)]","[('int', 3, 4)]","[('int', 16, 42)]","{('int', 3, 4): 3.0366765487585488}","{('int', 16, 42): -0.7605499344437764}",dgp3,sr_pds,Interactions,SR-PDS,0.5
426,False,0.6028479456485327,0.1508085981718525,0.30726309323170187,0.8984327980653636,sr_pds,sr_pds,"[('int', 0, 1)]",[],"[('int', 0, 1)]",[],"{('int', 0, 1): 5.206829256380893}",{},dgp3,sr_pds,Interactions,SR-PDS,0.5
427,False,0.28635508595419645,0.13391374532950004,0.023884145108376387,0.5488260268000165,sr_pds,sr_pds,"[('int', 0, 1)]","[('int', 35, 48)]","[('int', 0, 1)]","[('int', 35, 48)]","{('int', 0, 1): 5.144351748145039}","{('int', 35, 48): -0.04063095944931496}",dgp3,sr_pds,Interactions,SR-PDS,0.5
428,False,0.3330432524339823,0.12104767791509868,0.0957898037203889,0.5702967011475757,sr_pds,sr_pds,"[('int', 0, 1)]","[('int', 12, 35)]","[('int', 0, 1)]","[('int', 12, 35)]","{('int', 0, 1): 5.071049034316713}","{('int', 12, 35): -0.2317280816860198}",dgp3,sr_pds,Interactions,SR-PDS,0.5
429,False,0.2756430612941343,0.14911244806479418,-0.01661733691286227,0.5679034595011309,sr_pds,sr_pds,"[('int', 0, 1)]","[('int', 7, 21)]","[('int', 0, 1)]","[('int', 7, 21)]","{('int', 0, 1): 4.835290017283357}","{('int', 7, 21): -0.1138633876763693}",dgp3,sr_pds,Interactions,SR-PDS,0.5
430,False,0.5430108679750817,0.15832875282375886,0.23268651244051436,0.853335223509649,sr_pds,sr_pds,"[('int', 0, 1)]",[],"[('int', 0, 1)]",[],"{('int', 0, 1): 4.786755907017318}",{},dgp3,sr_pds,Interactions,SR-PDS,0.5
431,False,0.2618924078625276,0.1384585912822628,-0.009486431050707456,0.5332712467757627,sr_pds,sr_pds,"[('int', 0, 1)]","[('int', 12, 17)]","[('int', 0, 1)]",[],"{('int', 0, 1): 5.304393524737558}",{},dgp3,sr_pds,Interactions,SR-PDS,0.5
432,False,0.24830272960165958,0.20266629595016392,-0.14892321046066168,0.6455286696639808,sr_pds,sr_pds,"[('int', 3, 4)]",[],"[('int', 3, 4)]",[],"{('int', 3, 4): 3.1521866087946386}",{},dgp3,sr_pds,Interactions,SR-PDS,0.5
433,False,0.5354057514552728,0.1465422755675487,0.24818289134287735,0.8226286115676682,sr_pds,sr_pds,"[('int', 0, 1)]","[('sq', 7, None)]","[('int', 0, 1)]","[('sq', 7, None)]","{('int', 0, 1): 4.961052521037895}","{('sq', 7, None): 0.015199459826945512}",dgp3,sr_pds,Interactions,SR-PDS,0.5
434,False,0.3040145967145466,0.1350589376485296,0.0392990789234286,0.5687301145056647,sr_pds,sr_pds,"[('int', 0, 1)]","[('log', 22, None)]","[('int', 0, 1)]","[('log', 22, None)]","{('int', 0, 1): 5.0743936939675205}","{('log', 22, None): -0.14571261804434968}",dgp3,sr_pds,Interactions,SR-PDS,0.5
435,False,0.4156682224696347,0.12360158184189236,0.17340912205952566,0.6579273228797438,sr_pds,sr_pds,"[('int', 0, 1)]","[('int', 0, 11), ('int', 0, 23), ('int', 11, 37), ('int', 23, 37)]","[('int', 0, 1)]","[('int', 0, 23)]","{('int', 0, 1): 4.888643710438421}","{('int', 0, 23): -0.19030705351965294}",dgp3,sr_pds,Interactions,SR-PDS,0.5
436,False,0.6805407138941795,0.13139898011156795,0.4229987128755063,0.9380827149128527,sr_pds,sr_pds,"[('int', 0, 1)]",[],"[('int', 0, 1)]",[],"{('int', 0, 1): 5.210403294432279}",{},dgp3,sr_pds,Interactions,SR-PDS,0.5
437,False,0.5852792969033245,0.249953644868646,0.09537015296077833,1.0751884408458707,sr_pds,sr_pds,[],[],[],[],{},{},dgp3,sr_pds,Interactions,SR-PDS,0.5
438,False,0.4819927674246721,0.12285008803422837,0.24120659487758453,0.7227789399717597,sr_pds,sr_pds,"[('int', 0, 1)]",[],"[('int', 0, 1)]",[],"{('int', 0, 1): 5.079956606024978}",{},dgp3,sr_pds,Interactions,SR-PDS,0.5
439,False,0.48687907311721057,0.1166727170849142,0.2582005476307787,0.7155575986036424,sr_pds,sr_pds,"[('int', 0, 1)]","[('int', 11, 27)]","[('int', 0, 1)]","[('int', 11, 27)]","{('int', 0, 1): 4.851481805415568}","{('int', 11, 27): 0.17703051069146267}",dgp3,sr_pds,Interactions,SR-PDS,0.5
440,False,0.5070555753099402,0.046918603244176245,0.4150951129513547,0.5990160376685256,sr_pds,sr_pds,"[('int', 0, 1), ('int', 3, 4)]","[('int', 8, 19), ('int', 19, 36)]","[('int', 0, 1), ('int', 3, 4)]",[],"{('int', 0, 1): 5.056293537427012, ('int', 3, 4): 2.969495417613852}",{},dgp3,sr_pds,Interactions,SR-PDS,0.5
441,False,0.3113355131988001,0.24515380153880512,-0.16916593781725792,0.7918369642148582,sr_pds,sr_pds,"[('int', 3, 4)]",[],"[('int', 3, 4)]",[],"{('int', 3, 4): 3.3547660097203336}",{},dgp3,sr_pds,Interactions,SR-PDS,0.5
442,False,0.506075935852347,0.04262321028519251,0.4225344436933697,0.5896174280113243,sr_pds,sr_pds,"[('int', 0, 1), ('int', 3, 4)]",[],"[('int', 0, 1), ('int', 3, 4)]",[],"{('int', 0, 1): 4.980686073108981, ('int', 3, 4): 3.0072326826431923}",{},dgp3,sr_pds,Interactions,SR-PDS,0.5
443,False,0.524155382021892,0.043863597327669535,0.4381827312596598,0.6101280327841243,sr_pds,sr_pds,"[('int', 0, 1), ('int', 3, 4)]","[('int', 0, 15)]","[('int', 0, 1), ('int', 3, 4)]",[],"{('int', 0, 1): 4.972164463043753, ('int', 3, 4): 2.911546208212027}",{},dgp3,sr_pds,Interactions,SR-PDS,0.5
444,False,0.25986692773425935,0.26897339255743,-0.26732092167830346,0.7870547771468221,sr_pds,sr_pds,[],"[('int', 37, 39)]",[],"[('int', 37, 39)]",{},"{('int', 37, 39): 0.48111254418517724}",dgp3,sr_pds,Interactions,SR-PDS,0.5
445,False,0.5606618510743626,0.12160327901022819,0.32231942421431536,0.7990042779344099,sr_pds,sr_pds,"[('int', 0, 1)]","[('int', 1, 33), ('int', 12, 33)]","[('int', 0, 1)]",[],"{('int', 0, 1): 5.281488359159257}",{},dgp3,sr_pds,Interactions,SR-PDS,0.5
446,False,0.4557085138729807,0.13900469619229525,0.18325930933608203,0.7281577184098794,sr_pds,sr_pds,"[('int', 0, 1)]","[('int', 26, 38)]","[('int', 0, 1)]","[('int', 26, 38)]","{('int', 0, 1): 5.105565441158901}","{('int', 26, 38): 0.25426916334419036}",dgp3,sr_pds,Interactions,SR-PDS,0.5
447,False,0.6512967469544612,0.1403895191182714,0.3761332894826492,0.9264602044262731,sr_pds,sr_pds,"[('int', 0, 1)]",[],"[('int', 0, 1)]",[],"{('int', 0, 1): 5.009931080738487}",{},dgp3,sr_pds,Interactions,SR-PDS,0.5
448,False,0.6349048265688545,0.1790396530065456,0.28398710667602517,0.9858225464616839,sr_pds,sr_pds,"[('int', 0, 1)]","[('int', 2, 9), ('int', 2, 11), ('int', 2, 37), ('int', 2, 38), ('int', 2, 48), ('int', 9, 15), ('int', 11, 15), ('int', 15, 38)]","[('int', 0, 1)]","[('int', 2, 11), ('int', 2, 38), ('int', 9, 15), ('int', 15, 38)]","{('int', 0, 1): 5.172815500119787}","{('int', 2, 11): 0.33259283439272996, ('int', 2, 38): 0.32538449879982784, ('int', 9, 15): 0.275370468194574, ('int', 15, 38): -0.30526195626870184}",dgp3,sr_pds,Interactions,SR-PDS,0.5
449,False,0.49805297405672516,0.2982345971366157,-0.08648683633104165,1.082592784444492,sr_pds,sr_pds,[],[],[],[],{},{},dgp3,sr_pds,Interactions,SR-PDS,0.5
450,False,0.5110011181382536,0.14585214751853115,0.2251309090019325,0.7968713272745747,sr_pds,sr_pds,"[('int', 0, 1)]","[('int', 13, 30)]","[('int', 0, 1)]","[('int', 13, 30)]","{('int', 0, 1): 4.829349449239189}","{('int', 13, 30): -0.21375124165867046}",dgp3,sr_pds,Interactions,SR-PDS,0.5
451,False,0.32766197434689254,0.13247152877775153,0.06801777794249952,0.5873061707512856,sr_pds,sr_pds,"[('int', 0, 1)]",[],"[('int', 0, 1)]",[],"{('int', 0, 1): 4.966818560778171}",{},dgp3,sr_pds,Interactions,SR-PDS,0.5
452,False,0.22655361567172572,0.12894783132140583,-0.026184133718229696,0.47929136506168113,sr_pds,sr_pds,"[('int', 0, 1)]",[],"[('int', 0, 1)]",[],"{('int', 0, 1): 4.911978766467955}",{},dgp3,sr_pds,Interactions,SR-PDS,0.5
453,False,0.4571693349963404,0.1564755236544522,0.15047730863361408,0.7638613613590667,sr_pds,sr_pds,"[('int', 0, 1)]","[('cubic', 1, 24)]","[('int', 0, 1)]","[('cubic', 1, 24)]","{('int', 0, 1): 4.970001742746189}","{('cubic', 1, 24): 0.026231069275891365}",dgp3,sr_pds,Interactions,SR-PDS,0.5
454,False,0.7343388941955731,0.13228521859034867,0.4750598657584897,0.9936179226326565,sr_pds,sr_pds,"[('int', 0, 1)]",[],"[('int', 0, 1)]",[],"{('int', 0, 1): 4.92332673402142}",{},dgp3,sr_pds,Interactions,SR-PDS,0.5
455,False,0.4415919397185406,0.2400997343427023,-0.02900353959315588,0.912187419030237,sr_pds,sr_pds,[],[],[],[],{},{},dgp3,sr_pds,Interactions,SR-PDS,0.5
456,False,0.48653186997272924,0.04824159498258577,0.39197834380686114,0.5810853961385973,sr_pds,sr_pds,"[('int', 0, 1), ('int', 3, 4), ('int', 4, 28)]","[('int', 5, 38), ('int', 5, 39), ('int', 10, 39), ('int', 33, 47)]","[('int', 0, 1), ('int', 3, 4)]",[],"{('int', 0, 1): 5.023397265096607, ('int', 3, 4): 2.9787620690044836}",{},dgp3,sr_pds,Interactions,SR-PDS,0.5
457,False,0.5017488407011257,0.04259569197735921,0.41826128442550164,0.5852363969767498,sr_pds,sr_pds,"[('int', 0, 1), ('int', 3, 4)]","[('int', 7, 8), ('int', 7, 14), ('int', 7, 26)]","[('int', 0, 1), ('int', 3, 4)]","[('int', 7, 14)]","{('int', 0, 1): 4.958492075652755, ('int', 3, 4): 3.0248837808823272}","{('int', 7, 14): 0.021714112575313162}",dgp3,sr_pds,Interactions,SR-PDS,0.5
458,False,0.673048791353697,0.24494239177590785,0.19296170347291763,1.1531358792344764,sr_pds,sr_pds,"[('int', 3, 4)]",[],"[('int', 3, 4)]",[],"{('int', 3, 4): 2.495485782397408}",{},dgp3,sr_pds,Interactions,SR-PDS,0.5
459,False,0.24654546602562974,0.14630080937104065,-0.040204120341609945,0.5332950523928695,sr_pds,sr_pds,"[('int', 0, 1)]","[('int', 3, 8), ('int', 3, 20)]","[('int', 0, 1)]","[('int', 3, 8), ('int', 3, 20)]","{('int', 0, 1): 5.139552271952767}","{('int', 3, 8): 0.22125061927263487, ('int', 3, 20): 0.34062703714925274}",dgp3,sr_pds,Interactions,SR-PDS,0.5
460,False,0.46947830320580597,0.1410277496762956,0.19306391384026655,0.7458926925713454,sr_pds,sr_pds,"[('int', 0, 1)]",[],"[('int', 0, 1)]",[],"{('int', 0, 1): 4.834323968002667}",{},dgp3,sr_pds,Interactions,SR-PDS,0.5
461,False,0.49101355388790463,0.04599785424788001,0.4008577595620598,0.5811693482137494,sr_pds,sr_pds,"[('int', 0, 1), ('int', 3, 4)]",[],"[('int', 0, 1), ('int', 3, 4)]",[],"{('int', 0, 1): 4.937594564022419, ('int', 3, 4): 2.932753386120456}",{},dgp3,sr_pds,Interactions,SR-PDS,0.5
462,False,0.2518305611717891,0.11585827361753116,0.02474834488142802,0.47891277746215016,sr_pds,sr_pds,"[('int', 0, 1)]",[],"[('int', 0, 1)]",[],"{('int', 0, 1): 4.711563618219747}",{},dgp3,sr_pds,Interactions,SR-PDS,0.5
463,False,0.6092295623490862,0.16159963019612095,0.29249428716468917,0.9259648375334832,sr_pds,sr_pds,"[('int', 0, 1)]",[],"[('int', 0, 1)]",[],"{('int', 0, 1): 4.814321546206953}",{},dgp3,sr_pds,Interactions,SR-PDS,0.5
464,False,0.5196866891552684,0.12597251297536693,0.2727805637235492,0.7665928145869876,sr_pds,sr_pds,"[('int', 0, 1)]",[],"[('int', 0, 1)]",[],"{('int', 0, 1): 5.0732188687729804}",{},dgp3,sr_pds,Interactions,SR-PDS,0.5
465,False,0.5596645314050938,0.1321664895380034,0.3006182119106071,0.8187108508995804,sr_pds,sr_pds,"[('int', 0, 1)]","[('int', 38, 41)]","[('int', 0, 1)]",[],"{('int', 0, 1): 4.94969556322976}",{},dgp3,sr_pds,Interactions,SR-PDS,0.5
466,False,0.48097461423450694,0.13935991474734452,0.20782918132971168,0.7541200471393021,sr_pds,sr_pds,"[('int', 0, 1)]","[('cubic', 42, 3), ('cubic', 42, 4)]","[('int', 0, 1)]","[('cubic', 42, 3), ('cubic', 42, 4)]","{('int', 0, 1): 5.08674519200975}","{('cubic', 42, 3): 0.3074192622502628, ('cubic', 42, 4): -0.005959892551257673}",dgp3,sr_pds,Interactions,SR-PDS,0.5
467,False,0.46905754401114574,0.1244094353163206,0.2252150507911574,0.712900037231134,sr_pds,sr_pds,"[('int', 0, 1)]","[('int', 3, 42)]","[('int', 0, 1)]",[],"{('int', 0, 1): 4.82642956043803}",{},dgp3,sr_pds,Interactions,SR-PDS,0.5
468,False,0.5786032520642644,0.11662807012034015,0.3500122346283977,0.8071942695001312,sr_pds,sr_pds,"[('int', 0, 1)]",[],"[('int', 0, 1)]",[],"{('int', 0, 1): 5.073819020949222}",{},dgp3,sr_pds,Interactions,SR-PDS,0.5
469,False,0.5020788619468748,0.044902001121072094,0.4140709397495735,0.5900867841441761,sr_pds,sr_pds,"[('int', 0, 1), ('int', 3, 4)]","[('int', 8, 15), ('int', 14, 15), ('int', 15, 17), ('int', 15, 24), ('int', 15, 33), ('int', 15, 34), ('int', 15, 48)]","[('int', 0, 1), ('int', 3, 4)]",[],"{('int', 0, 1): 4.9649791255340965, ('int', 3, 4): 3.0126212088438753}",{},dgp3,sr_pds,Interactions,SR-PDS,0.5
470,False,0.5181396560514127,0.0416872805922899,0.4364325860905245,0.5998467260123008,sr_pds,sr_pds,"[('int', 0, 1), ('int', 3, 4)]","[('int', 13, 28), ('int', 13, 34), ('int', 13, 41), ('int', 13, 42), ('int', 28, 34), ('int', 28, 42), ('int', 34, 41), ('int', 41, 42), ('sq', 13, None)]","[('int', 0, 1), ('int', 3, 4)]",[],"{('int', 0, 1): 4.953819660364707, ('int', 3, 4): 2.977513979917981}",{},dgp3,sr_pds,Interactions,SR-PDS,0.5
471,False,0.5919990179559731,0.12330693494376159,0.35031742546620037,0.8336806104457458,sr_pds,sr_pds,"[('int', 0, 1)]","[('int', 4, 14)]","[('int', 0, 1)]","[('int', 4, 14)]","{('int', 0, 1): 4.889972513245947}","{('int', 4, 14): -0.27577248796010506}",dgp3,sr_pds,Interactions,SR-PDS,0.5
472,False,0.6527151055561846,0.1302948281716319,0.39733724233978607,0.9080929687725832,sr_pds,sr_pds,"[('int', 0, 1)]","[('int', 11, 34)]","[('int', 0, 1)]","[('int', 11, 34)]","{('int', 0, 1): 4.856923768454251}","{('int', 11, 34): 0.05594803801879791}",dgp3,sr_pds,Interactions,SR-PDS,0.5
473,False,0.584777917642181,0.04409484494075122,0.4983520215583086,0.6712038137260534,sr_pds,sr_pds,"[('int', 0, 1), ('int', 3, 4)]","[('int', 19, 23), ('int', 19, 26), ('int', 19, 28), ('int', 23, 26), ('int', 23, 28), ('sq', 19, None)]","[('int', 0, 1), ('int', 3, 4)]",[],"{('int', 0, 1): 4.990347179701011, ('int', 3, 4): 3.00418003041724}",{},dgp3,sr_pds,Interactions,SR-PDS,0.5
474,False,0.5687626703922051,0.13064105787284258,0.3127061969614336,0.8248191438229766,sr_pds,sr_pds,"[('int', 0, 1)]","[('cubic', 31, 36), ('int', 21, 31)]","[('int', 0, 1)]","[('cubic', 31, 36), ('int', 21, 31)]","{('int', 0, 1): 5.280614581703987}","{('cubic', 31, 36): 0.005378704168552059, ('int', 21, 31): -0.05717460856608485}",dgp3,sr_pds,Interactions,SR-PDS,0.5
475,False,0.541814678628948,0.046067794691116354,0.45152180103436,0.6321075562235361,sr_pds,sr_pds,"[('int', 0, 1), ('int', 3, 4)]","[('int', 1, 20), ('int', 20, 49)]","[('int', 0, 1), ('int', 3, 4)]",[],"{('int', 0, 1): 4.972753906174428, ('int', 3, 4): 3.0637258824740936}",{},dgp3,sr_pds,Interactions,SR-PDS,0.5
476,False,0.4961589913461535,0.254593813512342,-0.0028448831380368245,0.9951628658303437,sr_pds,sr_pds,[],"[('int', 14, 15), ('int', 14, 19), ('int', 14, 25), ('int', 14, 45)]",[],"[('int', 14, 19), ('int', 14, 25)]",{},"{('int', 14, 19): -0.0069860983251661315, ('int', 14, 25): -0.5908080900159633}",dgp3,sr_pds,Interactions,SR-PDS,0.5
477,False,0.4982590874090795,0.14402673910086947,0.21596667877137532,0.7805514960467836,sr_pds,sr_pds,"[('int', 0, 1)]","[('int', 5, 10)]","[('int', 0, 1)]","[('int', 5, 10)]","{('int', 0, 1): 5.055908783219665}","{('int', 5, 10): 0.19664855826269695}",dgp3,sr_pds,Interactions,SR-PDS,0.5
478,False,0.6488889448472399,0.14423587216326916,0.36618663540723234,0.9315912542872475,sr_pds,sr_pds,"[('int', 0, 1)]","[('int', 1, 17), ('int', 1, 19), ('int', 1, 41), ('int', 8, 19), ('int', 8, 41), ('int', 17, 38), ('int', 19, 23), ('int', 19, 45), ('int', 23, 41), ('int', 41, 45)]","[('int', 0, 1)]","[('int', 1, 17), ('int', 1, 19), ('int', 1, 41), ('int', 17, 38), ('int', 23, 41), ('int', 41, 45)]","{('int', 0, 1): 5.097033865696919}","{('int', 1, 17): 0.21275185067276575, ('int', 1, 19): 0.17116672199606808, ('int', 1, 41): 0.19560462574693324, ('int', 17, 38): 0.291877126340888, ('int', 23, 41): -0.23355419167823527, ('int', 41, 45): 0.1242143747378085}",dgp3,sr_pds,Interactions,SR-PDS,0.5
479,False,0.5384690387908194,0.04672171223353199,0.44689448281309674,0.6300435947685421,sr_pds,sr_pds,"[('int', 0, 1), ('int', 3, 4)]","[('int', 18, 49)]","[('int', 0, 1), ('int', 3, 4)]",[],"{('int', 0, 1): 4.970170879247343, ('int', 3, 4): 3.06781189363212}",{},dgp3,sr_pds,Interactions,SR-PDS,0.5
480,False,0.32733113516476325,0.15535101798610562,0.022843139911996213,0.6318191304175302,sr_pds,sr_pds,"[('int', 0, 1)]","[('cubic', 46, 27), ('int', 2, 7), ('int', 2, 46), ('int', 7, 46), ('sq', 46, None)]","[('int', 0, 1)]","[('cubic', 46, 27), ('int', 7, 46)]","{('int', 0, 1): 5.438639189442957}","{('cubic', 46, 27): -0.016585946316219444, ('int', 7, 46): -0.34101308377088785}",dgp3,sr_pds,Interactions,SR-PDS,0.5
481,False,0.42472834078873967,0.11903197820269219,0.19142566351146298,0.6580310180660164,sr_pds,sr_pds,"[('int', 0, 1)]",[],"[('int', 0, 1)]",[],"{('int', 0, 1): 5.040405000621592}",{},dgp3,sr_pds,Interactions,SR-PDS,0.5
482,False,0.591635077215448,0.19526224936030756,0.20892106846924513,0.9743490859616508,sr_pds,sr_pds,"[('int', 3, 4)]","[('int', 11, 26), ('log', 49, None)]","[('int', 3, 4)]",[],"{('int', 3, 4): 2.9933709596068097}",{},dgp3,sr_pds,Interactions,SR-PDS,0.5
483,False,0.4461248595224263,0.041037613684097314,0.3656911367015956,0.526558582343257,sr_pds,sr_pds,"[('int', 0, 1), ('int', 3, 4)]",[],"[('int', 0, 1), ('int', 3, 4)]",[],"{('int', 0, 1): 5.04858641502696, ('int', 3, 4): 3.020675628917338}",{},dgp3,sr_pds,Interactions,SR-PDS,0.5
484,False,0.1848155830530372,0.220091546260032,-0.24656384761662553,0.6161950137226999,sr_pds,sr_pds,"[('int', 3, 4)]","[('int', 9, 17)]","[('int', 3, 4)]","[('int', 9, 17)]","{('int', 3, 4): 3.207341414397043}","{('int', 9, 17): 0.024064726995255036}",dgp3,sr_pds,Interactions,SR-PDS,0.5
485,False,0.4882691007403409,0.1238973313642016,0.2454303312665058,0.731107870214176,sr_pds,sr_pds,"[('int', 0, 1)]",[],"[('int', 0, 1)]",[],"{('int', 0, 1): 5.196276167953146}",{},dgp3,sr_pds,Interactions,SR-PDS,0.5
486,False,0.45523456729090983,0.12589379987371557,0.2084827195384273,0.7019864150433923,sr_pds,sr_pds,"[('int', 0, 1)]","[('int', 20, 31), ('int', 25, 31)]","[('int', 0, 1)]","[('int', 20, 31)]","{('int', 0, 1): 5.085854727110203}","{('int', 20, 31): 0.0332007644878235}",dgp3,sr_pds,Interactions,SR-PDS,0.5
487,False,0.4121243177199643,0.13905636571763424,0.13957384091340114,0.6846747945265275,sr_pds,sr_pds,"[('int', 0, 1)]",[],"[('int', 0, 1)]",[],"{('int', 0, 1): 4.925577070216079}",{},dgp3,sr_pds,Interactions,SR-PDS,0.5
488,False,0.4628701184570153,0.0497000718650396,0.3654579776015377,0.560282259312493,sr_pds,sr_pds,"[('int', 0, 1), ('int', 3, 4)]",[],"[('int', 0, 1), ('int', 3, 4)]",[],"{('int', 0, 1): 4.945151767004919, ('int', 3, 4): 3.0593578641612447}",{},dgp3,sr_pds,Interactions,SR-PDS,0.5
489,False,0.5694527611088049,0.14038980402262052,0.29428874522446874,0.8446167769931412,sr_pds,sr_pds,"[('int', 0, 1)]",[],"[('int', 0, 1)]",[],"{('int', 0, 1): 4.982088052080029}",{},dgp3,sr_pds,Interactions,SR-PDS,0.5
490,False,0.391888756096103,0.14330713668709605,0.11100676818939476,0.6727707440028112,sr_pds,sr_pds,"[('int', 0, 1)]",[],"[('int', 0, 1)]",[],"{('int', 0, 1): 5.197124840002215}",{},dgp3,sr_pds,Interactions,SR-PDS,0.5
491,False,0.49557497624900854,0.04441570591765252,0.4085201926504096,0.5826297598476075,sr_pds,sr_pds,"[('int', 0, 1), ('int', 3, 4)]",[],"[('int', 0, 1), ('int', 3, 4)]",[],"{('int', 0, 1): 5.013470967941983, ('int', 3, 4): 3.001584667568548}",{},dgp3,sr_pds,Interactions,SR-PDS,0.5
492,False,0.43675726117158503,0.2387030455084239,-0.03110070802492576,0.9046152303680959,sr_pds,sr_pds,"[('int', 3, 4)]","[('int', 2, 10)]","[('int', 3, 4)]",[],"{('int', 3, 4): 3.007938853305852}",{},dgp3,sr_pds,Interactions,SR-PDS,0.5
493,False,0.5426948761724375,0.04419895021254625,0.45606493375584684,0.6293248185890281,sr_pds,sr_pds,"[('int', 0, 1), ('int', 3, 4)]","[('int', 17, 37)]","[('int', 0, 1), ('int', 3, 4)]",[],"{('int', 0, 1): 4.966711897730578, ('int', 3, 4): 3.011299983565777}",{},dgp3,sr_pds,Interactions,SR-PDS,0.5
494,False,0.7343250240014244,0.28347194795235103,0.1787200060148164,1.2899300419880324,sr_pds,sr_pds,[],"[('int', 1, 32), ('int', 14, 32), ('int', 23, 32), ('int', 24, 32), ('int', 25, 32)]",[],"[('int', 1, 32), ('int', 23, 32), ('int', 25, 32)]",{},"{('int', 1, 32): -0.2732028474063428, ('int', 23, 32): 0.33016348034166754, ('int', 25, 32): -0.36733579545601747}",dgp3,sr_pds,Interactions,SR-PDS,0.5
495,False,0.5866778098182027,0.12914090804288314,0.3335616300541518,0.8397939895822537,sr_pds,sr_pds,"[('int', 0, 1)]","[('int', 6, 18)]","[('int', 0, 1)]","[('int', 6, 18)]","{('int', 0, 1): 4.876525041762889}","{('int', 6, 18): -0.04179465808079272}",dgp3,sr_pds,Interactions,SR-PDS,0.5
496,False,0.5114089803373115,0.04979478757742025,0.4138111966855678,0.6090067639890552,sr_pds,sr_pds,"[('int', 0, 1), ('int', 3, 4)]","[('int', 4, 24), ('int', 12, 24), ('int', 12, 30), ('int', 19, 24), ('int', 21, 24), ('int', 24, 38), ('int', 24, 42), ('int', 31, 49)]","[('int', 0, 1), ('int', 3, 4)]",[],"{('int', 0, 1): 5.064435737204802, ('int', 3, 4): 3.0770768102113637}",{},dgp3,sr_pds,Interactions,SR-PDS,0.5
497,False,0.5739628329109321,0.1328146239659128,0.313646169937743,0.8342794958841211,sr_pds,sr_pds,"[('int', 0, 1)]",[],"[('int', 0, 1)]",[],"{('int', 0, 1): 4.470568026737166}",{},dgp3,sr_pds,Interactions,SR-PDS,0.5
498,False,0.49326279275976476,0.04188205644945642,0.41117396211883017,0.5753516234006993,sr_pds,sr_pds,"[('int', 0, 1), ('int', 3, 4)]","[('int', 23, 36), ('int', 23, 49)]","[('int', 0, 1), ('int', 3, 4)]",[],"{('int', 0, 1): 4.9354277678145815, ('int', 3, 4): 3.028086597727608}",{},dgp3,sr_pds,Interactions,SR-PDS,0.5
499,False,0.3219683814916566,0.16383312632752864,0.0008554538897004305,0.6430813090936127,sr_pds,sr_pds,"[('int', 0, 1)]",[],"[('int', 0, 1)]",[],"{('int', 0, 1): 4.710881648902668}",{},dgp3,sr_pds,Interactions,SR-PDS,0.5
