seed,failed,beta_hat,se,ci_low,ci_high,sr_pds_variant,epds_variant,pre_lasso_terms_y,pre_lasso_terms_d,post_lasso_terms_y,post_lasso_terms_d,term_coefs_y,term_coefs_d,dgp,estimator,dgp_label,est_label,beta0
0,False,0.5288268214304004,0.14171797539577605,0.25105958965467934,0.8065940532061214,sr_pds,sr_pds,"[('cubic', 0, 1), ('log', 2, None)]",[],"[('cubic', 0, 1), ('log', 2, None)]",[],"{('cubic', 0, 1): 4.905436776043362, ('log', 2, None): -5.060689327300802}",{},dgp4,sr_pds,Mixed nonlinear,SR-PDS,0.5
1,False,0.39103501360806603,0.35439267816223774,-0.30357463558991993,1.085644662806052,sr_pds,sr_pds,"[('sqrt', 2, None)]",[],"[('sqrt', 2, None)]",[],"{('sqrt', 2, None): -14.819672525595763}",{},dgp4,sr_pds,Mixed nonlinear,SR-PDS,0.5
2,False,0.7575014289668488,0.3141654806868543,0.14173708682061437,1.3732657711130831,sr_pds,sr_pds,"[('cubic', 0, 1)]",[],"[('cubic', 0, 1)]",[],"{('cubic', 0, 1): 4.955925046170684}",{},dgp4,sr_pds,Mixed nonlinear,SR-PDS,0.5
3,False,0.43108300351318657,0.142591511614981,0.15160364074782384,0.7105623662785493,sr_pds,sr_pds,"[('cubic', 0, 1), ('log', 2, None)]",[],"[('cubic', 0, 1), ('log', 2, None)]",[],"{('cubic', 0, 1): 4.915809828349883, ('log', 2, None): -4.9025973438315145}",{},dgp4,sr_pds,Mixed nonlinear,SR-PDS,0.5
4,False,0.3261396613227468,0.3113302745720131,-0.2840676768383989,0.9363469994838924,sr_pds,sr_pds,"[('cubic', 0, 1)]",[],"[('cubic', 0, 1)]",[],"{('cubic', 0, 1): 4.920146719000312}",{},dgp4,sr_pds,Mixed nonlinear,SR-PDS,0.5
5,False,0.5590368696207424,0.1413170918394716,0.282055369615378,0.8360183696261068,sr_pds,sr_pds,"[('cubic', 0, 1), ('log', 2, None)]",[],"[('cubic', 0, 1), ('log', 2, None)]",[],"{('cubic', 0, 1): 4.994478891777332, ('log', 2, None): -5.216755188258241}",{},dgp4,sr_pds,Mixed nonlinear,SR-PDS,0.5
6,False,0.4687193152472342,0.1272799936169369,0.21925052775803788,0.7181881027364305,sr_pds,sr_pds,"[('cubic', 0, 1), ('log', 2, None)]",[],"[('cubic', 0, 1), ('log', 2, None)]",[],"{('cubic', 0, 1): 5.0335693755468895, ('log', 2, None): -5.078759688518719}",{},dgp4,sr_pds,Mixed nonlinear,SR-PDS,0.5
7,False,0.5968189478810876,0.2956684222538236,0.01730884026359325,1.176329055498582,sr_pds,sr_pds,"[('cubic', 0, 1)]",[],"[('cubic', 0, 1)]",[],"{('cubic', 0, 1): 4.785738132147457}",{},dgp4,sr_pds,Mixed nonlinear,SR-PDS,0.5
8,False,1.248377941705872,0.29676042934574626,0.6667275001882094,1.8300283832235347,sr_pds,sr_pds,"[('cubic', 0, 1)]","[('cubic', 33, 40)]","[('cubic', 0, 1)]","[('cubic', 33, 40)]","{('cubic', 0, 1): 5.252187591571106}","{('cubic', 33, 40): -0.2631253192950045}",dgp4,sr_pds,Mixed nonlinear,SR-PDS,0.5
9,False,0.5387648289296065,0.14315066898943427,0.2581895177103154,0.8193401401488977,sr_pds,sr_pds,"[('cubic', 0, 1), ('log', 2, None)]",[],"[('cubic', 0, 1), ('log', 2, None)]",[],"{('cubic', 0, 1): 4.936169400342169, ('log', 2, None): -5.019390800548823}",{},dgp4,sr_pds,Mixed nonlinear,SR-PDS,0.5
10,False,0.2309466387529333,0.30141578860887097,-0.35982830692045376,0.8217215844263204,sr_pds,sr_pds,"[('cubic', 0, 1)]","[('int', 3, 34), ('int', 3, 43)]","[('cubic', 0, 1)]","[('int', 3, 34)]","{('cubic', 0, 1): 4.816560626509556}","{('int', 3, 34): -0.31168217011315374}",dgp4,sr_pds,Mixed nonlinear,SR-PDS,0.5
11,False,0.6393198654508624,0.2881245718124504,0.07459570469845966,1.204044026203265,sr_pds,sr_pds,"[('cubic', 0, 1)]",[],"[('cubic', 0, 1)]",[],"{('cubic', 0, 1): 4.832136704194993}",{},dgp4,sr_pds,Mixed nonlinear,SR-PDS,0.5
12,False,0.3151997271960016,0.12256698020071977,0.07496844600259084,0.5554310083894123,sr_pds,sr_pds,"[('cubic', 0, 1), ('log', 2, None)]","[('int', 0, 21), ('int', 6, 21)]","[('cubic', 0, 1), ('log', 2, None)]",[],"{('cubic', 0, 1): 5.041848749635996, ('log', 2, None): -4.734628211027063}",{},dgp4,sr_pds,Mixed nonlinear,SR-PDS,0.5
13,False,0.43209206841117476,0.3261922466448612,-0.2072447350127532,1.0714288718351028,sr_pds,sr_pds,"[('cubic', 0, 1)]",[],"[('cubic', 0, 1)]",[],"{('cubic', 0, 1): 4.913140701783235}",{},dgp4,sr_pds,Mixed nonlinear,SR-PDS,0.5
14,False,0.7387911294136329,0.13316855573136926,0.47778076018014914,0.9998014986471166,sr_pds,sr_pds,"[('cubic', 0, 1), ('log', 2, None)]",[],"[('cubic', 0, 1), ('log', 2, None)]",[],"{('cubic', 0, 1): 4.992546540814248, ('log', 2, None): -5.214071637979146}",{},dgp4,sr_pds,Mixed nonlinear,SR-PDS,0.5
15,False,0.6090938161984306,0.2332176156299214,0.15198728956378466,1.0662003428330766,sr_pds,sr_pds,"[('cubic', 0, 1)]","[('int', 26, 42)]","[('cubic', 0, 1)]","[('int', 26, 42)]","{('cubic', 0, 1): 5.29389950697083}","{('int', 26, 42): -0.40681355375763867}",dgp4,sr_pds,Mixed nonlinear,SR-PDS,0.5
16,False,0.7614403952242309,0.14715346182508496,0.4730196100470644,1.0498611804013973,sr_pds,sr_pds,"[('cubic', 0, 1), ('log', 2, None)]","[('int', 18, 24)]","[('cubic', 0, 1), ('log', 2, None)]","[('int', 18, 24)]","{('cubic', 0, 1): 5.022965163979366, ('log', 2, None): -5.096963086111786}","{('int', 18, 24): -0.058549591497281575}",dgp4,sr_pds,Mixed nonlinear,SR-PDS,0.5
17,False,1.1987509921197066,0.2850782955744101,0.6399975327938627,1.7575044514455505,sr_pds,sr_pds,"[('cubic', 0, 1)]",[],"[('cubic', 0, 1)]",[],"{('cubic', 0, 1): 5.042696340676421}",{},dgp4,sr_pds,Mixed nonlinear,SR-PDS,0.5
18,False,0.08811051907766662,0.4685793127612151,-0.8303049339343149,1.0065259720896482,sr_pds,sr_pds,[],"[('int', 0, 14), ('int', 0, 44)]",[],"[('int', 0, 44)]",{},"{('int', 0, 44): 1.7874543884818552}",dgp4,sr_pds,Mixed nonlinear,SR-PDS,0.5
19,False,0.4470993981550206,0.14602020812420452,0.16089979023157974,0.7332990060784614,sr_pds,sr_pds,"[('cubic', 0, 1), ('sqrt', 2, None)]",[],"[('cubic', 0, 1), ('sqrt', 2, None)]",[],"{('cubic', 0, 1): 4.92262797565829, ('sqrt', 2, None): -14.495485405015746}",{},dgp4,sr_pds,Mixed nonlinear,SR-PDS,0.5
20,False,0.8044202266829383,0.2733532505391873,0.26864785562613125,1.3401925977397453,sr_pds,sr_pds,"[('cubic', 0, 1)]",[],"[('cubic', 0, 1)]",[],"{('cubic', 0, 1): 4.684653307684927}",{},dgp4,sr_pds,Mixed nonlinear,SR-PDS,0.5
21,False,0.6340519193119749,0.29788459819296886,0.05019810685375592,1.2179057317701938,sr_pds,sr_pds,"[('cubic', 0, 1)]","[('int', 16, 21), ('int', 16, 46)]","[('cubic', 0, 1)]","[('int', 16, 21)]","{('cubic', 0, 1): 5.035629323861402}","{('int', 16, 21): -0.4564330103590015}",dgp4,sr_pds,Mixed nonlinear,SR-PDS,0.5
22,False,0.40422415226774705,0.12368275545278563,0.1618059515802872,0.6466423529552069,sr_pds,sr_pds,"[('cubic', 0, 1), ('log', 2, None)]","[('int', 1, 35), ('int', 15, 35)]","[('cubic', 0, 1), ('log', 2, None)]",[],"{('cubic', 0, 1): 4.907422330385424, ('log', 2, None): -4.917351932557744}",{},dgp4,sr_pds,Mixed nonlinear,SR-PDS,0.5
23,False,0.4189453564445786,0.28641932742490966,-0.1424365253082443,0.9803272381974015,sr_pds,sr_pds,"[('cubic', 0, 1)]",[],"[('cubic', 0, 1)]",[],"{('cubic', 0, 1): 4.800631075199892}",{},dgp4,sr_pds,Mixed nonlinear,SR-PDS,0.5
24,False,0.787912236835699,0.2947311477291763,0.21023918728651347,1.3655852863848845,sr_pds,sr_pds,"[('cubic', 0, 1)]","[('int', 12, 31), ('int', 20, 31), ('sq', 31, None)]","[('cubic', 0, 1)]","[('int', 12, 31), ('sq', 31, None)]","{('cubic', 0, 1): 5.1722589966918635}","{('int', 12, 31): -0.8804625901242032, ('sq', 31, None): 0.5662705531815205}",dgp4,sr_pds,Mixed nonlinear,SR-PDS,0.5
25,False,0.5836169295595237,0.12467425190011579,0.33925539583529674,0.8279784632837507,sr_pds,sr_pds,"[('cubic', 0, 1), ('log', 2, None)]","[('int', 9, 36), ('int', 17, 36), ('int', 18, 36), ('int', 36, 39)]","[('cubic', 0, 1), ('log', 2, None)]","[('int', 17, 36)]","{('cubic', 0, 1): 5.109193349052598, ('log', 2, None): -5.2492975900939225}","{('int', 17, 36): -0.2068961864897035}",dgp4,sr_pds,Mixed nonlinear,SR-PDS,0.5
26,False,0.5972953626038222,0.17728916198605194,0.24980860511116043,0.944782120096484,sr_pds,sr_pds,"[('cubic', 0, 1), ('sqrt', 2, None)]","[('int', 1, 26)]","[('cubic', 0, 1), ('sqrt', 2, None)]","[('int', 1, 26)]","{('cubic', 0, 1): 4.852089392860893, ('sqrt', 2, None): -15.429488953577263}","{('int', 1, 26): -0.10825917408967231}",dgp4,sr_pds,Mixed nonlinear,SR-PDS,0.5
27,False,0.5203303833091328,0.3019182163534754,-0.07142932074367891,1.1120900873619446,sr_pds,sr_pds,"[('cubic', 0, 1)]",[],"[('cubic', 0, 1)]",[],"{('cubic', 0, 1): 5.373916565019292}",{},dgp4,sr_pds,Mixed nonlinear,SR-PDS,0.5
28,False,0.12709073392526127,0.3034235482825478,-0.46761942070853246,0.721800888559055,sr_pds,sr_pds,"[('cubic', 0, 1)]",[],"[('cubic', 0, 1)]",[],"{('cubic', 0, 1): 5.077128547482175}",{},dgp4,sr_pds,Mixed nonlinear,SR-PDS,0.5
29,False,0.87991313536267,0.266070037542363,0.35841586177963847,1.4014104089457016,sr_pds,sr_pds,"[('cubic', 0, 1)]","[('cubic', 18, 15), ('cubic', 18, 47)]","[('cubic', 0, 1)]","[('cubic', 18, 15), ('cubic', 18, 47)]","{('cubic', 0, 1): 4.80792330287758}","{('cubic', 18, 15): 0.12979286539732515, ('cubic', 18, 47): 0.19525148006894905}",dgp4,sr_pds,Mixed nonlinear,SR-PDS,0.5
30,False,0.05009770971769584,0.4073191493982515,-0.7482478231028771,0.8484432425382686,sr_pds,sr_pds,[],"[('int', 11, 33)]",[],"[('int', 11, 33)]",{},"{('int', 11, 33): 0.7495382056048565}",dgp4,sr_pds,Mixed nonlinear,SR-PDS,0.5
31,False,0.3267220755316738,0.1218713200267073,0.08785428827932754,0.5655898627840201,sr_pds,sr_pds,"[('cubic', 0, 1), ('log', 2, None)]","[('cubic', 7, 9), ('cubic', 7, 39)]","[('cubic', 0, 1), ('log', 2, None)]","[('cubic', 7, 9), ('cubic', 7, 39)]","{('cubic', 0, 1): 5.091449093662647, ('log', 2, None): -5.019792657392453}","{('cubic', 7, 9): 0.10503627701128974, ('cubic', 7, 39): 0.07983905770350547}",dgp4,sr_pds,Mixed nonlinear,SR-PDS,0.5
32,False,0.16401113253012217,0.25297864492349526,-0.3318270115199285,0.6598492765801729,sr_pds,sr_pds,"[('cubic', 0, 1)]","[('int', 25, 48), ('int', 47, 48)]","[('cubic', 0, 1)]","[('int', 47, 48)]","{('cubic', 0, 1): 4.858425508555241}","{('int', 47, 48): 0.2647414307025809}",dgp4,sr_pds,Mixed nonlinear,SR-PDS,0.5
33,False,0.491993478158615,0.1473115551986587,0.20326282996924394,0.780724126347986,sr_pds,sr_pds,"[('cubic', 0, 1), ('int', 0, 1), ('log', 2, None)]",[],"[('cubic', 0, 1), ('log', 2, None)]",[],"{('cubic', 0, 1): 4.98932067956215, ('log', 2, None): -5.125348415717387}",{},dgp4,sr_pds,Mixed nonlinear,SR-PDS,0.5
34,False,0.5053781673023625,0.17401505782939936,0.16430865395673977,0.8464476806479853,sr_pds,sr_pds,"[('cubic', 0, 1), ('sqrt', 2, None)]",[],"[('cubic', 0, 1), ('sqrt', 2, None)]",[],"{('cubic', 0, 1): 4.851333488788681, ('sqrt', 2, None): -13.870036559511771}",{},dgp4,sr_pds,Mixed nonlinear,SR-PDS,0.5
35,False,0.36497125469858444,0.13578431675925817,0.0988339938504384,0.6311085155467304,sr_pds,sr_pds,"[('cubic', 0, 1), ('log', 2, None)]","[('int', 6, 29)]","[('cubic', 0, 1), ('log', 2, None)]",[],"{('cubic', 0, 1): 4.994779719079888, ('log', 2, None): -5.004810384434944}",{},dgp4,sr_pds,Mixed nonlinear,SR-PDS,0.5
36,False,0.028980624936084862,0.28166827671551026,-0.5230891974263152,0.581050447298485,sr_pds,sr_pds,"[('cubic', 0, 1)]",[],"[('cubic', 0, 1)]",[],"{('cubic', 0, 1): 4.808149158143705}",{},dgp4,sr_pds,Mixed nonlinear,SR-PDS,0.5
37,False,0.4282373264741639,0.3002392019102777,-0.16023150926998042,1.0167061622183082,sr_pds,sr_pds,"[('cubic', 0, 1)]","[('int', 39, 42)]","[('cubic', 0, 1)]","[('int', 39, 42)]","{('cubic', 0, 1): 5.084370445023643}","{('int', 39, 42): 0.19841617092028815}",dgp4,sr_pds,Mixed nonlinear,SR-PDS,0.5
38,False,0.45428505158680993,0.270280244547183,-0.0754642277256688,0.9840343308992887,sr_pds,sr_pds,"[('cubic', 0, 1)]","[('int', 20, 36)]","[('cubic', 0, 1)]",[],"{('cubic', 0, 1): 4.900528490138821}",{},dgp4,sr_pds,Mixed nonlinear,SR-PDS,0.5
39,False,0.5348150546762439,0.2710144457533327,0.0036267409997118305,1.066003368352776,sr_pds,sr_pds,"[('cubic', 0, 1)]",[],"[('cubic', 0, 1)]",[],"{('cubic', 0, 1): 4.63464473235995}",{},dgp4,sr_pds,Mixed nonlinear,SR-PDS,0.5
40,False,0.0378735788880072,0.2893607227457238,-0.5292734376936113,0.6050205954696258,sr_pds,sr_pds,"[('cubic', 0, 1)]","[('int', 5, 31), ('int', 8, 31), ('int', 14, 31), ('int', 24, 31), ('int', 31, 35)]","[('cubic', 0, 1)]","[('int', 5, 31), ('int', 8, 31), ('int', 14, 31)]","{('cubic', 0, 1): 5.337183823182004}","{('int', 5, 31): -0.21952966179933295, ('int', 8, 31): 0.26595793663647455, ('int', 14, 31): 0.2486032676958004}",dgp4,sr_pds,Mixed nonlinear,SR-PDS,0.5
41,False,0.18861271690011394,0.28325736175163235,-0.3665717121330855,0.7437971459333134,sr_pds,sr_pds,"[('cubic', 0, 1)]",[],"[('cubic', 0, 1)]",[],"{('cubic', 0, 1): 4.891092791034163}",{},dgp4,sr_pds,Mixed nonlinear,SR-PDS,0.5
42,False,0.42335766685293663,0.2646023919752599,-0.09526302141857279,0.941978355124446,sr_pds,sr_pds,"[('cubic', 0, 1)]",[],"[('cubic', 0, 1)]",[],"{('cubic', 0, 1): 5.269746036350089}",{},dgp4,sr_pds,Mixed nonlinear,SR-PDS,0.5
43,False,0.34453491714962353,0.13890879140862106,0.07227368598872624,0.6167961483105209,sr_pds,sr_pds,"[('cubic', 0, 1), ('log', 2, None)]",[],"[('cubic', 0, 1), ('log', 2, None)]",[],"{('cubic', 0, 1): 4.853411272699357, ('log', 2, None): -5.133034039703821}",{},dgp4,sr_pds,Mixed nonlinear,SR-PDS,0.5
44,False,0.3802102376859191,0.3500294568920548,-0.3058474978225082,1.0662679731943463,sr_pds,sr_pds,"[('cubic', 0, 1)]","[('int', 16, 36), ('int', 23, 30)]","[('cubic', 0, 1)]","[('int', 23, 30)]","{('cubic', 0, 1): 5.051471890984531}","{('int', 23, 30): 0.2678968956999154}",dgp4,sr_pds,Mixed nonlinear,SR-PDS,0.5
45,False,0.28956474870885934,0.1736047177269327,-0.05070049803592874,0.6298299954536475,sr_pds,sr_pds,"[('cubic', 0, 1), ('log', 2, None)]",[],"[('cubic', 0, 1), ('log', 2, None)]",[],"{('cubic', 0, 1): 4.974142150259307, ('log', 2, None): -5.109357475738537}",{},dgp4,sr_pds,Mixed nonlinear,SR-PDS,0.5
46,False,-0.19020074869052514,0.2998017920895467,-0.7778122611860367,0.3974107638049864,sr_pds,sr_pds,"[('cubic', 0, 1)]",[],"[('cubic', 0, 1)]",[],"{('cubic', 0, 1): 5.09358096350677}",{},dgp4,sr_pds,Mixed nonlinear,SR-PDS,0.5
47,False,0.3596832935222447,0.14277311955168298,0.07984797920094605,0.6395186078435433,sr_pds,sr_pds,"[('cubic', 0, 1), ('log', 2, None)]","[('int', 13, 26), ('int', 13, 34)]","[('cubic', 0, 1), ('log', 2, None)]",[],"{('cubic', 0, 1): 4.859519919703642, ('log', 2, None): -5.1118296970617125}",{},dgp4,sr_pds,Mixed nonlinear,SR-PDS,0.5
48,False,-0.03257703518693807,0.2792043957286862,-0.5798176508151631,0.5146635804412869,sr_pds,sr_pds,"[('cubic', 0, 1)]","[('cubic', 15, 44), ('int', 10, 15), ('sq', 15, None)]","[('cubic', 0, 1)]","[('int', 10, 15), ('sq', 15, None)]","{('cubic', 0, 1): 5.017208505567351}","{('int', 10, 15): -0.61191342700237, ('sq', 15, None): 0.14397406574383934}",dgp4,sr_pds,Mixed nonlinear,SR-PDS,0.5
49,False,0.39858766261263795,0.26734392648785665,-0.1254064333035611,0.922581758528837,sr_pds,sr_pds,"[('cubic', 0, 1)]",[],"[('cubic', 0, 1)]",[],"{('cubic', 0, 1): 4.905611879632933}",{},dgp4,sr_pds,Mixed nonlinear,SR-PDS,0.5
50,False,0.5290155023660575,0.1282708556392993,0.27760462531303093,0.7804263794190842,sr_pds,sr_pds,"[('cubic', 0, 1), ('int', 0, 1), ('log', 2, None)]","[('int', 2, 14), ('int', 8, 14)]","[('cubic', 0, 1), ('log', 2, None)]","[('int', 8, 14)]","{('cubic', 0, 1): 4.970633981561296, ('log', 2, None): -5.052644770190287}","{('int', 8, 14): -0.16771837022625957}",dgp4,sr_pds,Mixed nonlinear,SR-PDS,0.5
51,False,0.533895313042042,0.2914062120496594,-0.03726086257529038,1.1050514886593743,sr_pds,sr_pds,"[('cubic', 0, 1)]",[],"[('cubic', 0, 1)]",[],"{('cubic', 0, 1): 4.873598566693357}",{},dgp4,sr_pds,Mixed nonlinear,SR-PDS,0.5
52,False,0.4184631975697011,0.2781078216040919,-0.12662813277431906,0.9635545279137212,sr_pds,sr_pds,"[('cubic', 0, 1)]",[],"[('cubic', 0, 1)]",[],"{('cubic', 0, 1): 5.2203293802159765}",{},dgp4,sr_pds,Mixed nonlinear,SR-PDS,0.5
53,False,0.6864762493734481,0.1671601681024243,0.3588423198926965,1.0141101788541997,sr_pds,sr_pds,"[('cubic', 0, 1), ('sqrt', 2, None)]","[('int', 16, 38)]","[('cubic', 0, 1), ('sqrt', 2, None)]","[('int', 16, 38)]","{('cubic', 0, 1): 4.875037136353338, ('sqrt', 2, None): -14.07382596227751}","{('int', 16, 38): -0.05970552607545211}",dgp4,sr_pds,Mixed nonlinear,SR-PDS,0.5
54,False,0.5842257719426494,0.26504677482041406,0.06473409329463786,1.1037174505906608,sr_pds,sr_pds,"[('cubic', 0, 1)]",[],"[('cubic', 0, 1)]",[],"{('cubic', 0, 1): 5.107279324597397}",{},dgp4,sr_pds,Mixed nonlinear,SR-PDS,0.5
55,False,-0.32347081842430647,0.3278489275171142,-0.9660547163578503,0.3191130795092374,sr_pds,sr_pds,"[('cubic', 0, 1)]","[('int', 24, 41)]","[('cubic', 0, 1)]","[('int', 24, 41)]","{('cubic', 0, 1): 5.051177761300122}","{('int', 24, 41): -0.09041612823098177}",dgp4,sr_pds,Mixed nonlinear,SR-PDS,0.5
56,False,-0.062478115413718366,0.28188875151175813,-0.6149800683767643,0.49002383754932755,sr_pds,sr_pds,"[('cubic', 0, 1)]","[('int', 41, 46)]","[('cubic', 0, 1)]","[('int', 41, 46)]","{('cubic', 0, 1): 5.246716614063122}","{('int', 41, 46): -0.2086672979376968}",dgp4,sr_pds,Mixed nonlinear,SR-PDS,0.5
57,False,0.2765823652596253,0.15401926383429984,-0.025295391855602367,0.578460122374853,sr_pds,sr_pds,"[('cubic', 0, 1), ('log', 2, None)]","[('int', 13, 20)]","[('cubic', 0, 1), ('log', 2, None)]",[],"{('cubic', 0, 1): 4.893017466791219, ('log', 2, None): -5.05034407706363}",{},dgp4,sr_pds,Mixed nonlinear,SR-PDS,0.5
58,False,0.32658452799668647,0.16220460711097695,0.00866349805917166,0.6445055579342013,sr_pds,sr_pds,"[('cubic', 0, 1), ('log', 2, None)]","[('int', 25, 40)]","[('cubic', 0, 1), ('log', 2, None)]","[('int', 25, 40)]","{('cubic', 0, 1): 5.008408428807044, ('log', 2, None): -5.0927274614082565}","{('int', 25, 40): 0.18909656112131787}",dgp4,sr_pds,Mixed nonlinear,SR-PDS,0.5
59,False,0.6131315765032782,0.1554043139620318,0.3085391211376959,0.9177240318688605,sr_pds,sr_pds,"[('cubic', 0, 1), ('log', 2, None)]",[],"[('cubic', 0, 1), ('log', 2, None)]",[],"{('cubic', 0, 1): 5.054972002872405, ('log', 2, None): -5.197332688649108}",{},dgp4,sr_pds,Mixed nonlinear,SR-PDS,0.5
60,False,0.4458714505865521,0.26586335178503034,-0.07522071891210735,0.9669636200852115,sr_pds,sr_pds,"[('cubic', 0, 1)]","[('int', 6, 48), ('int', 28, 48)]","[('cubic', 0, 1)]","[('int', 6, 48), ('int', 28, 48)]","{('cubic', 0, 1): 4.738725735315406}","{('int', 6, 48): -0.3056294676735689, ('int', 28, 48): 0.03586509276149678}",dgp4,sr_pds,Mixed nonlinear,SR-PDS,0.5
61,False,0.6987822754680231,0.2756925329868889,0.1584249108137209,1.2391396401223251,sr_pds,sr_pds,"[('cubic', 0, 1)]","[('int', 2, 5)]","[('cubic', 0, 1)]","[('int', 2, 5)]","{('cubic', 0, 1): 5.066478983254227}","{('int', 2, 5): -0.38295245795252425}",dgp4,sr_pds,Mixed nonlinear,SR-PDS,0.5
62,False,0.1837189400495889,0.3118132642938743,-0.4274350579664047,0.7948729380655825,sr_pds,sr_pds,"[('cubic', 0, 1)]",[],"[('cubic', 0, 1)]",[],"{('cubic', 0, 1): 4.459998428066291}",{},dgp4,sr_pds,Mixed nonlinear,SR-PDS,0.5
63,False,0.743709542329367,0.133327544032335,0.4823875560259905,1.0050315286327436,sr_pds,sr_pds,"[('cubic', 0, 1), ('log', 2, None)]","[('int', 4, 23)]","[('cubic', 0, 1), ('log', 2, None)]","[('int', 4, 23)]","{('cubic', 0, 1): 4.999515390338444, ('log', 2, None): -5.1239199129173745}","{('int', 4, 23): -0.41259120006994027}",dgp4,sr_pds,Mixed nonlinear,SR-PDS,0.5
64,False,0.42187189575061507,0.13895268326072738,0.14952463655958942,0.6942191549416408,sr_pds,sr_pds,"[('cubic', 0, 1), ('log', 2, None)]","[('int', 4, 17)]","[('cubic', 0, 1), ('log', 2, None)]",[],"{('cubic', 0, 1): 5.068129009315447, ('log', 2, None): -4.726778426850244}",{},dgp4,sr_pds,Mixed nonlinear,SR-PDS,0.5
65,False,0.5947102269332322,0.1798060055189729,0.24229045611604527,0.9471299977504191,sr_pds,sr_pds,"[('cubic', 0, 1), ('sqrt', 2, None)]",[],"[('cubic', 0, 1), ('sqrt', 2, None)]",[],"{('cubic', 0, 1): 4.8926834400628145, ('sqrt', 2, None): -15.214573618527876}",{},dgp4,sr_pds,Mixed nonlinear,SR-PDS,0.5
66,False,0.11661059583977927,0.29343695339478393,-0.45852583281399717,0.6917470244935557,sr_pds,sr_pds,"[('cubic', 0, 1)]",[],"[('cubic', 0, 1)]",[],"{('cubic', 0, 1): 5.438775722760176}",{},dgp4,sr_pds,Mixed nonlinear,SR-PDS,0.5
67,False,0.6844453488324536,0.25452171285172975,0.18558279164306324,1.1833079060218439,sr_pds,sr_pds,"[('cubic', 0, 1)]",[],"[('cubic', 0, 1)]",[],"{('cubic', 0, 1): 5.049696801223927}",{},dgp4,sr_pds,Mixed nonlinear,SR-PDS,0.5
68,False,0.9644920184646855,0.3119376017384438,0.35309431905733557,1.5758897178720352,sr_pds,sr_pds,"[('cubic', 0, 1)]",[],"[('cubic', 0, 1)]",[],"{('cubic', 0, 1): 4.928178601785632}",{},dgp4,sr_pds,Mixed nonlinear,SR-PDS,0.5
69,False,-0.26104924761577586,0.40267254808300845,-1.0502874418584724,0.5281889466269207,sr_pds,sr_pds,[],"[('int', 5, 13), ('int', 5, 18), ('int', 13, 15), ('int', 15, 18), ('int', 18, 22), ('int', 18, 24)]",[],"[('int', 5, 13), ('int', 5, 18), ('int', 13, 15), ('int', 18, 24)]",{},"{('int', 5, 13): -0.4672487019302854, ('int', 5, 18): -0.5365038662189995, ('int', 13, 15): -0.22296239420925876, ('int', 18, 24): 0.2959868657463013}",dgp4,sr_pds,Mixed nonlinear,SR-PDS,0.5
70,False,0.20138930411453926,0.1350675481824767,-0.06334309032311508,0.4661216985521936,sr_pds,sr_pds,"[('cubic', 0, 1), ('log', 2, None)]","[('int', 15, 19), ('sq', 15, None)]","[('cubic', 0, 1), ('log', 2, None)]","[('int', 15, 19), ('sq', 15, None)]","{('cubic', 0, 1): 5.150267927133212, ('log', 2, None): -5.099223020593557}","{('int', 15, 19): 0.2272709563614787, ('sq', 15, None): 0.014031514600531269}",dgp4,sr_pds,Mixed nonlinear,SR-PDS,0.5
71,False,0.6474265239515655,0.2930138804749705,0.07311931822062334,1.2217337296825077,sr_pds,sr_pds,"[('cubic', 0, 1)]",[],"[('cubic', 0, 1)]",[],"{('cubic', 0, 1): 4.91348072794203}",{},dgp4,sr_pds,Mixed nonlinear,SR-PDS,0.5
72,False,0.7046220003729261,0.3398745172231465,0.03846794661555897,1.3707760541302934,sr_pds,sr_pds,"[('cubic', 0, 1)]",[],"[('cubic', 0, 1)]",[],"{('cubic', 0, 1): 5.142129822468884}",{},dgp4,sr_pds,Mixed nonlinear,SR-PDS,0.5
73,False,0.3880813340709967,0.2610637693297779,-0.12360365381536792,0.8997663219573613,sr_pds,sr_pds,"[('cubic', 0, 1), ('int', 3, 4)]","[('int', 26, 46), ('int', 43, 46)]","[('cubic', 0, 1), ('int', 3, 4)]","[('int', 43, 46)]","{('cubic', 0, 1): 4.82129499181042, ('int', 3, 4): 2.9799525423330087}","{('int', 43, 46): 0.3993721555716994}",dgp4,sr_pds,Mixed nonlinear,SR-PDS,0.5
74,False,0.8556325537432554,0.28522475946719883,0.2965920251875457,1.414673082298965,sr_pds,sr_pds,"[('cubic', 0, 1)]","[('int', 16, 40)]","[('cubic', 0, 1)]","[('int', 16, 40)]","{('cubic', 0, 1): 4.725684812088466}","{('int', 16, 40): 0.10714199440488156}",dgp4,sr_pds,Mixed nonlinear,SR-PDS,0.5
75,False,0.20305759437124088,0.40681403775428276,-0.5942979196271534,1.000413108369635,sr_pds,sr_pds,[],"[('int', 12, 27)]",[],"[('int', 12, 27)]",{},"{('int', 12, 27): -0.361234224923129}",dgp4,sr_pds,Mixed nonlinear,SR-PDS,0.5
76,False,-0.09299799238288772,0.29231117087268754,-0.6659278872933553,0.4799319025275798,sr_pds,sr_pds,"[('cubic', 0, 1)]",[],"[('cubic', 0, 1)]",[],"{('cubic', 0, 1): 5.257954320646828}",{},dgp4,sr_pds,Mixed nonlinear,SR-PDS,0.5
77,False,0.5709740880312324,0.1340574906591448,0.3082214063393086,0.8337267697231562,sr_pds,sr_pds,"[('cubic', 0, 1), ('log', 2, None)]",[],"[('cubic', 0, 1), ('log', 2, None)]",[],"{('cubic', 0, 1): 4.955891889779034, ('log', 2, None): -5.0236083331876635}",{},dgp4,sr_pds,Mixed nonlinear,SR-PDS,0.5
78,False,0.0732616465150673,0.2460813998048099,-0.4090578971023601,0.5555811901324947,sr_pds,sr_pds,"[('cubic', 0, 1)]","[('int', 7, 49), ('int', 35, 49)]","[('cubic', 0, 1)]","[('int', 7, 49)]","{('cubic', 0, 1): 5.336020264295605}","{('int', 7, 49): -0.2754129133930661}",dgp4,sr_pds,Mixed nonlinear,SR-PDS,0.5
79,False,0.8095054875628929,0.14040099366831957,0.5343195399729865,1.0846914351527992,sr_pds,sr_pds,"[('cubic', 0, 1), ('log', 2, None)]",[],"[('cubic', 0, 1), ('log', 2, None)]",[],"{('cubic', 0, 1): 5.002707409733619, ('log', 2, None): -5.261600988124485}",{},dgp4,sr_pds,Mixed nonlinear,SR-PDS,0.5
80,False,0.8245516899061409,0.26784824214705444,0.2995691352979142,1.3495342445143677,sr_pds,sr_pds,"[('cubic', 0, 1)]","[('int', 3, 43), ('int', 3, 46), ('int', 3, 48), ('int', 43, 46), ('int', 43, 48)]","[('cubic', 0, 1)]","[('int', 3, 48)]","{('cubic', 0, 1): 5.154189428203766}","{('int', 3, 48): 0.2912960430497269}",dgp4,sr_pds,Mixed nonlinear,SR-PDS,0.5
81,False,0.8975867947920398,0.44042160985339923,0.03436043947937739,1.7608131501047022,sr_pds,sr_pds,[],"[('int', 8, 49)]",[],"[('int', 8, 49)]",{},"{('int', 8, 49): -0.36629479828957445}",dgp4,sr_pds,Mixed nonlinear,SR-PDS,0.5
82,False,0.8311737701542383,0.13852656897470772,0.5596616949638111,1.1026858453446655,sr_pds,sr_pds,"[('cubic', 0, 1), ('log', 2, None)]",[],"[('cubic', 0, 1), ('log', 2, None)]",[],"{('cubic', 0, 1): 4.965172167525106, ('log', 2, None): -5.095946614149799}",{},dgp4,sr_pds,Mixed nonlinear,SR-PDS,0.5
83,False,1.1662552721231987,0.415126029327252,0.3526082546417848,1.9799022896046126,sr_pds,sr_pds,[],"[('int', 14, 48), ('sq', 48, None)]",[],"[('int', 14, 48), ('sq', 48, None)]",{},"{('int', 14, 48): -0.21640495583558642, ('sq', 48, None): 0.09549158168497429}",dgp4,sr_pds,Mixed nonlinear,SR-PDS,0.5
84,False,0.4222110562975447,0.27034364178056014,-0.1076624815923532,0.9520845941874425,sr_pds,sr_pds,"[('cubic', 0, 1)]",[],"[('cubic', 0, 1)]",[],"{('cubic', 0, 1): 4.8995473025743115}",{},dgp4,sr_pds,Mixed nonlinear,SR-PDS,0.5
85,False,0.1611291824738342,0.27933398798231357,-0.38636543397150036,0.7086237989191688,sr_pds,sr_pds,"[('cubic', 0, 1)]","[('int', 1, 32), ('int', 32, 47)]","[('cubic', 0, 1)]","[('int', 32, 47)]","{('cubic', 0, 1): 4.896036561208311}","{('int', 32, 47): 0.6583153541362933}",dgp4,sr_pds,Mixed nonlinear,SR-PDS,0.5
86,False,0.8086686406052245,0.12442461932852121,0.5647963867213229,1.0525408944891261,sr_pds,sr_pds,"[('cubic', 0, 1), ('log', 2, None)]",[],"[('cubic', 0, 1), ('log', 2, None)]",[],"{('cubic', 0, 1): 5.0615134020546995, ('log', 2, None): -5.102674282719583}",{},dgp4,sr_pds,Mixed nonlinear,SR-PDS,0.5
87,False,0.5924827284502644,0.3010907054416044,0.0023449457847197763,1.182620511115809,sr_pds,sr_pds,"[('cubic', 0, 1)]",[],"[('cubic', 0, 1)]",[],"{('cubic', 0, 1): 4.887571123607153}",{},dgp4,sr_pds,Mixed nonlinear,SR-PDS,0.5
88,False,0.7494613471087016,0.1664940785775807,0.42313295309664345,1.0757897411207598,sr_pds,sr_pds,"[('cubic', 0, 1), ('log', 2, None)]",[],"[('cubic', 0, 1), ('log', 2, None)]",[],"{('cubic', 0, 1): 5.1876863049216855, ('log', 2, None): -4.8977453158645465}",{},dgp4,sr_pds,Mixed nonlinear,SR-PDS,0.5
89,False,0.1931582601618453,0.1871557149882394,-0.17366694121510393,0.5599834615387945,sr_pds,sr_pds,"[('cubic', 0, 1), ('log', 2, None)]","[('int', 1, 19), ('int', 19, 49)]","[('cubic', 0, 1), ('log', 2, None)]","[('int', 1, 19)]","{('cubic', 0, 1): 5.001786158043989, ('log', 2, None): -5.0542115136566}","{('int', 1, 19): -0.16088121478780446}",dgp4,sr_pds,Mixed nonlinear,SR-PDS,0.5
90,False,0.5352479762213768,0.2815033155240221,-0.016498522205706467,1.0869944746484599,sr_pds,sr_pds,"[('cubic', 0, 1)]",[],"[('cubic', 0, 1)]",[],"{('cubic', 0, 1): 4.727996425780679}",{},dgp4,sr_pds,Mixed nonlinear,SR-PDS,0.5
91,False,0.5117663135475119,0.3007664574673673,-0.07773594308852805,1.1012685701835518,sr_pds,sr_pds,"[('cubic', 0, 1)]","[('int', 6, 29), ('int', 13, 29)]","[('cubic', 0, 1)]","[('int', 13, 29)]","{('cubic', 0, 1): 4.847678558275274}","{('int', 13, 29): 0.045834012887202846}",dgp4,sr_pds,Mixed nonlinear,SR-PDS,0.5
92,False,0.8086142605009583,0.2493514631139627,0.31988539279759143,1.297343128204325,sr_pds,sr_pds,"[('cubic', 0, 1)]","[('int', 7, 45), ('int', 10, 11), ('int', 10, 45)]","[('cubic', 0, 1)]","[('int', 10, 11)]","{('cubic', 0, 1): 4.888371991246106}","{('int', 10, 11): 0.22355311962626817}",dgp4,sr_pds,Mixed nonlinear,SR-PDS,0.5
93,False,0.475106261690213,0.12961056198800708,0.22106956019371915,0.7291429631867069,sr_pds,sr_pds,"[('cubic', 0, 1), ('log', 2, None)]",[],"[('cubic', 0, 1), ('log', 2, None)]",[],"{('cubic', 0, 1): 5.006037352734163, ('log', 2, None): -5.140467851114067}",{},dgp4,sr_pds,Mixed nonlinear,SR-PDS,0.5
94,False,0.3992551050154083,0.13898208364975065,0.12685022106189703,0.6716599889689195,sr_pds,sr_pds,"[('cubic', 0, 1), ('log', 2, None)]","[('cubic', 20, 37), ('int', 5, 19), ('sq', 20, None)]","[('cubic', 0, 1), ('log', 2, None)]",[],"{('cubic', 0, 1): 4.998347261900809, ('log', 2, None): -5.0387863151593235}",{},dgp4,sr_pds,Mixed nonlinear,SR-PDS,0.5
95,False,0.6262231520120126,0.2996950165539324,0.03882091956630518,1.21362538445772,sr_pds,sr_pds,"[('cubic', 0, 1)]",[],"[('cubic', 0, 1)]",[],"{('cubic', 0, 1): 5.145295875051798}",{},dgp4,sr_pds,Mixed nonlinear,SR-PDS,0.5
96,False,0.2647999663135725,0.27392561495676937,-0.2720942390016955,0.8016941716288405,sr_pds,sr_pds,"[('cubic', 0, 1)]",[],"[('cubic', 0, 1)]",[],"{('cubic', 0, 1): 5.023050189036427}",{},dgp4,sr_pds,Mixed nonlinear,SR-PDS,0.5
97,False,0.5588295235807813,0.0392340982152304,0.4819306910789297,0.6357283560826329,sr_pds,sr_pds,"[('cubic', 0, 1), ('int', 3, 4), ('log', 2, None)]",[],"[('cubic', 0, 1), ('int', 3, 4), ('log', 2, None)]",[],"{('cubic', 0, 1): 4.988822612118344, ('int', 3, 4): 3.0268234320599503, ('log', 2, None): -4.957431331381425}",{},dgp4,sr_pds,Mixed nonlinear,SR-PDS,0.5
98,False,-0.3410736360667617,0.3140701250346611,-0.9566510811346975,0.27450380900117405,sr_pds,sr_pds,"[('cubic', 0, 1)]",[],"[('cubic', 0, 1)]",[],"{('cubic', 0, 1): 5.1217170231396}",{},dgp4,sr_pds,Mixed nonlinear,SR-PDS,0.5
99,False,0.5373185457880371,0.22774809890880643,0.09093227192677644,0.9837048196492977,sr_pds,sr_pds,"[('cubic', 0, 1), ('int', 3, 4)]","[('int', 12, 30)]","[('cubic', 0, 1), ('int', 3, 4)]",[],"{('cubic', 0, 1): 5.1821531233474625, ('int', 3, 4): 2.962248577924724}",{},dgp4,sr_pds,Mixed nonlinear,SR-PDS,0.5
100,False,0.34096205302097665,0.29854462157655715,-0.24418540526907534,0.9261095113110287,sr_pds,sr_pds,"[('cubic', 0, 1)]",[],"[('cubic', 0, 1)]",[],"{('cubic', 0, 1): 5.5194444320070355}",{},dgp4,sr_pds,Mixed nonlinear,SR-PDS,0.5
101,False,0.5074203284160559,0.3132189539801781,-0.10648882138509319,1.121329478217205,sr_pds,sr_pds,"[('cubic', 0, 1)]",[],"[('cubic', 0, 1)]",[],"{('cubic', 0, 1): 5.049413486294903}",{},dgp4,sr_pds,Mixed nonlinear,SR-PDS,0.5
102,False,0.6646883191343249,0.13190336750573697,0.40615771882308044,0.9232189194455693,sr_pds,sr_pds,"[('cubic', 0, 1), ('log', 2, None)]","[('int', 37, 38)]","[('cubic', 0, 1), ('log', 2, None)]",[],"{('cubic', 0, 1): 5.208252776761404, ('log', 2, None): -4.833663642575861}",{},dgp4,sr_pds,Mixed nonlinear,SR-PDS,0.5
103,False,0.5207673951551771,0.28020288062212373,-0.02843025086418538,1.0699650411745396,sr_pds,sr_pds,"[('cubic', 0, 1)]",[],"[('cubic', 0, 1)]",[],"{('cubic', 0, 1): 4.807273520525863}",{},dgp4,sr_pds,Mixed nonlinear,SR-PDS,0.5
104,False,0.13749392147866546,0.2790938629162793,-0.40953004983724195,0.6845178927945729,sr_pds,sr_pds,"[('cubic', 0, 1)]",[],"[('cubic', 0, 1)]",[],"{('cubic', 0, 1): 5.16330685895363}",{},dgp4,sr_pds,Mixed nonlinear,SR-PDS,0.5
105,False,-0.31120018845659186,0.2789574117847885,-0.8579567155547774,0.2355563386415936,sr_pds,sr_pds,"[('cubic', 0, 1)]",[],"[('cubic', 0, 1)]",[],"{('cubic', 0, 1): 5.022746026111494}",{},dgp4,sr_pds,Mixed nonlinear,SR-PDS,0.5
106,False,0.5048243950094491,0.16598700280234097,0.1794898695168608,0.8301589205020374,sr_pds,sr_pds,"[('cubic', 0, 1), ('sqrt', 2, None)]","[('int', 17, 18), ('int', 18, 30), ('sq', 18, None)]","[('cubic', 0, 1), ('sqrt', 2, None)]","[('int', 17, 18), ('int', 18, 30), ('sq', 18, None)]","{('cubic', 0, 1): 4.967415298600885, ('sqrt', 2, None): -14.83771149916533}","{('int', 17, 18): -0.31749887507339175, ('int', 18, 30): -0.2393553361528617, ('sq', 18, None): -0.1385714553026545}",dgp4,sr_pds,Mixed nonlinear,SR-PDS,0.5
107,False,0.2607922666073608,0.2625337037652091,-0.2537737927724491,0.7753583259871708,sr_pds,sr_pds,"[('log', 2, None)]",[],"[('log', 2, None)]",[],"{('log', 2, None): -4.903382236797244}",{},dgp4,sr_pds,Mixed nonlinear,SR-PDS,0.5
108,False,0.30884286458837074,0.11403096737727697,0.08534216852890789,0.5323435606478336,sr_pds,sr_pds,"[('cubic', 0, 1), ('log', 2, None)]",[],"[('cubic', 0, 1), ('log', 2, None)]",[],"{('cubic', 0, 1): 4.986200697667026, ('log', 2, None): -4.854035933312229}",{},dgp4,sr_pds,Mixed nonlinear,SR-PDS,0.5
109,False,0.30795913159557786,0.12600456826074843,0.06099017780451094,0.5549280853866447,sr_pds,sr_pds,"[('cubic', 0, 1), ('log', 2, None)]","[('int', 11, 38), ('int', 11, 42), ('int', 38, 42), ('sq', 38, None)]","[('cubic', 0, 1), ('log', 2, None)]","[('int', 11, 42)]","{('cubic', 0, 1): 4.961740373027986, ('log', 2, None): -5.116825895341785}","{('int', 11, 42): 0.23359683153342597}",dgp4,sr_pds,Mixed nonlinear,SR-PDS,0.5
110,False,0.23667903611279517,0.26244319606138605,-0.2777096281675214,0.7510677003931118,sr_pds,sr_pds,"[('cubic', 0, 1)]","[('int', 4, 10), ('int', 4, 35), ('int', 10, 47), ('int', 35, 47)]","[('cubic', 0, 1)]","[('int', 4, 35), ('int', 35, 47)]","{('cubic', 0, 1): 4.570533815216947}","{('int', 4, 35): -0.3644418724345128, ('int', 35, 47): -0.33918097236967204}",dgp4,sr_pds,Mixed nonlinear,SR-PDS,0.5
111,False,0.8833327636644431,0.33718882222501395,0.22244267210341584,1.5442228552254704,sr_pds,sr_pds,"[('sqrt', 2, None)]",[],"[('sqrt', 2, None)]",[],"{('sqrt', 2, None): -17.32530362912506}",{},dgp4,sr_pds,Mixed nonlinear,SR-PDS,0.5
112,False,0.2537140147901765,0.3004445424900469,-0.33515728849031534,0.8425853180706684,sr_pds,sr_pds,"[('cubic', 0, 1)]","[('cubic', 11, 21)]","[('cubic', 0, 1)]","[('cubic', 11, 21)]","{('cubic', 0, 1): 5.040755021389552}","{('cubic', 11, 21): -0.2498961391873376}",dgp4,sr_pds,Mixed nonlinear,SR-PDS,0.5
113,False,0.5785431959100841,0.14364112824320624,0.29700658455339984,0.8600798072667684,sr_pds,sr_pds,"[('cubic', 0, 1), ('log', 2, None)]","[('cubic', 29, 1), ('int', 1, 3), ('int', 1, 19), ('int', 1, 34), ('sq', 1, None)]","[('cubic', 0, 1), ('log', 2, None)]","[('cubic', 29, 1), ('int', 1, 3), ('int', 1, 19)]","{('cubic', 0, 1): 4.9642829977476435, ('log', 2, None): -4.970411879156951}","{('cubic', 29, 1): 0.03316831993175564, ('int', 1, 3): 0.4706587906351916, ('int', 1, 19): -0.30376283683415173}",dgp4,sr_pds,Mixed nonlinear,SR-PDS,0.5
114,False,0.4788833124425241,0.1622550801684474,0.16086335531236717,0.796903269572681,sr_pds,sr_pds,"[('cubic', 0, 1), ('sq', 0, None), ('sqrt', 2, None)]",[],"[('cubic', 0, 1), ('sq', 0, None), ('sqrt', 2, None)]",[],"{('cubic', 0, 1): 4.935485243402142, ('sq', 0, None): -0.13007192387026437, ('sqrt', 2, None): -14.389939385336554}",{},dgp4,sr_pds,Mixed nonlinear,SR-PDS,0.5
115,False,0.45811459892335754,0.11875004576794473,0.22536450921818588,0.6908646886285292,sr_pds,sr_pds,"[('cubic', 0, 1), ('log', 2, None)]","[('int', 3, 27)]","[('cubic', 0, 1), ('log', 2, None)]","[('int', 3, 27)]","{('cubic', 0, 1): 4.922901327602211, ('log', 2, None): -4.926880875927594}","{('int', 3, 27): 0.28575527256992117}",dgp4,sr_pds,Mixed nonlinear,SR-PDS,0.5
116,False,0.5632656049500738,0.2710057309088663,0.032094372368695834,1.0944368375314517,sr_pds,sr_pds,"[('cubic', 0, 1)]",[],"[('cubic', 0, 1)]",[],"{('cubic', 0, 1): 5.114846257291367}",{},dgp4,sr_pds,Mixed nonlinear,SR-PDS,0.5
117,False,0.4538622008301945,0.11985111218361139,0.2189540209503162,0.6887703807100728,sr_pds,sr_pds,"[('cubic', 0, 1), ('log', 2, None)]",[],"[('cubic', 0, 1), ('log', 2, None)]",[],"{('cubic', 0, 1): 4.967608816075462, ('log', 2, None): -4.946112858599629}",{},dgp4,sr_pds,Mixed nonlinear,SR-PDS,0.5
118,False,0.4063952684434684,0.14264878442094017,0.12680365097842566,0.6859868859085112,sr_pds,sr_pds,"[('cubic', 0, 1), ('log', 2, None)]",[],"[('cubic', 0, 1), ('log', 2, None)]",[],"{('cubic', 0, 1): 5.109283595683356, ('log', 2, None): -5.038766472810019}",{},dgp4,sr_pds,Mixed nonlinear,SR-PDS,0.5
119,False,0.08984753814754623,0.29894422798938314,-0.4960831487116447,0.6757782250067371,sr_pds,sr_pds,"[('cubic', 0, 1)]","[('cubic', 32, 14)]","[('cubic', 0, 1)]","[('cubic', 32, 14)]","{('cubic', 0, 1): 5.084831104563981}","{('cubic', 32, 14): -0.18727276034463475}",dgp4,sr_pds,Mixed nonlinear,SR-PDS,0.5
120,False,0.426163827536335,0.15031789193716807,0.1315407593394856,0.7207868957331844,sr_pds,sr_pds,"[('cubic', 0, 1), ('log', 2, None)]","[('int', 20, 22)]","[('cubic', 0, 1), ('log', 2, None)]","[('int', 20, 22)]","{('cubic', 0, 1): 5.125055495073238, ('log', 2, None): -5.088892520208006}","{('int', 20, 22): -0.03282951728724604}",dgp4,sr_pds,Mixed nonlinear,SR-PDS,0.5
121,False,0.46953182646562636,0.27363457084524273,-0.06679193239104936,1.0058555853223021,sr_pds,sr_pds,"[('cubic', 0, 1)]",[],"[('cubic', 0, 1)]",[],"{('cubic', 0, 1): 4.954467984098007}",{},dgp4,sr_pds,Mixed nonlinear,SR-PDS,0.5
122,False,0.9931144114511119,0.32361330078833495,0.35883234190597546,1.6273964809962482,sr_pds,sr_pds,"[('log', 2, None)]",[],"[('log', 2, None)]",[],"{('log', 2, None): -5.37811382418472}",{},dgp4,sr_pds,Mixed nonlinear,SR-PDS,0.5
123,False,0.0067113836415593105,0.30719704791623925,-0.5953948302742696,0.6088175975573883,sr_pds,sr_pds,"[('cubic', 0, 1)]","[('int', 11, 44)]","[('cubic', 0, 1)]","[('int', 11, 44)]","{('cubic', 0, 1): 5.028884052786572}","{('int', 11, 44): -0.4775799004046734}",dgp4,sr_pds,Mixed nonlinear,SR-PDS,0.5
124,False,0.5566868946367048,0.30676157976018714,-0.044565801693261964,1.1579395909666717,sr_pds,sr_pds,"[('cubic', 0, 1)]","[('int', 20, 47), ('int', 36, 47)]","[('cubic', 0, 1)]",[],"{('cubic', 0, 1): 5.070396923794852}",{},dgp4,sr_pds,Mixed nonlinear,SR-PDS,0.5
125,False,0.5990562453014094,0.2769800258797836,0.05617539457703358,1.1419370960257853,sr_pds,sr_pds,"[('cubic', 0, 1)]",[],"[('cubic', 0, 1)]",[],"{('cubic', 0, 1): 4.754779720404645}",{},dgp4,sr_pds,Mixed nonlinear,SR-PDS,0.5
126,False,0.6081004923188272,0.16901199273811257,0.27683698655212663,0.9393639980855278,sr_pds,sr_pds,"[('cubic', 0, 1), ('log', 2, None)]","[('int', 22, 29)]","[('cubic', 0, 1), ('log', 2, None)]",[],"{('cubic', 0, 1): 4.936123228138065, ('log', 2, None): -5.003358400334214}",{},dgp4,sr_pds,Mixed nonlinear,SR-PDS,0.5
127,False,0.6547836298045187,0.25896159130435054,0.14721891084799166,1.1623483487610455,sr_pds,sr_pds,"[('cubic', 0, 1), ('int', 3, 4)]","[('sq', 4, None)]","[('cubic', 0, 1), ('int', 3, 4)]","[('sq', 4, None)]","{('cubic', 0, 1): 5.016817417362491, ('int', 3, 4): 3.268642547402301}","{('sq', 4, None): 0.2604802064537758}",dgp4,sr_pds,Mixed nonlinear,SR-PDS,0.5
128,False,0.7163123443821076,0.27653159121380505,0.17431042560304966,1.2583142631611655,sr_pds,sr_pds,"[('log', 2, None)]","[('int', 35, 43)]","[('log', 2, None)]","[('int', 35, 43)]","{('log', 2, None): -4.825288217644458}","{('int', 35, 43): 0.128726010198558}",dgp4,sr_pds,Mixed nonlinear,SR-PDS,0.5
129,False,0.5986982796926686,0.29008709182048636,0.030127579724515408,1.1672689796608218,sr_pds,sr_pds,"[('cubic', 0, 1)]","[('int', 23, 36)]","[('cubic', 0, 1)]",[],"{('cubic', 0, 1): 4.910076044372404}",{},dgp4,sr_pds,Mixed nonlinear,SR-PDS,0.5
130,False,0.3375841253015051,0.2455630479940852,-0.1437194487669019,0.8188876993699121,sr_pds,sr_pds,"[('cubic', 0, 1)]","[('int', 6, 7), ('int', 6, 47)]","[('cubic', 0, 1)]",[],"{('cubic', 0, 1): 4.78467187867369}",{},dgp4,sr_pds,Mixed nonlinear,SR-PDS,0.5
131,False,0.22080526098265035,0.3403207923001901,-0.44622349192572214,0.8878340138910228,sr_pds,sr_pds,"[('cubic', 0, 1)]","[('int', 24, 28)]","[('cubic', 0, 1)]","[('int', 24, 28)]","{('cubic', 0, 1): 5.042107227646733}","{('int', 24, 28): -0.05611146139250569}",dgp4,sr_pds,Mixed nonlinear,SR-PDS,0.5
132,False,0.42285717618671187,0.14129775475018694,0.14591357687634549,0.6998007754970783,sr_pds,sr_pds,"[('cubic', 0, 1), ('log', 2, None)]","[('int', 17, 44), ('int', 20, 44)]","[('cubic', 0, 1), ('log', 2, None)]","[('int', 17, 44), ('int', 20, 44)]","{('cubic', 0, 1): 4.985668201570959, ('log', 2, None): -4.861558573484212}","{('int', 17, 44): 0.1389770718691369, ('int', 20, 44): -0.1171321043327803}",dgp4,sr_pds,Mixed nonlinear,SR-PDS,0.5
133,False,0.4309188079266613,0.3894053030667149,-0.3323155860840999,1.1941532019374226,sr_pds,sr_pds,"[('cubic', 0, 1)]","[('int', 40, 43)]","[('cubic', 0, 1)]","[('int', 40, 43)]","{('cubic', 0, 1): 4.980960087651602}","{('int', 40, 43): 0.5150442777688955}",dgp4,sr_pds,Mixed nonlinear,SR-PDS,0.5
134,False,0.5031662295494385,0.26782755981686396,-0.021775787691614923,1.0281082467904918,sr_pds,sr_pds,"[('cubic', 0, 1)]",[],"[('cubic', 0, 1)]",[],"{('cubic', 0, 1): 4.954614589881007}",{},dgp4,sr_pds,Mixed nonlinear,SR-PDS,0.5
135,False,0.9037455833099708,0.3126300651448577,0.29099065562604975,1.5165005109938918,sr_pds,sr_pds,"[('cubic', 0, 1)]","[('int', 3, 31), ('int', 3, 37)]","[('cubic', 0, 1)]","[('int', 3, 31)]","{('cubic', 0, 1): 4.43791419074439}","{('int', 3, 31): -0.28546283824709684}",dgp4,sr_pds,Mixed nonlinear,SR-PDS,0.5
136,False,0.5844306362046047,0.26025194651850647,0.07433682102833195,1.0945244513808774,sr_pds,sr_pds,"[('cubic', 0, 1)]","[('int', 8, 36), ('int', 16, 36)]","[('cubic', 0, 1)]","[('int', 8, 36)]","{('cubic', 0, 1): 5.099582928877991}","{('int', 8, 36): 0.3413578521051368}",dgp4,sr_pds,Mixed nonlinear,SR-PDS,0.5
137,False,0.6430048358858746,0.21749693179690238,0.21671084956394598,1.0692988222078033,sr_pds,sr_pds,"[('cubic', 0, 1), ('int', 3, 4)]","[('int', 17, 38)]","[('cubic', 0, 1), ('int', 3, 4)]","[('int', 17, 38)]","{('cubic', 0, 1): 4.867925233380346, ('int', 3, 4): 3.196766299427519}","{('int', 17, 38): 0.11341805755380883}",dgp4,sr_pds,Mixed nonlinear,SR-PDS,0.5
138,False,0.3741457884402933,0.175403006891298,0.03035589493334917,0.7179356819472373,sr_pds,sr_pds,"[('cubic', 0, 1), ('log', 2, None)]","[('int', 3, 25), ('int', 25, 49)]","[('cubic', 0, 1), ('log', 2, None)]","[('int', 25, 49)]","{('cubic', 0, 1): 4.9781393029063805, ('log', 2, None): -4.982008673094157}","{('int', 25, 49): -0.2721339672389581}",dgp4,sr_pds,Mixed nonlinear,SR-PDS,0.5
139,False,0.4322721946379137,0.17401106179504086,0.09121051351963366,0.7733338757561938,sr_pds,sr_pds,"[('cubic', 0, 1), ('sqrt', 2, None)]",[],"[('cubic', 0, 1), ('sqrt', 2, None)]",[],"{('cubic', 0, 1): 4.937119040586903, ('sqrt', 2, None): -15.724037654371452}",{},dgp4,sr_pds,Mixed nonlinear,SR-PDS,0.5
140,False,0.318225781190009,0.29668130485159533,-0.26326957631911785,0.8997211386991358,sr_pds,sr_pds,"[('cubic', 0, 1)]",[],"[('cubic', 0, 1)]",[],"{('cubic', 0, 1): 4.823844374559162}",{},dgp4,sr_pds,Mixed nonlinear,SR-PDS,0.5
141,False,0.3384850132925401,0.3628323579361416,-0.37266640826229747,1.0496364348473777,sr_pds,sr_pds,[],"[('int', 26, 40), ('int', 31, 40)]",[],"[('int', 31, 40)]",{},"{('int', 31, 40): 0.385018165598288}",dgp4,sr_pds,Mixed nonlinear,SR-PDS,0.5
142,False,0.2783100306304254,0.13622843767026044,0.011302292796714963,0.5453177684641359,sr_pds,sr_pds,"[('cubic', 0, 1), ('log', 2, None)]","[('int', 6, 10)]","[('cubic', 0, 1), ('log', 2, None)]",[],"{('cubic', 0, 1): 5.00564391605145, ('log', 2, None): -5.189726708430699}",{},dgp4,sr_pds,Mixed nonlinear,SR-PDS,0.5
143,False,0.5817529774334724,0.29388602046937135,0.005736377313504626,1.1577695775534402,sr_pds,sr_pds,"[('cubic', 0, 1)]","[('cubic', 17, 13), ('int', 13, 17), ('int', 16, 17), ('int', 16, 18), ('int', 17, 36), ('int', 18, 36)]","[('cubic', 0, 1)]","[('cubic', 17, 13), ('int', 13, 17), ('int', 17, 36)]","{('cubic', 0, 1): 5.077123666615884}","{('cubic', 17, 13): 0.2825555818965335, ('int', 13, 17): 0.46379437047793853, ('int', 17, 36): 0.5468772856255557}",dgp4,sr_pds,Mixed nonlinear,SR-PDS,0.5
144,False,0.4167830264094388,0.13186296914540727,0.1583316068844406,0.675234445934437,sr_pds,sr_pds,"[('cubic', 0, 1), ('log', 2, None)]",[],"[('cubic', 0, 1), ('log', 2, None)]",[],"{('cubic', 0, 1): 5.199907979394434, ('log', 2, None): -5.019434559177614}",{},dgp4,sr_pds,Mixed nonlinear,SR-PDS,0.5
145,False,0.6363284453942163,0.3119407981698913,0.024924480981229347,1.2477324098072033,sr_pds,sr_pds,"[('cubic', 0, 1)]",[],"[('cubic', 0, 1)]",[],"{('cubic', 0, 1): 5.178801734765417}",{},dgp4,sr_pds,Mixed nonlinear,SR-PDS,0.5
146,False,0.5433345447024773,0.3039430496078054,-0.05239383252882124,1.139062921933776,sr_pds,sr_pds,"[('cubic', 0, 1)]","[('cubic', 22, 23)]","[('cubic', 0, 1)]","[('cubic', 22, 23)]","{('cubic', 0, 1): 4.830627523991225}","{('cubic', 22, 23): -0.13533459410490611}",dgp4,sr_pds,Mixed nonlinear,SR-PDS,0.5
147,False,0.4682734886994602,0.04585598030496188,0.37839576730173496,0.5581512100971855,sr_pds,sr_pds,"[('cubic', 0, 1), ('int', 3, 4), ('log', 2, None)]",[],"[('cubic', 0, 1), ('int', 3, 4), ('log', 2, None)]",[],"{('cubic', 0, 1): 5.042541772603226, ('int', 3, 4): 2.9410435896986162, ('log', 2, None): -5.030362647891923}",{},dgp4,sr_pds,Mixed nonlinear,SR-PDS,0.5
148,False,0.5000638405901715,0.1378721121128337,0.22983450084901746,0.7702931803313255,sr_pds,sr_pds,"[('cubic', 0, 1), ('log', 2, None)]","[('int', 2, 26), ('int', 26, 38), ('int', 26, 48)]","[('cubic', 0, 1), ('log', 2, None)]","[('int', 2, 26)]","{('cubic', 0, 1): 4.859273980233572, ('log', 2, None): -5.096348403128076}","{('int', 2, 26): 0.2828182061585722}",dgp4,sr_pds,Mixed nonlinear,SR-PDS,0.5
149,False,0.6756769785261819,0.46621262226942367,-0.23809976112188846,1.5894537181742523,sr_pds,sr_pds,[],[],[],[],{},{},dgp4,sr_pds,Mixed nonlinear,SR-PDS,0.5
150,False,0.6530235923863605,0.15613403202006557,0.347000889627032,0.9590462951456891,sr_pds,sr_pds,"[('cubic', 0, 1), ('log', 2, None)]","[('int', 5, 13), ('int', 5, 31)]","[('cubic', 0, 1), ('log', 2, None)]",[],"{('cubic', 0, 1): 5.126633089951362, ('log', 2, None): -5.210280123329588}",{},dgp4,sr_pds,Mixed nonlinear,SR-PDS,0.5
151,False,0.619230050328705,0.28848290802795623,0.05380355059391084,1.1846565500634991,sr_pds,sr_pds,"[('cubic', 0, 1)]",[],"[('cubic', 0, 1)]",[],"{('cubic', 0, 1): 5.457288375366674}",{},dgp4,sr_pds,Mixed nonlinear,SR-PDS,0.5
152,False,0.48476197208421956,0.2963279833363788,-0.09604087525508287,1.065564819423522,sr_pds,sr_pds,"[('cubic', 0, 1)]","[('int', 4, 21), ('int', 21, 32)]","[('cubic', 0, 1)]","[('int', 4, 21), ('int', 21, 32)]","{('cubic', 0, 1): 4.948040157589662}","{('int', 4, 21): -0.442322505316345, ('int', 21, 32): -0.387270619287859}",dgp4,sr_pds,Mixed nonlinear,SR-PDS,0.5
153,False,0.49999321382187156,0.13463194775524723,0.23611459622158698,0.7638718314221562,sr_pds,sr_pds,"[('cubic', 0, 1), ('log', 2, None)]","[('int', 7, 37)]","[('cubic', 0, 1), ('log', 2, None)]",[],"{('cubic', 0, 1): 4.904710010851787, ('log', 2, None): -4.886736624570196}",{},dgp4,sr_pds,Mixed nonlinear,SR-PDS,0.5
154,False,0.4324532185925043,0.10794666691562055,0.22087775143788801,0.6440286857471206,sr_pds,sr_pds,"[('cubic', 0, 1), ('log', 2, None)]","[('int', 14, 21)]","[('cubic', 0, 1), ('log', 2, None)]",[],"{('cubic', 0, 1): 5.125099721315716, ('log', 2, None): -4.9275705518998585}",{},dgp4,sr_pds,Mixed nonlinear,SR-PDS,0.5
155,False,0.4167744573780892,0.13864885809393823,0.1450226955139703,0.6885262192422081,sr_pds,sr_pds,"[('cubic', 0, 1), ('log', 2, None)]","[('int', 4, 17), ('int', 15, 17)]","[('cubic', 0, 1), ('log', 2, None)]","[('int', 15, 17)]","{('cubic', 0, 1): 4.969469573373469, ('log', 2, None): -4.835082094941543}","{('int', 15, 17): 0.1360233409324572}",dgp4,sr_pds,Mixed nonlinear,SR-PDS,0.5
156,False,0.21489455149672773,0.12574552169145475,-0.03156667101852359,0.461355774011979,sr_pds,sr_pds,"[('cubic', 0, 1), ('log', 2, None)]","[('int', 15, 20)]","[('cubic', 0, 1), ('log', 2, None)]",[],"{('cubic', 0, 1): 4.827629146886163, ('log', 2, None): -4.898314207915476}",{},dgp4,sr_pds,Mixed nonlinear,SR-PDS,0.5
157,False,0.6390213848420919,0.25082300835867877,0.14740828845908155,1.1306344812251024,sr_pds,sr_pds,"[('cubic', 0, 1)]",[],"[('cubic', 0, 1)]",[],"{('cubic', 0, 1): 5.081169387080963}",{},dgp4,sr_pds,Mixed nonlinear,SR-PDS,0.5
158,False,0.6340871553715587,0.3329969447994417,-0.018586856435347077,1.2867611671784644,sr_pds,sr_pds,"[('cubic', 0, 1)]",[],"[('cubic', 0, 1)]",[],"{('cubic', 0, 1): 4.97474546120374}",{},dgp4,sr_pds,Mixed nonlinear,SR-PDS,0.5
159,False,0.37246028790438596,0.24992825830341134,-0.11739909837030027,0.8623196741790722,sr_pds,sr_pds,"[('cubic', 0, 1)]",[],"[('cubic', 0, 1)]",[],"{('cubic', 0, 1): 4.821820989944587}",{},dgp4,sr_pds,Mixed nonlinear,SR-PDS,0.5
160,False,0.5015534403295931,0.31248674744003685,-0.11092058465287902,1.1140274653120654,sr_pds,sr_pds,"[('cubic', 0, 1)]","[('int', 8, 33), ('int', 33, 41)]","[('cubic', 0, 1)]","[('int', 8, 33), ('int', 33, 41)]","{('cubic', 0, 1): 4.629541053975057}","{('int', 8, 33): -0.42708151523995447, ('int', 33, 41): 0.4183262460741041}",dgp4,sr_pds,Mixed nonlinear,SR-PDS,0.5
161,False,0.5654082099836383,0.1264000067766304,0.3176641967014427,0.8131522232658339,sr_pds,sr_pds,"[('cubic', 0, 1), ('log', 2, None)]",[],"[('cubic', 0, 1), ('log', 2, None)]",[],"{('cubic', 0, 1): 4.992536829137535, ('log', 2, None): -5.007311835635255}",{},dgp4,sr_pds,Mixed nonlinear,SR-PDS,0.5
162,False,0.5802168403008038,0.29228946537965145,0.007329488156686992,1.1531041924449206,sr_pds,sr_pds,"[('cubic', 0, 1)]",[],"[('cubic', 0, 1)]",[],"{('cubic', 0, 1): 4.874365021995198}",{},dgp4,sr_pds,Mixed nonlinear,SR-PDS,0.5
163,False,0.23074804432246876,0.25524742712122966,-0.26953691283514136,0.7310330014800789,sr_pds,sr_pds,"[('cubic', 0, 1)]",[],"[('cubic', 0, 1)]",[],"{('cubic', 0, 1): 4.973706951006078}",{},dgp4,sr_pds,Mixed nonlinear,SR-PDS,0.5
164,False,0.2693776663378776,0.343437772816944,-0.4037603683833327,0.9425157010590879,sr_pds,sr_pds,"[('log', 2, None), ('sqrt', 2, None)]","[('int', 24, 36), ('int', 24, 46)]","[('log', 2, None)]",[],"{('log', 2, None): -5.05547775831756}",{},dgp4,sr_pds,Mixed nonlinear,SR-PDS,0.5
165,False,0.6404598122069248,0.30672163775737926,0.03928540220246146,1.2416342222113883,sr_pds,sr_pds,"[('cubic', 0, 1)]",[],"[('cubic', 0, 1)]",[],"{('cubic', 0, 1): 4.640429267508725}",{},dgp4,sr_pds,Mixed nonlinear,SR-PDS,0.5
166,False,-0.19525215936798707,0.2860242434340611,-0.7558596764987469,0.36535535776277267,sr_pds,sr_pds,"[('cubic', 0, 1)]","[('int', 8, 42), ('int', 8, 46), ('int', 8, 49)]","[('cubic', 0, 1)]","[('int', 8, 42), ('int', 8, 46)]","{('cubic', 0, 1): 5.042970602065251}","{('int', 8, 42): -0.2884759835724093, ('int', 8, 46): -0.44335378659817054}",dgp4,sr_pds,Mixed nonlinear,SR-PDS,0.5
167,False,0.43227545938258377,0.040425874280642475,0.35304074579252454,0.511510172972643,sr_pds,sr_pds,"[('cubic', 0, 1), ('int', 3, 4), ('log', 2, None)]",[],"[('cubic', 0, 1), ('int', 3, 4), ('log', 2, None)]",[],"{('cubic', 0, 1): 4.962590920026009, ('int', 3, 4): 3.028454912572216, ('log', 2, None): -4.998852755606977}",{},dgp4,sr_pds,Mixed nonlinear,SR-PDS,0.5
168,False,0.5847894958144294,0.35295181983355983,-0.10699607105934783,1.2765750626882066,sr_pds,sr_pds,[],[],[],[],{},{},dgp4,sr_pds,Mixed nonlinear,SR-PDS,0.5
169,False,0.7203657552841012,0.30058758483003833,0.1312140890172261,1.3095174215509764,sr_pds,sr_pds,"[('cubic', 0, 1)]",[],"[('cubic', 0, 1)]",[],"{('cubic', 0, 1): 5.251556439195534}",{},dgp4,sr_pds,Mixed nonlinear,SR-PDS,0.5
170,False,0.3261838783169907,0.2725349462179372,-0.2079846162701663,0.8603523729041477,sr_pds,sr_pds,"[('cubic', 0, 1)]","[('int', 6, 31)]","[('cubic', 0, 1)]",[],"{('cubic', 0, 1): 5.376467430079107}",{},dgp4,sr_pds,Mixed nonlinear,SR-PDS,0.5
171,False,0.6206395333374607,0.24573476499631616,0.13899939394468103,1.1022796727302404,sr_pds,sr_pds,"[('cubic', 0, 1)]",[],"[('cubic', 0, 1)]",[],"{('cubic', 0, 1): 5.039047171345759}",{},dgp4,sr_pds,Mixed nonlinear,SR-PDS,0.5
172,False,0.49279107185987187,0.2525945340928863,-0.002294214962185237,0.987876358681929,sr_pds,sr_pds,"[('cubic', 0, 1)]","[('int', 33, 49)]","[('cubic', 0, 1)]",[],"{('cubic', 0, 1): 5.0566478068079}",{},dgp4,sr_pds,Mixed nonlinear,SR-PDS,0.5
173,False,0.5299350601279571,0.16402846401607996,0.2084392706564404,0.8514308495994738,sr_pds,sr_pds,"[('cubic', 0, 1), ('sqrt', 2, None)]","[('int', 33, 49)]","[('cubic', 0, 1), ('sqrt', 2, None)]",[],"{('cubic', 0, 1): 5.100528991305021, ('sqrt', 2, None): -16.411129165798553}",{},dgp4,sr_pds,Mixed nonlinear,SR-PDS,0.5
174,False,1.0243830642382803,0.30036108860954397,0.4356753305635741,1.6130907979129865,sr_pds,sr_pds,"[('cubic', 0, 1)]","[('int', 16, 47), ('int', 45, 47)]","[('cubic', 0, 1)]","[('int', 45, 47)]","{('cubic', 0, 1): 4.920906871879721}","{('int', 45, 47): -0.2479256667586258}",dgp4,sr_pds,Mixed nonlinear,SR-PDS,0.5
175,False,0.525391621231041,0.28789612146950505,-0.038884776849188896,1.0896680193112709,sr_pds,sr_pds,"[('cubic', 0, 1)]","[('int', 6, 46)]","[('cubic', 0, 1)]","[('int', 6, 46)]","{('cubic', 0, 1): 5.204814932249607}","{('int', 6, 46): -0.2038251440054731}",dgp4,sr_pds,Mixed nonlinear,SR-PDS,0.5
176,False,0.5089388706835063,0.24302568268696143,0.032608532617061925,0.9852692087499506,sr_pds,sr_pds,"[('cubic', 0, 1), ('int', 3, 4)]","[('int', 9, 13), ('int', 9, 25), ('int', 11, 42), ('int', 13, 42), ('int', 13, 43), ('int', 25, 42), ('int', 25, 43)]","[('cubic', 0, 1), ('int', 3, 4)]","[('int', 9, 13), ('int', 11, 42), ('int', 13, 43), ('int', 25, 42)]","{('cubic', 0, 1): 4.958708443647381, ('int', 3, 4): 3.2912457165517064}","{('int', 9, 13): -0.2885667728004233, ('int', 11, 42): -0.16785340572626808, ('int', 13, 43): 0.3499466469383945, ('int', 25, 42): -0.2741636571605233}",dgp4,sr_pds,Mixed nonlinear,SR-PDS,0.5
177,False,0.49437313897865287,0.2724420717235182,-0.03961332159944275,1.0283595995567485,sr_pds,sr_pds,"[('cubic', 0, 1)]","[('int', 0, 6), ('int', 0, 28), ('int', 0, 41)]","[('cubic', 0, 1)]","[('int', 0, 6), ('int', 0, 41)]","{('cubic', 0, 1): 4.769228309996516}","{('int', 0, 6): -0.11938075146346919, ('int', 0, 41): 0.14265025643133095}",dgp4,sr_pds,Mixed nonlinear,SR-PDS,0.5
178,False,0.43335050514046053,0.2839170022920673,-0.12312681935199138,0.9898278296329124,sr_pds,sr_pds,"[('cubic', 0, 1)]","[('int', 11, 30), ('int', 11, 48), ('int', 30, 31), ('int', 30, 48), ('int', 31, 48), ('sq', 48, None)]","[('cubic', 0, 1)]","[('int', 11, 48), ('int', 30, 31), ('int', 30, 48), ('int', 31, 48), ('sq', 48, None)]","{('cubic', 0, 1): 5.051944778355511}","{('int', 11, 48): -0.20498512417120984, ('int', 30, 31): 0.5507623736644874, ('int', 30, 48): 0.33466236868176846, ('int', 31, 48): 0.2502724364730592, ('sq', 48, None): -0.15164306822324325}",dgp4,sr_pds,Mixed nonlinear,SR-PDS,0.5
179,False,0.4062030948589861,0.4409074551436773,-0.4579755172226214,1.2703817069405936,sr_pds,sr_pds,[],"[('int', 21, 42)]",[],"[('int', 21, 42)]",{},"{('int', 21, 42): -0.2389542574981044}",dgp4,sr_pds,Mixed nonlinear,SR-PDS,0.5
180,False,0.4419919787460483,0.33317017900338053,-0.21102157210057754,1.0950055295926742,sr_pds,sr_pds,"[('cubic', 0, 1)]",[],"[('cubic', 0, 1)]",[],"{('cubic', 0, 1): 4.964155912182829}",{},dgp4,sr_pds,Mixed nonlinear,SR-PDS,0.5
181,False,0.43459229406729144,0.13666276548232076,0.16673327372194274,0.7024513144126401,sr_pds,sr_pds,"[('cubic', 0, 1), ('log', 2, None)]",[],"[('cubic', 0, 1), ('log', 2, None)]",[],"{('cubic', 0, 1): 4.984260933044894, ('log', 2, None): -4.663945635423073}",{},dgp4,sr_pds,Mixed nonlinear,SR-PDS,0.5
182,False,0.5261562237678336,0.31926390777928243,-0.09960103547956001,1.1519134830152271,sr_pds,sr_pds,"[('cubic', 0, 1)]","[('cubic', 28, 10), ('cubic', 28, 29), ('cubic', 28, 43), ('int', 10, 33), ('int', 29, 33), ('int', 33, 43)]","[('cubic', 0, 1)]","[('cubic', 28, 29), ('cubic', 28, 43), ('int', 10, 33), ('int', 29, 33), ('int', 33, 43)]","{('cubic', 0, 1): 5.1438193641538525}","{('cubic', 28, 29): -0.10602894831526412, ('cubic', 28, 43): 0.10514277789004041, ('int', 10, 33): -0.23787908572296823, ('int', 29, 33): -0.27472085731656426, ('int', 33, 43): 0.2460277116738339}",dgp4,sr_pds,Mixed nonlinear,SR-PDS,0.5
183,False,0.8121897112619818,0.28429335648961057,0.25497473254234515,1.3694046899816184,sr_pds,sr_pds,"[('cubic', 0, 1)]","[('sq', 36, None)]","[('cubic', 0, 1)]","[('sq', 36, None)]","{('cubic', 0, 1): 4.714676756367283}","{('sq', 36, None): 0.26455689614368827}",dgp4,sr_pds,Mixed nonlinear,SR-PDS,0.5
184,False,0.34636226772016626,0.2579159884519988,-0.15915306964575143,0.8518776050860839,sr_pds,sr_pds,"[('cubic', 0, 1)]","[('int', 14, 46), ('int', 46, 47)]","[('cubic', 0, 1)]","[('int', 14, 46), ('int', 46, 47)]","{('cubic', 0, 1): 5.511828259378377}","{('int', 14, 46): 0.21995681555455057, ('int', 46, 47): -0.251623921717274}",dgp4,sr_pds,Mixed nonlinear,SR-PDS,0.5
185,False,0.48634074622641005,0.2854108187003845,-0.07306445842634351,1.0457459508791636,sr_pds,sr_pds,"[('cubic', 0, 1)]","[('int', 37, 41)]","[('cubic', 0, 1)]","[('int', 37, 41)]","{('cubic', 0, 1): 4.855679301674281}","{('int', 37, 41): -0.033878894754714006}",dgp4,sr_pds,Mixed nonlinear,SR-PDS,0.5
186,False,0.5277820700302809,0.2957661202435189,-0.051919525647016185,1.107483665707578,sr_pds,sr_pds,"[('cubic', 0, 1)]","[('int', 16, 35), ('int', 18, 35)]","[('cubic', 0, 1)]","[('int', 16, 35), ('int', 18, 35)]","{('cubic', 0, 1): 5.123098698525881}","{('int', 16, 35): 0.1914627719795005, ('int', 18, 35): -0.2132696369771442}",dgp4,sr_pds,Mixed nonlinear,SR-PDS,0.5
187,False,0.31931572099973315,0.2894637924874083,-0.24803331227558711,0.8866647542750534,sr_pds,sr_pds,"[('cubic', 0, 1)]","[('cubic', 21, 30), ('cubic', 21, 37), ('int', 30, 33), ('int', 33, 37)]","[('cubic', 0, 1)]","[('cubic', 21, 37), ('int', 30, 33), ('int', 33, 37)]","{('cubic', 0, 1): 4.926743092886987}","{('cubic', 21, 37): -0.22304617928904946, ('int', 30, 33): -0.38990927359024957, ('int', 33, 37): 0.19804704848334354}",dgp4,sr_pds,Mixed nonlinear,SR-PDS,0.5
188,False,0.7813039054238978,0.3003414097731128,0.19263474226859678,1.3699730685791989,sr_pds,sr_pds,"[('cubic', 0, 1)]",[],"[('cubic', 0, 1)]",[],"{('cubic', 0, 1): 5.394715666521614}",{},dgp4,sr_pds,Mixed nonlinear,SR-PDS,0.5
189,False,0.39011568844489497,0.2801568533494151,-0.15899174411995864,0.9392231210097486,sr_pds,sr_pds,"[('cubic', 0, 1)]",[],"[('cubic', 0, 1)]",[],"{('cubic', 0, 1): 4.961593936056808}",{},dgp4,sr_pds,Mixed nonlinear,SR-PDS,0.5
190,False,0.9300798518262243,0.13888404730045098,0.6578671191173404,1.2022925845351082,sr_pds,sr_pds,"[('cubic', 0, 1), ('log', 2, None)]","[('int', 12, 16), ('int', 12, 42), ('int', 16, 21), ('int', 21, 42)]","[('cubic', 0, 1), ('log', 2, None)]","[('int', 12, 16), ('int', 16, 21)]","{('cubic', 0, 1): 4.95757539731701, ('log', 2, None): -5.047412598669105}","{('int', 12, 16): -0.05628958126906822, ('int', 16, 21): -0.11647601251844025}",dgp4,sr_pds,Mixed nonlinear,SR-PDS,0.5
191,False,0.38164328206250464,0.14737955039258646,0.09277936329303516,0.6705072008319741,sr_pds,sr_pds,"[('cubic', 0, 1), ('log', 2, None)]","[('int', 15, 49)]","[('cubic', 0, 1), ('log', 2, None)]","[('int', 15, 49)]","{('cubic', 0, 1): 5.0458844800118285, ('log', 2, None): -5.031433199812256}","{('int', 15, 49): 0.042408824302577704}",dgp4,sr_pds,Mixed nonlinear,SR-PDS,0.5
192,False,0.7152237919881179,0.27182589711201655,0.18244503364856546,1.2480025503276704,sr_pds,sr_pds,"[('cubic', 0, 1)]",[],"[('cubic', 0, 1)]",[],"{('cubic', 0, 1): 5.209230495810581}",{},dgp4,sr_pds,Mixed nonlinear,SR-PDS,0.5
193,False,0.47591043831850566,0.14865776194601912,0.1845412249043082,0.7672796517327032,sr_pds,sr_pds,"[('cubic', 0, 1), ('log', 2, None)]","[('int', 22, 33)]","[('cubic', 0, 1), ('log', 2, None)]",[],"{('cubic', 0, 1): 4.927840785412878, ('log', 2, None): -5.041330334792074}",{},dgp4,sr_pds,Mixed nonlinear,SR-PDS,0.5
194,False,0.4152149214089362,0.1266184690594556,0.16704272205240323,0.6633871207654691,sr_pds,sr_pds,"[('cubic', 0, 1), ('log', 2, None)]",[],"[('cubic', 0, 1), ('log', 2, None)]",[],"{('cubic', 0, 1): 4.930057232470123, ('log', 2, None): -5.120361110806871}",{},dgp4,sr_pds,Mixed nonlinear,SR-PDS,0.5
195,False,0.7240620381871008,0.22688268146588494,0.27937198251396633,1.1687520938602352,sr_pds,sr_pds,"[('cubic', 0, 1)]",[],"[('cubic', 0, 1)]",[],"{('cubic', 0, 1): 4.876037389163901}",{},dgp4,sr_pds,Mixed nonlinear,SR-PDS,0.5
196,False,0.5273732208497418,0.13971828016128912,0.25352539173361516,0.8012210499658685,sr_pds,sr_pds,"[('cubic', 0, 1), ('log', 2, None)]",[],"[('cubic', 0, 1), ('log', 2, None)]",[],"{('cubic', 0, 1): 5.0796796882383415, ('log', 2, None): -4.977961887322635}",{},dgp4,sr_pds,Mixed nonlinear,SR-PDS,0.5
197,False,0.5515406393809572,0.11588012207845577,0.3244156001071839,0.7786656786547306,sr_pds,sr_pds,"[('cubic', 0, 1), ('log', 2, None)]",[],"[('cubic', 0, 1), ('log', 2, None)]",[],"{('cubic', 0, 1): 5.076219177146641, ('log', 2, None): -4.901770979717529}",{},dgp4,sr_pds,Mixed nonlinear,SR-PDS,0.5
198,False,0.4824520899625519,0.2859582321390287,-0.07802604502994431,1.042930224955048,sr_pds,sr_pds,"[('cubic', 0, 1)]","[('sq', 19, None)]","[('cubic', 0, 1)]","[('sq', 19, None)]","{('cubic', 0, 1): 5.133521752876722}","{('sq', 19, None): 0.33918410081602945}",dgp4,sr_pds,Mixed nonlinear,SR-PDS,0.5
199,False,0.8368104697897564,0.17449587812515857,0.49479854866444556,1.1788223909150672,sr_pds,sr_pds,"[('cubic', 0, 1), ('sqrt', 2, None)]",[],"[('cubic', 0, 1), ('sqrt', 2, None)]",[],"{('cubic', 0, 1): 4.550477103533457, ('sqrt', 2, None): -15.946342253416232}",{},dgp4,sr_pds,Mixed nonlinear,SR-PDS,0.5
200,False,0.4030286000077117,0.13253481488863517,0.14326036282598675,0.6627968371894366,sr_pds,sr_pds,"[('cubic', 0, 1), ('int', 0, 1), ('log', 2, None), ('sq', 0, None)]",[],"[('cubic', 0, 1), ('int', 0, 1), ('log', 2, None), ('sq', 0, None)]",[],"{('cubic', 0, 1): 4.958535888817178, ('int', 0, 1): -0.22434353625544706, ('log', 2, None): -4.759549410233155, ('sq', 0, None): 0.10373805002674244}",{},dgp4,sr_pds,Mixed nonlinear,SR-PDS,0.5
201,False,0.530716906883983,0.26553907961156176,0.010260310845321974,1.0511735029226439,sr_pds,sr_pds,"[('cubic', 0, 1)]","[('int', 8, 14), ('int', 8, 38), ('int', 12, 14), ('int', 12, 38), ('int', 14, 15), ('int', 14, 16), ('int', 15, 38), ('int', 16, 38), ('int', 22, 33)]","[('cubic', 0, 1)]","[('int', 8, 38), ('int', 12, 38), ('int', 14, 15), ('int', 14, 16), ('int', 15, 38), ('int', 22, 33)]","{('cubic', 0, 1): 4.687686675402866}","{('int', 8, 38): -0.44858184456911643, ('int', 12, 38): -0.379515871079444, ('int', 14, 15): 0.13945825981701915, ('int', 14, 16): -0.16544150589637016, ('int', 15, 38): 0.12023796012170211, ('int', 22, 33): 0.5118188915581765}",dgp4,sr_pds,Mixed nonlinear,SR-PDS,0.5
202,False,0.30514749896197796,0.12593915143666984,0.058306762146105084,0.5519882357778508,sr_pds,sr_pds,"[('cubic', 0, 1), ('log', 2, None), ('sqrt', 2, None)]",[],"[('cubic', 0, 1), ('log', 2, None)]",[],"{('cubic', 0, 1): 5.037647652145987, ('log', 2, None): -4.996782684613484}",{},dgp4,sr_pds,Mixed nonlinear,SR-PDS,0.5
203,False,0.5149963704010159,0.10926982468808061,0.30082751401237784,0.7291652267896539,sr_pds,sr_pds,"[('cubic', 0, 1), ('log', 2, None)]",[],"[('cubic', 0, 1), ('log', 2, None)]",[],"{('cubic', 0, 1): 4.838700549785883, ('log', 2, None): -5.054493915567723}",{},dgp4,sr_pds,Mixed nonlinear,SR-PDS,0.5
204,False,0.42718044734218796,0.3040675225225287,-0.16879189680196827,1.023152791486344,sr_pds,sr_pds,"[('cubic', 0, 1)]","[('int', 3, 17)]","[('cubic', 0, 1)]","[('int', 3, 17)]","{('cubic', 0, 1): 5.017652895137651}","{('int', 3, 17): -0.2073099404876165}",dgp4,sr_pds,Mixed nonlinear,SR-PDS,0.5
205,False,0.45777142505360235,0.2892928855692045,-0.10924263066203854,1.0247854807692431,sr_pds,sr_pds,"[('cubic', 0, 1)]","[('int', 15, 25), ('int', 15, 39)]","[('cubic', 0, 1)]","[('int', 15, 25), ('int', 15, 39)]","{('cubic', 0, 1): 5.037435838485576}","{('int', 15, 25): 0.4265378211271021, ('int', 15, 39): 0.5897837658761667}",dgp4,sr_pds,Mixed nonlinear,SR-PDS,0.5
206,False,1.1818161571845631,0.3232443492486942,0.5482572326571225,1.8153750817120038,sr_pds,sr_pds,"[('cubic', 0, 1)]","[('int', 7, 9), ('int', 7, 39)]","[('cubic', 0, 1)]","[('int', 7, 39)]","{('cubic', 0, 1): 5.146699493342852}","{('int', 7, 39): 0.11971758745123348}",dgp4,sr_pds,Mixed nonlinear,SR-PDS,0.5
207,False,1.4562565430743095,0.3718917673274021,0.7273486791126015,2.1851644070360177,sr_pds,sr_pds,"[('int', 3, 4)]","[('int', 12, 14), ('int', 12, 36), ('int', 14, 32), ('int', 32, 36)]","[('int', 3, 4)]","[('int', 12, 14), ('int', 12, 36), ('int', 32, 36)]","{('int', 3, 4): 3.730996527610936}","{('int', 12, 14): -0.33883318672009416, ('int', 12, 36): -0.2423732532008253, ('int', 32, 36): -0.08068724306128945}",dgp4,sr_pds,Mixed nonlinear,SR-PDS,0.5
208,False,0.1634744620111275,0.2754440273876801,-0.3763958316687255,0.7033447556909804,sr_pds,sr_pds,"[('cubic', 0, 1)]",[],"[('cubic', 0, 1)]",[],"{('cubic', 0, 1): 5.308281946405308}",{},dgp4,sr_pds,Mixed nonlinear,SR-PDS,0.5
209,False,0.44715363838115973,0.12757469094527374,0.19710724412842323,0.6972000326338963,sr_pds,sr_pds,"[('cubic', 0, 1), ('log', 2, None)]",[],"[('cubic', 0, 1), ('log', 2, None)]",[],"{('cubic', 0, 1): 4.8661534047373385, ('log', 2, None): -5.042057483057244}",{},dgp4,sr_pds,Mixed nonlinear,SR-PDS,0.5
210,False,0.4104878534811365,0.15413449292730758,0.10838424734361363,0.7125914596186593,sr_pds,sr_pds,"[('cubic', 0, 1), ('log', 2, None)]","[('int', 9, 35)]","[('cubic', 0, 1), ('log', 2, None)]","[('int', 9, 35)]","{('cubic', 0, 1): 5.026561658654173, ('log', 2, None): -5.011983459800176}","{('int', 9, 35): -0.17851806847585314}",dgp4,sr_pds,Mixed nonlinear,SR-PDS,0.5
211,False,0.35812627441716305,0.14461272170287348,0.07468533987953102,0.641567208954795,sr_pds,sr_pds,"[('cubic', 0, 1), ('log', 2, None)]","[('int', 9, 34), ('int', 11, 34)]","[('cubic', 0, 1), ('log', 2, None)]","[('int', 9, 34)]","{('cubic', 0, 1): 4.920745410823261, ('log', 2, None): -4.967206429775788}","{('int', 9, 34): 0.20203824087779704}",dgp4,sr_pds,Mixed nonlinear,SR-PDS,0.5
212,False,0.5231154811293581,0.11081110576392553,0.30592571383206413,0.7403052484266521,sr_pds,sr_pds,"[('cubic', 0, 1), ('log', 2, None)]",[],"[('cubic', 0, 1), ('log', 2, None)]",[],"{('cubic', 0, 1): 4.8518767393824875, ('log', 2, None): -5.2840341519478775}",{},dgp4,sr_pds,Mixed nonlinear,SR-PDS,0.5
213,False,0.5618161176876793,0.3441995061732482,-0.11281491441188718,1.2364471497872458,sr_pds,sr_pds,"[('log', 2, None)]",[],"[('log', 2, None)]",[],"{('log', 2, None): -4.979234692310519}",{},dgp4,sr_pds,Mixed nonlinear,SR-PDS,0.5
214,False,0.49934307722598936,0.1448325736002661,0.2154712329694678,0.7832149214825109,sr_pds,sr_pds,"[('cubic', 0, 1), ('log', 2, None)]",[],"[('cubic', 0, 1), ('log', 2, None)]",[],"{('cubic', 0, 1): 4.967762648495279, ('log', 2, None): -5.157754924232461}",{},dgp4,sr_pds,Mixed nonlinear,SR-PDS,0.5
215,False,0.41113000911987096,0.17838920761918267,0.061487162186272926,0.760772856053469,sr_pds,sr_pds,"[('cubic', 0, 1), ('sqrt', 2, None)]",[],"[('cubic', 0, 1), ('sqrt', 2, None)]",[],"{('cubic', 0, 1): 4.949634547364096, ('sqrt', 2, None): -13.784868134403304}",{},dgp4,sr_pds,Mixed nonlinear,SR-PDS,0.5
216,False,0.6027122326937613,0.27757956199302464,0.058656291187432985,1.1467681742000897,sr_pds,sr_pds,"[('cubic', 0, 1)]","[('int', 16, 32)]","[('cubic', 0, 1)]",[],"{('cubic', 0, 1): 5.176655605766095}",{},dgp4,sr_pds,Mixed nonlinear,SR-PDS,0.5
217,False,0.4792711425962505,0.28294187250717273,-0.07529492751780809,1.033837212710309,sr_pds,sr_pds,"[('cubic', 0, 1), ('int', 0, 1)]",[],"[('cubic', 0, 1), ('int', 0, 1)]",[],"{('cubic', 0, 1): 5.051966835007634, ('int', 0, 1): -0.3179222064030529}",{},dgp4,sr_pds,Mixed nonlinear,SR-PDS,0.5
218,False,0.735277764585338,0.31533832194280614,0.11721465357743799,1.3533408755932381,sr_pds,sr_pds,"[('cubic', 0, 1)]",[],"[('cubic', 0, 1)]",[],"{('cubic', 0, 1): 5.0247548486039895}",{},dgp4,sr_pds,Mixed nonlinear,SR-PDS,0.5
219,False,0.08482726286241711,0.15921140115754298,-0.22722708340636716,0.39688160913120135,sr_pds,sr_pds,"[('cubic', 0, 1), ('log', 2, None)]","[('int', 15, 40)]","[('cubic', 0, 1), ('log', 2, None)]","[('int', 15, 40)]","{('cubic', 0, 1): 4.932325592098831, ('log', 2, None): -5.179827028857707}","{('int', 15, 40): -0.20550265132180712}",dgp4,sr_pds,Mixed nonlinear,SR-PDS,0.5
220,False,0.6494903699381508,0.1265982155025097,0.4013578675532318,0.8976228723230698,sr_pds,sr_pds,"[('cubic', 0, 1), ('log', 2, None)]","[('int', 15, 22), ('int', 22, 46)]","[('cubic', 0, 1), ('log', 2, None)]","[('int', 15, 22)]","{('cubic', 0, 1): 4.824987217085112, ('log', 2, None): -4.861944254653562}","{('int', 15, 22): -0.11195177857203999}",dgp4,sr_pds,Mixed nonlinear,SR-PDS,0.5
221,False,0.22980434579263448,0.27780033813873023,-0.31468431695927673,0.7742930085445456,sr_pds,sr_pds,"[('cubic', 0, 1)]","[('int', 1, 9), ('int', 1, 34), ('int', 1, 45)]","[('cubic', 0, 1)]","[('int', 1, 34)]","{('cubic', 0, 1): 5.540694891885736}","{('int', 1, 34): -0.8855858278969613}",dgp4,sr_pds,Mixed nonlinear,SR-PDS,0.5
222,False,0.2940110655864821,0.14185166950564018,0.015981793355427376,0.5720403378175368,sr_pds,sr_pds,"[('cubic', 0, 1), ('sqrt', 2, None)]","[('int', 1, 8), ('int', 1, 14), ('int', 1, 25), ('int', 8, 27), ('int', 14, 27), ('int', 25, 27), ('int', 31, 43)]","[('cubic', 0, 1), ('sqrt', 2, None)]","[('int', 1, 25), ('int', 8, 27)]","{('cubic', 0, 1): 5.0200178960678326, ('sqrt', 2, None): -15.083529682178659}","{('int', 1, 25): 0.1266846164034599, ('int', 8, 27): 0.3599522885241611}",dgp4,sr_pds,Mixed nonlinear,SR-PDS,0.5
223,False,0.535016976750838,0.15157971876906765,0.23792072796346547,0.8321132255382107,sr_pds,sr_pds,"[('cubic', 0, 1), ('log', 2, None)]","[('int', 33, 48)]","[('cubic', 0, 1), ('log', 2, None)]",[],"{('cubic', 0, 1): 4.991240230408419, ('log', 2, None): -4.934151307053848}",{},dgp4,sr_pds,Mixed nonlinear,SR-PDS,0.5
224,False,0.41780431969123943,0.13143586131494192,0.16019003151395328,0.6754186078685256,sr_pds,sr_pds,"[('cubic', 0, 1), ('log', 2, None)]","[('log', 34, None)]","[('cubic', 0, 1), ('log', 2, None)]","[('log', 34, None)]","{('cubic', 0, 1): 4.961244678367725, ('log', 2, None): -4.934779476408114}","{('log', 34, None): 0.21722597084503822}",dgp4,sr_pds,Mixed nonlinear,SR-PDS,0.5
225,False,0.5986854653272169,0.2825849555545888,0.044818952440222826,1.1525519782142108,sr_pds,sr_pds,"[('cubic', 0, 1)]",[],"[('cubic', 0, 1)]",[],"{('cubic', 0, 1): 4.773992684566258}",{},dgp4,sr_pds,Mixed nonlinear,SR-PDS,0.5
226,False,0.06037526302099842,0.4220373777997612,-0.7668179974665336,0.8875685235085303,sr_pds,sr_pds,[],"[('int', 6, 15), ('int', 11, 39), ('int', 11, 47), ('int', 15, 41), ('sq', 11, None), ('sq', 15, None)]",[],"[('int', 6, 15), ('int', 11, 39), ('int', 11, 47), ('int', 15, 41), ('sq', 11, None), ('sq', 15, None)]",{},"{('int', 6, 15): -0.41540187907978876, ('int', 11, 39): 0.3553961735015459, ('int', 11, 47): -0.5572652955287762, ('int', 15, 41): -0.5723033738531627, ('sq', 11, None): -0.2732058862651994, ('sq', 15, None): 0.4129490714303823}",dgp4,sr_pds,Mixed nonlinear,SR-PDS,0.5
227,False,1.1409069024382779,0.240047626721247,0.6704135540646338,1.611400250811922,sr_pds,sr_pds,"[('cubic', 0, 1), ('int', 3, 4)]",[],"[('cubic', 0, 1), ('int', 3, 4)]",[],"{('cubic', 0, 1): 4.983180728297991, ('int', 3, 4): 2.876241789102683}",{},dgp4,sr_pds,Mixed nonlinear,SR-PDS,0.5
228,False,0.5721611695556224,0.14040693501898513,0.2969635769184115,0.8473587621928331,sr_pds,sr_pds,"[('cubic', 0, 1), ('log', 2, None)]","[('int', 9, 48), ('int', 10, 38), ('int', 22, 36), ('int', 28, 38), ('int', 28, 48), ('int', 30, 38)]","[('cubic', 0, 1), ('log', 2, None)]","[('int', 9, 48), ('int', 10, 38), ('int', 22, 36), ('int', 28, 48), ('int', 30, 38)]","{('cubic', 0, 1): 4.885911673896633, ('log', 2, None): -5.062394533431809}","{('int', 9, 48): 0.099655893766202, ('int', 10, 38): -0.20728366405486223, ('int', 22, 36): -0.30190051292793013, ('int', 28, 48): 0.09446446159866573, ('int', 30, 38): 0.20441931860909987}",dgp4,sr_pds,Mixed nonlinear,SR-PDS,0.5
229,False,0.3153088065602626,0.29065443223739545,-0.2543738806250325,0.8849914937455577,sr_pds,sr_pds,"[('cubic', 0, 1)]",[],"[('cubic', 0, 1)]",[],"{('cubic', 0, 1): 4.983235563114653}",{},dgp4,sr_pds,Mixed nonlinear,SR-PDS,0.5
230,False,0.46346838164385107,0.3032644154995671,-0.13092987273530043,1.0578666360230025,sr_pds,sr_pds,"[('cubic', 0, 1)]","[('cubic', 40, 18), ('cubic', 40, 23), ('cubic', 40, 28), ('cubic', 40, 29), ('int', 13, 18), ('int', 13, 23), ('int', 13, 28), ('int', 13, 29), ('int', 18, 21), ('int', 18, 40), ('int', 21, 23), ('int', 21, 28), ('int', 21, 29), ('int', 23, 40), ('int', 28, 40), ('int', 29, 40)]","[('cubic', 0, 1)]","[('cubic', 40, 18), ('cubic', 40, 23), ('cubic', 40, 28), ('cubic', 40, 29), ('int', 13, 18), ('int', 13, 23), ('int', 18, 21), ('int', 21, 28), ('int', 21, 29)]","{('cubic', 0, 1): 4.86832880191193}","{('cubic', 40, 18): -0.015155636349277987, ('cubic', 40, 23): 0.24313060200570888, ('cubic', 40, 28): -0.011740616164130784, ('cubic', 40, 29): -0.02269386598258908, ('int', 13, 18): -0.23716821928773682, ('int', 13, 23): -0.46684446857051454, ('int', 18, 21): -0.3892387136435084, ('int', 21, 28): -0.5450362755722369, ('int', 21, 29): 0.32744023471899386}",dgp4,sr_pds,Mixed nonlinear,SR-PDS,0.5
231,False,0.03504131283547694,0.25147316440298995,-0.4578460893943833,0.5279287150653372,sr_pds,sr_pds,"[('cubic', 0, 1)]",[],"[('cubic', 0, 1)]",[],"{('cubic', 0, 1): 5.150862037309977}",{},dgp4,sr_pds,Mixed nonlinear,SR-PDS,0.5
232,False,0.5289949974237599,0.12865956809922321,0.2768222439492824,0.7811677508982373,sr_pds,sr_pds,"[('cubic', 0, 1), ('log', 2, None)]","[('int', 21, 43), ('int', 43, 46)]","[('cubic', 0, 1), ('log', 2, None)]",[],"{('cubic', 0, 1): 5.0564049410008955, ('log', 2, None): -4.912524263064407}",{},dgp4,sr_pds,Mixed nonlinear,SR-PDS,0.5
233,False,0.3790330364191051,0.12215138604872403,0.139616319763606,0.6184497530746041,sr_pds,sr_pds,"[('cubic', 0, 1), ('log', 2, None)]",[],"[('cubic', 0, 1), ('log', 2, None)]",[],"{('cubic', 0, 1): 4.85043710295823, ('log', 2, None): -5.133365594876892}",{},dgp4,sr_pds,Mixed nonlinear,SR-PDS,0.5
234,False,0.43512672589167795,0.28583535401978155,-0.1251105679870939,0.9953640197704499,sr_pds,sr_pds,"[('cubic', 0, 1)]","[('int', 8, 23), ('int', 23, 24)]","[('cubic', 0, 1)]","[('int', 23, 24)]","{('cubic', 0, 1): 4.786811219150691}","{('int', 23, 24): -0.7085254897368465}",dgp4,sr_pds,Mixed nonlinear,SR-PDS,0.5
235,False,-0.18333072091881047,0.31140689553288503,-0.7936882361632651,0.4270267943256442,sr_pds,sr_pds,"[('cubic', 0, 1)]","[('int', 18, 19)]","[('cubic', 0, 1)]","[('int', 18, 19)]","{('cubic', 0, 1): 4.9195836112889495}","{('int', 18, 19): 0.29648187665124587}",dgp4,sr_pds,Mixed nonlinear,SR-PDS,0.5
236,False,0.215758679114405,0.13692206398217954,-0.0526085662906669,0.4841259245194769,sr_pds,sr_pds,"[('cubic', 0, 1), ('int', 0, 1), ('log', 2, None)]",[],"[('cubic', 0, 1), ('log', 2, None)]",[],"{('cubic', 0, 1): 4.991259697769771, ('log', 2, None): -5.0942230972468865}",{},dgp4,sr_pds,Mixed nonlinear,SR-PDS,0.5
237,False,0.5277259833488692,0.14220205307533146,0.24900995932121955,0.8064420073765188,sr_pds,sr_pds,"[('cubic', 0, 1), ('log', 2, None)]",[],"[('cubic', 0, 1), ('log', 2, None)]",[],"{('cubic', 0, 1): 4.999128118029544, ('log', 2, None): -4.962488767932347}",{},dgp4,sr_pds,Mixed nonlinear,SR-PDS,0.5
238,False,0.4382267643405254,0.25669538663870356,-0.06489619347133363,0.9413497221523843,sr_pds,sr_pds,"[('cubic', 0, 1)]","[('int', 8, 10), ('int', 10, 12)]","[('cubic', 0, 1)]","[('int', 10, 12)]","{('cubic', 0, 1): 4.914413795950277}","{('int', 10, 12): 0.09102401784886004}",dgp4,sr_pds,Mixed nonlinear,SR-PDS,0.5
239,False,0.772746730515314,0.16140548047528683,0.45639198878375176,1.0891014722468761,sr_pds,sr_pds,"[('cubic', 0, 1), ('sqrt', 2, None)]",[],"[('cubic', 0, 1), ('sqrt', 2, None)]",[],"{('cubic', 0, 1): 5.039479522560421, ('sqrt', 2, None): -14.604893277307518}",{},dgp4,sr_pds,Mixed nonlinear,SR-PDS,0.5
240,False,0.7012793980805578,0.2302605897019118,0.24996864226481075,1.152590153896305,sr_pds,sr_pds,"[('cubic', 0, 1), ('int', 3, 4)]","[('int', 5, 21)]","[('cubic', 0, 1), ('int', 3, 4)]",[],"{('cubic', 0, 1): 4.789806317110311, ('int', 3, 4): 2.9986694479272145}",{},dgp4,sr_pds,Mixed nonlinear,SR-PDS,0.5
241,False,0.1630224151829838,0.2964498445845488,-0.41801928020273194,0.7440641105686995,sr_pds,sr_pds,"[('cubic', 0, 1)]","[('int', 13, 20), ('int', 20, 45), ('int', 20, 49)]","[('cubic', 0, 1)]","[('int', 13, 20), ('int', 20, 45), ('int', 20, 49)]","{('cubic', 0, 1): 5.352716571074833}","{('int', 13, 20): -0.35176141247315806, ('int', 20, 45): 0.20461693019784677, ('int', 20, 49): -0.14844575912381644}",dgp4,sr_pds,Mixed nonlinear,SR-PDS,0.5
242,False,-0.12376368309927646,0.2524788849732792,-0.6186222976469037,0.3710949314483507,sr_pds,sr_pds,"[('cubic', 0, 1)]",[],"[('cubic', 0, 1)]",[],"{('cubic', 0, 1): 5.306417120145809}",{},dgp4,sr_pds,Mixed nonlinear,SR-PDS,0.5
243,False,0.5052647913607017,0.14042138327883116,0.2300388801341926,0.7804907025872108,sr_pds,sr_pds,"[('cubic', 0, 1), ('log', 2, None)]",[],"[('cubic', 0, 1), ('log', 2, None)]",[],"{('cubic', 0, 1): 4.950238208165292, ('log', 2, None): -4.746627415330756}",{},dgp4,sr_pds,Mixed nonlinear,SR-PDS,0.5
244,False,0.4458121182515764,0.11681676639755678,0.2168512561123651,0.6747729803907877,sr_pds,sr_pds,"[('cubic', 0, 1), ('log', 2, None)]",[],"[('cubic', 0, 1), ('log', 2, None)]",[],"{('cubic', 0, 1): 5.069722581516873, ('log', 2, None): -4.953991086151263}",{},dgp4,sr_pds,Mixed nonlinear,SR-PDS,0.5
245,False,0.5784233041298161,0.2773291277784234,0.03485821368410624,1.121988394575526,sr_pds,sr_pds,"[('cubic', 0, 1)]","[('int', 8, 37), ('int', 19, 37), ('int', 23, 37), ('int', 34, 37)]","[('cubic', 0, 1)]","[('int', 8, 37), ('int', 34, 37)]","{('cubic', 0, 1): 4.912655721373342}","{('int', 8, 37): -0.3847167409133586, ('int', 34, 37): 0.5085144331107383}",dgp4,sr_pds,Mixed nonlinear,SR-PDS,0.5
246,False,0.5284927654895243,0.4044385584761975,-0.2642068091238228,1.3211923401028713,sr_pds,sr_pds,[],[],[],[],{},{},dgp4,sr_pds,Mixed nonlinear,SR-PDS,0.5
247,False,0.41533792976616907,0.14429817874457895,0.1325134994267943,0.6981623601055438,sr_pds,sr_pds,"[('cubic', 0, 1), ('log', 2, None)]","[('int', 20, 37), ('int', 20, 48)]","[('cubic', 0, 1), ('log', 2, None)]","[('int', 20, 37), ('int', 20, 48)]","{('cubic', 0, 1): 4.946656888613646, ('log', 2, None): -4.902975344558236}","{('int', 20, 37): -0.2517062514125446, ('int', 20, 48): 0.2383938621417871}",dgp4,sr_pds,Mixed nonlinear,SR-PDS,0.5
248,False,0.5121448918959456,0.1387675722549479,0.24016045027624772,0.7841293335156434,sr_pds,sr_pds,"[('cubic', 0, 1), ('log', 2, None)]",[],"[('cubic', 0, 1), ('log', 2, None)]",[],"{('cubic', 0, 1): 5.069910408307113, ('log', 2, None): -5.0472680344849765}",{},dgp4,sr_pds,Mixed nonlinear,SR-PDS,0.5
249,False,0.8268980020307816,0.2517251364907773,0.333516734508858,1.3202792695527052,sr_pds,sr_pds,"[('cubic', 0, 1)]",[],"[('cubic', 0, 1)]",[],"{('cubic', 0, 1): 5.29673441221769}",{},dgp4,sr_pds,Mixed nonlinear,SR-PDS,0.5
250,False,0.5979258623773291,0.39954146735293633,-0.18517541363442602,1.3810271383890842,sr_pds,sr_pds,[],[],[],[],{},{},dgp4,sr_pds,Mixed nonlinear,SR-PDS,0.5
251,False,-0.10733628035730848,0.37690378301555155,-0.8460676950677894,0.6313951343531725,sr_pds,sr_pds,"[('log', 2, None)]","[('int', 20, 43)]","[('log', 2, None)]","[('int', 20, 43)]","{('log', 2, None): -4.875670472474563}","{('int', 20, 43): -0.4323759973468278}",dgp4,sr_pds,Mixed nonlinear,SR-PDS,0.5
252,False,0.4424009545495339,0.2617302272368709,-0.07059029083473312,0.9553921999338009,sr_pds,sr_pds,"[('cubic', 0, 1)]",[],"[('cubic', 0, 1)]",[],"{('cubic', 0, 1): 5.254866800800203}",{},dgp4,sr_pds,Mixed nonlinear,SR-PDS,0.5
253,False,0.6264679260724788,0.153456099169292,0.3256939717006665,0.9272418804442911,sr_pds,sr_pds,"[('cubic', 0, 1), ('log', 2, None)]","[('cubic', 19, 46)]","[('cubic', 0, 1), ('log', 2, None)]","[('cubic', 19, 46)]","{('cubic', 0, 1): 5.024595218224146, ('log', 2, None): -4.802023425424948}","{('cubic', 19, 46): 0.12071012683069327}",dgp4,sr_pds,Mixed nonlinear,SR-PDS,0.5
254,False,0.014152504364597878,0.3147424726208419,-0.6027427419722522,0.631047750701448,sr_pds,sr_pds,"[('cubic', 0, 1)]",[],"[('cubic', 0, 1)]",[],"{('cubic', 0, 1): 4.654020922019306}",{},dgp4,sr_pds,Mixed nonlinear,SR-PDS,0.5
255,False,0.2880229760357811,0.15015763333781584,-0.006285985306337949,0.5823319373779001,sr_pds,sr_pds,"[('cubic', 0, 1), ('log', 2, None)]",[],"[('cubic', 0, 1), ('log', 2, None)]",[],"{('cubic', 0, 1): 5.066463975117355, ('log', 2, None): -5.054641654353826}",{},dgp4,sr_pds,Mixed nonlinear,SR-PDS,0.5
256,False,0.7788752578540268,0.24938841935309958,0.2900739559219516,1.267676559786102,sr_pds,sr_pds,"[('cubic', 0, 1)]","[('cubic', 48, 14), ('int', 14, 16), ('int', 14, 48)]","[('cubic', 0, 1)]","[('cubic', 48, 14), ('int', 14, 16), ('int', 14, 48)]","{('cubic', 0, 1): 4.991046457008522}","{('cubic', 48, 14): -0.022047849446063736, ('int', 14, 16): 0.2436010321110399, ('int', 14, 48): -0.43493852207509265}",dgp4,sr_pds,Mixed nonlinear,SR-PDS,0.5
257,False,0.947232139017497,0.2909810377002305,0.3769093051250453,1.5175549729099487,sr_pds,sr_pds,"[('cubic', 0, 1)]",[],"[('cubic', 0, 1)]",[],"{('cubic', 0, 1): 5.0023157734517705}",{},dgp4,sr_pds,Mixed nonlinear,SR-PDS,0.5
258,False,0.7881799520748747,0.3012208394386677,0.19778710677508604,1.3785727973746633,sr_pds,sr_pds,"[('cubic', 0, 1)]","[('int', 23, 49)]","[('cubic', 0, 1)]",[],"{('cubic', 0, 1): 4.661446088320157}",{},dgp4,sr_pds,Mixed nonlinear,SR-PDS,0.5
259,False,0.5812277389839234,0.31613830564548484,-0.03840334008122681,1.2008588180490736,sr_pds,sr_pds,"[('cubic', 0, 1)]","[('int', 27, 45)]","[('cubic', 0, 1)]","[('int', 27, 45)]","{('cubic', 0, 1): 4.9736089590114}","{('int', 27, 45): 0.05576577627685883}",dgp4,sr_pds,Mixed nonlinear,SR-PDS,0.5
260,False,0.5121236529152942,0.14566224346029272,0.22662565573312043,0.7976216500974679,sr_pds,sr_pds,"[('cubic', 0, 1), ('log', 2, None)]","[('sq', 10, None)]","[('cubic', 0, 1), ('log', 2, None)]","[('sq', 10, None)]","{('cubic', 0, 1): 5.075891802795778, ('log', 2, None): -5.062504529281029}","{('sq', 10, None): -0.0005430915021004898}",dgp4,sr_pds,Mixed nonlinear,SR-PDS,0.5
261,False,0.6700620761866034,0.13914418549807905,0.39733947261036845,0.9427846797628383,sr_pds,sr_pds,"[('cubic', 0, 1), ('log', 2, None)]","[('cubic', 36, 42)]","[('cubic', 0, 1), ('log', 2, None)]","[('cubic', 36, 42)]","{('cubic', 0, 1): 5.163836784959043, ('log', 2, None): -5.261474064367757}","{('cubic', 36, 42): -0.03536244006649381}",dgp4,sr_pds,Mixed nonlinear,SR-PDS,0.5
262,False,0.34723317116284175,0.13650129725334023,0.07969062854629488,0.6147757137793886,sr_pds,sr_pds,"[('cubic', 0, 1), ('log', 2, None)]","[('int', 0, 44)]","[('cubic', 0, 1), ('log', 2, None)]",[],"{('cubic', 0, 1): 5.1467397465447595, ('log', 2, None): -5.0216596617485285}",{},dgp4,sr_pds,Mixed nonlinear,SR-PDS,0.5
263,False,-0.22068400862820425,0.2986427620870372,-0.8060238223187972,0.3646558050623887,sr_pds,sr_pds,"[('cubic', 0, 1)]","[('cubic', 32, 17)]","[('cubic', 0, 1)]","[('cubic', 32, 17)]","{('cubic', 0, 1): 4.858320347169014}","{('cubic', 32, 17): -0.4716515428695705}",dgp4,sr_pds,Mixed nonlinear,SR-PDS,0.5
264,False,0.44758833114547375,0.2716729507074637,-0.08489065224115516,0.9800673145321026,sr_pds,sr_pds,"[('cubic', 0, 1)]",[],"[('cubic', 0, 1)]",[],"{('cubic', 0, 1): 5.1387493497304755}",{},dgp4,sr_pds,Mixed nonlinear,SR-PDS,0.5
265,False,0.7365435275155116,0.15333853173748668,0.4360000053100377,1.0370870497209854,sr_pds,sr_pds,"[('cubic', 0, 1), ('log', 2, None)]","[('int', 15, 38)]","[('cubic', 0, 1), ('log', 2, None)]","[('int', 15, 38)]","{('cubic', 0, 1): 5.010644229825347, ('log', 2, None): -5.141215203025297}","{('int', 15, 38): 0.23942322017820383}",dgp4,sr_pds,Mixed nonlinear,SR-PDS,0.5
266,False,0.6009171725244492,0.3086240234055028,-0.003985913350336268,1.2058202583992346,sr_pds,sr_pds,"[('cubic', 0, 1)]",[],"[('cubic', 0, 1)]",[],"{('cubic', 0, 1): 4.832666501084533}",{},dgp4,sr_pds,Mixed nonlinear,SR-PDS,0.5
267,False,0.46491626883076076,0.11650575055993521,0.23656499773328774,0.6932675399282338,sr_pds,sr_pds,"[('cubic', 0, 1), ('log', 2, None)]","[('int', 1, 47), ('int', 26, 47)]","[('cubic', 0, 1), ('log', 2, None)]",[],"{('cubic', 0, 1): 4.991881448819446, ('log', 2, None): -5.11923119127221}",{},dgp4,sr_pds,Mixed nonlinear,SR-PDS,0.5
268,False,0.22784713139264695,0.25873907405024077,-0.27928145374582497,0.7349757165311188,sr_pds,sr_pds,"[('cubic', 0, 1)]",[],"[('cubic', 0, 1)]",[],"{('cubic', 0, 1): 5.201087275969994}",{},dgp4,sr_pds,Mixed nonlinear,SR-PDS,0.5
269,False,0.6642878862829218,0.3087406295144983,0.05915625243450506,1.2694195201313385,sr_pds,sr_pds,"[('cubic', 0, 1)]","[('int', 2, 32)]","[('cubic', 0, 1)]","[('int', 2, 32)]","{('cubic', 0, 1): 4.669363749789152}","{('int', 2, 32): 0.26340490633008173}",dgp4,sr_pds,Mixed nonlinear,SR-PDS,0.5
270,False,0.01711671504493672,0.3133825435430384,-0.5971130702994185,0.631346500389292,sr_pds,sr_pds,"[('cubic', 0, 1)]","[('int', 6, 33), ('int', 29, 33)]","[('cubic', 0, 1)]","[('int', 6, 33)]","{('cubic', 0, 1): 5.123826541862893}","{('int', 6, 33): 0.18754911714912922}",dgp4,sr_pds,Mixed nonlinear,SR-PDS,0.5
271,False,0.909218685977885,0.2391704801572234,0.4404445448697272,1.3779928270860429,sr_pds,sr_pds,"[('cubic', 0, 1), ('int', 3, 4)]","[('int', 14, 43)]","[('cubic', 0, 1), ('int', 3, 4)]","[('int', 14, 43)]","{('cubic', 0, 1): 5.031372448203975, ('int', 3, 4): 3.0759122740211633}","{('int', 14, 43): -0.4585378329354158}",dgp4,sr_pds,Mixed nonlinear,SR-PDS,0.5
272,False,0.9541194271844607,0.270383391676305,0.42416797949890295,1.4840708748700187,sr_pds,sr_pds,"[('cubic', 0, 1)]",[],"[('cubic', 0, 1)]",[],"{('cubic', 0, 1): 5.113964727827978}",{},dgp4,sr_pds,Mixed nonlinear,SR-PDS,0.5
273,False,0.49707887002685164,0.27033184186342135,-0.03277154002545418,1.0269292800791574,sr_pds,sr_pds,"[('cubic', 0, 1)]","[('int', 23, 28)]","[('cubic', 0, 1)]","[('int', 23, 28)]","{('cubic', 0, 1): 5.330816819227976}","{('int', 23, 28): 0.6597910756399658}",dgp4,sr_pds,Mixed nonlinear,SR-PDS,0.5
274,False,0.27282490256631775,0.31340505526887014,-0.3414490057606677,0.8870988108933032,sr_pds,sr_pds,"[('cubic', 0, 1)]","[('int', 9, 23)]","[('cubic', 0, 1)]",[],"{('cubic', 0, 1): 5.068523236799739}",{},dgp4,sr_pds,Mixed nonlinear,SR-PDS,0.5
275,False,0.47740816907563666,0.27810752992180476,-0.06768258957110063,1.022498927722374,sr_pds,sr_pds,"[('cubic', 0, 1)]",[],"[('cubic', 0, 1)]",[],"{('cubic', 0, 1): 4.7513980808595395}",{},dgp4,sr_pds,Mixed nonlinear,SR-PDS,0.5
276,False,0.34644415304621473,0.14133343006792196,0.0694306301130877,0.6234576759793418,sr_pds,sr_pds,"[('cubic', 0, 1), ('log', 2, None)]",[],"[('cubic', 0, 1), ('log', 2, None)]",[],"{('cubic', 0, 1): 4.954612033585979, ('log', 2, None): -4.950266593939035}",{},dgp4,sr_pds,Mixed nonlinear,SR-PDS,0.5
277,False,0.22907139143330735,0.2647033626921129,-0.289747199443234,0.7478899823098487,sr_pds,sr_pds,"[('cubic', 0, 1)]","[('int', 4, 10)]","[('cubic', 0, 1)]","[('int', 4, 10)]","{('cubic', 0, 1): 5.14958222599688}","{('int', 4, 10): 0.33883968621880906}",dgp4,sr_pds,Mixed nonlinear,SR-PDS,0.5
278,False,0.6585060579605925,0.24651459795477987,0.17533744596922396,1.141674669951961,sr_pds,sr_pds,"[('cubic', 0, 1)]","[('int', 6, 18)]","[('cubic', 0, 1)]",[],"{('cubic', 0, 1): 4.962459602731017}",{},dgp4,sr_pds,Mixed nonlinear,SR-PDS,0.5
279,False,0.6185305770014328,0.27678973201500107,0.07602270225203067,1.161038451750835,sr_pds,sr_pds,"[('cubic', 0, 1)]",[],"[('cubic', 0, 1)]",[],"{('cubic', 0, 1): 5.260505924681036}",{},dgp4,sr_pds,Mixed nonlinear,SR-PDS,0.5
280,False,0.18184250030889318,0.44662383866484795,-0.6935402234742089,1.0572252240919953,sr_pds,sr_pds,"[('log', 2, None)]","[('int', 13, 17), ('int', 17, 48)]","[('log', 2, None)]","[('int', 13, 17), ('int', 17, 48)]","{('log', 2, None): -5.241624373902439}","{('int', 13, 17): -0.6492247222990354, ('int', 17, 48): 0.24139229357527783}",dgp4,sr_pds,Mixed nonlinear,SR-PDS,0.5
281,False,0.6350638257354733,0.12456350095666438,0.3909193638604111,0.8792082876105354,sr_pds,sr_pds,"[('cubic', 0, 1), ('log', 2, None)]","[('int', 3, 9), ('int', 9, 28)]","[('cubic', 0, 1), ('log', 2, None)]",[],"{('cubic', 0, 1): 4.989055216854495, ('log', 2, None): -5.077448462968866}",{},dgp4,sr_pds,Mixed nonlinear,SR-PDS,0.5
282,False,0.5233728497876217,0.43152298365380415,-0.3224121981738345,1.3691578977490777,sr_pds,sr_pds,[],[],[],[],{},{},dgp4,sr_pds,Mixed nonlinear,SR-PDS,0.5
283,False,1.14792293675771,0.38358416471882545,0.3960979739088121,1.899747899606608,sr_pds,sr_pds,[],[],[],[],{},{},dgp4,sr_pds,Mixed nonlinear,SR-PDS,0.5
284,False,0.9115642037048396,0.2829465059447642,0.3569890520531017,1.4661393553565776,sr_pds,sr_pds,"[('cubic', 0, 1)]","[('int', 10, 48), ('int', 29, 48)]","[('cubic', 0, 1)]","[('int', 10, 48), ('int', 29, 48)]","{('cubic', 0, 1): 5.007810652611277}","{('int', 10, 48): 0.1917365837552757, ('int', 29, 48): -0.1975393578163944}",dgp4,sr_pds,Mixed nonlinear,SR-PDS,0.5
285,False,0.9751606027505264,0.3396427539608892,0.30946080498718354,1.6408604005138692,sr_pds,sr_pds,"[('cubic', 0, 1)]","[('int', 20, 46)]","[('cubic', 0, 1)]",[],"{('cubic', 0, 1): 5.04201036961558}",{},dgp4,sr_pds,Mixed nonlinear,SR-PDS,0.5
286,False,0.7064084306356248,0.12184697672976329,0.4675883562452887,0.9452285050259608,sr_pds,sr_pds,"[('cubic', 0, 1), ('log', 2, None)]",[],"[('cubic', 0, 1), ('log', 2, None)]",[],"{('cubic', 0, 1): 5.054321483562973, ('log', 2, None): -5.035364856890932}",{},dgp4,sr_pds,Mixed nonlinear,SR-PDS,0.5
287,False,0.9173655862425162,0.2822193589312739,0.3642156427372193,1.470515529747813,sr_pds,sr_pds,"[('cubic', 0, 1)]",[],"[('cubic', 0, 1)]",[],"{('cubic', 0, 1): 5.270028118368595}",{},dgp4,sr_pds,Mixed nonlinear,SR-PDS,0.5
288,False,0.661977120652359,0.15722398890598,0.35381810239663825,0.9701361389080798,sr_pds,sr_pds,"[('cubic', 0, 1), ('sqrt', 2, None)]",[],"[('cubic', 0, 1), ('sqrt', 2, None)]",[],"{('cubic', 0, 1): 4.786024234600157, ('sqrt', 2, None): -14.926059593096149}",{},dgp4,sr_pds,Mixed nonlinear,SR-PDS,0.5
289,False,0.8023654553910963,0.1322341012639196,0.5431866169138139,1.0615442938683786,sr_pds,sr_pds,"[('cubic', 0, 1), ('log', 2, None)]","[('int', 17, 18)]","[('cubic', 0, 1), ('log', 2, None)]",[],"{('cubic', 0, 1): 4.861057067967181, ('log', 2, None): -5.18553775492899}",{},dgp4,sr_pds,Mixed nonlinear,SR-PDS,0.5
290,False,0.28466011785022527,0.1257931492510372,0.03810554531819235,0.5312146903822582,sr_pds,sr_pds,"[('cubic', 0, 1), ('log', 2, None)]",[],"[('cubic', 0, 1), ('log', 2, None)]",[],"{('cubic', 0, 1): 4.903391826760973, ('log', 2, None): -4.848140868738513}",{},dgp4,sr_pds,Mixed nonlinear,SR-PDS,0.5
291,False,0.5475890362949848,0.1191910966589953,0.313974486843354,0.7812035857466155,sr_pds,sr_pds,"[('cubic', 0, 1), ('log', 2, None)]","[('int', 6, 46), ('int', 17, 46)]","[('cubic', 0, 1), ('log', 2, None)]","[('int', 17, 46)]","{('cubic', 0, 1): 5.073014406641477, ('log', 2, None): -5.203497864977765}","{('int', 17, 46): 0.08177112081072817}",dgp4,sr_pds,Mixed nonlinear,SR-PDS,0.5
292,False,0.34413302078008445,0.15771086687550145,0.035019721704101614,0.6532463198560673,sr_pds,sr_pds,"[('cubic', 0, 1), ('log', 2, None)]","[('int', 5, 6), ('int', 5, 48)]","[('cubic', 0, 1), ('log', 2, None)]","[('int', 5, 6)]","{('cubic', 0, 1): 4.985308808142317, ('log', 2, None): -4.907777113494823}","{('int', 5, 6): 0.21268675726491054}",dgp4,sr_pds,Mixed nonlinear,SR-PDS,0.5
293,False,0.4988884535252807,0.30846735598823605,-0.10570756421166189,1.1034844712622234,sr_pds,sr_pds,"[('cubic', 0, 1)]","[('cubic', 9, 7), ('cubic', 9, 46), ('int', 9, 16), ('int', 9, 26), ('int', 14, 16), ('int', 14, 26)]","[('cubic', 0, 1)]","[('cubic', 9, 46), ('int', 9, 16), ('int', 14, 16)]","{('cubic', 0, 1): 4.958848107773434}","{('cubic', 9, 46): -0.08270931111023676, ('int', 9, 16): 0.2657070099607897, ('int', 14, 16): -0.21980266072356855}",dgp4,sr_pds,Mixed nonlinear,SR-PDS,0.5
294,False,0.4342633455152402,0.13392024216558535,0.17177967087069296,0.6967470201597874,sr_pds,sr_pds,"[('cubic', 0, 1), ('log', 2, None)]",[],"[('cubic', 0, 1), ('log', 2, None)]",[],"{('cubic', 0, 1): 4.957817714810905, ('log', 2, None): -4.996173068334447}",{},dgp4,sr_pds,Mixed nonlinear,SR-PDS,0.5
295,False,0.06363988806266717,0.29125449943940057,-0.507218930838558,0.6344987069638923,sr_pds,sr_pds,"[('cubic', 0, 1)]",[],"[('cubic', 0, 1)]",[],"{('cubic', 0, 1): 4.763020824218442}",{},dgp4,sr_pds,Mixed nonlinear,SR-PDS,0.5
296,False,0.5925758058041901,0.12781006984956428,0.3420680688990441,0.8430835427093362,sr_pds,sr_pds,"[('cubic', 0, 1), ('log', 2, None)]",[],"[('cubic', 0, 1), ('log', 2, None)]",[],"{('cubic', 0, 1): 5.038171125592398, ('log', 2, None): -4.81206741142258}",{},dgp4,sr_pds,Mixed nonlinear,SR-PDS,0.5
297,False,1.4872954872382487,0.36938889420391385,0.7632932545985776,2.21129771987792,sr_pds,sr_pds,[],"[('cubic', 39, 3), ('cubic', 39, 35), ('cubic', 39, 41)]",[],"[('cubic', 39, 3), ('cubic', 39, 35)]",{},"{('cubic', 39, 3): 1.0274707870021473, ('cubic', 39, 35): -0.4892096255793103}",dgp4,sr_pds,Mixed nonlinear,SR-PDS,0.5
298,False,0.3575160952308347,0.31967164822554556,-0.2690403352912346,0.984072525752904,sr_pds,sr_pds,"[('cubic', 0, 1)]",[],"[('cubic', 0, 1)]",[],"{('cubic', 0, 1): 4.949440577673309}",{},dgp4,sr_pds,Mixed nonlinear,SR-PDS,0.5
299,False,0.17629317370425787,0.2890948828359666,-0.3903327966542367,0.7429191440627525,sr_pds,sr_pds,"[('cubic', 0, 1)]","[('int', 21, 32)]","[('cubic', 0, 1)]","[('int', 21, 32)]","{('cubic', 0, 1): 5.176726320683352}","{('int', 21, 32): 0.06366292028531316}",dgp4,sr_pds,Mixed nonlinear,SR-PDS,0.5
300,False,0.4435304629281529,0.1351865293394574,0.1785648654228164,0.7084960604334893,sr_pds,sr_pds,"[('cubic', 0, 1), ('log', 2, None)]",[],"[('cubic', 0, 1), ('log', 2, None)]",[],"{('cubic', 0, 1): 5.164627459270641, ('log', 2, None): -4.788134771272708}",{},dgp4,sr_pds,Mixed nonlinear,SR-PDS,0.5
301,False,0.24745388679670483,0.12325255870549656,0.005878871733931562,0.4890289018594781,sr_pds,sr_pds,"[('cubic', 0, 1), ('log', 2, None)]",[],"[('cubic', 0, 1), ('log', 2, None)]",[],"{('cubic', 0, 1): 5.135112045009333, ('log', 2, None): -4.901291549724048}",{},dgp4,sr_pds,Mixed nonlinear,SR-PDS,0.5
302,False,0.2254214841605433,0.1351613612415133,-0.039494783872822736,0.49033775219390935,sr_pds,sr_pds,"[('cubic', 0, 1), ('log', 2, None)]",[],"[('cubic', 0, 1), ('log', 2, None)]",[],"{('cubic', 0, 1): 5.210950546289353, ('log', 2, None): -5.1795578284411}",{},dgp4,sr_pds,Mixed nonlinear,SR-PDS,0.5
303,False,0.31782022780124447,0.2780251413061029,-0.22710904915871716,0.8627495047612062,sr_pds,sr_pds,"[('cubic', 0, 1)]","[('int', 1, 47)]","[('cubic', 0, 1)]",[],"{('cubic', 0, 1): 5.26536126996069}",{},dgp4,sr_pds,Mixed nonlinear,SR-PDS,0.5
304,False,1.0334817740270072,0.24335306116426028,0.5565097741450571,1.5104537739089574,sr_pds,sr_pds,"[('cubic', 0, 1)]","[('int', 5, 16), ('int', 16, 19), ('int', 16, 37)]","[('cubic', 0, 1)]","[('int', 16, 19), ('int', 16, 37)]","{('cubic', 0, 1): 4.891204959272582}","{('int', 16, 19): 0.0969836997920903, ('int', 16, 37): -0.28213484548385187}",dgp4,sr_pds,Mixed nonlinear,SR-PDS,0.5
305,False,0.18631076989650694,0.28753330091064594,-0.377254499888359,0.749876039681373,sr_pds,sr_pds,"[('cubic', 0, 1), ('sq', 0, None)]",[],"[('cubic', 0, 1), ('sq', 0, None)]",[],"{('cubic', 0, 1): 4.583579913875721, ('sq', 0, None): -0.3161365848877529}",{},dgp4,sr_pds,Mixed nonlinear,SR-PDS,0.5
306,False,1.5840089598251446,0.2602781962331443,1.0738636952081817,2.094154224442107,sr_pds,sr_pds,"[('cubic', 0, 1)]","[('int', 7, 24)]","[('cubic', 0, 1)]","[('int', 7, 24)]","{('cubic', 0, 1): 4.934018025968018}","{('int', 7, 24): -0.14612008382575478}",dgp4,sr_pds,Mixed nonlinear,SR-PDS,0.5
307,False,0.3271153587308705,0.1382866260187723,0.05607357173407679,0.5981571457276642,sr_pds,sr_pds,"[('cubic', 0, 1), ('log', 2, None)]",[],"[('cubic', 0, 1), ('log', 2, None)]",[],"{('cubic', 0, 1): 4.674785166956629, ('log', 2, None): -4.9812493851592485}",{},dgp4,sr_pds,Mixed nonlinear,SR-PDS,0.5
308,False,0.2813765400219945,0.2719173636412921,-0.251581492714938,0.8143345727589271,sr_pds,sr_pds,"[('cubic', 0, 1)]","[('int', 12, 28)]","[('cubic', 0, 1)]","[('int', 12, 28)]","{('cubic', 0, 1): 4.795053267276685}","{('int', 12, 28): 0.3471762534796744}",dgp4,sr_pds,Mixed nonlinear,SR-PDS,0.5
309,False,0.2999043112740302,0.15192712888871118,0.002127138652156302,0.5976814838959041,sr_pds,sr_pds,"[('cubic', 0, 1), ('log', 2, None)]","[('int', 26, 34), ('int', 29, 45), ('int', 33, 45), ('int', 41, 45)]","[('cubic', 0, 1), ('log', 2, None)]",[],"{('cubic', 0, 1): 4.966959493375845, ('log', 2, None): -4.708579054630554}",{},dgp4,sr_pds,Mixed nonlinear,SR-PDS,0.5
310,False,0.32844583974488156,0.28247418039217054,-0.22520355382377272,0.8820952333135359,sr_pds,sr_pds,"[('cubic', 0, 1)]",[],"[('cubic', 0, 1)]",[],"{('cubic', 0, 1): 5.491927460129946}",{},dgp4,sr_pds,Mixed nonlinear,SR-PDS,0.5
311,False,0.16728508436976885,0.28232382590841754,-0.3860696144107295,0.7206397831502672,sr_pds,sr_pds,"[('cubic', 0, 1)]","[('cubic', 49, 7), ('cubic', 49, 8), ('cubic', 49, 22), ('cubic', 49, 32), ('int', 7, 49), ('int', 8, 49), ('int', 22, 49), ('int', 32, 49)]","[('cubic', 0, 1)]","[('cubic', 49, 7), ('cubic', 49, 8), ('cubic', 49, 22), ('cubic', 49, 32), ('int', 22, 49), ('int', 32, 49)]","{('cubic', 0, 1): 4.887308742185091}","{('cubic', 49, 7): 0.44263618826656564, ('cubic', 49, 8): 0.23376005595391405, ('cubic', 49, 22): -0.08933783702103695, ('cubic', 49, 32): -0.35142492885700427, ('int', 22, 49): 0.41072664274498755, ('int', 32, 49): -0.4839523914709653}",dgp4,sr_pds,Mixed nonlinear,SR-PDS,0.5
312,False,0.476151152011871,0.13764005356934003,0.2063766470159646,0.7459256570077775,sr_pds,sr_pds,"[('cubic', 0, 1), ('log', 2, None)]","[('cubic', 5, 19), ('cubic', 5, 41), ('cubic', 19, 5), ('int', 5, 19), ('sq', 5, None)]","[('cubic', 0, 1), ('log', 2, None)]","[('cubic', 5, 41), ('cubic', 19, 5), ('int', 5, 19), ('sq', 5, None)]","{('cubic', 0, 1): 4.86082968523552, ('log', 2, None): -4.926586538153541}","{('cubic', 5, 41): -0.3046676898845735, ('cubic', 19, 5): 0.016796752070356028, ('int', 5, 19): 0.18411359956476517, ('sq', 5, None): 0.07290839104551787}",dgp4,sr_pds,Mixed nonlinear,SR-PDS,0.5
313,False,0.3342358351792814,0.2580092825123344,-0.17146235854489406,0.8399340289034569,sr_pds,sr_pds,"[('cubic', 0, 1)]","[('int', 15, 49), ('int', 26, 49)]","[('cubic', 0, 1)]","[('int', 15, 49), ('int', 26, 49)]","{('cubic', 0, 1): 4.973588153543435}","{('int', 15, 49): 0.42789147461474714, ('int', 26, 49): 0.22718714916427302}",dgp4,sr_pds,Mixed nonlinear,SR-PDS,0.5
314,False,0.8288789800718467,0.28037141504991475,0.2793510065740138,1.3784069535696797,sr_pds,sr_pds,"[('cubic', 0, 1)]",[],"[('cubic', 0, 1)]",[],"{('cubic', 0, 1): 4.549690793311639}",{},dgp4,sr_pds,Mixed nonlinear,SR-PDS,0.5
315,False,0.8452914993972332,0.2945161848400404,0.2680397771107541,1.4225432216837124,sr_pds,sr_pds,"[('cubic', 0, 1)]",[],"[('cubic', 0, 1)]",[],"{('cubic', 0, 1): 4.5629222929301}",{},dgp4,sr_pds,Mixed nonlinear,SR-PDS,0.5
316,False,0.12306896664767338,0.31291534507729457,-0.490245109703824,0.7363830429991708,sr_pds,sr_pds,"[('cubic', 0, 1)]",[],"[('cubic', 0, 1)]",[],"{('cubic', 0, 1): 4.901869677514519}",{},dgp4,sr_pds,Mixed nonlinear,SR-PDS,0.5
317,False,0.47493736647434803,0.2870906332821316,-0.08776027475862991,1.037635007707326,sr_pds,sr_pds,"[('cubic', 0, 1)]","[('int', 3, 13), ('int', 13, 17), ('int', 13, 26), ('int', 13, 32), ('int', 13, 48)]","[('cubic', 0, 1)]","[('int', 13, 26), ('int', 13, 32), ('int', 13, 48)]","{('cubic', 0, 1): 5.3227154135904025}","{('int', 13, 26): 0.2750225390106921, ('int', 13, 32): 0.4066305938174566, ('int', 13, 48): -1.08278761461679}",dgp4,sr_pds,Mixed nonlinear,SR-PDS,0.5
318,False,0.4974939920108657,0.2806386597125549,-0.05255778102574188,1.0475457650474733,sr_pds,sr_pds,"[('cubic', 0, 1)]","[('int', 10, 28)]","[('cubic', 0, 1)]","[('int', 10, 28)]","{('cubic', 0, 1): 4.801375209178344}","{('int', 10, 28): -0.583028162527069}",dgp4,sr_pds,Mixed nonlinear,SR-PDS,0.5
319,False,1.144153151193171,0.29490934314943423,0.56613083862028,1.722175463766062,sr_pds,sr_pds,"[('cubic', 0, 1)]","[('int', 1, 17), ('int', 1, 31), ('int', 1, 41), ('int', 7, 36), ('int', 31, 36), ('int', 36, 41)]","[('cubic', 0, 1)]","[('int', 1, 17), ('int', 1, 31), ('int', 7, 36), ('int', 31, 36), ('int', 36, 41)]","{('cubic', 0, 1): 5.136038480674598}","{('int', 1, 17): 0.16566370855737078, ('int', 1, 31): 0.3070071214048107, ('int', 7, 36): 0.3651072389431258, ('int', 31, 36): 0.47432636663094907, ('int', 36, 41): 0.29029356968947695}",dgp4,sr_pds,Mixed nonlinear,SR-PDS,0.5
320,False,0.492570793586082,0.1488217923341579,0.20088008061113255,0.7842615065610314,sr_pds,sr_pds,"[('cubic', 0, 1), ('log', 2, None)]",[],"[('cubic', 0, 1), ('log', 2, None)]",[],"{('cubic', 0, 1): 4.728626961541975, ('log', 2, None): -4.959890591817024}",{},dgp4,sr_pds,Mixed nonlinear,SR-PDS,0.5
321,False,0.351166180670652,0.29484956155384856,-0.22673895997489124,0.9290713213161952,sr_pds,sr_pds,"[('log', 2, None)]","[('int', 12, 26), ('int', 12, 35)]","[('log', 2, None)]","[('int', 12, 26)]","{('log', 2, None): -5.622964716343386}","{('int', 12, 26): -0.42515965627892377}",dgp4,sr_pds,Mixed nonlinear,SR-PDS,0.5
322,False,0.7022473486864037,0.1482269547485251,0.4117225173792945,0.992772179993513,sr_pds,sr_pds,"[('cubic', 0, 1), ('log', 2, None)]",[],"[('cubic', 0, 1), ('log', 2, None)]",[],"{('cubic', 0, 1): 4.958482639103971, ('log', 2, None): -5.1137528562938455}",{},dgp4,sr_pds,Mixed nonlinear,SR-PDS,0.5
323,False,0.8967680768509659,0.3048548525149622,0.29925256592164007,1.4942835877802918,sr_pds,sr_pds,"[('cubic', 0, 1)]",[],"[('cubic', 0, 1)]",[],"{('cubic', 0, 1): 5.016094134861027}",{},dgp4,sr_pds,Mixed nonlinear,SR-PDS,0.5
324,False,0.5841082587919387,0.12315759698110929,0.3427193687089645,0.825497148874913,sr_pds,sr_pds,"[('cubic', 0, 1), ('log', 2, None)]",[],"[('cubic', 0, 1), ('log', 2, None)]",[],"{('cubic', 0, 1): 4.8313781698878735, ('log', 2, None): -5.154382518486851}",{},dgp4,sr_pds,Mixed nonlinear,SR-PDS,0.5
325,False,0.9743875064652864,0.2432942790792354,0.497530719469985,1.4512442934605878,sr_pds,sr_pds,"[('cubic', 0, 1)]",[],"[('cubic', 0, 1)]",[],"{('cubic', 0, 1): 5.233149198532942}",{},dgp4,sr_pds,Mixed nonlinear,SR-PDS,0.5
326,False,0.4463386067008348,0.2678691486001123,-0.07868492455538523,0.9713621379570548,sr_pds,sr_pds,"[('cubic', 0, 1)]",[],"[('cubic', 0, 1)]",[],"{('cubic', 0, 1): 5.043029631763416}",{},dgp4,sr_pds,Mixed nonlinear,SR-PDS,0.5
327,False,0.5082419600702791,0.30317782303043195,-0.08598657306936752,1.1024704932099256,sr_pds,sr_pds,"[('cubic', 0, 1)]","[('int', 7, 43), ('int', 30, 43)]","[('cubic', 0, 1)]","[('int', 7, 43), ('int', 30, 43)]","{('cubic', 0, 1): 5.059789831457035}","{('int', 7, 43): 0.33207650708453784, ('int', 30, 43): -0.330575908129978}",dgp4,sr_pds,Mixed nonlinear,SR-PDS,0.5
328,False,0.6805939293616838,0.28137284188085837,0.12910315927520144,1.2320846994481662,sr_pds,sr_pds,"[('cubic', 0, 1)]","[('int', 4, 30)]","[('cubic', 0, 1)]","[('int', 4, 30)]","{('cubic', 0, 1): 4.989811577775818}","{('int', 4, 30): -0.2717788763324651}",dgp4,sr_pds,Mixed nonlinear,SR-PDS,0.5
329,False,0.6193368774553433,0.2744877150567853,0.081340955944044,1.1573327989666424,sr_pds,sr_pds,"[('cubic', 0, 1)]",[],"[('cubic', 0, 1)]",[],"{('cubic', 0, 1): 4.841202995602451}",{},dgp4,sr_pds,Mixed nonlinear,SR-PDS,0.5
330,False,0.12128783917137796,0.27282166111381967,-0.41344261661170856,0.6560182949544645,sr_pds,sr_pds,"[('cubic', 0, 1)]",[],"[('cubic', 0, 1)]",[],"{('cubic', 0, 1): 5.0691745605013905}",{},dgp4,sr_pds,Mixed nonlinear,SR-PDS,0.5
331,False,0.47164802528684313,0.2971291656928367,-0.11072513947111684,1.054021190044803,sr_pds,sr_pds,"[('cubic', 0, 1)]","[('int', 9, 14), ('int', 14, 24), ('int', 14, 47)]","[('cubic', 0, 1)]","[('int', 9, 14), ('int', 14, 24)]","{('cubic', 0, 1): 5.195251036773703}","{('int', 9, 14): -0.5232792006217103, ('int', 14, 24): 0.30038003977904687}",dgp4,sr_pds,Mixed nonlinear,SR-PDS,0.5
332,False,0.7021298853817906,0.2092588463206808,0.2919825465932562,1.112277224170325,sr_pds,sr_pds,"[('cubic', 0, 1), ('sq', 2, None)]","[('int', 15, 36)]","[('cubic', 0, 1), ('sq', 2, None)]","[('int', 15, 36)]","{('cubic', 0, 1): 4.862699501270041, ('sq', 2, None): -2.2152245262670736}","{('int', 15, 36): -0.15868740904633438}",dgp4,sr_pds,Mixed nonlinear,SR-PDS,0.5
333,False,0.4000133171821183,0.23361476560384514,-0.05787162340141816,0.8578982577656548,sr_pds,sr_pds,"[('cubic', 0, 1)]","[('int', 2, 9)]","[('cubic', 0, 1)]","[('int', 2, 9)]","{('cubic', 0, 1): 5.240118539835018}","{('int', 2, 9): 0.036454198762692736}",dgp4,sr_pds,Mixed nonlinear,SR-PDS,0.5
334,False,-0.0439354333229304,0.30940778984753226,-0.6503747014240936,0.5625038347782328,sr_pds,sr_pds,"[('cubic', 0, 1)]","[('int', 10, 49), ('int', 21, 47), ('int', 27, 49), ('int', 47, 49)]","[('cubic', 0, 1)]","[('int', 10, 49), ('int', 21, 47), ('int', 47, 49)]","{('cubic', 0, 1): 5.070931922010658}","{('int', 10, 49): 0.41666337841219936, ('int', 21, 47): -0.14617029133708342, ('int', 47, 49): -0.7872797278416083}",dgp4,sr_pds,Mixed nonlinear,SR-PDS,0.5
335,False,0.44784270258521747,0.274816116773845,-0.09079688629151866,0.9864822914619535,sr_pds,sr_pds,"[('cubic', 0, 1)]","[('int', 17, 30)]","[('cubic', 0, 1)]",[],"{('cubic', 0, 1): 4.939088977187158}",{},dgp4,sr_pds,Mixed nonlinear,SR-PDS,0.5
336,False,0.7709571105652592,0.14426385697618674,0.4881999508919332,1.053714270238585,sr_pds,sr_pds,"[('cubic', 0, 1), ('log', 2, None)]",[],"[('cubic', 0, 1), ('log', 2, None)]",[],"{('cubic', 0, 1): 5.033149728545951, ('log', 2, None): -4.907102641010192}",{},dgp4,sr_pds,Mixed nonlinear,SR-PDS,0.5
337,False,0.11074948168186667,0.24436877071914945,-0.36821330892766624,0.5897122722913996,sr_pds,sr_pds,"[('cubic', 0, 1), ('int', 3, 4)]",[],"[('cubic', 0, 1), ('int', 3, 4)]",[],"{('cubic', 0, 1): 4.941220542413507, ('int', 3, 4): 3.101768252132789}",{},dgp4,sr_pds,Mixed nonlinear,SR-PDS,0.5
338,False,0.8699651453691948,0.28450848320455413,0.3123285182882687,1.4276017724501209,sr_pds,sr_pds,"[('cubic', 0, 1)]",[],"[('cubic', 0, 1)]",[],"{('cubic', 0, 1): 4.877315644485463}",{},dgp4,sr_pds,Mixed nonlinear,SR-PDS,0.5
339,False,0.7152757483769481,0.2521475092686152,0.22106663021046236,1.2094848665434337,sr_pds,sr_pds,"[('cubic', 0, 1)]","[('int', 13, 38)]","[('cubic', 0, 1)]","[('int', 13, 38)]","{('cubic', 0, 1): 5.039971987330476}","{('int', 13, 38): 0.4557164550936255}",dgp4,sr_pds,Mixed nonlinear,SR-PDS,0.5
340,False,0.6482491744330475,0.23726698325063492,0.1832058872618031,1.113292461604292,sr_pds,sr_pds,"[('cubic', 0, 1)]","[('int', 42, 45), ('int', 42, 47), ('int', 45, 49), ('int', 47, 49)]","[('cubic', 0, 1)]","[('int', 42, 45)]","{('cubic', 0, 1): 4.958872548669784}","{('int', 42, 45): 0.2017489823018527}",dgp4,sr_pds,Mixed nonlinear,SR-PDS,0.5
341,False,0.3620445481673194,0.1451611900054584,0.07752861575662096,0.6465604805780178,sr_pds,sr_pds,"[('cubic', 0, 1), ('log', 2, None)]","[('cubic', 26, 5), ('int', 26, 36)]","[('cubic', 0, 1), ('log', 2, None)]","[('cubic', 26, 5)]","{('cubic', 0, 1): 4.954937203379975, ('log', 2, None): -4.945463860453536}","{('cubic', 26, 5): -0.005482196434669368}",dgp4,sr_pds,Mixed nonlinear,SR-PDS,0.5
342,False,0.5046585937706987,0.2454216322130269,0.02363219463316596,0.9856849929082314,sr_pds,sr_pds,"[('cubic', 0, 1)]","[('int', 13, 40)]","[('cubic', 0, 1)]","[('int', 13, 40)]","{('cubic', 0, 1): 4.793889020263482}","{('int', 13, 40): -0.510757830316768}",dgp4,sr_pds,Mixed nonlinear,SR-PDS,0.5
343,False,0.16949811779709273,0.31916413683583306,-0.45606359040114003,0.7950598259953254,sr_pds,sr_pds,"[('cubic', 0, 1)]","[('int', 4, 12)]","[('cubic', 0, 1)]",[],"{('cubic', 0, 1): 5.376712521881744}",{},dgp4,sr_pds,Mixed nonlinear,SR-PDS,0.5
344,False,0.5932679318644929,0.27836590108957127,0.04767076572893325,1.1388650980000525,sr_pds,sr_pds,"[('cubic', 0, 1)]",[],"[('cubic', 0, 1)]",[],"{('cubic', 0, 1): 4.638050968898209}",{},dgp4,sr_pds,Mixed nonlinear,SR-PDS,0.5
345,False,0.3580893590444618,0.16168193331554984,0.041192769745984126,0.6749859483429395,sr_pds,sr_pds,"[('cubic', 0, 1), ('log', 2, None)]",[],"[('cubic', 0, 1), ('log', 2, None)]",[],"{('cubic', 0, 1): 4.782901827391204, ('log', 2, None): -4.9552375363493875}",{},dgp4,sr_pds,Mixed nonlinear,SR-PDS,0.5
346,False,0.008738827870073539,0.291131602090709,-0.5618791122277161,0.5793567679678632,sr_pds,sr_pds,"[('cubic', 0, 1)]",[],"[('cubic', 0, 1)]",[],"{('cubic', 0, 1): 4.5922871552664395}",{},dgp4,sr_pds,Mixed nonlinear,SR-PDS,0.5
347,False,0.6009027212662149,0.28679141114079404,0.038791555430258584,1.1630138871021711,sr_pds,sr_pds,"[('cubic', 0, 1)]","[('int', 1, 40)]","[('cubic', 0, 1)]","[('int', 1, 40)]","{('cubic', 0, 1): 5.336563644288918}","{('int', 1, 40): -0.11336466836738726}",dgp4,sr_pds,Mixed nonlinear,SR-PDS,0.5
348,False,0.3494526278830199,0.14063641593337245,0.07380525265360988,0.6251000031124299,sr_pds,sr_pds,"[('cubic', 0, 1), ('log', 2, None)]",[],"[('cubic', 0, 1), ('log', 2, None)]",[],"{('cubic', 0, 1): 4.930409077438702, ('log', 2, None): -4.886534728488739}",{},dgp4,sr_pds,Mixed nonlinear,SR-PDS,0.5
349,False,0.3866932778867447,0.2693730096914006,-0.14127782110840048,0.9146643768818898,sr_pds,sr_pds,"[('cubic', 0, 1)]","[('int', 8, 43)]","[('cubic', 0, 1)]",[],"{('cubic', 0, 1): 4.729968421672042}",{},dgp4,sr_pds,Mixed nonlinear,SR-PDS,0.5
350,False,0.6489053632350358,0.230180086381324,0.1977523939276407,1.100058332542431,sr_pds,sr_pds,"[('cubic', 0, 1), ('int', 3, 4)]",[],"[('cubic', 0, 1), ('int', 3, 4)]",[],"{('cubic', 0, 1): 4.9535639502808255, ('int', 3, 4): 3.0316385845510596}",{},dgp4,sr_pds,Mixed nonlinear,SR-PDS,0.5
351,False,0.6022464123306689,0.24912340802156546,0.11396453260840061,1.090528292052937,sr_pds,sr_pds,"[('cubic', 0, 1)]",[],"[('cubic', 0, 1)]",[],"{('cubic', 0, 1): 5.062480119239971}",{},dgp4,sr_pds,Mixed nonlinear,SR-PDS,0.5
352,False,0.58747283508034,0.28778700702423377,0.02341030131284183,1.151535368847838,sr_pds,sr_pds,"[('cubic', 0, 1)]",[],"[('cubic', 0, 1)]",[],"{('cubic', 0, 1): 4.925089604564488}",{},dgp4,sr_pds,Mixed nonlinear,SR-PDS,0.5
353,False,0.6296433265478343,0.14707404780911384,0.34137819284197113,0.9179084602536974,sr_pds,sr_pds,"[('cubic', 0, 1), ('log', 2, None)]",[],"[('cubic', 0, 1), ('log', 2, None)]",[],"{('cubic', 0, 1): 4.9945894788586696, ('log', 2, None): -4.713841676435763}",{},dgp4,sr_pds,Mixed nonlinear,SR-PDS,0.5
354,False,0.5066095843428061,0.14569476400065526,0.2210478469015218,0.7921713217840904,sr_pds,sr_pds,"[('cubic', 0, 1), ('log', 2, None)]",[],"[('cubic', 0, 1), ('log', 2, None)]",[],"{('cubic', 0, 1): 4.994485221583205, ('log', 2, None): -4.862134098071492}",{},dgp4,sr_pds,Mixed nonlinear,SR-PDS,0.5
355,False,0.4586459701649481,0.29477773622109776,-0.11911839282840353,1.0364103331582997,sr_pds,sr_pds,"[('cubic', 0, 1)]",[],"[('cubic', 0, 1)]",[],"{('cubic', 0, 1): 4.851233544710108}",{},dgp4,sr_pds,Mixed nonlinear,SR-PDS,0.5
356,False,0.46206976556734863,0.04459886424918727,0.3746559916389416,0.5494835394957557,sr_pds,sr_pds,"[('cubic', 0, 1), ('int', 3, 4), ('log', 2, None), ('sq', 0, None)]",[],"[('cubic', 0, 1), ('int', 3, 4), ('log', 2, None)]",[],"{('cubic', 0, 1): 4.9963757256426975, ('int', 3, 4): 3.0554976353332077, ('log', 2, None): -5.013159765017697}",{},dgp4,sr_pds,Mixed nonlinear,SR-PDS,0.5
357,False,0.49000012463356307,0.40685872069774115,-0.30744296793400955,1.2874432172011356,sr_pds,sr_pds,[],[],[],[],{},{},dgp4,sr_pds,Mixed nonlinear,SR-PDS,0.5
358,False,0.6129468609539129,0.16155527748248885,0.2962985170882348,0.929595204819591,sr_pds,sr_pds,"[('cubic', 0, 1), ('sqrt', 2, None)]","[('int', 13, 16)]","[('cubic', 0, 1), ('sqrt', 2, None)]",[],"{('cubic', 0, 1): 4.977095510996871, ('sqrt', 2, None): -14.23232810068422}",{},dgp4,sr_pds,Mixed nonlinear,SR-PDS,0.5
359,False,0.5255044174043068,0.13157798653688837,0.26761156379200557,0.7833972710166079,sr_pds,sr_pds,"[('cubic', 0, 1), ('log', 2, None)]","[('int', 37, 48)]","[('cubic', 0, 1), ('log', 2, None)]","[('int', 37, 48)]","{('cubic', 0, 1): 4.981591493431131, ('log', 2, None): -4.8444087503011986}","{('int', 37, 48): 0.16964088123069854}",dgp4,sr_pds,Mixed nonlinear,SR-PDS,0.5
360,False,0.21899658186972096,0.13596404557790806,-0.04749294746297886,0.4854861112024208,sr_pds,sr_pds,"[('cubic', 0, 1), ('log', 2, None)]","[('cubic', 24, 42), ('int', 23, 42), ('int', 24, 42)]","[('cubic', 0, 1), ('log', 2, None)]","[('cubic', 24, 42)]","{('cubic', 0, 1): 4.734676557232406, ('log', 2, None): -4.908748265538024}","{('cubic', 24, 42): -0.27446981535309123}",dgp4,sr_pds,Mixed nonlinear,SR-PDS,0.5
361,False,0.49688964097991567,0.15676121613831226,0.18963765734882365,0.8041416246110077,sr_pds,sr_pds,"[('cubic', 0, 1), ('log', 2, None)]",[],"[('cubic', 0, 1), ('log', 2, None)]",[],"{('cubic', 0, 1): 4.891654689008479, ('log', 2, None): -4.916120405716214}",{},dgp4,sr_pds,Mixed nonlinear,SR-PDS,0.5
362,False,0.5055103971648343,0.13484386755360503,0.2412164167597684,0.7698043775699002,sr_pds,sr_pds,"[('cubic', 0, 1), ('log', 2, None)]",[],"[('cubic', 0, 1), ('log', 2, None)]",[],"{('cubic', 0, 1): 5.0067171334549405, ('log', 2, None): -5.035238951914475}",{},dgp4,sr_pds,Mixed nonlinear,SR-PDS,0.5
363,False,0.2743939770835204,0.27827439964572875,-0.27102384622210796,0.8198118003891488,sr_pds,sr_pds,"[('cubic', 0, 1)]",[],"[('cubic', 0, 1)]",[],"{('cubic', 0, 1): 5.062199255837432}",{},dgp4,sr_pds,Mixed nonlinear,SR-PDS,0.5
364,False,0.7962536755471616,0.3182726851149914,0.17243921272177853,1.4200681383725446,sr_pds,sr_pds,"[('cubic', 0, 1)]","[('int', 1, 44), ('int', 41, 44)]","[('cubic', 0, 1)]","[('int', 1, 44)]","{('cubic', 0, 1): 4.989305868063689}","{('int', 1, 44): 0.17031176843720416}",dgp4,sr_pds,Mixed nonlinear,SR-PDS,0.5
365,False,0.5135246105619287,0.13810701334866668,0.24283486439854196,0.7842143567253154,sr_pds,sr_pds,"[('cubic', 0, 1), ('log', 2, None)]",[],"[('cubic', 0, 1), ('log', 2, None)]",[],"{('cubic', 0, 1): 4.817969638765652, ('log', 2, None): -4.989052493090677}",{},dgp4,sr_pds,Mixed nonlinear,SR-PDS,0.5
366,False,0.5230630228835964,0.317583445540505,-0.09940053037579333,1.145526576142986,sr_pds,sr_pds,"[('cubic', 0, 1)]",[],"[('cubic', 0, 1)]",[],"{('cubic', 0, 1): 5.111380762075612}",{},dgp4,sr_pds,Mixed nonlinear,SR-PDS,0.5
367,False,0.6195536323997036,0.3274633850140285,-0.022274602227792206,1.2613818670271995,sr_pds,sr_pds,"[('cubic', 0, 1)]",[],"[('cubic', 0, 1)]",[],"{('cubic', 0, 1): 5.127845465055716}",{},dgp4,sr_pds,Mixed nonlinear,SR-PDS,0.5
368,False,0.6465752183793122,0.2781312461357944,0.10143797595315529,1.1917124608054692,sr_pds,sr_pds,"[('cubic', 0, 1)]","[('int', 4, 15), ('int', 4, 42), ('int', 12, 15), ('int', 12, 42)]","[('cubic', 0, 1)]","[('int', 4, 15), ('int', 4, 42), ('int', 12, 15), ('int', 12, 42)]","{('cubic', 0, 1): 5.101060363212802}","{('int', 4, 15): 0.1678836847744542, ('int', 4, 42): -0.6412303480154037, ('int', 12, 15): 0.31546700551223045, ('int', 12, 42): 0.32303356382215354}",dgp4,sr_pds,Mixed nonlinear,SR-PDS,0.5
369,False,0.6044556046726751,0.043458675072625026,0.5192766015303301,0.6896346078150202,sr_pds,sr_pds,"[('cubic', 0, 1), ('int', 3, 4), ('log', 2, None)]",[],"[('cubic', 0, 1), ('int', 3, 4), ('log', 2, None)]",[],"{('cubic', 0, 1): 5.006975462741864, ('int', 3, 4): 2.9825066075322852, ('log', 2, None): -4.967261051199615}",{},dgp4,sr_pds,Mixed nonlinear,SR-PDS,0.5
370,False,0.6392071484934783,0.12507720493911484,0.39405582681281315,0.8843584701741434,sr_pds,sr_pds,"[('cubic', 0, 1), ('log', 2, None)]","[('int', 0, 24), ('int', 0, 35)]","[('cubic', 0, 1), ('log', 2, None)]","[('int', 0, 24), ('int', 0, 35)]","{('cubic', 0, 1): 4.9013131513284485, ('log', 2, None): -5.305748222279893}","{('int', 0, 24): 0.13144461416983785, ('int', 0, 35): -0.2529597560220537}",dgp4,sr_pds,Mixed nonlinear,SR-PDS,0.5
371,False,0.2058213184484943,0.278696430105714,-0.3404236845587051,0.7520663214556936,sr_pds,sr_pds,"[('cubic', 0, 1)]",[],"[('cubic', 0, 1)]",[],"{('cubic', 0, 1): 4.855296466168438}",{},dgp4,sr_pds,Mixed nonlinear,SR-PDS,0.5
372,False,0.6566591092092227,0.13533097933195554,0.3914103897185898,0.9219078286998554,sr_pds,sr_pds,"[('cubic', 0, 1), ('int', 0, 1), ('log', 2, None), ('sq', 2, None)]",[],"[('cubic', 0, 1), ('log', 2, None), ('sq', 2, None)]",[],"{('cubic', 0, 1): 4.960502396496138, ('log', 2, None): -4.987927402816756, ('sq', 2, None): -0.05767169557797678}",{},dgp4,sr_pds,Mixed nonlinear,SR-PDS,0.5
373,False,0.4345362897047638,0.16938828451734206,0.1025352520507734,0.7665373273587542,sr_pds,sr_pds,"[('cubic', 0, 1), ('log', 2, None)]","[('int', 25, 28), ('int', 25, 35)]","[('cubic', 0, 1), ('log', 2, None)]",[],"{('cubic', 0, 1): 5.066453858208277, ('log', 2, None): -5.064454330316114}",{},dgp4,sr_pds,Mixed nonlinear,SR-PDS,0.5
374,False,0.4562855736201964,0.2783209281130974,-0.08922344548147443,1.0017945927218672,sr_pds,sr_pds,"[('cubic', 0, 1)]","[('int', 36, 43), ('int', 40, 43)]","[('cubic', 0, 1)]","[('int', 40, 43)]","{('cubic', 0, 1): 5.040917625759875}","{('int', 40, 43): -0.8016385829525705}",dgp4,sr_pds,Mixed nonlinear,SR-PDS,0.5
375,False,0.5361530040851695,0.3190312989422301,-0.08914834184160148,1.1614543500119405,sr_pds,sr_pds,"[('cubic', 0, 1)]","[('cubic', 29, 20), ('cubic', 29, 39)]","[('cubic', 0, 1)]","[('cubic', 29, 20)]","{('cubic', 0, 1): 4.946748405733528}","{('cubic', 29, 20): 0.045376646153101885}",dgp4,sr_pds,Mixed nonlinear,SR-PDS,0.5
376,False,0.40843212536850093,0.27376664587435223,-0.12815050054522947,0.9450147512822313,sr_pds,sr_pds,"[('cubic', 0, 1)]",[],"[('cubic', 0, 1)]",[],"{('cubic', 0, 1): 4.751646905417858}",{},dgp4,sr_pds,Mixed nonlinear,SR-PDS,0.5
377,False,0.579682751569695,0.2620772539261786,0.06601133387438496,1.0933541692650048,sr_pds,sr_pds,"[('cubic', 0, 1)]","[('int', 46, 48)]","[('cubic', 0, 1)]","[('int', 46, 48)]","{('cubic', 0, 1): 5.078710776458745}","{('int', 46, 48): -0.18682264314848349}",dgp4,sr_pds,Mixed nonlinear,SR-PDS,0.5
378,False,-0.10610204754657558,0.2697157371490631,-0.6347448923587393,0.42254079726558813,sr_pds,sr_pds,"[('cubic', 0, 1)]",[],"[('cubic', 0, 1)]",[],"{('cubic', 0, 1): 5.2807354493539105}",{},dgp4,sr_pds,Mixed nonlinear,SR-PDS,0.5
379,False,0.031149269800991294,0.2819693656605397,-0.5215106868936665,0.5838092264956491,sr_pds,sr_pds,"[('cubic', 0, 1)]","[('int', 20, 23), ('sq', 20, None)]","[('cubic', 0, 1)]","[('int', 20, 23), ('sq', 20, None)]","{('cubic', 0, 1): 5.051333266885436}","{('int', 20, 23): -0.4083602916553429, ('sq', 20, None): 0.11537588806009005}",dgp4,sr_pds,Mixed nonlinear,SR-PDS,0.5
380,False,0.6280209219575678,0.15310647360553145,0.3279322336907261,0.9281096102244094,sr_pds,sr_pds,"[('cubic', 0, 1), ('log', 2, None)]",[],"[('cubic', 0, 1), ('log', 2, None)]",[],"{('cubic', 0, 1): 4.950983151322343, ('log', 2, None): -4.921124890501713}",{},dgp4,sr_pds,Mixed nonlinear,SR-PDS,0.5
381,False,0.5835064183998667,0.1434741549890788,0.30229707462127225,0.8647157621784611,sr_pds,sr_pds,"[('cubic', 0, 1), ('log', 2, None)]",[],"[('cubic', 0, 1), ('log', 2, None)]",[],"{('cubic', 0, 1): 4.8600216056499255, ('log', 2, None): -4.866435530622508}",{},dgp4,sr_pds,Mixed nonlinear,SR-PDS,0.5
382,False,0.5379183820581981,0.13857495138701495,0.26631147733964877,0.8095252867767474,sr_pds,sr_pds,"[('cubic', 0, 1), ('log', 2, None)]",[],"[('cubic', 0, 1), ('log', 2, None)]",[],"{('cubic', 0, 1): 5.037171335609322, ('log', 2, None): -4.874657687349722}",{},dgp4,sr_pds,Mixed nonlinear,SR-PDS,0.5
383,False,0.13718403459169906,0.31072923872936964,-0.4718452733178654,0.7462133425012635,sr_pds,sr_pds,"[('cubic', 0, 1)]","[('int', 0, 23), ('int', 23, 24), ('int', 23, 26), ('int', 23, 33), ('sq', 23, None)]","[('cubic', 0, 1)]","[('int', 0, 23), ('int', 23, 24), ('int', 23, 33)]","{('cubic', 0, 1): 4.81236749401751}","{('int', 0, 23): 0.6736728430742837, ('int', 23, 24): -0.18786592945206793, ('int', 23, 33): 0.2514829289028721}",dgp4,sr_pds,Mixed nonlinear,SR-PDS,0.5
384,False,0.2489987893639113,0.14414613850375857,-0.03352764210345549,0.5315252208312781,sr_pds,sr_pds,"[('cubic', 0, 1), ('log', 2, None)]","[('int', 13, 24), ('int', 13, 27), ('int', 24, 31), ('int', 27, 31)]","[('cubic', 0, 1), ('log', 2, None)]","[('int', 13, 24), ('int', 13, 27)]","{('cubic', 0, 1): 5.044807038396701, ('log', 2, None): -4.9865585626272635}","{('int', 13, 24): 0.17504055742107993, ('int', 13, 27): 0.2687364402795668}",dgp4,sr_pds,Mixed nonlinear,SR-PDS,0.5
385,False,0.3039054029567892,0.16097543008772766,-0.011606440015157038,0.6194172459287355,sr_pds,sr_pds,"[('cubic', 0, 1), ('log', 2, None)]","[('int', 8, 18), ('sq', 8, None)]","[('cubic', 0, 1), ('log', 2, None)]","[('int', 8, 18), ('sq', 8, None)]","{('cubic', 0, 1): 4.975975176699493, ('log', 2, None): -5.060369916951896}","{('int', 8, 18): -0.24750080302589383, ('sq', 8, None): 0.03794171739525876}",dgp4,sr_pds,Mixed nonlinear,SR-PDS,0.5
386,False,0.2766251792184237,0.14029257128935196,0.0016517394912938799,0.5515986189455535,sr_pds,sr_pds,"[('cubic', 0, 1), ('log', 2, None)]",[],"[('cubic', 0, 1), ('log', 2, None)]",[],"{('cubic', 0, 1): 4.835058683578291, ('log', 2, None): -4.86733083451372}",{},dgp4,sr_pds,Mixed nonlinear,SR-PDS,0.5
387,False,0.7331757389542773,0.29273265116665975,0.15941974266762426,1.3069317352409304,sr_pds,sr_pds,"[('cubic', 0, 1)]","[('int', 9, 42), ('int', 22, 42)]","[('cubic', 0, 1)]","[('int', 22, 42)]","{('cubic', 0, 1): 4.878942616724523}","{('int', 22, 42): 0.7605495449862855}",dgp4,sr_pds,Mixed nonlinear,SR-PDS,0.5
388,False,0.3776431834884125,0.11143359088482072,0.15923334535416392,0.5960530216226612,sr_pds,sr_pds,"[('cubic', 0, 1), ('int', 2, 43), ('log', 2, None)]","[('int', 13, 42)]","[('cubic', 0, 1), ('int', 2, 43), ('log', 2, None)]",[],"{('cubic', 0, 1): 4.844875393397473, ('int', 2, 43): -0.27978066265621226, ('log', 2, None): -5.051796248797438}",{},dgp4,sr_pds,Mixed nonlinear,SR-PDS,0.5
389,False,0.36883097321206426,0.11307257480813598,0.14720872658811773,0.5904532198360108,sr_pds,sr_pds,"[('cubic', 0, 1), ('log', 2, None)]","[('int', 3, 37)]","[('cubic', 0, 1), ('log', 2, None)]",[],"{('cubic', 0, 1): 5.032896533572784, ('log', 2, None): -5.092600274791024}",{},dgp4,sr_pds,Mixed nonlinear,SR-PDS,0.5
390,False,0.21173642471299656,0.16132789494364058,-0.10446624937653895,0.5279390988025321,sr_pds,sr_pds,"[('cubic', 0, 1), ('log', 2, None)]","[('int', 2, 18), ('int', 18, 38)]","[('cubic', 0, 1), ('log', 2, None)]",[],"{('cubic', 0, 1): 5.119308480707444, ('log', 2, None): -5.122821491274602}",{},dgp4,sr_pds,Mixed nonlinear,SR-PDS,0.5
391,False,0.19902068303497975,0.29477941424494203,-0.3787469688851066,0.7767883349550662,sr_pds,sr_pds,"[('cubic', 0, 1)]","[('int', 6, 19), ('int', 6, 29), ('int', 14, 19), ('int', 14, 29), ('int', 16, 19), ('int', 16, 29), ('int', 19, 31), ('int', 29, 31)]","[('cubic', 0, 1)]","[('int', 6, 19), ('int', 6, 29), ('int', 14, 29), ('int', 16, 19), ('int', 16, 29), ('int', 29, 31)]","{('cubic', 0, 1): 5.2154755645694415}","{('int', 6, 19): -0.2650109638371118, ('int', 6, 29): 0.5117893060906799, ('int', 14, 29): 0.5682834459302114, ('int', 16, 19): -0.2898285884269683, ('int', 16, 29): -0.24536376603791235, ('int', 29, 31): 0.7403966291845725}",dgp4,sr_pds,Mixed nonlinear,SR-PDS,0.5
392,False,0.3835488273895523,0.2666950650895919,-0.1391735001860478,0.9062711549651524,sr_pds,sr_pds,"[('cubic', 0, 1), ('int', 3, 4)]",[],"[('cubic', 0, 1), ('int', 3, 4)]",[],"{('cubic', 0, 1): 5.227127051471444, ('int', 3, 4): 2.5779220029766474}",{},dgp4,sr_pds,Mixed nonlinear,SR-PDS,0.5
393,False,0.28143548622722675,0.289557532991665,-0.28609727843643656,0.84896825089089,sr_pds,sr_pds,"[('cubic', 0, 1)]","[('int', 14, 32)]","[('cubic', 0, 1)]",[],"{('cubic', 0, 1): 4.997670107943733}",{},dgp4,sr_pds,Mixed nonlinear,SR-PDS,0.5
394,False,0.5097450565259067,0.15194345682909832,0.21193588114087403,0.8075542319109394,sr_pds,sr_pds,"[('cubic', 0, 1), ('log', 2, None)]",[],"[('cubic', 0, 1), ('log', 2, None)]",[],"{('cubic', 0, 1): 4.935719002867534, ('log', 2, None): -4.979185211605257}",{},dgp4,sr_pds,Mixed nonlinear,SR-PDS,0.5
395,False,0.7060447445235558,0.13186996761089742,0.4475796080061969,0.9645098810409147,sr_pds,sr_pds,"[('cubic', 0, 1), ('log', 2, None)]",[],"[('cubic', 0, 1), ('log', 2, None)]",[],"{('cubic', 0, 1): 4.965641548721627, ('log', 2, None): -4.956495918890072}",{},dgp4,sr_pds,Mixed nonlinear,SR-PDS,0.5
396,False,0.7376252622707772,0.147285784773371,0.44894512411497,1.0263054004265844,sr_pds,sr_pds,"[('cubic', 0, 1), ('int', 0, 1), ('log', 2, None)]","[('int', 29, 42)]","[('cubic', 0, 1), ('int', 0, 1), ('log', 2, None)]",[],"{('cubic', 0, 1): 4.913381223927364, ('int', 0, 1): 0.23781001449662703, ('log', 2, None): -4.935716499045141}",{},dgp4,sr_pds,Mixed nonlinear,SR-PDS,0.5
397,False,0.5093637525788494,0.25291253345647996,0.013655187004148639,1.0050723181535501,sr_pds,sr_pds,"[('cubic', 0, 1), ('int', 3, 4)]","[('int', 3, 14)]","[('cubic', 0, 1), ('int', 3, 4)]","[('int', 3, 14)]","{('cubic', 0, 1): 5.016339485731262, ('int', 3, 4): 3.2425211903096858}","{('int', 3, 14): 0.36263118625869245}",dgp4,sr_pds,Mixed nonlinear,SR-PDS,0.5
398,False,0.6223035709027616,0.248925904399477,0.13440879827978663,1.1101983435257365,sr_pds,sr_pds,"[('cubic', 0, 1)]","[('int', 4, 26), ('int', 4, 46), ('int', 25, 26), ('int', 25, 46)]","[('cubic', 0, 1)]","[('int', 4, 46)]","{('cubic', 0, 1): 4.843224890890611}","{('int', 4, 46): -0.48949547161679563}",dgp4,sr_pds,Mixed nonlinear,SR-PDS,0.5
399,False,-0.0212072655509188,0.27464126455170296,-0.5595041440722566,0.517089612970419,sr_pds,sr_pds,"[('cubic', 0, 1)]","[('cubic', 38, 20), ('cubic', 38, 37), ('int', 7, 38), ('int', 7, 49), ('int', 23, 38), ('int', 23, 49), ('int', 38, 49), ('sq', 38, None)]","[('cubic', 0, 1)]","[('cubic', 38, 20), ('cubic', 38, 37), ('int', 7, 38), ('int', 7, 49), ('int', 23, 38), ('int', 38, 49), ('sq', 38, None)]","{('cubic', 0, 1): 4.969284449128614}","{('cubic', 38, 20): -0.265824166391197, ('cubic', 38, 37): -0.12641753426236035, ('int', 7, 38): 0.402940509134783, ('int', 7, 49): -0.4812089239669766, ('int', 23, 38): 0.36493333568120045, ('int', 38, 49): -0.2001884949482621, ('sq', 38, None): -0.16894017981633283}",dgp4,sr_pds,Mixed nonlinear,SR-PDS,0.5
400,False,0.8526193811937071,0.24142816434783046,0.37942017907195935,1.3258185833154548,sr_pds,sr_pds,"[('cubic', 0, 1)]","[('int', 18, 46)]","[('cubic', 0, 1)]",[],"{('cubic', 0, 1): 4.892917177931059}",{},dgp4,sr_pds,Mixed nonlinear,SR-PDS,0.5
401,False,0.4094591676437922,0.2458066247610434,-0.07232181688785283,0.8912401521754372,sr_pds,sr_pds,"[('cubic', 0, 1)]","[('int', 0, 40), ('int', 7, 40)]","[('cubic', 0, 1)]","[('int', 7, 40)]","{('cubic', 0, 1): 5.122893864982771}","{('int', 7, 40): 0.33779160801238955}",dgp4,sr_pds,Mixed nonlinear,SR-PDS,0.5
402,False,0.46304363584170516,0.1293146212878891,0.20958697811744254,0.7165002935659678,sr_pds,sr_pds,"[('cubic', 0, 1), ('log', 2, None)]","[('int', 15, 45), ('int', 36, 45)]","[('cubic', 0, 1), ('log', 2, None)]",[],"{('cubic', 0, 1): 4.97811309644977, ('log', 2, None): -4.894686896877132}",{},dgp4,sr_pds,Mixed nonlinear,SR-PDS,0.5
403,False,0.6686592758330951,0.12445538516088109,0.4247267209177682,0.9125918307484221,sr_pds,sr_pds,"[('cubic', 0, 1), ('int', 0, 1), ('log', 2, None)]","[('int', 17, 32), ('int', 32, 41)]","[('cubic', 0, 1), ('log', 2, None)]","[('int', 32, 41)]","{('cubic', 0, 1): 5.03977731909172, ('log', 2, None): -5.077401829445709}","{('int', 32, 41): -0.09626819109253865}",dgp4,sr_pds,Mixed nonlinear,SR-PDS,0.5
404,False,0.5156089610663368,0.26364040279323153,-0.0011262284083970453,1.0323441505410706,sr_pds,sr_pds,"[('log', 2, None)]",[],"[('log', 2, None)]",[],"{('log', 2, None): -4.921465644805817}",{},dgp4,sr_pds,Mixed nonlinear,SR-PDS,0.5
405,False,0.8605964883662884,0.28554875670829827,0.3009209252180238,1.420272051514553,sr_pds,sr_pds,"[('cubic', 0, 1)]",[],"[('cubic', 0, 1)]",[],"{('cubic', 0, 1): 5.231519203582595}",{},dgp4,sr_pds,Mixed nonlinear,SR-PDS,0.5
406,False,0.5629819330469039,0.2740421681058203,0.02585928355949607,1.1001045825343119,sr_pds,sr_pds,"[('cubic', 0, 1)]","[('int', 30, 42), ('int', 42, 43)]","[('cubic', 0, 1)]","[('int', 30, 42), ('int', 42, 43)]","{('cubic', 0, 1): 4.763793496878369}","{('int', 30, 42): 0.42754387916198483, ('int', 42, 43): 0.14150399048763135}",dgp4,sr_pds,Mixed nonlinear,SR-PDS,0.5
407,False,0.08851182111755507,0.14273397184970527,-0.19124676370786725,0.3682704059429774,sr_pds,sr_pds,"[('cubic', 0, 1), ('log', 2, None)]",[],"[('cubic', 0, 1), ('log', 2, None)]",[],"{('cubic', 0, 1): 5.2460886396949435, ('log', 2, None): -5.085027366770598}",{},dgp4,sr_pds,Mixed nonlinear,SR-PDS,0.5
408,False,0.42584564646505185,0.13979926676373933,0.15183908360812276,0.699852209321981,sr_pds,sr_pds,"[('cubic', 0, 1), ('log', 2, None)]","[('int', 26, 28), ('int', 26, 36), ('int', 26, 40), ('int', 26, 46)]","[('cubic', 0, 1), ('log', 2, None)]",[],"{('cubic', 0, 1): 5.040906349479692, ('log', 2, None): -4.816944572147883}",{},dgp4,sr_pds,Mixed nonlinear,SR-PDS,0.5
409,False,0.5858646557247085,0.3062283518697065,-0.014342913939916269,1.1860722253893332,sr_pds,sr_pds,"[('cubic', 0, 1)]","[('int', 8, 38), ('int', 8, 48), ('int', 10, 38), ('int', 10, 48), ('int', 20, 38), ('int', 23, 38), ('int', 34, 38), ('int', 34, 48)]","[('cubic', 0, 1)]","[('int', 8, 38), ('int', 8, 48), ('int', 10, 38), ('int', 23, 38), ('int', 34, 48)]","{('cubic', 0, 1): 5.445347569421723}","{('int', 8, 38): -0.1829011056760041, ('int', 8, 48): 0.28402973203470633, ('int', 10, 38): 0.23390848066790124, ('int', 23, 38): 0.7644142343967957, ('int', 34, 48): 0.272761951220323}",dgp4,sr_pds,Mixed nonlinear,SR-PDS,0.5
410,False,0.4737960244908611,0.12755649496825044,0.22378529435309025,0.723806754628632,sr_pds,sr_pds,"[('cubic', 0, 1), ('log', 2, None)]","[('int', 18, 23), ('int', 19, 23), ('int', 21, 23), ('int', 23, 32)]","[('cubic', 0, 1), ('log', 2, None)]","[('int', 23, 32)]","{('cubic', 0, 1): 4.950211608762369, ('log', 2, None): -4.862466568613009}","{('int', 23, 32): -0.21312199578110277}",dgp4,sr_pds,Mixed nonlinear,SR-PDS,0.5
411,False,0.3556234591543598,0.258132208245586,-0.15031566900698878,0.8615625873157083,sr_pds,sr_pds,"[('cubic', 0, 1)]","[('cubic', 49, 2), ('int', 1, 2), ('int', 2, 5), ('int', 2, 28)]","[('cubic', 0, 1)]","[('cubic', 49, 2), ('int', 2, 5)]","{('cubic', 0, 1): 5.141174295129794}","{('cubic', 49, 2): 0.16621185558906254, ('int', 2, 5): -0.3363652976050187}",dgp4,sr_pds,Mixed nonlinear,SR-PDS,0.5
412,False,0.33902773167834316,0.27413857424625787,-0.19828387384432228,0.8763393372010087,sr_pds,sr_pds,"[('cubic', 0, 1)]","[('int', 10, 28)]","[('cubic', 0, 1)]","[('int', 10, 28)]","{('cubic', 0, 1): 4.797570185369154}","{('int', 10, 28): -0.2694850977102684}",dgp4,sr_pds,Mixed nonlinear,SR-PDS,0.5
413,False,0.3296772976336442,0.28933094704841267,-0.23741135858124462,0.896765953848533,sr_pds,sr_pds,"[('cubic', 0, 1)]",[],"[('cubic', 0, 1)]",[],"{('cubic', 0, 1): 4.833652466497559}",{},dgp4,sr_pds,Mixed nonlinear,SR-PDS,0.5
414,False,0.20437969304912787,0.2863866479443604,-0.3569381369218185,0.7656975230200742,sr_pds,sr_pds,"[('cubic', 0, 1)]","[('int', 8, 19), ('int', 19, 36), ('int', 19, 49)]","[('cubic', 0, 1)]","[('int', 8, 19), ('int', 19, 49)]","{('cubic', 0, 1): 5.025332906231283}","{('int', 8, 19): -0.20097027740889983, ('int', 19, 49): 0.28453573321605485}",dgp4,sr_pds,Mixed nonlinear,SR-PDS,0.5
415,False,0.481160206708036,0.13689248660050546,0.2128509329710453,0.7494694804450267,sr_pds,sr_pds,"[('cubic', 0, 1), ('log', 2, None)]","[('int', 16, 27)]","[('cubic', 0, 1), ('log', 2, None)]","[('int', 16, 27)]","{('cubic', 0, 1): 5.098736512023029, ('log', 2, None): -5.089687406250266}","{('int', 16, 27): 0.00022625722480950117}",dgp4,sr_pds,Mixed nonlinear,SR-PDS,0.5
416,False,0.2966073578565179,0.14341406387158484,0.01551579266821157,0.5776989230448242,sr_pds,sr_pds,"[('cubic', 0, 1), ('log', 2, None)]","[('int', 14, 43)]","[('cubic', 0, 1), ('log', 2, None)]",[],"{('cubic', 0, 1): 4.8888322239091035, ('log', 2, None): -5.0440758034321975}",{},dgp4,sr_pds,Mixed nonlinear,SR-PDS,0.5
417,False,0.26210286711362907,0.169904497548138,-0.07090994808072137,0.5951156823079795,sr_pds,sr_pds,"[('cubic', 0, 1), ('sqrt', 2, None)]","[('int', 1, 30)]","[('cubic', 0, 1), ('sqrt', 2, None)]","[('int', 1, 30)]","{('cubic', 0, 1): 4.979966064402096, ('sqrt', 2, None): -14.601320380668518}","{('int', 1, 30): -0.34671130865888494}",dgp4,sr_pds,Mixed nonlinear,SR-PDS,0.5
418,False,0.5943190602780969,0.27729945474971834,0.05081212896864895,1.1378259915875448,sr_pds,sr_pds,"[('cubic', 0, 1)]",[],"[('cubic', 0, 1)]",[],"{('cubic', 0, 1): 5.510130183245774}",{},dgp4,sr_pds,Mixed nonlinear,SR-PDS,0.5
419,False,0.2613456154269207,0.2901414401461245,-0.3073316072594833,0.8300228381133247,sr_pds,sr_pds,"[('cubic', 0, 1)]",[],"[('cubic', 0, 1)]",[],"{('cubic', 0, 1): 4.836646403575146}",{},dgp4,sr_pds,Mixed nonlinear,SR-PDS,0.5
420,False,0.5417502819416987,0.1322876463819885,0.28246649503300125,0.8010340688503962,sr_pds,sr_pds,"[('cubic', 0, 1), ('log', 2, None)]",[],"[('cubic', 0, 1), ('log', 2, None)]",[],"{('cubic', 0, 1): 5.0533446440045235, ('log', 2, None): -4.866800263202506}",{},dgp4,sr_pds,Mixed nonlinear,SR-PDS,0.5
421,False,0.07519494524966339,0.22930751955371173,-0.3742477930756116,0.5246376835749383,sr_pds,sr_pds,"[('cubic', 0, 1), ('sq', 2, None)]",[],"[('cubic', 0, 1), ('sq', 2, None)]",[],"{('cubic', 0, 1): 5.0146850855795995, ('sq', 2, None): -2.782404611649973}",{},dgp4,sr_pds,Mixed nonlinear,SR-PDS,0.5
422,False,0.36361057827119436,0.31999388156238046,-0.26357742959107133,0.9907985861334601,sr_pds,sr_pds,"[('log', 2, None)]",[],"[('log', 2, None)]",[],"{('log', 2, None): -5.739655067776707}",{},dgp4,sr_pds,Mixed nonlinear,SR-PDS,0.5
423,False,0.41606176978398046,0.12236503091140034,0.1762263091976358,0.6558972303703251,sr_pds,sr_pds,"[('cubic', 0, 1), ('log', 2, None)]","[('int', 1, 32), ('int', 2, 32), ('int', 31, 32)]","[('cubic', 0, 1), ('log', 2, None)]","[('int', 2, 32)]","{('cubic', 0, 1): 4.9087065925728925, ('log', 2, None): -5.171063609963436}","{('int', 2, 32): -0.22280562015596608}",dgp4,sr_pds,Mixed nonlinear,SR-PDS,0.5
424,False,0.38126546135746286,0.15390688974900624,0.07960795744941063,0.6829229652655151,sr_pds,sr_pds,"[('cubic', 0, 1), ('log', 2, None)]","[('int', 3, 10), ('int', 3, 36)]","[('cubic', 0, 1), ('log', 2, None)]","[('int', 3, 10), ('int', 3, 36)]","{('cubic', 0, 1): 4.903764988223358, ('log', 2, None): -5.082992827848368}","{('int', 3, 10): 0.11488677720394061, ('int', 3, 36): 0.2414353962482674}",dgp4,sr_pds,Mixed nonlinear,SR-PDS,0.5
425,False,0.7401624688922376,0.2789820709961969,0.19335760973969174,1.2869673280447835,sr_pds,sr_pds,"[('cubic', 0, 1)]","[('int', 29, 47)]","[('cubic', 0, 1)]","[('int', 29, 47)]","{('cubic', 0, 1): 4.956167550322736}","{('int', 29, 47): 0.2880096535260836}",dgp4,sr_pds,Mixed nonlinear,SR-PDS,0.5
426,False,0.6083371516108343,0.14956251647658877,0.3151946193167204,0.9014796839049484,sr_pds,sr_pds,"[('cubic', 0, 1), ('log', 2, None)]",[],"[('cubic', 0, 1), ('log', 2, None)]",[],"{('cubic', 0, 1): 4.8745252560181145, ('log', 2, None): -4.92089387306279}",{},dgp4,sr_pds,Mixed nonlinear,SR-PDS,0.5
427,False,0.2745945191593012,0.13114662263689494,0.017547138790987127,0.5316418995276153,sr_pds,sr_pds,"[('cubic', 0, 1), ('log', 2, None)]",[],"[('cubic', 0, 1), ('log', 2, None)]",[],"{('cubic', 0, 1): 4.923420570593947, ('log', 2, None): -4.6976306120039455}",{},dgp4,sr_pds,Mixed nonlinear,SR-PDS,0.5
428,False,0.11136622008590762,0.2696516301228365,-0.4171509749548519,0.6398834151266671,sr_pds,sr_pds,"[('cubic', 0, 1)]","[('int', 6, 37), ('int', 20, 37)]","[('cubic', 0, 1)]","[('int', 6, 37)]","{('cubic', 0, 1): 5.073820139658082}","{('int', 6, 37): -0.5725769801688206}",dgp4,sr_pds,Mixed nonlinear,SR-PDS,0.5
429,False,0.688119216229337,0.28623722650560485,0.12709425227835158,1.2491441801803225,sr_pds,sr_pds,"[('cubic', 0, 1)]","[('int', 7, 21)]","[('cubic', 0, 1)]","[('int', 7, 21)]","{('cubic', 0, 1): 5.0314866900118815}","{('int', 7, 21): 0.10676626775368807}",dgp4,sr_pds,Mixed nonlinear,SR-PDS,0.5
430,False,0.6290538526791015,0.27648300599180226,0.08714716093516917,1.1709605444230338,sr_pds,sr_pds,"[('cubic', 0, 1)]",[],"[('cubic', 0, 1)]",[],"{('cubic', 0, 1): 5.282496621363675}",{},dgp4,sr_pds,Mixed nonlinear,SR-PDS,0.5
431,False,0.337025613482073,0.2862562352009118,-0.22403660751171411,0.89808783447586,sr_pds,sr_pds,"[('cubic', 0, 1)]","[('int', 1, 30), ('int', 13, 30), ('int', 28, 30), ('int', 30, 32)]","[('cubic', 0, 1)]","[('int', 1, 30), ('int', 13, 30), ('int', 28, 30)]","{('cubic', 0, 1): 4.8082668099396}","{('int', 1, 30): -0.4154525012270805, ('int', 13, 30): 0.40543895475642205, ('int', 28, 30): -0.21735467663103267}",dgp4,sr_pds,Mixed nonlinear,SR-PDS,0.5
432,False,0.29874427010491766,0.32181316047043274,-0.3320095244171305,0.9294980646269658,sr_pds,sr_pds,"[('cubic', 0, 1)]",[],"[('cubic', 0, 1)]",[],"{('cubic', 0, 1): 4.867902780719596}",{},dgp4,sr_pds,Mixed nonlinear,SR-PDS,0.5
433,False,0.8440678538043512,0.2939212404349775,0.26798222255179527,1.420153485056907,sr_pds,sr_pds,"[('cubic', 0, 1)]","[('int', 25, 38)]","[('cubic', 0, 1)]",[],"{('cubic', 0, 1): 4.929420667566466}",{},dgp4,sr_pds,Mixed nonlinear,SR-PDS,0.5
434,False,0.4950013458753003,0.3125047160802757,-0.11750789764204006,1.1075105893926407,sr_pds,sr_pds,"[('sqrt', 2, None)]","[('int', 22, 26)]","[('sqrt', 2, None)]","[('int', 22, 26)]","{('sqrt', 2, None): -16.811421490635844}","{('int', 22, 26): 0.51398712401149}",dgp4,sr_pds,Mixed nonlinear,SR-PDS,0.5
435,False,0.5618410996267178,0.3325382797253153,-0.08993392863490013,1.2136161278883357,sr_pds,sr_pds,"[('log', 2, None)]",[],"[('log', 2, None)]",[],"{('log', 2, None): -4.974567788378367}",{},dgp4,sr_pds,Mixed nonlinear,SR-PDS,0.5
436,False,0.9368971075281695,0.30884079473082804,0.3315691498557465,1.5422250652005924,sr_pds,sr_pds,"[('cubic', 0, 1)]","[('cubic', 28, 10), ('cubic', 28, 35), ('int', 8, 28), ('sq', 28, None)]","[('cubic', 0, 1)]","[('cubic', 28, 10), ('cubic', 28, 35), ('int', 8, 28), ('sq', 28, None)]","{('cubic', 0, 1): 4.721777325270354}","{('cubic', 28, 10): 0.24082914190530708, ('cubic', 28, 35): -0.05443836594206674, ('int', 8, 28): -0.29420681024084266, ('sq', 28, None): -0.29520460392046294}",dgp4,sr_pds,Mixed nonlinear,SR-PDS,0.5
437,False,0.7813084992678659,0.15596459916061806,0.47561788491305457,1.0869991136226773,sr_pds,sr_pds,"[('cubic', 0, 1), ('log', 2, None)]","[('cubic', 6, 46)]","[('cubic', 0, 1), ('log', 2, None)]","[('cubic', 6, 46)]","{('cubic', 0, 1): 5.005600847014115, ('log', 2, None): -4.889857998006206}","{('cubic', 6, 46): -0.06512185428115418}",dgp4,sr_pds,Mixed nonlinear,SR-PDS,0.5
438,False,0.8446704620011004,0.2756317676556944,0.3044321973959394,1.3849087266062614,sr_pds,sr_pds,"[('cubic', 0, 1)]","[('cubic', 40, 41), ('cubic', 41, 40), ('int', 14, 38), ('int', 14, 40), ('int', 14, 41), ('sq', 14, None)]","[('cubic', 0, 1)]","[('cubic', 40, 41), ('cubic', 41, 40), ('int', 14, 38), ('int', 14, 40), ('sq', 14, None)]","{('cubic', 0, 1): 5.064567244572094}","{('cubic', 40, 41): 0.3229562225510488, ('cubic', 41, 40): 0.24297527742416222, ('int', 14, 38): 0.28883412819723725, ('int', 14, 40): -0.3100276678890255, ('sq', 14, None): 0.3781553694599563}",dgp4,sr_pds,Mixed nonlinear,SR-PDS,0.5
439,False,0.49554039775305303,0.28778710445903166,-0.06852232698664906,1.0596031224927551,sr_pds,sr_pds,"[('cubic', 0, 1)]","[('int', 11, 27)]","[('cubic', 0, 1)]","[('int', 11, 27)]","{('cubic', 0, 1): 4.857815737203186}","{('int', 11, 27): 0.14843293763626125}",dgp4,sr_pds,Mixed nonlinear,SR-PDS,0.5
440,False,0.5027812435241806,0.12201060449208571,0.26364045871969266,0.7419220283286686,sr_pds,sr_pds,"[('cubic', 0, 1), ('log', 2, None)]",[],"[('cubic', 0, 1), ('log', 2, None)]",[],"{('cubic', 0, 1): 4.953184697525601, ('log', 2, None): -4.928454399173372}",{},dgp4,sr_pds,Mixed nonlinear,SR-PDS,0.5
441,False,0.44076422461205217,0.13138980846637013,0.1832402000179667,0.6982882492061376,sr_pds,sr_pds,"[('cubic', 0, 1), ('log', 2, None)]","[('int', 12, 19)]","[('cubic', 0, 1), ('log', 2, None)]","[('int', 12, 19)]","{('cubic', 0, 1): 4.841649132850376, ('log', 2, None): -4.7842117747552795}","{('int', 12, 19): 0.2723276211076647}",dgp4,sr_pds,Mixed nonlinear,SR-PDS,0.5
442,False,0.6652691824672939,0.14258705582363207,0.3857985530529751,0.9447398118816128,sr_pds,sr_pds,"[('cubic', 0, 1), ('log', 2, None)]",[],"[('cubic', 0, 1), ('log', 2, None)]",[],"{('cubic', 0, 1): 4.8943179291313985, ('log', 2, None): -4.881244468732135}",{},dgp4,sr_pds,Mixed nonlinear,SR-PDS,0.5
443,False,0.4684565987067362,0.2942942855782784,-0.10836020102668947,1.0452733984401619,sr_pds,sr_pds,"[('cubic', 0, 1)]","[('int', 23, 33)]","[('cubic', 0, 1)]","[('int', 23, 33)]","{('cubic', 0, 1): 5.170008030752589}","{('int', 23, 33): 0.14458394726939613}",dgp4,sr_pds,Mixed nonlinear,SR-PDS,0.5
444,False,0.4218123371745498,0.147769880215958,0.1321833719512721,0.7114413023978274,sr_pds,sr_pds,"[('cubic', 0, 1), ('log', 2, None)]","[('int', 37, 39)]","[('cubic', 0, 1), ('log', 2, None)]",[],"{('cubic', 0, 1): 4.934835338189949, ('log', 2, None): -5.087345183348663}",{},dgp4,sr_pds,Mixed nonlinear,SR-PDS,0.5
445,False,0.5988199064422488,0.12492101904190818,0.35397470912010875,0.8436651037643889,sr_pds,sr_pds,"[('cubic', 0, 1), ('log', 2, None)]","[('int', 33, 46)]","[('cubic', 0, 1), ('log', 2, None)]","[('int', 33, 46)]","{('cubic', 0, 1): 5.039999725886323, ('log', 2, None): -5.025096991781767}","{('int', 33, 46): 0.2619350705542989}",dgp4,sr_pds,Mixed nonlinear,SR-PDS,0.5
446,False,0.012173843478248132,0.246212560695895,-0.4704027754857061,0.49475046244220233,sr_pds,sr_pds,"[('cubic', 0, 1)]","[('int', 26, 38)]","[('cubic', 0, 1)]","[('int', 26, 38)]","{('cubic', 0, 1): 4.857036896002672}","{('int', 26, 38): 0.19610254409067296}",dgp4,sr_pds,Mixed nonlinear,SR-PDS,0.5
447,False,0.4636521500366328,0.2867982273682792,-0.09847237560519445,1.02577667567846,sr_pds,sr_pds,"[('cubic', 0, 1)]",[],"[('cubic', 0, 1)]",[],"{('cubic', 0, 1): 4.7343736056073}",{},dgp4,sr_pds,Mixed nonlinear,SR-PDS,0.5
448,False,0.7067914528678768,0.3865212756605319,-0.050790247426765744,1.4643731531625193,sr_pds,sr_pds,[],"[('int', 0, 29), ('int', 29, 38)]",[],"[('int', 0, 29), ('int', 29, 38)]",{},"{('int', 0, 29): 1.8308026144084926, ('int', 29, 38): -0.7867972250395563}",dgp4,sr_pds,Mixed nonlinear,SR-PDS,0.5
449,False,0.6978207556331838,0.3296926336356252,0.05162319370735846,1.344018317559009,sr_pds,sr_pds,"[('cubic', 0, 1), ('int', 13, 18)]",[],"[('cubic', 0, 1), ('int', 13, 18)]",[],"{('cubic', 0, 1): 4.605849491086687, ('int', 13, 18): 0.7895355814475842}",{},dgp4,sr_pds,Mixed nonlinear,SR-PDS,0.5
450,False,0.5768949301979425,0.28676969093921834,0.014826335957074499,1.1389635244388105,sr_pds,sr_pds,"[('cubic', 0, 1)]","[('int', 13, 30)]","[('cubic', 0, 1)]","[('int', 13, 30)]","{('cubic', 0, 1): 4.7355320149004045}","{('int', 13, 30): -0.19583729603349467}",dgp4,sr_pds,Mixed nonlinear,SR-PDS,0.5
451,False,0.6400628583510852,0.2533331418816961,0.14352990026296092,1.1365958164392096,sr_pds,sr_pds,"[('cubic', 0, 1)]","[('int', 13, 31), ('int', 31, 47)]","[('cubic', 0, 1)]",[],"{('cubic', 0, 1): 4.6708269477278685}",{},dgp4,sr_pds,Mixed nonlinear,SR-PDS,0.5
452,False,0.2820469619651635,0.27850209465391296,-0.26381714355650593,0.8279110674868329,sr_pds,sr_pds,"[('cubic', 0, 1)]",[],"[('cubic', 0, 1)]",[],"{('cubic', 0, 1): 5.104065115315703}",{},dgp4,sr_pds,Mixed nonlinear,SR-PDS,0.5
453,False,0.2776857341070996,0.14617311471171598,-0.008813570727863707,0.564185038942063,sr_pds,sr_pds,"[('cubic', 0, 1), ('log', 2, None)]","[('int', 3, 19), ('int', 3, 34)]","[('cubic', 0, 1), ('log', 2, None)]","[('int', 3, 19), ('int', 3, 34)]","{('cubic', 0, 1): 4.882998675281122, ('log', 2, None): -4.835921199298218}","{('int', 3, 19): -0.3029140345902205, ('int', 3, 34): 0.8483214937980044}",dgp4,sr_pds,Mixed nonlinear,SR-PDS,0.5
454,False,0.686993791336811,0.2699693303061118,0.15785390393683185,1.2161336787367902,sr_pds,sr_pds,"[('cubic', 0, 1)]",[],"[('cubic', 0, 1)]",[],"{('cubic', 0, 1): 4.931731512021046}",{},dgp4,sr_pds,Mixed nonlinear,SR-PDS,0.5
455,False,0.5397805901297136,0.15997271628012533,0.22623406622066794,0.8533271140387593,sr_pds,sr_pds,"[('cubic', 0, 1), ('sqrt', 2, None)]","[('cubic', 14, 7), ('cubic', 14, 24), ('int', 4, 40), ('int', 7, 14), ('int', 7, 20), ('int', 7, 47), ('int', 14, 24), ('int', 20, 24), ('int', 24, 47)]","[('cubic', 0, 1), ('sqrt', 2, None)]","[('cubic', 14, 24), ('int', 7, 20)]","{('cubic', 0, 1): 4.949466337156667, ('sqrt', 2, None): -14.985697935948698}","{('cubic', 14, 24): 0.16173523036446288, ('int', 7, 20): 0.2084348708645492}",dgp4,sr_pds,Mixed nonlinear,SR-PDS,0.5
456,False,0.4464988354176285,0.14926751218963702,0.15393451152593995,0.7390631593093171,sr_pds,sr_pds,"[('cubic', 0, 1), ('int', 0, 1), ('sqrt', 2, None)]","[('int', 9, 40), ('int', 38, 40)]","[('cubic', 0, 1), ('int', 0, 1), ('sqrt', 2, None)]","[('int', 9, 40)]","{('cubic', 0, 1): 5.268028130216317, ('int', 0, 1): -0.3990501978760312, ('sqrt', 2, None): -13.30587190307948}","{('int', 9, 40): 0.14639414804523698}",dgp4,sr_pds,Mixed nonlinear,SR-PDS,0.5
457,False,0.6573775128322343,0.13922783935938923,0.38449094768783143,0.9302640779766372,sr_pds,sr_pds,"[('cubic', 0, 1), ('log', 2, None)]",[],"[('cubic', 0, 1), ('log', 2, None)]",[],"{('cubic', 0, 1): 5.074567431575332, ('log', 2, None): -5.05637009060497}",{},dgp4,sr_pds,Mixed nonlinear,SR-PDS,0.5
458,False,0.4927803380505281,0.14129877194054344,0.21583474504706301,0.7697259310539932,sr_pds,sr_pds,"[('cubic', 0, 1), ('log', 2, None)]",[],"[('cubic', 0, 1), ('log', 2, None)]",[],"{('cubic', 0, 1): 4.906179043539006, ('log', 2, None): -5.086033070913577}",{},dgp4,sr_pds,Mixed nonlinear,SR-PDS,0.5
459,False,0.5907681560262806,0.2953565683589277,0.01186928204278237,1.169667030009779,sr_pds,sr_pds,"[('cubic', 0, 1)]","[('int', 8, 27), ('int', 16, 27)]","[('cubic', 0, 1)]","[('int', 8, 27), ('int', 16, 27)]","{('cubic', 0, 1): 4.857807484496798}","{('int', 8, 27): -0.015428901527480549, ('int', 16, 27): 0.2510590117838392}",dgp4,sr_pds,Mixed nonlinear,SR-PDS,0.5
460,False,0.44029016354734457,0.13871406636086545,0.16841059348004828,0.7121697336146409,sr_pds,sr_pds,"[('cubic', 0, 1), ('log', 2, None)]","[('cubic', 20, 3), ('sq', 20, None)]","[('cubic', 0, 1), ('log', 2, None)]","[('cubic', 20, 3), ('sq', 20, None)]","{('cubic', 0, 1): 4.911333765414858, ('log', 2, None): -4.982143119184013}","{('cubic', 20, 3): -0.05359698887980859, ('sq', 20, None): -0.20210263808568982}",dgp4,sr_pds,Mixed nonlinear,SR-PDS,0.5
461,False,0.2878826267525718,0.3494569166585074,-0.3970529298981027,0.9728181834032463,sr_pds,sr_pds,"[('cubic', 0, 1)]","[('cubic', 49, 4)]","[('cubic', 0, 1)]","[('cubic', 49, 4)]","{('cubic', 0, 1): 4.772035222769706}","{('cubic', 49, 4): -0.043794289820688156}",dgp4,sr_pds,Mixed nonlinear,SR-PDS,0.5
462,False,0.5978448063377457,0.24059009468887543,0.12628822074754986,1.0694013919279417,sr_pds,sr_pds,"[('cubic', 0, 1)]","[('int', 8, 40), ('int', 40, 45), ('sq', 40, None)]","[('cubic', 0, 1)]","[('int', 40, 45), ('sq', 40, None)]","{('cubic', 0, 1): 4.89232469121663}","{('int', 40, 45): -0.4203319075181631, ('sq', 40, None): -0.4039347550736243}",dgp4,sr_pds,Mixed nonlinear,SR-PDS,0.5
463,False,0.8113360311924676,0.3083566286537903,0.20695703903103857,1.4157150233538967,sr_pds,sr_pds,"[('cubic', 0, 1)]",[],"[('cubic', 0, 1)]",[],"{('cubic', 0, 1): 4.85139001000748}",{},dgp4,sr_pds,Mixed nonlinear,SR-PDS,0.5
464,False,0.6321221764637129,0.2930152472684539,0.057812291817543326,1.2064320611098824,sr_pds,sr_pds,"[('cubic', 0, 1)]",[],"[('cubic', 0, 1)]",[],"{('cubic', 0, 1): 4.7505303655728754}",{},dgp4,sr_pds,Mixed nonlinear,SR-PDS,0.5
465,False,0.5449645013174512,0.1315893581892891,0.2870493592664446,0.8028796433684579,sr_pds,sr_pds,"[('cubic', 0, 1), ('log', 2, None)]",[],"[('cubic', 0, 1), ('log', 2, None)]",[],"{('cubic', 0, 1): 5.110124404552136, ('log', 2, None): -5.056441664937658}",{},dgp4,sr_pds,Mixed nonlinear,SR-PDS,0.5
466,False,0.7263184072896288,0.269561532741175,0.1979778031169258,1.2546590114623317,sr_pds,sr_pds,"[('cubic', 0, 1)]",[],"[('cubic', 0, 1)]",[],"{('cubic', 0, 1): 5.0292742337346255}",{},dgp4,sr_pds,Mixed nonlinear,SR-PDS,0.5
467,False,0.4886888368298244,0.12517600817307473,0.24334386081059795,0.7340338128490509,sr_pds,sr_pds,"[('cubic', 0, 1), ('log', 2, None)]","[('int', 3, 42)]","[('cubic', 0, 1), ('log', 2, None)]",[],"{('cubic', 0, 1): 4.857923629900115, ('log', 2, None): -5.144197619386826}",{},dgp4,sr_pds,Mixed nonlinear,SR-PDS,0.5
468,False,0.9428188697527071,0.2566482227489804,0.43978835316470555,1.4458493863407087,sr_pds,sr_pds,"[('cubic', 0, 1)]","[('int', 8, 28), ('int', 28, 45)]","[('cubic', 0, 1)]","[('int', 8, 28)]","{('cubic', 0, 1): 4.763727769221321}","{('int', 8, 28): -0.042161572194874465}",dgp4,sr_pds,Mixed nonlinear,SR-PDS,0.5
469,False,0.5169225085945999,0.2705302080951056,-0.013316699271807009,1.0471617164610068,sr_pds,sr_pds,"[('cubic', 0, 1)]",[],"[('cubic', 0, 1)]",[],"{('cubic', 0, 1): 5.154943096448323}",{},dgp4,sr_pds,Mixed nonlinear,SR-PDS,0.5
470,False,0.34278277940536933,0.27874718279742056,-0.20356169887757497,0.8891272576883136,sr_pds,sr_pds,"[('cubic', 0, 1)]",[],"[('cubic', 0, 1)]",[],"{('cubic', 0, 1): 5.0787708798698645}",{},dgp4,sr_pds,Mixed nonlinear,SR-PDS,0.5
471,False,0.5755584011441397,0.2702032098612451,0.045960109816099326,1.10515669247218,sr_pds,sr_pds,"[('cubic', 0, 1)]",[],"[('cubic', 0, 1)]",[],"{('cubic', 0, 1): 4.469610666898097}",{},dgp4,sr_pds,Mixed nonlinear,SR-PDS,0.5
472,False,0.6893197347930305,0.29097894904320715,0.11900099466834457,1.2596384749177165,sr_pds,sr_pds,"[('cubic', 0, 1)]","[('int', 11, 34)]","[('cubic', 0, 1)]","[('int', 11, 34)]","{('cubic', 0, 1): 5.082408699237205}","{('int', 11, 34): 0.13141910865580433}",dgp4,sr_pds,Mixed nonlinear,SR-PDS,0.5
473,False,0.5872179193963292,0.13260031655012908,0.32732129895807616,0.8471145398345822,sr_pds,sr_pds,"[('cubic', 0, 1), ('log', 2, None)]",[],"[('cubic', 0, 1), ('log', 2, None)]",[],"{('cubic', 0, 1): 5.096987912167399, ('log', 2, None): -4.909047329164734}",{},dgp4,sr_pds,Mixed nonlinear,SR-PDS,0.5
474,False,0.5770674789710502,0.28890876186306713,0.010806305719438636,1.1433286522226616,sr_pds,sr_pds,"[('cubic', 0, 1)]","[('int', 2, 46)]","[('cubic', 0, 1)]","[('int', 2, 46)]","{('cubic', 0, 1): 4.762424499864195}","{('int', 2, 46): 0.2332937536812578}",dgp4,sr_pds,Mixed nonlinear,SR-PDS,0.5
475,False,0.5954897296124523,0.3893554551530653,-0.16764696248755573,1.3586264217124602,sr_pds,sr_pds,[],"[('int', 1, 20), ('int', 15, 20)]",[],"[('int', 1, 20), ('int', 15, 20)]",{},"{('int', 1, 20): 0.08873053943800814, ('int', 15, 20): -0.016636899347457237}",dgp4,sr_pds,Mixed nonlinear,SR-PDS,0.5
476,False,0.09629006406509044,0.3011158172971347,-0.4938969378372936,0.6864770659674745,sr_pds,sr_pds,"[('cubic', 0, 1)]","[('int', 18, 45)]","[('cubic', 0, 1)]","[('int', 18, 45)]","{('cubic', 0, 1): 5.056911348410651}","{('int', 18, 45): -0.2545406618815407}",dgp4,sr_pds,Mixed nonlinear,SR-PDS,0.5
477,False,0.5032423657247903,0.14192419762365857,0.22507093838241954,0.7814137930671611,sr_pds,sr_pds,"[('cubic', 0, 1), ('log', 2, None)]","[('int', 5, 10)]","[('cubic', 0, 1), ('log', 2, None)]","[('int', 5, 10)]","{('cubic', 0, 1): 5.073210041876844, ('log', 2, None): -4.979030846943592}","{('int', 5, 10): 0.22193553452033118}",dgp4,sr_pds,Mixed nonlinear,SR-PDS,0.5
478,False,0.6705752343912468,0.1409462532635314,0.3943205779947252,0.9468298907877684,sr_pds,sr_pds,"[('cubic', 0, 1), ('log', 2, None)]",[],"[('cubic', 0, 1), ('log', 2, None)]",[],"{('cubic', 0, 1): 4.913121893899765, ('log', 2, None): -5.066902550423178}",{},dgp4,sr_pds,Mixed nonlinear,SR-PDS,0.5
479,False,0.3038898002721205,0.2721505928711594,-0.22952536175535193,0.837304962299593,sr_pds,sr_pds,"[('cubic', 0, 1)]","[('cubic', 47, 18)]","[('cubic', 0, 1)]","[('cubic', 47, 18)]","{('cubic', 0, 1): 4.820434218078941}","{('cubic', 47, 18): 0.012543142125166832}",dgp4,sr_pds,Mixed nonlinear,SR-PDS,0.5
480,False,0.10666771480031104,0.2326978800235405,-0.3494201300458283,0.5627555596464504,sr_pds,sr_pds,"[('cubic', 0, 1), ('sq', 2, None)]",[],"[('cubic', 0, 1), ('sq', 2, None)]",[],"{('cubic', 0, 1): 5.1655617079034535, ('sq', 2, None): -2.4360540047482337}",{},dgp4,sr_pds,Mixed nonlinear,SR-PDS,0.5
481,False,0.43068203882067896,0.40706795264586576,-0.36717114836521797,1.2285352260065758,sr_pds,sr_pds,[],[],[],[],{},{},dgp4,sr_pds,Mixed nonlinear,SR-PDS,0.5
482,False,0.5248348822948091,0.37970326601889903,-0.21938351910223297,1.2690532836918513,sr_pds,sr_pds,"[('int', 1, 5)]","[('int', 16, 26), ('int', 20, 26), ('int', 26, 43)]","[('int', 1, 5)]","[('int', 16, 26), ('int', 20, 26)]","{('int', 1, 5): -0.5416288708499521}","{('int', 16, 26): 0.3052050249075656, ('int', 20, 26): -0.3559065180630238}",dgp4,sr_pds,Mixed nonlinear,SR-PDS,0.5
483,False,0.3323375136901107,0.1345552831489949,0.06860915871808071,0.5960658686621407,sr_pds,sr_pds,"[('cubic', 0, 1), ('log', 2, None)]",[],"[('cubic', 0, 1), ('log', 2, None)]",[],"{('cubic', 0, 1): 4.833413451620822, ('log', 2, None): -5.0010436946602965}",{},dgp4,sr_pds,Mixed nonlinear,SR-PDS,0.5
484,False,0.6080829651500506,0.1357669878844755,0.3419796688964786,0.8741862614036225,sr_pds,sr_pds,"[('cubic', 0, 1), ('log', 2, None)]","[('int', 1, 37), ('int', 29, 37)]","[('cubic', 0, 1), ('log', 2, None)]","[('int', 29, 37)]","{('cubic', 0, 1): 4.888256410161669, ('log', 2, None): -5.169967521403747}","{('int', 29, 37): -0.07948554445126331}",dgp4,sr_pds,Mixed nonlinear,SR-PDS,0.5
485,False,0.8569597356276669,0.2756982802158688,0.3165911064045641,1.3973283648507697,sr_pds,sr_pds,"[('cubic', 0, 1)]","[('int', 10, 47), ('int', 18, 47), ('int', 43, 47)]","[('cubic', 0, 1)]","[('int', 18, 47), ('int', 43, 47)]","{('cubic', 0, 1): 4.956010801914118}","{('int', 18, 47): 0.2886539720324227, ('int', 43, 47): 0.1374393641553929}",dgp4,sr_pds,Mixed nonlinear,SR-PDS,0.5
486,False,0.34182889974069197,0.15550913592861654,0.037030993320603556,0.6466268061607804,sr_pds,sr_pds,"[('cubic', 0, 1), ('sqrt', 2, None)]","[('int', 7, 23), ('int', 11, 23)]","[('cubic', 0, 1), ('sqrt', 2, None)]",[],"{('cubic', 0, 1): 5.005225030865745, ('sqrt', 2, None): -15.719324329780978}",{},dgp4,sr_pds,Mixed nonlinear,SR-PDS,0.5
487,False,0.13623957993125016,0.2757966625892233,-0.40432187874362757,0.6768010386061278,sr_pds,sr_pds,"[('cubic', 0, 1)]",[],"[('cubic', 0, 1)]",[],"{('cubic', 0, 1): 5.0093647852003205}",{},dgp4,sr_pds,Mixed nonlinear,SR-PDS,0.5
488,False,0.5892049325406958,0.14266971430945227,0.3095722924941694,0.8688375725872223,sr_pds,sr_pds,"[('cubic', 0, 1), ('log', 2, None)]",[],"[('cubic', 0, 1), ('log', 2, None)]",[],"{('cubic', 0, 1): 5.113667390522366, ('log', 2, None): -4.954350470342807}",{},dgp4,sr_pds,Mixed nonlinear,SR-PDS,0.5
489,False,0.5650410804429936,0.1428379807104452,0.28507863825052104,0.8450035226354662,sr_pds,sr_pds,"[('cubic', 0, 1), ('log', 2, None)]","[('int', 15, 26), ('int', 26, 33)]","[('cubic', 0, 1), ('log', 2, None)]",[],"{('cubic', 0, 1): 4.974195958872608, ('log', 2, None): -4.933646433907836}",{},dgp4,sr_pds,Mixed nonlinear,SR-PDS,0.5
490,False,0.34949765091702595,0.1418016170204674,0.07156648155690987,0.6274288202771421,sr_pds,sr_pds,"[('cubic', 0, 1), ('log', 2, None)]","[('int', 14, 17), ('int', 14, 43), ('int', 17, 23), ('int', 23, 43)]","[('cubic', 0, 1), ('log', 2, None)]",[],"{('cubic', 0, 1): 5.0549018741276415, ('log', 2, None): -5.441698422664528}",{},dgp4,sr_pds,Mixed nonlinear,SR-PDS,0.5
491,False,0.3395403623812803,0.252816414260906,-0.15597980957009544,0.835060534332656,sr_pds,sr_pds,"[('cubic', 0, 1)]",[],"[('cubic', 0, 1)]",[],"{('cubic', 0, 1): 4.634964993306726}",{},dgp4,sr_pds,Mixed nonlinear,SR-PDS,0.5
492,False,0.44948413743230947,0.28999360310690697,-0.11890332465722814,1.017871599521847,sr_pds,sr_pds,"[('cubic', 0, 1)]","[('int', 2, 10)]","[('cubic', 0, 1)]",[],"{('cubic', 0, 1): 5.184593455199483}",{},dgp4,sr_pds,Mixed nonlinear,SR-PDS,0.5
493,False,0.6965453336513299,0.24086655997763234,0.2244468760951705,1.1686437912074892,sr_pds,sr_pds,"[('cubic', 0, 1), ('sq', 2, None)]","[('int', 39, 45)]","[('cubic', 0, 1), ('sq', 2, None)]",[],"{('cubic', 0, 1): 5.1942947113149325, ('sq', 2, None): -2.7015660118011873}",{},dgp4,sr_pds,Mixed nonlinear,SR-PDS,0.5
494,False,0.6794161740009323,0.14311469200272275,0.39891137767559576,0.959920970326269,sr_pds,sr_pds,"[('cubic', 0, 1), ('sqrt', 2, None)]",[],"[('cubic', 0, 1), ('sqrt', 2, None)]",[],"{('cubic', 0, 1): 4.906729557135335, ('sqrt', 2, None): -14.774285204819435}",{},dgp4,sr_pds,Mixed nonlinear,SR-PDS,0.5
495,False,0.5782407971540569,0.12751926381098877,0.3283030400845188,0.8281785542235949,sr_pds,sr_pds,"[('cubic', 0, 1), ('log', 2, None)]","[('int', 6, 18)]","[('cubic', 0, 1), ('log', 2, None)]","[('int', 6, 18)]","{('cubic', 0, 1): 5.075358886311988, ('log', 2, None): -4.9822162161444705}","{('int', 6, 18): -0.013015199507836861}",dgp4,sr_pds,Mixed nonlinear,SR-PDS,0.5
496,False,0.08813279546068115,0.27805724594225817,-0.4568594065861448,0.6331249975075071,sr_pds,sr_pds,"[('cubic', 0, 1)]","[('int', 20, 21)]","[('cubic', 0, 1)]","[('int', 20, 21)]","{('cubic', 0, 1): 4.794551048677964}","{('int', 20, 21): -0.4120225321331445}",dgp4,sr_pds,Mixed nonlinear,SR-PDS,0.5
497,False,0.36948316083272664,0.31313820993764657,-0.24426773064506063,0.9832340523105139,sr_pds,sr_pds,"[('cubic', 0, 1)]","[('int', 0, 32)]","[('cubic', 0, 1)]","[('int', 0, 32)]","{('cubic', 0, 1): 4.870010681664627}","{('int', 0, 32): -0.32025860253917504}",dgp4,sr_pds,Mixed nonlinear,SR-PDS,0.5
498,False,0.8987737762295053,0.2991711933294847,0.3123982373037152,1.4851493151552955,sr_pds,sr_pds,"[('cubic', 0, 1)]","[('int', 20, 24), ('int', 20, 35)]","[('cubic', 0, 1)]","[('int', 20, 24)]","{('cubic', 0, 1): 4.897051878304607}","{('int', 20, 24): -0.1454931652862887}",dgp4,sr_pds,Mixed nonlinear,SR-PDS,0.5
499,False,0.4006251079300299,0.17552653667014922,0.05659309605653745,0.7446571198035223,sr_pds,sr_pds,"[('cubic', 0, 1), ('sqrt', 2, None)]",[],"[('cubic', 0, 1), ('sqrt', 2, None)]",[],"{('cubic', 0, 1): 4.787014960851172, ('sqrt', 2, None): -14.141427742315397}",{},dgp4,sr_pds,Mixed nonlinear,SR-PDS,0.5
