seed,failed,beta_hat,se,ci_low,ci_high,sr_pds_variant,epds_variant,pre_lasso_terms_y,pre_lasso_terms_d,post_lasso_terms_y,post_lasso_terms_d,term_coefs_y,term_coefs_d,dgp,estimator,dgp_label,est_label,beta0
0,False,0.6342051811336796,0.2910018262974125,0.06384160159075114,1.204568760676608,sr_pds,sr_pds,"[('log', 2, None)]",[],"[('log', 2, None)]",[],"{('log', 2, None): -5.036977067831957}",{},dgp5,sr_pds,NL + linear conf.,SR-PDS,0.5
1,False,0.48750902712784255,0.04644848184879599,0.3964700027042024,0.5785480515514827,sr_pds,sr_pds,"[('cubic', 0, 1), ('int', 3, 4), ('log', 2, None)]",[],"[('cubic', 0, 1), ('int', 3, 4), ('log', 2, None)]",[],"{('cubic', 0, 1): 4.931759043065028, ('int', 3, 4): 3.1332052491344613, ('log', 2, None): -4.902504375186203}",{},dgp5,sr_pds,NL + linear conf.,SR-PDS,0.5
2,False,0.45292622075328554,0.17073889200795397,0.11827799241769577,0.7875744490888753,sr_pds,sr_pds,"[('cubic', 0, 1), ('log', 2, None)]",[],"[('cubic', 0, 1), ('log', 2, None)]",[],"{('cubic', 0, 1): 4.956551915472789, ('log', 2, None): -4.901923050690033}",{},dgp5,sr_pds,NL + linear conf.,SR-PDS,0.5
3,False,0.4322814339958136,0.1445177067179831,0.1490267288285667,0.7155361391630605,sr_pds,sr_pds,"[('cubic', 0, 1), ('log', 2, None)]",[],"[('cubic', 0, 1), ('log', 2, None)]",[],"{('cubic', 0, 1): 4.910096870596657, ('log', 2, None): -4.914055469824094}",{},dgp5,sr_pds,NL + linear conf.,SR-PDS,0.5
4,False,0.3362813300155816,0.3110813467446907,-0.27343810960401216,0.9460007696351753,sr_pds,sr_pds,"[('cubic', 0, 1)]",[],"[('cubic', 0, 1)]",[],"{('cubic', 0, 1): 4.855709373170162}",{},dgp5,sr_pds,NL + linear conf.,SR-PDS,0.5
5,False,0.4206936065952581,0.044088191506931294,0.3342807512416728,0.5071064619488435,sr_pds,sr_pds,"[('cubic', 0, 1), ('int', 3, 4), ('log', 2, None)]",[],"[('cubic', 0, 1), ('int', 3, 4), ('log', 2, None)]",[],"{('cubic', 0, 1): 4.990189605521171, ('int', 3, 4): 3.0659620334666577, ('log', 2, None): -4.975436075521842}",{},dgp5,sr_pds,NL + linear conf.,SR-PDS,0.5
6,False,0.21936323898336108,0.2437797129534987,-0.2584449984054964,0.6971714763722185,sr_pds,sr_pds,"[('cubic', 0, 1)]",[],"[('cubic', 0, 1)]",[],"{('cubic', 0, 1): 5.316812800046345}",{},dgp5,sr_pds,NL + linear conf.,SR-PDS,0.5
7,False,0.5601462256496446,0.04729584641824678,0.4674463666698809,0.6528460846294082,sr_pds,sr_pds,"[('cubic', 0, 1), ('int', 3, 4), ('log', 2, None)]",[],"[('cubic', 0, 1), ('int', 3, 4), ('log', 2, None)]",[],"{('cubic', 0, 1): 5.014135603024406, ('int', 3, 4): 2.997133179825843, ('log', 2, None): -4.974515604397748}",{},dgp5,sr_pds,NL + linear conf.,SR-PDS,0.5
8,False,0.4918344965954266,0.046927982781351275,0.3998556503439781,0.5838133428468751,sr_pds,sr_pds,"[('cubic', 0, 1), ('int', 3, 4), ('log', 2, None)]",[],"[('cubic', 0, 1), ('int', 3, 4), ('log', 2, None)]",[],"{('cubic', 0, 1): 5.005280000113617, ('int', 3, 4): 2.9593642611891178, ('log', 2, None): -4.970331233911062}",{},dgp5,sr_pds,NL + linear conf.,SR-PDS,0.5
9,False,0.6941397334912369,0.2731092395872652,0.15884562390019719,1.2294338430822767,sr_pds,sr_pds,"[('cubic', 0, 1)]",[],"[('cubic', 0, 1)]",[],"{('cubic', 0, 1): 4.982549798095514}",{},dgp5,sr_pds,NL + linear conf.,SR-PDS,0.5
10,False,0.3876670418965956,0.12747676106121916,0.13781259021660608,0.6375214935765852,sr_pds,sr_pds,"[('cubic', 0, 1), ('log', 2, None)]",[],"[('cubic', 0, 1), ('log', 2, None)]",[],"{('cubic', 0, 1): 5.050567947149816, ('log', 2, None): -4.936672182223057}",{},dgp5,sr_pds,NL + linear conf.,SR-PDS,0.5
11,False,0.639354817486701,0.2909228697787261,0.06914599272039779,1.2095636422530043,sr_pds,sr_pds,"[('cubic', 0, 1)]",[],"[('cubic', 0, 1)]",[],"{('cubic', 0, 1): 4.874827480218935}",{},dgp5,sr_pds,NL + linear conf.,SR-PDS,0.5
12,False,0.3141989559749934,0.12142213237786381,0.07621157651438035,0.5521863354356065,sr_pds,sr_pds,"[('cubic', 0, 1), ('log', 2, None)]",[],"[('cubic', 0, 1), ('log', 2, None)]",[],"{('cubic', 0, 1): 5.168884143429214, ('log', 2, None): -4.770736702724973}",{},dgp5,sr_pds,NL + linear conf.,SR-PDS,0.5
13,False,0.4305257254712014,0.3254451259605581,-0.20734672141149246,1.0683981723538953,sr_pds,sr_pds,"[('cubic', 0, 1)]",[],"[('cubic', 0, 1)]",[],"{('cubic', 0, 1): 4.912409126127451}",{},dgp5,sr_pds,NL + linear conf.,SR-PDS,0.5
14,False,0.5237007132860464,0.2807095605512547,-0.02649002539441281,1.0738914519665057,sr_pds,sr_pds,"[('cubic', 0, 1)]",[],"[('cubic', 0, 1)]",[],"{('cubic', 0, 1): 4.888765721539701}",{},dgp5,sr_pds,NL + linear conf.,SR-PDS,0.5
15,False,0.33703902789647133,0.20444031935155374,-0.063663998032574,0.7377420538255166,sr_pds,sr_pds,"[('cubic', 0, 1), ('int', 3, 4)]",[],"[('cubic', 0, 1), ('int', 3, 4)]",[],"{('cubic', 0, 1): 5.269788664531382, ('int', 3, 4): 2.734280575299938}",{},dgp5,sr_pds,NL + linear conf.,SR-PDS,0.5
16,False,0.7767468868651544,0.14309768151025262,0.49627543110505923,1.0572183426252495,sr_pds,sr_pds,"[('cubic', 0, 1), ('log', 2, None)]",[],"[('cubic', 0, 1), ('log', 2, None)]",[],"{('cubic', 0, 1): 5.022233654919334, ('log', 2, None): -5.089054021627302}",{},dgp5,sr_pds,NL + linear conf.,SR-PDS,0.5
17,False,0.6770744312382834,0.15573286066042125,0.3718380243438577,0.982310838132709,sr_pds,sr_pds,"[('cubic', 0, 1), ('log', 2, None)]",[],"[('cubic', 0, 1), ('log', 2, None)]",[],"{('cubic', 0, 1): 4.749754270065118, ('log', 2, None): -5.07059850055008}",{},dgp5,sr_pds,NL + linear conf.,SR-PDS,0.5
18,False,0.16605457365805518,0.30769683261721514,-0.43703121827168645,0.7691403655877969,sr_pds,sr_pds,"[('cubic', 0, 1)]",[],"[('cubic', 0, 1)]",[],"{('cubic', 0, 1): 4.702227759631448}",{},dgp5,sr_pds,NL + linear conf.,SR-PDS,0.5
19,False,0.9213354836714435,0.22345933679576777,0.4833551835517387,1.3593157837911483,sr_pds,sr_pds,"[('cubic', 0, 1), ('int', 3, 4)]",[],"[('cubic', 0, 1), ('int', 3, 4)]",[],"{('cubic', 0, 1): 5.065380979054192, ('int', 3, 4): 3.191863988120151}",{},dgp5,sr_pds,NL + linear conf.,SR-PDS,0.5
20,False,0.7193243913194652,0.1268522927956244,0.4706938974400414,0.9679548851988891,sr_pds,sr_pds,"[('cubic', 0, 1), ('log', 2, None)]",[],"[('cubic', 0, 1), ('log', 2, None)]",[],"{('cubic', 0, 1): 4.929594819059638, ('log', 2, None): -4.9235249197790365}",{},dgp5,sr_pds,NL + linear conf.,SR-PDS,0.5
21,False,0.6217116735348988,0.2993607060194601,0.03496468973675704,1.2084586573330405,sr_pds,sr_pds,"[('cubic', 0, 1)]",[],"[('cubic', 0, 1)]",[],"{('cubic', 0, 1): 5.036559968851802}",{},dgp5,sr_pds,NL + linear conf.,SR-PDS,0.5
22,False,0.34154131367031504,0.23418545454428305,-0.11746217723647973,0.8005448045771097,sr_pds,sr_pds,"[('cubic', 0, 1)]",[],"[('cubic', 0, 1)]",[],"{('cubic', 0, 1): 4.860730672585033}",{},dgp5,sr_pds,NL + linear conf.,SR-PDS,0.5
23,False,0.6869425972045607,0.12455679341769794,0.4428112821058728,0.9310739123032488,sr_pds,sr_pds,"[('cubic', 0, 1), ('log', 2, None)]",[],"[('cubic', 0, 1), ('log', 2, None)]",[],"{('cubic', 0, 1): 4.888853904739891, ('log', 2, None): -5.010885013983569}",{},dgp5,sr_pds,NL + linear conf.,SR-PDS,0.5
24,False,0.7776511354338447,0.3000072851250329,0.18963685658878027,1.365665414278909,sr_pds,sr_pds,"[('cubic', 0, 1)]",[],"[('cubic', 0, 1)]",[],"{('cubic', 0, 1): 5.320724759874514}",{},dgp5,sr_pds,NL + linear conf.,SR-PDS,0.5
25,False,0.36164904983071766,0.296118610011733,-0.218743425792279,0.9420415254537143,sr_pds,sr_pds,"[('cubic', 0, 1)]",[],"[('cubic', 0, 1)]",[],"{('cubic', 0, 1): 5.082021157703577}",{},dgp5,sr_pds,NL + linear conf.,SR-PDS,0.5
26,False,0.34751358239029256,0.3052566964959112,-0.25078954274169335,0.9458167075222785,sr_pds,sr_pds,"[('cubic', 0, 1)]",[],"[('cubic', 0, 1)]",[],"{('cubic', 0, 1): 4.7987078729168084}",{},dgp5,sr_pds,NL + linear conf.,SR-PDS,0.5
27,False,0.40288158798795554,0.1606884225877629,0.08793227971594025,0.7178308962599709,sr_pds,sr_pds,"[('cubic', 0, 1), ('log', 2, None)]",[],"[('cubic', 0, 1), ('log', 2, None)]",[],"{('cubic', 0, 1): 5.141645387763833, ('log', 2, None): -5.084835737368686}",{},dgp5,sr_pds,NL + linear conf.,SR-PDS,0.5
28,False,0.1315170996412439,0.2991290796874732,-0.45477589654620354,0.7178100958286914,sr_pds,sr_pds,"[('cubic', 0, 1), ('int', 0, 1)]",[],"[('cubic', 0, 1), ('int', 0, 1)]",[],"{('cubic', 0, 1): 5.118679082196427, ('int', 0, 1): 0.2575104359231302}",{},dgp5,sr_pds,NL + linear conf.,SR-PDS,0.5
29,False,0.8716159101214399,0.26407208633178175,0.3540346209111477,1.3891971993317322,sr_pds,sr_pds,"[('cubic', 0, 1)]",[],"[('cubic', 0, 1)]",[],"{('cubic', 0, 1): 4.806811656782543}",{},dgp5,sr_pds,NL + linear conf.,SR-PDS,0.5
30,False,0.4193756777088384,0.13844365397897876,0.14802611591004,0.6907252395076368,sr_pds,sr_pds,"[('cubic', 0, 1), ('log', 2, None)]",[],"[('cubic', 0, 1), ('log', 2, None)]",[],"{('cubic', 0, 1): 5.037125325429543, ('log', 2, None): -4.910681013638625}",{},dgp5,sr_pds,NL + linear conf.,SR-PDS,0.5
31,False,0.3356417030651173,0.11625759432108604,0.10777681819578869,0.563506587934446,sr_pds,sr_pds,"[('cubic', 0, 1), ('log', 2, None)]",[],"[('cubic', 0, 1), ('log', 2, None)]",[],"{('cubic', 0, 1): 5.081535760957915, ('log', 2, None): -5.031394935858186}",{},dgp5,sr_pds,NL + linear conf.,SR-PDS,0.5
32,False,0.3620816705035494,0.11554346811497504,0.13561647299819832,0.5885468680089004,sr_pds,sr_pds,"[('cubic', 0, 1), ('log', 2, None)]",[],"[('cubic', 0, 1), ('log', 2, None)]",[],"{('cubic', 0, 1): 4.940315194546506, ('log', 2, None): -5.027390458581177}",{},dgp5,sr_pds,NL + linear conf.,SR-PDS,0.5
33,False,0.5007810509069998,0.1511840973960586,0.20446022001072495,0.7971018818032746,sr_pds,sr_pds,"[('cubic', 0, 1), ('log', 2, None)]",[],"[('cubic', 0, 1), ('log', 2, None)]",[],"{('cubic', 0, 1): 4.990404495565178, ('log', 2, None): -5.128825346624731}",{},dgp5,sr_pds,NL + linear conf.,SR-PDS,0.5
34,False,0.8372732050535214,0.29186110147243194,0.26522544616755483,1.409320963939488,sr_pds,sr_pds,"[('cubic', 0, 1)]",[],"[('cubic', 0, 1)]",[],"{('cubic', 0, 1): 4.587705375695687}",{},dgp5,sr_pds,NL + linear conf.,SR-PDS,0.5
35,False,0.691240683631165,0.29821418517747017,0.10674088068332344,1.2757404865790065,sr_pds,sr_pds,"[('cubic', 0, 1)]",[],"[('cubic', 0, 1)]",[],"{('cubic', 0, 1): 4.681931499948031}",{},dgp5,sr_pds,NL + linear conf.,SR-PDS,0.5
36,False,0.04945893756006292,0.27786997121281826,-0.49516620601706085,0.5940840811371867,sr_pds,sr_pds,"[('cubic', 0, 1)]",[],"[('cubic', 0, 1)]",[],"{('cubic', 0, 1): 4.751072143755794}",{},dgp5,sr_pds,NL + linear conf.,SR-PDS,0.5
37,False,0.3923089562605742,0.2981065331258898,-0.19197984866616974,0.9765977611873182,sr_pds,sr_pds,"[('cubic', 0, 1)]",[],"[('cubic', 0, 1)]",[],"{('cubic', 0, 1): 5.145806131287827}",{},dgp5,sr_pds,NL + linear conf.,SR-PDS,0.5
38,False,0.558825636345243,0.13378607253343924,0.2966049341797021,0.8210463385107838,sr_pds,sr_pds,"[('cubic', 0, 1), ('log', 2, None)]",[],"[('cubic', 0, 1), ('log', 2, None)]",[],"{('cubic', 0, 1): 5.039625981884982, ('log', 2, None): -5.032339347505117}",{},dgp5,sr_pds,NL + linear conf.,SR-PDS,0.5
39,False,0.5442442189769481,0.36750563107847434,-0.17606681793686163,1.2645552558907578,sr_pds,sr_pds,[],[],[],[],{},{},dgp5,sr_pds,NL + linear conf.,SR-PDS,0.5
40,False,-0.026880226109504933,0.2943231809693835,-0.6037536608094966,0.5499932085904867,sr_pds,sr_pds,"[('cubic', 0, 1)]",[],"[('cubic', 0, 1)]",[],"{('cubic', 0, 1): 5.3273987883903935}",{},dgp5,sr_pds,NL + linear conf.,SR-PDS,0.5
41,False,0.610215077706819,0.12740613389768884,0.36049905526734893,0.8599311001462892,sr_pds,sr_pds,"[('cubic', 0, 1), ('log', 2, None)]",[],"[('cubic', 0, 1), ('log', 2, None)]",[],"{('cubic', 0, 1): 4.969304237201108, ('log', 2, None): -4.8877679861867}",{},dgp5,sr_pds,NL + linear conf.,SR-PDS,0.5
42,False,0.40762980187163456,0.2385243688178805,-0.05987796101141124,0.8751375647546804,sr_pds,sr_pds,"[('cubic', 0, 1), ('int', 3, 4)]",[],"[('cubic', 0, 1), ('int', 3, 4)]",[],"{('cubic', 0, 1): 5.161540195371433, ('int', 3, 4): 2.4890806329921586}",{},dgp5,sr_pds,NL + linear conf.,SR-PDS,0.5
43,False,0.33569360143918214,0.1374616119669707,0.06626884198391958,0.6051183608944447,sr_pds,sr_pds,"[('cubic', 0, 1), ('log', 2, None)]",[],"[('cubic', 0, 1), ('log', 2, None)]",[],"{('cubic', 0, 1): 4.809717645082047, ('log', 2, None): -5.123383617824688}",{},dgp5,sr_pds,NL + linear conf.,SR-PDS,0.5
44,False,0.35901563841810946,0.3421259452597782,-0.3115512142910558,1.0295824911272748,sr_pds,sr_pds,"[('cubic', 0, 1)]",[],"[('cubic', 0, 1)]",[],"{('cubic', 0, 1): 5.059139752975482}",{},dgp5,sr_pds,NL + linear conf.,SR-PDS,0.5
45,False,0.3224530216880303,0.3391636226326581,-0.3423076786719796,0.9872137220480401,sr_pds,sr_pds,"[('cubic', 0, 1)]",[],"[('cubic', 0, 1)]",[],"{('cubic', 0, 1): 4.89415616846575}",{},dgp5,sr_pds,NL + linear conf.,SR-PDS,0.5
46,False,-0.14394225898332902,0.30045957847941385,-0.7328430328029801,0.4449585148363221,sr_pds,sr_pds,"[('cubic', 0, 1)]",[],"[('cubic', 0, 1)]",[],"{('cubic', 0, 1): 5.16899135005709}",{},dgp5,sr_pds,NL + linear conf.,SR-PDS,0.5
47,False,0.37288795329760344,0.14119138025131486,0.09615284800502633,0.6496230585901805,sr_pds,sr_pds,"[('cubic', 0, 1), ('log', 2, None)]",[],"[('cubic', 0, 1), ('log', 2, None)]",[],"{('cubic', 0, 1): 4.863818216473826, ('log', 2, None): -5.112332797571017}",{},dgp5,sr_pds,NL + linear conf.,SR-PDS,0.5
48,False,0.526681740796888,0.16395618957612496,0.20532760922768312,0.8480358723660929,sr_pds,sr_pds,"[('cubic', 0, 1), ('log', 2, None)]",[],"[('cubic', 0, 1), ('log', 2, None)]",[],"{('cubic', 0, 1): 5.084181150890912, ('log', 2, None): -4.781420133706299}",{},dgp5,sr_pds,NL + linear conf.,SR-PDS,0.5
49,False,0.5519846765903423,0.14536491223751,0.26706944860482273,0.8368999045758619,sr_pds,sr_pds,"[('cubic', 0, 1), ('log', 2, None)]",[],"[('cubic', 0, 1), ('log', 2, None)]",[],"{('cubic', 0, 1): 4.856801645820751, ('log', 2, None): -4.952376357452061}",{},dgp5,sr_pds,NL + linear conf.,SR-PDS,0.5
50,False,0.5469752002713747,0.12266704396295836,0.3065477941039763,0.7874026064387731,sr_pds,sr_pds,"[('cubic', 0, 1), ('log', 2, None)]",[],"[('cubic', 0, 1), ('log', 2, None)]",[],"{('cubic', 0, 1): 4.959896381122585, ('log', 2, None): -5.0595864197788964}",{},dgp5,sr_pds,NL + linear conf.,SR-PDS,0.5
51,False,0.4893300460395387,0.1379000757850906,0.2190458975007612,0.7596141945783162,sr_pds,sr_pds,"[('cubic', 0, 1), ('log', 2, None)]",[],"[('cubic', 0, 1), ('log', 2, None)]",[],"{('cubic', 0, 1): 5.175260219472058, ('log', 2, None): -5.050925521898259}",{},dgp5,sr_pds,NL + linear conf.,SR-PDS,0.5
52,False,0.09771287317909053,0.33220805900596306,-0.553414922472597,0.748840668830778,sr_pds,sr_pds,"[('log', 2, None)]",[],"[('log', 2, None)]",[],"{('log', 2, None): -5.383575525209797}",{},dgp5,sr_pds,NL + linear conf.,SR-PDS,0.5
53,False,0.4614768354874834,0.3255394213598424,-0.17658043037780757,1.0995341013527744,sr_pds,sr_pds,"[('cubic', 0, 1)]",[],"[('cubic', 0, 1)]",[],"{('cubic', 0, 1): 4.612556639824757}",{},dgp5,sr_pds,NL + linear conf.,SR-PDS,0.5
54,False,0.5748810891353741,0.2639039169356712,0.05762941194145843,1.0921327663292897,sr_pds,sr_pds,"[('cubic', 0, 1)]",[],"[('cubic', 0, 1)]",[],"{('cubic', 0, 1): 5.033072510658147}",{},dgp5,sr_pds,NL + linear conf.,SR-PDS,0.5
55,False,0.12794029718487193,0.1831014499948575,-0.23093854480504877,0.48681913917479264,sr_pds,sr_pds,"[('cubic', 0, 1), ('sqrt', 2, None)]",[],"[('cubic', 0, 1), ('sqrt', 2, None)]",[],"{('cubic', 0, 1): 5.064998041133775, ('sqrt', 2, None): -14.827292348319098}",{},dgp5,sr_pds,NL + linear conf.,SR-PDS,0.5
56,False,-0.11187811786064178,0.2764930662038067,-0.653804527620103,0.4300482918988194,sr_pds,sr_pds,"[('cubic', 0, 1)]",[],"[('cubic', 0, 1)]",[],"{('cubic', 0, 1): 5.247639885840313}",{},dgp5,sr_pds,NL + linear conf.,SR-PDS,0.5
57,False,-0.09778874982116663,0.43883014944788734,-0.9578958427390257,0.7623183430966926,sr_pds,sr_pds,[],[],[],[],{},{},dgp5,sr_pds,NL + linear conf.,SR-PDS,0.5
58,False,0.25937845590483194,0.3950905606914787,-0.5149990430504663,1.03375595486013,sr_pds,sr_pds,"[('cubic', 0, 1)]",[],"[('cubic', 0, 1)]",[],"{('cubic', 0, 1): 4.906954415158318}",{},dgp5,sr_pds,NL + linear conf.,SR-PDS,0.5
59,False,0.3232514030806086,0.47324998817496966,-0.6043185737423319,1.2508213799035492,sr_pds,sr_pds,[],[],[],[],{},{},dgp5,sr_pds,NL + linear conf.,SR-PDS,0.5
60,False,0.3451318467848233,0.13771212756807963,0.0752160767513872,0.6150476168182594,sr_pds,sr_pds,"[('cubic', 0, 1), ('log', 2, None)]",[],"[('cubic', 0, 1), ('log', 2, None)]",[],"{('cubic', 0, 1): 5.108789146393338, ('log', 2, None): -4.834674327084061}",{},dgp5,sr_pds,NL + linear conf.,SR-PDS,0.5
61,False,0.6689581169360709,0.2838967331893109,0.11252051988502154,1.2253957139871203,sr_pds,sr_pds,"[('cubic', 0, 1)]",[],"[('cubic', 0, 1)]",[],"{('cubic', 0, 1): 5.091316753365902}",{},dgp5,sr_pds,NL + linear conf.,SR-PDS,0.5
62,False,0.2326864961722743,0.3929814285267631,-0.5375571037401813,1.0029300960847298,sr_pds,sr_pds,[],[],[],[],{},{},dgp5,sr_pds,NL + linear conf.,SR-PDS,0.5
63,False,0.8895954424609245,0.34574417372099314,0.21193686196777795,1.567254022954071,sr_pds,sr_pds,"[('log', 2, None)]",[],"[('log', 2, None)]",[],"{('log', 2, None): -5.377132710781938}",{},dgp5,sr_pds,NL + linear conf.,SR-PDS,0.5
64,False,0.4154867339347596,0.13866710806973898,0.1436992021180712,0.687274265751448,sr_pds,sr_pds,"[('cubic', 0, 1), ('log', 2, None)]",[],"[('cubic', 0, 1), ('log', 2, None)]",[],"{('cubic', 0, 1): 5.090207152092192, ('log', 2, None): -4.738391564531595}",{},dgp5,sr_pds,NL + linear conf.,SR-PDS,0.5
65,False,0.6076513814123091,0.18182013904822913,0.25128390887778,0.9640188539468382,sr_pds,sr_pds,"[('cubic', 0, 1), ('sqrt', 2, None)]",[],"[('cubic', 0, 1), ('sqrt', 2, None)]",[],"{('cubic', 0, 1): 4.881054026532157, ('sqrt', 2, None): -15.280615451341703}",{},dgp5,sr_pds,NL + linear conf.,SR-PDS,0.5
66,False,0.1333795394465295,0.29586362630787644,-0.44651316811690833,0.7132722470099673,sr_pds,sr_pds,"[('cubic', 0, 1)]",[],"[('cubic', 0, 1)]",[],"{('cubic', 0, 1): 5.452767911078302}",{},dgp5,sr_pds,NL + linear conf.,SR-PDS,0.5
67,False,0.7043413165474024,0.2646722061143175,0.18558379256334,1.2230988405314647,sr_pds,sr_pds,"[('cubic', 0, 1)]",[],"[('cubic', 0, 1)]",[],"{('cubic', 0, 1): 5.046788659214595}",{},dgp5,sr_pds,NL + linear conf.,SR-PDS,0.5
68,False,0.956576264796576,0.3127962653230693,0.3434955847633602,1.569656944829792,sr_pds,sr_pds,"[('cubic', 0, 1)]",[],"[('cubic', 0, 1)]",[],"{('cubic', 0, 1): 4.900977475890297}",{},dgp5,sr_pds,NL + linear conf.,SR-PDS,0.5
69,False,0.11919138813398542,0.30871093506129155,-0.48588204458614603,0.7242648208541169,sr_pds,sr_pds,"[('cubic', 0, 1)]",[],"[('cubic', 0, 1)]",[],"{('cubic', 0, 1): 5.122778309449354}",{},dgp5,sr_pds,NL + linear conf.,SR-PDS,0.5
70,False,0.22414650528839974,0.1351587163536462,-0.04076457876474682,0.4890575893415463,sr_pds,sr_pds,"[('cubic', 0, 1), ('log', 2, None)]",[],"[('cubic', 0, 1), ('log', 2, None)]",[],"{('cubic', 0, 1): 5.160680774019977, ('log', 2, None): -5.10222344682541}",{},dgp5,sr_pds,NL + linear conf.,SR-PDS,0.5
71,False,0.5164528316832107,0.13067357199245466,0.26033263057799955,0.7725730327884217,sr_pds,sr_pds,"[('cubic', 0, 1), ('log', 2, None)]",[],"[('cubic', 0, 1), ('log', 2, None)]",[],"{('cubic', 0, 1): 4.918682159997658, ('log', 2, None): -5.052364627427306}",{},dgp5,sr_pds,NL + linear conf.,SR-PDS,0.5
72,False,0.6977900029228739,0.33796997412998964,0.035368853628094166,1.3602111522176537,sr_pds,sr_pds,"[('cubic', 0, 1)]",[],"[('cubic', 0, 1)]",[],"{('cubic', 0, 1): 5.202571432384655}",{},dgp5,sr_pds,NL + linear conf.,SR-PDS,0.5
73,False,0.10349467072791634,0.35211812634431616,-0.5866568569069434,0.793646198362776,sr_pds,sr_pds,"[('log', 2, None)]",[],"[('log', 2, None)]",[],"{('log', 2, None): -5.011332468575183}",{},dgp5,sr_pds,NL + linear conf.,SR-PDS,0.5
74,False,0.6385195847982417,0.12462159517454886,0.3942612582561259,0.8827779113403574,sr_pds,sr_pds,"[('cubic', 0, 1), ('log', 2, None)]",[],"[('cubic', 0, 1), ('log', 2, None)]",[],"{('cubic', 0, 1): 4.998998934816749, ('log', 2, None): -5.162800696316407}",{},dgp5,sr_pds,NL + linear conf.,SR-PDS,0.5
75,False,0.36441112154417127,0.27284880779954784,-0.17037254174294253,0.8991947848312851,sr_pds,sr_pds,"[('cubic', 0, 1)]",[],"[('cubic', 0, 1)]",[],"{('cubic', 0, 1): 5.233413291657146}",{},dgp5,sr_pds,NL + linear conf.,SR-PDS,0.5
76,False,-0.007774921064074751,0.23965654938389583,-0.47750175785651056,0.4619519157283611,sr_pds,sr_pds,"[('cubic', 0, 1), ('int', 3, 4), ('int', 4, 5)]",[],"[('cubic', 0, 1), ('int', 3, 4)]",[],"{('cubic', 0, 1): 5.258594518293561, ('int', 3, 4): 3.6405523399502693}",{},dgp5,sr_pds,NL + linear conf.,SR-PDS,0.5
77,False,0.5799840247863197,0.13258370969109376,0.32011995379177594,0.8398480957808635,sr_pds,sr_pds,"[('cubic', 0, 1), ('log', 2, None)]",[],"[('cubic', 0, 1), ('log', 2, None)]",[],"{('cubic', 0, 1): 4.96091614341122, ('log', 2, None): -5.031674487308865}",{},dgp5,sr_pds,NL + linear conf.,SR-PDS,0.5
78,False,0.0859982957420891,0.2442786303301118,-0.39278781970493,0.5647844111891082,sr_pds,sr_pds,"[('cubic', 0, 1)]",[],"[('cubic', 0, 1)]",[],"{('cubic', 0, 1): 5.36390006968172}",{},dgp5,sr_pds,NL + linear conf.,SR-PDS,0.5
79,False,0.5300958219986335,0.31340968608920855,-0.08418716273621529,1.1443788067334824,sr_pds,sr_pds,"[('cubic', 0, 1)]",[],"[('cubic', 0, 1)]",[],"{('cubic', 0, 1): 5.102304256234853}",{},dgp5,sr_pds,NL + linear conf.,SR-PDS,0.5
80,False,0.7737354327600343,0.2609250902202251,0.2623222559283932,1.2851486095916753,sr_pds,sr_pds,"[('cubic', 0, 1)]",[],"[('cubic', 0, 1)]",[],"{('cubic', 0, 1): 5.148279770665276}",{},dgp5,sr_pds,NL + linear conf.,SR-PDS,0.5
81,False,0.8126409036420247,0.42088331185218436,-0.012290387588256624,1.6375721948723059,sr_pds,sr_pds,"[('sq', 2, None)]",[],"[('sq', 2, None)]",[],"{('sq', 2, None): -2.1612297175682396}",{},dgp5,sr_pds,NL + linear conf.,SR-PDS,0.5
82,False,0.756359032497019,0.28569845543498795,0.19639005984444258,1.3163280051495954,sr_pds,sr_pds,"[('cubic', 0, 1)]",[],"[('cubic', 0, 1)]",[],"{('cubic', 0, 1): 4.876209762542051}",{},dgp5,sr_pds,NL + linear conf.,SR-PDS,0.5
83,False,0.3875038350063423,0.12405372024282756,0.14435854333040027,0.6306491266822842,sr_pds,sr_pds,"[('cubic', 0, 1), ('int', 0, 1), ('log', 2, None)]",[],"[('cubic', 0, 1), ('log', 2, None)]",[],"{('cubic', 0, 1): 5.058958314122582, ('log', 2, None): -5.006145732355959}",{},dgp5,sr_pds,NL + linear conf.,SR-PDS,0.5
84,False,0.4296393209587104,0.2716229884952839,-0.10274173649204599,0.9620203784094667,sr_pds,sr_pds,"[('cubic', 0, 1)]",[],"[('cubic', 0, 1)]",[],"{('cubic', 0, 1): 4.900079389661193}",{},dgp5,sr_pds,NL + linear conf.,SR-PDS,0.5
85,False,0.43614079182278404,0.12484910095267694,0.19143655395553724,0.6808450296900308,sr_pds,sr_pds,"[('cubic', 0, 1), ('log', 2, None)]",[],"[('cubic', 0, 1), ('log', 2, None)]",[],"{('cubic', 0, 1): 5.087610106061624, ('log', 2, None): -4.975721650171722}",{},dgp5,sr_pds,NL + linear conf.,SR-PDS,0.5
86,False,0.7975400983709944,0.124113011680979,0.5542785954762756,1.0408016012657133,sr_pds,sr_pds,"[('cubic', 0, 1), ('log', 2, None)]",[],"[('cubic', 0, 1), ('log', 2, None)]",[],"{('cubic', 0, 1): 5.134721365347012, ('log', 2, None): -5.090880855390361}",{},dgp5,sr_pds,NL + linear conf.,SR-PDS,0.5
87,False,0.31812660773664037,0.13356724987317573,0.056334797985215956,0.5799184174880647,sr_pds,sr_pds,"[('cubic', 0, 1), ('log', 2, None)]",[],"[('cubic', 0, 1), ('log', 2, None)]",[],"{('cubic', 0, 1): 4.978056003168749, ('log', 2, None): -5.1969671687974}",{},dgp5,sr_pds,NL + linear conf.,SR-PDS,0.5
88,False,0.8669769325505352,0.32314525451272386,0.23361223370559647,1.5003416313954738,sr_pds,sr_pds,"[('cubic', 0, 1)]",[],"[('cubic', 0, 1)]",[],"{('cubic', 0, 1): 5.074843468356452}",{},dgp5,sr_pds,NL + linear conf.,SR-PDS,0.5
89,False,0.3500861003807327,0.2724443428924062,-0.18390481168838352,0.8840770124498489,sr_pds,sr_pds,"[('cubic', 0, 1), ('int', 3, 4)]",[],"[('cubic', 0, 1), ('int', 3, 4)]",[],"{('cubic', 0, 1): 4.881768194611472, ('int', 3, 4): 3.118428285793693}",{},dgp5,sr_pds,NL + linear conf.,SR-PDS,0.5
90,False,0.4826018628968126,0.1717127598352759,0.14604485361967184,0.8191588721739533,sr_pds,sr_pds,"[('cubic', 0, 1), ('log', 2, None)]",[],"[('cubic', 0, 1), ('log', 2, None)]",[],"{('cubic', 0, 1): 4.94227800061581, ('log', 2, None): -4.815661523683208}",{},dgp5,sr_pds,NL + linear conf.,SR-PDS,0.5
91,False,0.5967070198473716,0.11528899998701853,0.3707405798728153,0.822673459821928,sr_pds,sr_pds,"[('cubic', 0, 1), ('log', 2, None)]",[],"[('cubic', 0, 1), ('log', 2, None)]",[],"{('cubic', 0, 1): 5.031315466172757, ('log', 2, None): -4.95951826534931}",{},dgp5,sr_pds,NL + linear conf.,SR-PDS,0.5
92,False,0.8603984895239503,0.2506469192397767,0.3691305278139879,1.3516664512339127,sr_pds,sr_pds,"[('cubic', 0, 1)]",[],"[('cubic', 0, 1)]",[],"{('cubic', 0, 1): 4.862207315331128}",{},dgp5,sr_pds,NL + linear conf.,SR-PDS,0.5
93,False,0.49960926167202013,0.12771454152160192,0.2492887602896804,0.7499297630543599,sr_pds,sr_pds,"[('cubic', 0, 1), ('log', 2, None)]",[],"[('cubic', 0, 1), ('log', 2, None)]",[],"{('cubic', 0, 1): 5.00052397644722, ('log', 2, None): -5.145234089184979}",{},dgp5,sr_pds,NL + linear conf.,SR-PDS,0.5
94,False,0.38715141658583807,0.14079378243492552,0.11119560301338405,0.6631072301582921,sr_pds,sr_pds,"[('cubic', 0, 1), ('log', 2, None)]",[],"[('cubic', 0, 1), ('log', 2, None)]",[],"{('cubic', 0, 1): 4.998642139007041, ('log', 2, None): -5.032743597039493}",{},dgp5,sr_pds,NL + linear conf.,SR-PDS,0.5
95,False,0.6207176427723392,0.3010562450685335,0.03064740243801356,1.210787883106665,sr_pds,sr_pds,"[('cubic', 0, 1)]",[],"[('cubic', 0, 1)]",[],"{('cubic', 0, 1): 5.146180528025907}",{},dgp5,sr_pds,NL + linear conf.,SR-PDS,0.5
96,False,0.19462124773296643,0.13518078234312492,-0.0703330856595584,0.45957558112549124,sr_pds,sr_pds,"[('cubic', 0, 1), ('log', 2, None)]",[],"[('cubic', 0, 1), ('log', 2, None)]",[],"{('cubic', 0, 1): 5.00087791411817, ('log', 2, None): -5.071738321524848}",{},dgp5,sr_pds,NL + linear conf.,SR-PDS,0.5
97,False,0.6187392480663683,0.24755842167935677,0.13352474157482902,1.1039537545579075,sr_pds,sr_pds,"[('cubic', 0, 1)]",[],"[('cubic', 0, 1)]",[],"{('cubic', 0, 1): 4.671260916850248}",{},dgp5,sr_pds,NL + linear conf.,SR-PDS,0.5
98,False,0.45030642746133953,0.17121411589759278,0.1147267603020577,0.7858860946206214,sr_pds,sr_pds,"[('cubic', 0, 1), ('log', 2, None)]",[],"[('cubic', 0, 1), ('log', 2, None)]",[],"{('cubic', 0, 1): 4.874345095254321, ('log', 2, None): -4.8137636006308835}",{},dgp5,sr_pds,NL + linear conf.,SR-PDS,0.5
99,False,0.6361976713902702,0.3701424723597692,-0.0892815744348775,1.361676917215418,sr_pds,sr_pds,[],[],[],[],{},{},dgp5,sr_pds,NL + linear conf.,SR-PDS,0.5
100,False,0.7374623948225455,0.3906560852986136,-0.028223532362737225,1.5031483220078283,sr_pds,sr_pds,[],[],[],[],{},{},dgp5,sr_pds,NL + linear conf.,SR-PDS,0.5
101,False,0.6503198089977683,0.14133376753125543,0.3733056246365077,0.927333993359029,sr_pds,sr_pds,"[('cubic', 0, 1), ('log', 2, None)]",[],"[('cubic', 0, 1), ('log', 2, None)]",[],"{('cubic', 0, 1): 5.173883532683051, ('log', 2, None): -4.858252836962445}",{},dgp5,sr_pds,NL + linear conf.,SR-PDS,0.5
102,False,0.6681820557101955,0.13254266603108206,0.4083984302892747,0.9279656811311163,sr_pds,sr_pds,"[('cubic', 0, 1), ('log', 2, None)]",[],"[('cubic', 0, 1), ('log', 2, None)]",[],"{('cubic', 0, 1): 5.25670741767113, ('log', 2, None): -4.842227416969423}",{},dgp5,sr_pds,NL + linear conf.,SR-PDS,0.5
103,False,0.6768096898048845,0.3793964976676952,-0.06680744562379803,1.4204268252335672,sr_pds,sr_pds,[],[],[],[],{},{},dgp5,sr_pds,NL + linear conf.,SR-PDS,0.5
104,False,0.30757220726092444,0.3870233314969336,-0.4509935224730654,1.0661379369949142,sr_pds,sr_pds,[],[],[],[],{},{},dgp5,sr_pds,NL + linear conf.,SR-PDS,0.5
105,False,0.24442975497889627,0.1336894993230025,-0.017601663694188613,0.5064611736519812,sr_pds,sr_pds,"[('cubic', 0, 1), ('log', 2, None)]",[],"[('cubic', 0, 1), ('log', 2, None)]",[],"{('cubic', 0, 1): 5.108925643849545, ('log', 2, None): -4.9104356266502585}",{},dgp5,sr_pds,NL + linear conf.,SR-PDS,0.5
106,False,0.3720303223831687,0.1394894676178562,0.09863096585217057,0.6454296789141668,sr_pds,sr_pds,"[('cubic', 0, 1), ('log', 2, None)]",[],"[('cubic', 0, 1), ('log', 2, None)]",[],"{('cubic', 0, 1): 4.885106576242292, ('log', 2, None): -5.039796426315877}",{},dgp5,sr_pds,NL + linear conf.,SR-PDS,0.5
107,False,0.25228851409171077,0.2644431180671564,-0.2660199973199158,0.7705970255033374,sr_pds,sr_pds,"[('log', 2, None)]",[],"[('log', 2, None)]",[],"{('log', 2, None): -4.907767868314119}",{},dgp5,sr_pds,NL + linear conf.,SR-PDS,0.5
108,False,0.5744602765730521,0.2518213275564894,0.08089047456233289,1.0680300785837713,sr_pds,sr_pds,"[('cubic', 0, 1)]",[],"[('cubic', 0, 1)]",[],"{('cubic', 0, 1): 5.161257742487363}",{},dgp5,sr_pds,NL + linear conf.,SR-PDS,0.5
109,False,0.5604047610953745,0.3675259558232984,-0.15994611231829037,1.2807556345090394,sr_pds,sr_pds,"[('cubic', 0, 1)]",[],"[('cubic', 0, 1)]",[],"{('cubic', 0, 1): 4.961978043157669}",{},dgp5,sr_pds,NL + linear conf.,SR-PDS,0.5
110,False,0.5528821892919242,0.14417218416124408,0.2703047083358858,0.8354596702479626,sr_pds,sr_pds,"[('cubic', 0, 1), ('log', 2, None)]",[],"[('cubic', 0, 1), ('log', 2, None)]",[],"{('cubic', 0, 1): 4.933072834108885, ('log', 2, None): -5.089480561602126}",{},dgp5,sr_pds,NL + linear conf.,SR-PDS,0.5
111,False,0.13139072927738077,0.30422672459066813,-0.4648936509203288,0.7276751094750904,sr_pds,sr_pds,"[('cubic', 0, 1)]",[],"[('cubic', 0, 1)]",[],"{('cubic', 0, 1): 5.276651551135215}",{},dgp5,sr_pds,NL + linear conf.,SR-PDS,0.5
112,False,0.2852084778893064,0.29832455812653197,-0.2995076560386963,0.8699246118173092,sr_pds,sr_pds,"[('cubic', 0, 1)]",[],"[('cubic', 0, 1)]",[],"{('cubic', 0, 1): 5.046486974342105}",{},dgp5,sr_pds,NL + linear conf.,SR-PDS,0.5
113,False,0.6775889203124225,0.14260173283283853,0.3980895239600589,0.957088316664786,sr_pds,sr_pds,"[('cubic', 0, 1), ('log', 2, None)]",[],"[('cubic', 0, 1), ('log', 2, None)]",[],"{('cubic', 0, 1): 5.050311236754762, ('log', 2, None): -4.981992227326846}",{},dgp5,sr_pds,NL + linear conf.,SR-PDS,0.5
114,False,0.45467814764614145,0.15206789416928307,0.15662507507434664,0.7527312202179363,sr_pds,sr_pds,"[('cubic', 0, 1), ('log', 2, None)]",[],"[('cubic', 0, 1), ('log', 2, None)]",[],"{('cubic', 0, 1): 4.959282471156268, ('log', 2, None): -4.952704196631516}",{},dgp5,sr_pds,NL + linear conf.,SR-PDS,0.5
115,False,0.59052357527528,0.2621045922802328,0.07679857440602367,1.1042485761445362,sr_pds,sr_pds,"[('cubic', 0, 1)]",[],"[('cubic', 0, 1)]",[],"{('cubic', 0, 1): 4.968373607660645}",{},dgp5,sr_pds,NL + linear conf.,SR-PDS,0.5
116,False,0.5059143019767035,0.15572123952352276,0.20070067251059892,0.8111279314428081,sr_pds,sr_pds,"[('cubic', 0, 1), ('log', 2, None)]",[],"[('cubic', 0, 1), ('log', 2, None)]",[],"{('cubic', 0, 1): 5.1095626810004635, ('log', 2, None): -4.945273490547612}",{},dgp5,sr_pds,NL + linear conf.,SR-PDS,0.5
117,False,0.3572435187514216,0.25827859704690226,-0.14898253146050688,0.86346956896335,sr_pds,sr_pds,"[('cubic', 0, 1)]",[],"[('cubic', 0, 1)]",[],"{('cubic', 0, 1): 5.030097887419166}",{},dgp5,sr_pds,NL + linear conf.,SR-PDS,0.5
118,False,0.5800969677462481,0.3002598534117877,-0.008412344940855743,1.168606280433352,sr_pds,sr_pds,"[('cubic', 0, 1)]",[],"[('cubic', 0, 1)]",[],"{('cubic', 0, 1): 5.357680354422646}",{},dgp5,sr_pds,NL + linear conf.,SR-PDS,0.5
119,False,0.48193911522586486,0.15848589873519325,0.17130675370488607,0.7925714767468437,sr_pds,sr_pds,"[('cubic', 0, 1), ('log', 2, None)]",[],"[('cubic', 0, 1), ('log', 2, None)]",[],"{('cubic', 0, 1): 5.0533431697040845, ('log', 2, None): -5.04187883034706}",{},dgp5,sr_pds,NL + linear conf.,SR-PDS,0.5
120,False,0.4388681569142616,0.04315355698324061,0.35428718522711,0.5234491286014132,sr_pds,sr_pds,"[('cubic', 0, 1), ('int', 3, 4), ('log', 2, None)]",[],"[('cubic', 0, 1), ('int', 3, 4), ('log', 2, None)]",[],"{('cubic', 0, 1): 5.02693159321549, ('int', 3, 4): 3.060599996571585, ('log', 2, None): -5.021584757673875}",{},dgp5,sr_pds,NL + linear conf.,SR-PDS,0.5
121,False,0.4769887240641867,0.27609386328802454,-0.06415524798034145,1.0181326961087147,sr_pds,sr_pds,"[('cubic', 0, 1)]",[],"[('cubic', 0, 1)]",[],"{('cubic', 0, 1): 4.951369495512806}",{},dgp5,sr_pds,NL + linear conf.,SR-PDS,0.5
122,False,0.23696778695530316,0.26274984902864007,-0.27802191714083135,0.7519574910514377,sr_pds,sr_pds,"[('cubic', 0, 1), ('int', 3, 4)]",[],"[('cubic', 0, 1), ('int', 3, 4)]",[],"{('cubic', 0, 1): 5.255614716105881, ('int', 3, 4): 3.168501037922969}",{},dgp5,sr_pds,NL + linear conf.,SR-PDS,0.5
123,False,-0.09481891462433541,0.31268010571688526,-0.7076719218294305,0.5180340925807596,sr_pds,sr_pds,"[('cubic', 0, 1), ('int', 0, 1)]",[],"[('cubic', 0, 1), ('int', 0, 1)]",[],"{('cubic', 0, 1): 4.982249197922003, ('int', 0, 1): -0.5418633894847472}",{},dgp5,sr_pds,NL + linear conf.,SR-PDS,0.5
124,False,0.5563090957170574,0.30707064543424406,-0.04554936933406095,1.1581675607681758,sr_pds,sr_pds,"[('cubic', 0, 1)]",[],"[('cubic', 0, 1)]",[],"{('cubic', 0, 1): 5.069585705085138}",{},dgp5,sr_pds,NL + linear conf.,SR-PDS,0.5
125,False,0.6125565796183877,0.2758860489656992,0.07181992364561729,1.1532932355911583,sr_pds,sr_pds,"[('cubic', 0, 1)]",[],"[('cubic', 0, 1)]",[],"{('cubic', 0, 1): 4.747398385271766}",{},dgp5,sr_pds,NL + linear conf.,SR-PDS,0.5
126,False,0.4482317434604267,0.0480147374013742,0.3541228581537333,0.5423406287671202,sr_pds,sr_pds,"[('cubic', 0, 1), ('int', 3, 4), ('log', 2, None)]",[],"[('cubic', 0, 1), ('int', 3, 4), ('log', 2, None)]",[],"{('cubic', 0, 1): 4.962997500267339, ('int', 3, 4): 2.9780653061418505, ('log', 2, None): -4.973972785539864}",{},dgp5,sr_pds,NL + linear conf.,SR-PDS,0.5
127,False,0.5166678853639335,0.12883507735605712,0.26415113374606153,0.7691846369818054,sr_pds,sr_pds,"[('cubic', 0, 1), ('log', 2, None)]",[],"[('cubic', 0, 1), ('log', 2, None)]",[],"{('cubic', 0, 1): 5.1407195440447255, ('log', 2, None): -5.129821325114121}",{},dgp5,sr_pds,NL + linear conf.,SR-PDS,0.5
128,False,0.4673377708309884,0.3095196930397466,-0.13932082752691488,1.0739963691888916,sr_pds,sr_pds,"[('cubic', 0, 1)]",[],"[('cubic', 0, 1)]",[],"{('cubic', 0, 1): 5.034356150211429}",{},dgp5,sr_pds,NL + linear conf.,SR-PDS,0.5
129,False,0.5556632749510484,0.10451149397896375,0.3508207467522795,0.7605058031498173,sr_pds,sr_pds,"[('cubic', 0, 1), ('int', 3, 4), ('sqrt', 2, None)]",[],"[('cubic', 0, 1), ('int', 3, 4), ('sqrt', 2, None)]",[],"{('cubic', 0, 1): 5.037408702861522, ('int', 3, 4): 3.124333074505512, ('sqrt', 2, None): -14.176498641625846}",{},dgp5,sr_pds,NL + linear conf.,SR-PDS,0.5
130,False,0.3431994968545217,0.24537623275278642,-0.13773791934093965,0.8241369130499832,sr_pds,sr_pds,"[('cubic', 0, 1)]",[],"[('cubic', 0, 1)]",[],"{('cubic', 0, 1): 4.790831545268076}",{},dgp5,sr_pds,NL + linear conf.,SR-PDS,0.5
131,False,0.21569562234027348,0.3276604472554972,-0.42651885428050096,0.857910098961048,sr_pds,sr_pds,"[('cubic', 0, 1), ('int', 0, 1)]",[],"[('cubic', 0, 1)]",[],"{('cubic', 0, 1): 5.126037842438422}",{},dgp5,sr_pds,NL + linear conf.,SR-PDS,0.5
132,False,0.4599185756947986,0.13849424363193927,0.18846985817619766,0.7313672932133995,sr_pds,sr_pds,"[('cubic', 0, 1), ('log', 2, None)]",[],"[('cubic', 0, 1), ('log', 2, None)]",[],"{('cubic', 0, 1): 4.956215568587923, ('log', 2, None): -4.8725153163769255}",{},dgp5,sr_pds,NL + linear conf.,SR-PDS,0.5
133,False,0.6335633464433822,0.16326208660632485,0.3135696566949855,0.9535570361917789,sr_pds,sr_pds,"[('cubic', 0, 1), ('log', 2, None)]",[],"[('cubic', 0, 1), ('log', 2, None)]",[],"{('cubic', 0, 1): 4.876944232745866, ('log', 2, None): -5.055588323637929}",{},dgp5,sr_pds,NL + linear conf.,SR-PDS,0.5
134,False,0.4144002975497978,0.1254194545920596,0.16857816654936097,0.6602224285502346,sr_pds,sr_pds,"[('cubic', 0, 1), ('log', 2, None)]",[],"[('cubic', 0, 1), ('log', 2, None)]",[],"{('cubic', 0, 1): 5.000434274951698, ('log', 2, None): -5.092694558179129}",{},dgp5,sr_pds,NL + linear conf.,SR-PDS,0.5
135,False,0.906794896886831,0.31509007646065135,0.28921834702395444,1.5243714467497076,sr_pds,sr_pds,"[('cubic', 0, 1)]",[],"[('cubic', 0, 1)]",[],"{('cubic', 0, 1): 4.424526014222428}",{},dgp5,sr_pds,NL + linear conf.,SR-PDS,0.5
136,False,0.6542401342034853,0.13331958163348095,0.3929337542018626,0.9155465142051079,sr_pds,sr_pds,"[('cubic', 0, 1), ('log', 2, None)]",[],"[('cubic', 0, 1), ('log', 2, None)]",[],"{('cubic', 0, 1): 5.112403045220037, ('log', 2, None): -4.964340546035221}",{},dgp5,sr_pds,NL + linear conf.,SR-PDS,0.5
137,False,0.8236847318521547,0.2634413648447515,0.3073396567564418,1.3400298069478676,sr_pds,sr_pds,"[('cubic', 0, 1)]",[],"[('cubic', 0, 1)]",[],"{('cubic', 0, 1): 4.893434115886523}",{},dgp5,sr_pds,NL + linear conf.,SR-PDS,0.5
138,False,0.17398823603219193,0.2803613156604309,-0.3755199426622525,0.7234964147266364,sr_pds,sr_pds,"[('cubic', 0, 1)]",[],"[('cubic', 0, 1)]",[],"{('cubic', 0, 1): 4.768273770408784}",{},dgp5,sr_pds,NL + linear conf.,SR-PDS,0.5
139,False,0.4204346617622038,0.30297134743013826,-0.17338917920086716,1.0142585027252746,sr_pds,sr_pds,"[('cubic', 0, 1)]",[],"[('cubic', 0, 1)]",[],"{('cubic', 0, 1): 4.788341504176142}",{},dgp5,sr_pds,NL + linear conf.,SR-PDS,0.5
140,False,0.3267263698288359,0.2973756222298863,-0.2561298497417412,0.9095825893994129,sr_pds,sr_pds,"[('cubic', 0, 1)]",[],"[('cubic', 0, 1)]",[],"{('cubic', 0, 1): 4.822963086311335}",{},dgp5,sr_pds,NL + linear conf.,SR-PDS,0.5
141,False,0.35642155194600916,0.24599598236875575,-0.1257305734967521,0.8385736773887704,sr_pds,sr_pds,"[('log', 2, None)]",[],"[('log', 2, None)]",[],"{('log', 2, None): -4.838924944928477}",{},dgp5,sr_pds,NL + linear conf.,SR-PDS,0.5
142,False,0.27890565640008846,0.13709376755540337,0.010201871991497857,0.5476094408086791,sr_pds,sr_pds,"[('cubic', 0, 1), ('log', 2, None)]",[],"[('cubic', 0, 1), ('log', 2, None)]",[],"{('cubic', 0, 1): 5.031027223475984, ('log', 2, None): -5.18949345156394}",{},dgp5,sr_pds,NL + linear conf.,SR-PDS,0.5
143,False,0.5328310550407842,0.29579958158467257,-0.04693612486517407,1.1125982349467425,sr_pds,sr_pds,"[('cubic', 0, 1)]",[],"[('cubic', 0, 1)]",[],"{('cubic', 0, 1): 5.085281974572659}",{},dgp5,sr_pds,NL + linear conf.,SR-PDS,0.5
144,False,0.4089057089897383,0.28095797736754136,-0.14177192665064275,0.9595833446301194,sr_pds,sr_pds,"[('cubic', 0, 1)]",[],"[('cubic', 0, 1)]",[],"{('cubic', 0, 1): 5.340264006532628}",{},dgp5,sr_pds,NL + linear conf.,SR-PDS,0.5
145,False,0.675689729681712,0.15251279111028082,0.3767646591055616,0.9746148002578625,sr_pds,sr_pds,"[('cubic', 0, 1), ('log', 2, None)]",[],"[('cubic', 0, 1), ('log', 2, None)]",[],"{('cubic', 0, 1): 4.986217593239947, ('log', 2, None): -4.947188511666571}",{},dgp5,sr_pds,NL + linear conf.,SR-PDS,0.5
146,False,0.5634043470662518,0.44472381714176445,-0.30825433453160656,1.4350630286641102,sr_pds,sr_pds,[],[],[],[],{},{},dgp5,sr_pds,NL + linear conf.,SR-PDS,0.5
147,False,0.22917282751529391,0.13047367257209652,-0.02655557072601525,0.4849012257566031,sr_pds,sr_pds,"[('cubic', 0, 1), ('log', 2, None)]",[],"[('cubic', 0, 1), ('log', 2, None)]",[],"{('cubic', 0, 1): 5.054075348638758, ('log', 2, None): -4.9599952171434225}",{},dgp5,sr_pds,NL + linear conf.,SR-PDS,0.5
148,False,0.43025590799363045,0.30643282916966447,-0.1703524371789119,1.0308642531661727,sr_pds,sr_pds,"[('cubic', 0, 1)]",[],"[('cubic', 0, 1)]",[],"{('cubic', 0, 1): 5.095123374714066}",{},dgp5,sr_pds,NL + linear conf.,SR-PDS,0.5
149,False,0.47550489271464347,0.1529019866274368,0.17581699892486735,0.7751927865044196,sr_pds,sr_pds,"[('cubic', 0, 1), ('log', 2, None)]",[],"[('cubic', 0, 1), ('log', 2, None)]",[],"{('cubic', 0, 1): 5.0338664477933435, ('log', 2, None): -4.987697779259112}",{},dgp5,sr_pds,NL + linear conf.,SR-PDS,0.5
150,False,0.6491780786339526,0.1589265784157758,0.33768198493903206,0.9606741723288732,sr_pds,sr_pds,"[('cubic', 0, 1), ('log', 2, None)]",[],"[('cubic', 0, 1), ('log', 2, None)]",[],"{('cubic', 0, 1): 5.121904458958592, ('log', 2, None): -5.213088419485303}",{},dgp5,sr_pds,NL + linear conf.,SR-PDS,0.5
151,False,0.6167365511141194,0.28676041221897425,0.05468614316492992,1.1787869590633089,sr_pds,sr_pds,"[('cubic', 0, 1)]",[],"[('cubic', 0, 1)]",[],"{('cubic', 0, 1): 5.438710235214979}",{},dgp5,sr_pds,NL + linear conf.,SR-PDS,0.5
152,False,0.45018817968862945,0.15083362546190315,0.15455427378329928,0.7458220855939597,sr_pds,sr_pds,"[('cubic', 0, 1), ('log', 2, None)]",[],"[('cubic', 0, 1), ('log', 2, None)]",[],"{('cubic', 0, 1): 4.8844813562671625, ('log', 2, None): -4.774186486089409}",{},dgp5,sr_pds,NL + linear conf.,SR-PDS,0.5
153,False,0.5144860939753213,0.13380573763239903,0.2522268482158192,0.7767453397348234,sr_pds,sr_pds,"[('cubic', 0, 1), ('log', 2, None)]",[],"[('cubic', 0, 1), ('log', 2, None)]",[],"{('cubic', 0, 1): 4.860663891027711, ('log', 2, None): -4.884021010493702}",{},dgp5,sr_pds,NL + linear conf.,SR-PDS,0.5
154,False,0.14268879631714415,0.28555816597870015,-0.41700520900110816,0.7023828016353965,sr_pds,sr_pds,"[('cubic', 0, 1)]",[],"[('cubic', 0, 1)]",[],"{('cubic', 0, 1): 5.057726479009858}",{},dgp5,sr_pds,NL + linear conf.,SR-PDS,0.5
155,False,0.498945756056035,0.269126014320527,-0.028541232012197937,1.0264327441242678,sr_pds,sr_pds,"[('cubic', 0, 1)]",[],"[('cubic', 0, 1)]",[],"{('cubic', 0, 1): 5.189800229723573}",{},dgp5,sr_pds,NL + linear conf.,SR-PDS,0.5
156,False,-0.1325222770437917,0.25193291034670484,-0.6263107813233332,0.36126622723574975,sr_pds,sr_pds,"[('cubic', 0, 1)]",[],"[('cubic', 0, 1)]",[],"{('cubic', 0, 1): 4.951013958773354}",{},dgp5,sr_pds,NL + linear conf.,SR-PDS,0.5
157,False,0.6532761081178805,0.2519139993629865,0.159524669366427,1.147027546869334,sr_pds,sr_pds,"[('cubic', 0, 1)]",[],"[('cubic', 0, 1)]",[],"{('cubic', 0, 1): 5.121420286620995}",{},dgp5,sr_pds,NL + linear conf.,SR-PDS,0.5
158,False,0.6475355011372945,0.326413637436136,0.007764771762468037,1.287306230512121,sr_pds,sr_pds,"[('cubic', 0, 1)]",[],"[('cubic', 0, 1)]",[],"{('cubic', 0, 1): 4.966394597060517}",{},dgp5,sr_pds,NL + linear conf.,SR-PDS,0.5
159,False,0.4498801063111997,0.1472286910690711,0.1613118718158203,0.7384483408065791,sr_pds,sr_pds,"[('cubic', 0, 1), ('sqrt', 2, None)]",[],"[('cubic', 0, 1), ('sqrt', 2, None)]",[],"{('cubic', 0, 1): 4.905323344964433, ('sqrt', 2, None): -14.947860705543663}",{},dgp5,sr_pds,NL + linear conf.,SR-PDS,0.5
160,False,0.5710310598464057,0.15384537700755607,0.2694941209115958,0.8725679987812156,sr_pds,sr_pds,"[('cubic', 0, 1), ('log', 2, None)]",[],"[('cubic', 0, 1), ('log', 2, None)]",[],"{('cubic', 0, 1): 5.0138737995951015, ('log', 2, None): -5.217170993527731}",{},dgp5,sr_pds,NL + linear conf.,SR-PDS,0.5
161,False,0.744371408263419,0.27424887255439667,0.20684361805680151,1.2818991984700365,sr_pds,sr_pds,"[('cubic', 0, 1)]",[],"[('cubic', 0, 1)]",[],"{('cubic', 0, 1): 5.396101614202154}",{},dgp5,sr_pds,NL + linear conf.,SR-PDS,0.5
162,False,0.45975625315315793,0.13706703127375833,0.19110487185659164,0.7284076344497242,sr_pds,sr_pds,"[('cubic', 0, 1), ('log', 2, None)]",[],"[('cubic', 0, 1), ('log', 2, None)]",[],"{('cubic', 0, 1): 4.82110377027937, ('log', 2, None): -5.169390249395456}",{},dgp5,sr_pds,NL + linear conf.,SR-PDS,0.5
163,False,0.22288324002016185,0.2607719824201183,-0.28822984552326997,0.7339963255635937,sr_pds,sr_pds,"[('cubic', 0, 1)]",[],"[('cubic', 0, 1)]",[],"{('cubic', 0, 1): 4.935057240239966}",{},dgp5,sr_pds,NL + linear conf.,SR-PDS,0.5
164,False,0.1690555425810685,0.3034535827239439,-0.42571347955786154,0.7638245647199985,sr_pds,sr_pds,"[('cubic', 0, 1)]",[],"[('cubic', 0, 1)]",[],"{('cubic', 0, 1): 4.970694057461876}",{},dgp5,sr_pds,NL + linear conf.,SR-PDS,0.5
165,False,0.5241416904835355,0.143476358901876,0.24292802703585858,0.8053553539312125,sr_pds,sr_pds,"[('cubic', 0, 1), ('log', 2, None)]",[],"[('cubic', 0, 1), ('log', 2, None)]",[],"{('cubic', 0, 1): 4.840251181233265, ('log', 2, None): -5.122001747195675}",{},dgp5,sr_pds,NL + linear conf.,SR-PDS,0.5
166,False,0.47787159680170493,0.13230918444852666,0.2185455952825927,0.7371975983208172,sr_pds,sr_pds,"[('cubic', 0, 1), ('log', 2, None)]",[],"[('cubic', 0, 1), ('log', 2, None)]",[],"{('cubic', 0, 1): 4.936301421468291, ('log', 2, None): -5.000992809808293}",{},dgp5,sr_pds,NL + linear conf.,SR-PDS,0.5
167,False,0.19190167716686077,0.15509768109718855,-0.1120897777836288,0.4958931321173503,sr_pds,sr_pds,"[('cubic', 0, 1), ('sqrt', 2, None)]",[],"[('cubic', 0, 1), ('sqrt', 2, None)]",[],"{('cubic', 0, 1): 4.911183762849597, ('sqrt', 2, None): -14.96544128314645}",{},dgp5,sr_pds,NL + linear conf.,SR-PDS,0.5
168,False,0.5883868063902177,0.3526776602522022,-0.10286140770409868,1.279635020484534,sr_pds,sr_pds,[],[],[],[],{},{},dgp5,sr_pds,NL + linear conf.,SR-PDS,0.5
169,False,0.5102636351331888,0.25606576730557606,0.0083747312142598,1.012152539052118,sr_pds,sr_pds,"[('cubic', 0, 1), ('int', 3, 4)]",[],"[('cubic', 0, 1), ('int', 3, 4)]",[],"{('cubic', 0, 1): 5.129577973117402, ('int', 3, 4): 3.092236750132278}",{},dgp5,sr_pds,NL + linear conf.,SR-PDS,0.5
170,False,0.5648621921080798,0.1532302691020305,0.2645308646681,0.8651935195480596,sr_pds,sr_pds,"[('cubic', 0, 1), ('log', 2, None)]",[],"[('cubic', 0, 1), ('log', 2, None)]",[],"{('cubic', 0, 1): 5.079833333428387, ('log', 2, None): -4.797069299352592}",{},dgp5,sr_pds,NL + linear conf.,SR-PDS,0.5
171,False,0.5188914027988872,0.04684076745518955,0.42708349858671574,0.6106993070110588,sr_pds,sr_pds,"[('cubic', 0, 1), ('int', 3, 4), ('log', 2, None)]",[],"[('cubic', 0, 1), ('int', 3, 4), ('log', 2, None)]",[],"{('cubic', 0, 1): 5.029115865126565, ('int', 3, 4): 3.000180742112661, ('log', 2, None): -4.968467242097326}",{},dgp5,sr_pds,NL + linear conf.,SR-PDS,0.5
172,False,0.5926857652887708,0.29523567393786565,0.01402384437055415,1.1713476862069876,sr_pds,sr_pds,"[('sqrt', 2, None)]",[],"[('sqrt', 2, None)]",[],"{('sqrt', 2, None): -15.132368668024986}",{},dgp5,sr_pds,NL + linear conf.,SR-PDS,0.5
173,False,0.25398014173332945,0.3011934536829106,-0.3363590274851754,0.8443193109518343,sr_pds,sr_pds,"[('cubic', 0, 1)]",[],"[('cubic', 0, 1)]",[],"{('cubic', 0, 1): 5.194390678478093}",{},dgp5,sr_pds,NL + linear conf.,SR-PDS,0.5
174,False,1.2011349290808848,0.4003159010988293,0.4165157629271794,1.9857540952345902,sr_pds,sr_pds,[],[],[],[],{},{},dgp5,sr_pds,NL + linear conf.,SR-PDS,0.5
175,False,0.6648430834165205,0.15142867068258228,0.36804288887865927,0.9616432779543818,sr_pds,sr_pds,"[('cubic', 0, 1), ('sqrt', 2, None)]",[],"[('cubic', 0, 1), ('sqrt', 2, None)]",[],"{('cubic', 0, 1): 5.073302408341786, ('sqrt', 2, None): -14.28327485041521}",{},dgp5,sr_pds,NL + linear conf.,SR-PDS,0.5
176,False,0.46244408065629355,0.2738537209958152,-0.0743092124955042,0.9991973738080913,sr_pds,sr_pds,"[('cubic', 0, 1)]",[],"[('cubic', 0, 1)]",[],"{('cubic', 0, 1): 4.991841373137899}",{},dgp5,sr_pds,NL + linear conf.,SR-PDS,0.5
177,False,0.19789059072568524,0.3700654322615554,-0.5274376565069633,0.9232188379583338,sr_pds,sr_pds,"[('int', 3, 4), ('sqrt', 0, None)]",[],"[('int', 3, 4)]",[],"{('int', 3, 4): 1.7759806978113204}",{},dgp5,sr_pds,NL + linear conf.,SR-PDS,0.5
178,False,0.36983503425818576,0.2799443577912957,-0.17885590701275378,0.9185259755291253,sr_pds,sr_pds,"[('cubic', 0, 1)]",[],"[('cubic', 0, 1)]",[],"{('cubic', 0, 1): 5.069911563705247}",{},dgp5,sr_pds,NL + linear conf.,SR-PDS,0.5
179,False,0.3842350670859479,0.26067717064224427,-0.12669218737285082,0.8951623215447466,sr_pds,sr_pds,"[('cubic', 0, 1), ('sq', 2, None)]",[],"[('cubic', 0, 1), ('sq', 2, None)]",[],"{('cubic', 0, 1): 4.951928437013057, ('sq', 2, None): -2.470754271849497}",{},dgp5,sr_pds,NL + linear conf.,SR-PDS,0.5
180,False,1.0351477882113786,0.46293304239753025,0.1277990251122194,1.9424965513105379,sr_pds,sr_pds,[],[],[],[],{},{},dgp5,sr_pds,NL + linear conf.,SR-PDS,0.5
181,False,0.42365344855338044,0.1382811776284203,0.15262234040167666,0.6946845567050842,sr_pds,sr_pds,"[('cubic', 0, 1), ('log', 2, None)]",[],"[('cubic', 0, 1), ('log', 2, None)]",[],"{('cubic', 0, 1): 4.9695243692744935, ('log', 2, None): -4.672580003691669}",{},dgp5,sr_pds,NL + linear conf.,SR-PDS,0.5
182,False,0.5106780826845536,0.15903960291710184,0.19896046096703401,0.8223957044020732,sr_pds,sr_pds,"[('cubic', 0, 1), ('log', 2, None)]",[],"[('cubic', 0, 1), ('log', 2, None)]",[],"{('cubic', 0, 1): 4.834134109325825, ('log', 2, None): -5.131454344605324}",{},dgp5,sr_pds,NL + linear conf.,SR-PDS,0.5
183,False,0.9033780134817365,0.2861161372618337,0.3425903844485424,1.4641656425149305,sr_pds,sr_pds,"[('cubic', 0, 1)]",[],"[('cubic', 0, 1)]",[],"{('cubic', 0, 1): 4.740294469606355}",{},dgp5,sr_pds,NL + linear conf.,SR-PDS,0.5
184,False,0.28863370347661904,0.11429377163251794,0.06461791107688389,0.5126494958763542,sr_pds,sr_pds,"[('cubic', 0, 1), ('log', 2, None)]",[],"[('cubic', 0, 1), ('log', 2, None)]",[],"{('cubic', 0, 1): 5.055466573793448, ('log', 2, None): -5.014749173803919}",{},dgp5,sr_pds,NL + linear conf.,SR-PDS,0.5
185,False,0.4975616559711289,0.2814078352454908,-0.05399770111003299,1.0491210130522908,sr_pds,sr_pds,"[('cubic', 0, 1)]",[],"[('cubic', 0, 1)]",[],"{('cubic', 0, 1): 4.889072698311437}",{},dgp5,sr_pds,NL + linear conf.,SR-PDS,0.5
186,False,0.3833167639946691,0.13369848270209975,0.12126773789855355,0.6453657900907845,sr_pds,sr_pds,"[('cubic', 0, 1), ('log', 2, None)]",[],"[('cubic', 0, 1), ('log', 2, None)]",[],"{('cubic', 0, 1): 5.007692939687702, ('log', 2, None): -5.1355651191044815}",{},dgp5,sr_pds,NL + linear conf.,SR-PDS,0.5
187,False,0.25657074364102056,0.28425994438536023,-0.3005787473542855,0.8137202346363266,sr_pds,sr_pds,"[('cubic', 0, 1)]",[],"[('cubic', 0, 1)]",[],"{('cubic', 0, 1): 5.018515313917564}",{},dgp5,sr_pds,NL + linear conf.,SR-PDS,0.5
188,False,0.6575799721631801,0.14013477187467221,0.38291581928882257,0.9322441250375376,sr_pds,sr_pds,"[('cubic', 0, 1), ('log', 2, None)]",[],"[('cubic', 0, 1), ('log', 2, None)]",[],"{('cubic', 0, 1): 5.099519283522004, ('log', 2, None): -5.0516922509959485}",{},dgp5,sr_pds,NL + linear conf.,SR-PDS,0.5
189,False,0.5182654333075037,0.04638278788824396,0.4273551690465456,0.6091756975684619,sr_pds,sr_pds,"[('cubic', 0, 1), ('int', 3, 4), ('log', 2, None)]",[],"[('cubic', 0, 1), ('int', 3, 4), ('log', 2, None)]",[],"{('cubic', 0, 1): 4.995733810808734, ('int', 3, 4): 3.000806626967783, ('log', 2, None): -4.982514587020736}",{},dgp5,sr_pds,NL + linear conf.,SR-PDS,0.5
190,False,0.8979602109951488,0.1362070697536455,0.6309943542780037,1.164926067712294,sr_pds,sr_pds,"[('cubic', 0, 1), ('log', 2, None)]",[],"[('cubic', 0, 1), ('log', 2, None)]",[],"{('cubic', 0, 1): 5.0474313019921295, ('log', 2, None): -5.051903136767978}",{},dgp5,sr_pds,NL + linear conf.,SR-PDS,0.5
191,False,0.4101570724537371,0.26264925923051113,-0.10463547563806475,0.924949620545539,sr_pds,sr_pds,"[('cubic', 0, 1)]",[],"[('cubic', 0, 1)]",[],"{('cubic', 0, 1): 5.085962035031762}",{},dgp5,sr_pds,NL + linear conf.,SR-PDS,0.5
192,False,0.7212872363008774,0.2780766279195902,0.17625704557848065,1.2663174270232742,sr_pds,sr_pds,"[('cubic', 0, 1)]",[],"[('cubic', 0, 1)]",[],"{('cubic', 0, 1): 5.20819441799389}",{},dgp5,sr_pds,NL + linear conf.,SR-PDS,0.5
193,False,0.3126038418101713,0.3043039186371013,-0.2838318387185472,0.9090395223388898,sr_pds,sr_pds,"[('cubic', 0, 1)]",[],"[('cubic', 0, 1)]",[],"{('cubic', 0, 1): 4.941789128328738}",{},dgp5,sr_pds,NL + linear conf.,SR-PDS,0.5
194,False,0.41684008418665924,0.12943500679521405,0.1631474708680397,0.6705326975052788,sr_pds,sr_pds,"[('cubic', 0, 1), ('log', 2, None)]",[],"[('cubic', 0, 1), ('log', 2, None)]",[],"{('cubic', 0, 1): 4.985752413247396, ('log', 2, None): -5.118216603823186}",{},dgp5,sr_pds,NL + linear conf.,SR-PDS,0.5
195,False,0.5660612647296293,0.12381093364616966,0.3233918347831367,0.8087306946761218,sr_pds,sr_pds,"[('cubic', 0, 1), ('log', 2, None)]",[],"[('cubic', 0, 1), ('log', 2, None)]",[],"{('cubic', 0, 1): 5.088534772063342, ('log', 2, None): -4.7114021894279885}",{},dgp5,sr_pds,NL + linear conf.,SR-PDS,0.5
196,False,0.47539326715314423,0.3092217300413594,-0.13068132372792018,1.0814678580342085,sr_pds,sr_pds,"[('cubic', 0, 1)]",[],"[('cubic', 0, 1)]",[],"{('cubic', 0, 1): 5.182874066567646}",{},dgp5,sr_pds,NL + linear conf.,SR-PDS,0.5
197,False,1.0167256382702872,0.22962235478714293,0.566665822887487,1.4667854536530873,sr_pds,sr_pds,"[('cubic', 0, 1)]",[],"[('cubic', 0, 1)]",[],"{('cubic', 0, 1): 5.068241467177251}",{},dgp5,sr_pds,NL + linear conf.,SR-PDS,0.5
198,False,0.5389164365271116,0.2816866232274925,-0.013189344998773667,1.091022218052997,sr_pds,sr_pds,"[('cubic', 0, 1)]",[],"[('cubic', 0, 1)]",[],"{('cubic', 0, 1): 5.148146498971256}",{},dgp5,sr_pds,NL + linear conf.,SR-PDS,0.5
199,False,0.7572291317022658,0.13159466199630634,0.4993035941895054,1.0151546692150262,sr_pds,sr_pds,"[('cubic', 0, 1), ('log', 2, None)]",[],"[('cubic', 0, 1), ('log', 2, None)]",[],"{('cubic', 0, 1): 4.890271635231367, ('log', 2, None): -4.999800437552532}",{},dgp5,sr_pds,NL + linear conf.,SR-PDS,0.5
200,False,0.5282041240028376,0.2729844978657145,-0.006845491813962878,1.063253739819638,sr_pds,sr_pds,"[('cubic', 0, 1)]",[],"[('cubic', 0, 1)]",[],"{('cubic', 0, 1): 5.0181870678046145}",{},dgp5,sr_pds,NL + linear conf.,SR-PDS,0.5
201,False,0.6561495411644884,0.26503091166237686,0.13668895430622985,1.175610128022747,sr_pds,sr_pds,"[('cubic', 0, 1)]",[],"[('cubic', 0, 1)]",[],"{('cubic', 0, 1): 4.700620718979973}",{},dgp5,sr_pds,NL + linear conf.,SR-PDS,0.5
202,False,0.2542581672286817,0.260359383361065,-0.25604622415900574,0.7645625586163691,sr_pds,sr_pds,"[('cubic', 0, 1)]",[],"[('cubic', 0, 1)]",[],"{('cubic', 0, 1): 5.049990465294282}",{},dgp5,sr_pds,NL + linear conf.,SR-PDS,0.5
203,False,0.5196622584622863,0.23024260737257282,0.06838674801204359,0.970937768912529,sr_pds,sr_pds,"[('cubic', 0, 1)]",[],"[('cubic', 0, 1)]",[],"{('cubic', 0, 1): 4.776331726159321}",{},dgp5,sr_pds,NL + linear conf.,SR-PDS,0.5
204,False,0.4647261371225407,0.3091341290757218,-0.14117675586587403,1.0706290301109553,sr_pds,sr_pds,"[('cubic', 0, 1)]",[],"[('cubic', 0, 1)]",[],"{('cubic', 0, 1): 5.029326677752049}",{},dgp5,sr_pds,NL + linear conf.,SR-PDS,0.5
205,False,0.3516474749163629,0.1475682189025187,0.06241376586742625,0.6408811839652995,sr_pds,sr_pds,"[('cubic', 0, 1), ('log', 2, None)]",[],"[('cubic', 0, 1), ('log', 2, None)]",[],"{('cubic', 0, 1): 5.063315607761336, ('log', 2, None): -4.993993292515575}",{},dgp5,sr_pds,NL + linear conf.,SR-PDS,0.5
206,False,0.48167459291241305,0.426081784305284,-0.3534457043259435,1.3167948901507696,sr_pds,sr_pds,"[('sqrt', 2, None)]",[],"[('sqrt', 2, None)]",[],"{('sqrt', 2, None): -16.37580039347868}",{},dgp5,sr_pds,NL + linear conf.,SR-PDS,0.5
207,False,0.4615745495862356,0.13576691838265456,0.19547138955623267,0.7276777096162386,sr_pds,sr_pds,"[('cubic', 0, 1), ('log', 2, None)]",[],"[('cubic', 0, 1), ('log', 2, None)]",[],"{('cubic', 0, 1): 5.238962512948342, ('log', 2, None): -4.912887263136433}",{},dgp5,sr_pds,NL + linear conf.,SR-PDS,0.5
208,False,0.3952561055483657,0.14200193343622342,0.11693231601336784,0.6735798950833636,sr_pds,sr_pds,"[('cubic', 0, 1), ('log', 2, None)]",[],"[('cubic', 0, 1), ('log', 2, None)]",[],"{('cubic', 0, 1): 5.090744190418023, ('log', 2, None): -4.923404516399794}",{},dgp5,sr_pds,NL + linear conf.,SR-PDS,0.5
209,False,0.44355361519899056,0.27492543054108887,-0.09530022866154358,0.9824074590595246,sr_pds,sr_pds,"[('cubic', 0, 1)]",[],"[('cubic', 0, 1)]",[],"{('cubic', 0, 1): 4.798344127659291}",{},dgp5,sr_pds,NL + linear conf.,SR-PDS,0.5
210,False,0.5449593200204066,0.277296086225173,0.001458991019067546,1.0884596490217455,sr_pds,sr_pds,"[('cubic', 0, 1)]",[],"[('cubic', 0, 1)]",[],"{('cubic', 0, 1): 4.638537281219006}",{},dgp5,sr_pds,NL + linear conf.,SR-PDS,0.5
211,False,0.2131568272821165,0.37515112845922605,-0.5221393844979666,0.9484530390621996,sr_pds,sr_pds,[],[],[],[],{},{},dgp5,sr_pds,NL + linear conf.,SR-PDS,0.5
212,False,0.5231347902422039,0.11317962796597303,0.30130271942889675,0.744966861055511,sr_pds,sr_pds,"[('cubic', 0, 1), ('log', 2, None)]",[],"[('cubic', 0, 1), ('log', 2, None)]",[],"{('cubic', 0, 1): 4.856285084169815, ('log', 2, None): -5.2709668044694675}",{},dgp5,sr_pds,NL + linear conf.,SR-PDS,0.5
213,False,0.5843592175690528,0.2826635252370001,0.030338708104532652,1.138379727033573,sr_pds,sr_pds,"[('cubic', 0, 1), ('int', 3, 4)]",[],"[('cubic', 0, 1), ('int', 3, 4)]",[],"{('cubic', 0, 1): 5.02264782390404, ('int', 3, 4): 2.830148065112961}",{},dgp5,sr_pds,NL + linear conf.,SR-PDS,0.5
214,False,0.5556346369787301,0.04522356903354355,0.4669964416729847,0.6442728322844754,sr_pds,sr_pds,"[('cubic', 0, 1), ('int', 3, 4), ('log', 2, None)]",[],"[('cubic', 0, 1), ('int', 3, 4), ('log', 2, None)]",[],"{('cubic', 0, 1): 5.0437076193388135, ('int', 3, 4): 2.9597642160308166, ('log', 2, None): -5.006159204561535}",{},dgp5,sr_pds,NL + linear conf.,SR-PDS,0.5
215,False,0.23922603126906214,0.280248158049807,-0.3100603585085596,0.788512421046684,sr_pds,sr_pds,"[('cubic', 0, 1)]",[],"[('cubic', 0, 1)]",[],"{('cubic', 0, 1): 4.996872513189767}",{},dgp5,sr_pds,NL + linear conf.,SR-PDS,0.5
216,False,0.6626755435899055,0.13533570282742663,0.3974175660481494,0.9279335211316617,sr_pds,sr_pds,"[('cubic', 0, 1), ('log', 2, None)]",[],"[('cubic', 0, 1), ('log', 2, None)]",[],"{('cubic', 0, 1): 4.9742485337853095, ('log', 2, None): -4.844682089130926}",{},dgp5,sr_pds,NL + linear conf.,SR-PDS,0.5
217,False,0.45487972271579546,0.2821826950960502,-0.09819835967246293,1.0079578051040539,sr_pds,sr_pds,"[('cubic', 0, 1)]",[],"[('cubic', 0, 1)]",[],"{('cubic', 0, 1): 5.005642987604888}",{},dgp5,sr_pds,NL + linear conf.,SR-PDS,0.5
218,False,0.78609944082729,0.3116058558009448,0.1753519634574382,1.396846918197142,sr_pds,sr_pds,"[('cubic', 0, 1)]",[],"[('cubic', 0, 1)]",[],"{('cubic', 0, 1): 5.103643850043868}",{},dgp5,sr_pds,NL + linear conf.,SR-PDS,0.5
219,False,-0.12806821441153032,0.39403160237737966,-0.9003701550711944,0.6442337262481339,sr_pds,sr_pds,[],[],[],[],{},{},dgp5,sr_pds,NL + linear conf.,SR-PDS,0.5
220,False,0.6563637711085893,0.12834647793244253,0.404804674361002,0.9079228678561767,sr_pds,sr_pds,"[('cubic', 0, 1), ('log', 2, None)]",[],"[('cubic', 0, 1), ('log', 2, None)]",[],"{('cubic', 0, 1): 4.815981555322222, ('log', 2, None): -4.859297113935318}",{},dgp5,sr_pds,NL + linear conf.,SR-PDS,0.5
221,False,0.2741128650842805,0.28287683752816495,-0.2803257364709228,0.8285514666394838,sr_pds,sr_pds,"[('cubic', 0, 1)]",[],"[('cubic', 0, 1)]",[],"{('cubic', 0, 1): 5.5202623517053375}",{},dgp5,sr_pds,NL + linear conf.,SR-PDS,0.5
222,False,0.48711038957038316,0.24500408397639184,0.006902384976655185,0.9673183941641111,sr_pds,sr_pds,"[('cubic', 0, 1)]",[],"[('cubic', 0, 1)]",[],"{('cubic', 0, 1): 4.863732869631072}",{},dgp5,sr_pds,NL + linear conf.,SR-PDS,0.5
223,False,0.49369455628424147,0.17064893483926147,0.15922264399928898,0.828166468569194,sr_pds,sr_pds,"[('cubic', 0, 1), ('sqrt', 2, None)]",[],"[('cubic', 0, 1), ('sqrt', 2, None)]",[],"{('cubic', 0, 1): 5.050134317281635, ('sqrt', 2, None): -14.703286386520762}",{},dgp5,sr_pds,NL + linear conf.,SR-PDS,0.5
224,False,0.40407539949670024,0.13251009157948088,0.14435562000091773,0.6637951789924827,sr_pds,sr_pds,"[('cubic', 0, 1), ('log', 2, None)]",[],"[('cubic', 0, 1), ('log', 2, None)]",[],"{('cubic', 0, 1): 5.033886213734289, ('log', 2, None): -4.929994505113204}",{},dgp5,sr_pds,NL + linear conf.,SR-PDS,0.5
225,False,0.6142004731813527,0.2871066669855266,0.051471405889720545,1.176929540472985,sr_pds,sr_pds,"[('cubic', 0, 1)]",[],"[('cubic', 0, 1)]",[],"{('cubic', 0, 1): 4.824013581298015}",{},dgp5,sr_pds,NL + linear conf.,SR-PDS,0.5
226,False,0.4942899702730705,0.25166357614306045,0.0010293610326719826,0.9875505795134689,sr_pds,sr_pds,"[('cubic', 0, 1)]",[],"[('cubic', 0, 1)]",[],"{('cubic', 0, 1): 4.985930286629855}",{},dgp5,sr_pds,NL + linear conf.,SR-PDS,0.5
227,False,0.5068600552304711,0.13742496224773953,0.23750712922490158,0.7762129812360405,sr_pds,sr_pds,"[('cubic', 0, 1), ('log', 2, None)]",[],"[('cubic', 0, 1), ('log', 2, None)]",[],"{('cubic', 0, 1): 5.017809436349055, ('log', 2, None): -5.043673752308398}",{},dgp5,sr_pds,NL + linear conf.,SR-PDS,0.5
228,False,0.9417310413046701,0.2634196513272232,0.4254285247033126,1.4580335579060275,sr_pds,sr_pds,"[('cubic', 0, 1)]",[],"[('cubic', 0, 1)]",[],"{('cubic', 0, 1): 4.903332661178753}",{},dgp5,sr_pds,NL + linear conf.,SR-PDS,0.5
229,False,0.508180696845221,0.14501804395917645,0.2239453306852352,0.7924160630052068,sr_pds,sr_pds,"[('cubic', 0, 1), ('log', 2, None)]",[],"[('cubic', 0, 1), ('log', 2, None)]",[],"{('cubic', 0, 1): 4.933675223009204, ('log', 2, None): -4.9599114731202345}",{},dgp5,sr_pds,NL + linear conf.,SR-PDS,0.5
230,False,0.5148938776946357,0.1389434738335608,0.24256466898085655,0.7872230864084149,sr_pds,sr_pds,"[('cubic', 0, 1), ('log', 2, None)]",[],"[('cubic', 0, 1), ('log', 2, None)]",[],"{('cubic', 0, 1): 4.8895397151378415, ('log', 2, None): -5.0160393415932045}",{},dgp5,sr_pds,NL + linear conf.,SR-PDS,0.5
231,False,0.4506261640439709,0.045832263817591846,0.36079492696149085,0.5404574011264509,sr_pds,sr_pds,"[('cubic', 0, 1), ('int', 3, 4), ('log', 2, None)]",[],"[('cubic', 0, 1), ('int', 3, 4), ('log', 2, None)]",[],"{('cubic', 0, 1): 4.98515910671792, ('int', 3, 4): 2.9862413115995454, ('log', 2, None): -4.9850150060648355}",{},dgp5,sr_pds,NL + linear conf.,SR-PDS,0.5
232,False,0.5353030636808936,0.12888072377207674,0.2826968450876232,0.787909282274164,sr_pds,sr_pds,"[('cubic', 0, 1), ('log', 2, None)]",[],"[('cubic', 0, 1), ('log', 2, None)]",[],"{('cubic', 0, 1): 5.0927881657069705, ('log', 2, None): -4.914511127574102}",{},dgp5,sr_pds,NL + linear conf.,SR-PDS,0.5
233,False,0.30941259540297855,0.27407656768241234,-0.2277774772545496,0.8466026680605068,sr_pds,sr_pds,"[('cubic', 0, 1)]",[],"[('cubic', 0, 1)]",[],"{('cubic', 0, 1): 4.667469237316472}",{},dgp5,sr_pds,NL + linear conf.,SR-PDS,0.5
234,False,0.5149368392107929,0.28303710632843837,-0.03981588919294632,1.0696895676145322,sr_pds,sr_pds,"[('cubic', 0, 1)]",[],"[('cubic', 0, 1)]",[],"{('cubic', 0, 1): 4.75269884490341}",{},dgp5,sr_pds,NL + linear conf.,SR-PDS,0.5
235,False,0.07571034413009384,0.1342783810601258,-0.18747528274775274,0.33889597100794044,sr_pds,sr_pds,"[('cubic', 0, 1), ('log', 2, None)]",[],"[('cubic', 0, 1), ('log', 2, None)]",[],"{('cubic', 0, 1): 5.120110509240923, ('log', 2, None): -5.03384477741368}",{},dgp5,sr_pds,NL + linear conf.,SR-PDS,0.5
236,False,0.22382559046887776,0.1400700871286837,-0.05071178030334231,0.4983629612410978,sr_pds,sr_pds,"[('cubic', 0, 1), ('log', 2, None)]",[],"[('cubic', 0, 1), ('log', 2, None)]",[],"{('cubic', 0, 1): 4.999557464056186, ('log', 2, None): -5.1328442525593685}",{},dgp5,sr_pds,NL + linear conf.,SR-PDS,0.5
237,False,0.9504182184253606,0.24208030331996272,0.4759408239182336,1.4248956129324875,sr_pds,sr_pds,"[('cubic', 0, 1)]",[],"[('cubic', 0, 1)]",[],"{('cubic', 0, 1): 5.05735893682478}",{},dgp5,sr_pds,NL + linear conf.,SR-PDS,0.5
238,False,0.6395613134167023,0.15542259609644904,0.3349330250676622,0.9441896017657424,sr_pds,sr_pds,"[('cubic', 0, 1), ('log', 2, None)]",[],"[('cubic', 0, 1), ('log', 2, None)]",[],"{('cubic', 0, 1): 5.085197469937667, ('log', 2, None): -4.859413914004358}",{},dgp5,sr_pds,NL + linear conf.,SR-PDS,0.5
239,False,0.8086870232880773,0.30157051968731585,0.21760880470093824,1.3997652418752162,sr_pds,sr_pds,"[('cubic', 0, 1)]",[],"[('cubic', 0, 1)]",[],"{('cubic', 0, 1): 4.620936452421989}",{},dgp5,sr_pds,NL + linear conf.,SR-PDS,0.5
240,False,0.44135598698603734,0.2538068455118093,-0.0561054302171089,0.9388174041891836,sr_pds,sr_pds,"[('cubic', 0, 1)]",[],"[('cubic', 0, 1)]",[],"{('cubic', 0, 1): 4.792352620495815}",{},dgp5,sr_pds,NL + linear conf.,SR-PDS,0.5
241,False,0.03271946055472416,0.2926184927258998,-0.5408127851880394,0.6062517062974878,sr_pds,sr_pds,"[('cubic', 0, 1)]",[],"[('cubic', 0, 1)]",[],"{('cubic', 0, 1): 5.350464710569203}",{},dgp5,sr_pds,NL + linear conf.,SR-PDS,0.5
242,False,-0.11690274059125884,0.25251746817408927,-0.6118369782124738,0.37803149702995614,sr_pds,sr_pds,"[('cubic', 0, 1)]",[],"[('cubic', 0, 1)]",[],"{('cubic', 0, 1): 5.303035397841612}",{},dgp5,sr_pds,NL + linear conf.,SR-PDS,0.5
243,False,0.20281173200070854,0.34375570474455436,-0.47094944929861793,0.8765729133000351,sr_pds,sr_pds,"[('cubic', 0, 1)]",[],"[('cubic', 0, 1)]",[],"{('cubic', 0, 1): 5.197082316573943}",{},dgp5,sr_pds,NL + linear conf.,SR-PDS,0.5
244,False,0.5172254265720934,0.15019793872469978,0.2228374666716818,0.8116133864725049,sr_pds,sr_pds,"[('cubic', 0, 1), ('sqrt', 2, None)]",[],"[('cubic', 0, 1), ('sqrt', 2, None)]",[],"{('cubic', 0, 1): 5.033330582434361, ('sqrt', 2, None): -14.543874488699725}",{},dgp5,sr_pds,NL + linear conf.,SR-PDS,0.5
245,False,0.5547932284747192,0.27945738658609837,0.0070567507659664575,1.102529706183472,sr_pds,sr_pds,"[('cubic', 0, 1)]",[],"[('cubic', 0, 1)]",[],"{('cubic', 0, 1): 4.925753545708615}",{},dgp5,sr_pds,NL + linear conf.,SR-PDS,0.5
246,False,0.5468243496021773,0.4070458802014575,-0.2509855755926794,1.3446342747970341,sr_pds,sr_pds,[],[],[],[],{},{},dgp5,sr_pds,NL + linear conf.,SR-PDS,0.5
247,False,0.4250524650034749,0.2934574761084192,-0.15012418816902678,1.0002291181759766,sr_pds,sr_pds,"[('cubic', 0, 1)]",[],"[('cubic', 0, 1)]",[],"{('cubic', 0, 1): 4.827306097699802}",{},dgp5,sr_pds,NL + linear conf.,SR-PDS,0.5
248,False,0.69760264117626,0.2997497526764812,0.11009312593035692,1.285112156422163,sr_pds,sr_pds,"[('cubic', 0, 1), ('int', 0, 1)]",[],"[('cubic', 0, 1), ('int', 0, 1)]",[],"{('cubic', 0, 1): 4.745286425475983, ('int', 0, 1): -0.44801066803832396}",{},dgp5,sr_pds,NL + linear conf.,SR-PDS,0.5
249,False,0.5433662151878539,0.04690904986225191,0.45142447745784015,0.6353079529178676,sr_pds,sr_pds,"[('cubic', 0, 1), ('int', 3, 4), ('log', 2, None)]",[],"[('cubic', 0, 1), ('int', 3, 4), ('log', 2, None)]",[],"{('cubic', 0, 1): 5.0496361917159, ('int', 3, 4): 3.035590364416626, ('log', 2, None): -4.9604912929814695}",{},dgp5,sr_pds,NL + linear conf.,SR-PDS,0.5
250,False,0.7897630049385993,0.29959058699737157,0.20256545442375107,1.3769605554534476,sr_pds,sr_pds,"[('cubic', 0, 1)]",[],"[('cubic', 0, 1)]",[],"{('cubic', 0, 1): 4.623129607419166}",{},dgp5,sr_pds,NL + linear conf.,SR-PDS,0.5
251,False,0.4091841542662849,0.273795103371058,-0.12745424834098878,0.9458225568735585,sr_pds,sr_pds,"[('cubic', 0, 1)]",[],"[('cubic', 0, 1)]",[],"{('cubic', 0, 1): 5.044792989910734}",{},dgp5,sr_pds,NL + linear conf.,SR-PDS,0.5
252,False,0.3734586825848476,0.12418638668156844,0.13005336468897347,0.6168640004807218,sr_pds,sr_pds,"[('cubic', 0, 1), ('log', 2, None)]",[],"[('cubic', 0, 1), ('log', 2, None)]",[],"{('cubic', 0, 1): 5.104221857863441, ('log', 2, None): -5.269268119100082}",{},dgp5,sr_pds,NL + linear conf.,SR-PDS,0.5
253,False,0.585064691757101,0.32933513443024404,-0.06043217172617732,1.2305615552403792,sr_pds,sr_pds,"[('cubic', 0, 1)]",[],"[('cubic', 0, 1)]",[],"{('cubic', 0, 1): 5.292801949198204}",{},dgp5,sr_pds,NL + linear conf.,SR-PDS,0.5
254,False,0.025978634203516378,0.3152670948864828,-0.5919448717739898,0.6439021401810227,sr_pds,sr_pds,"[('cubic', 0, 1)]",[],"[('cubic', 0, 1)]",[],"{('cubic', 0, 1): 4.681459294421951}",{},dgp5,sr_pds,NL + linear conf.,SR-PDS,0.5
255,False,0.374626070463663,0.2678340513365455,-0.15032867015596613,0.8995808110832921,sr_pds,sr_pds,"[('cubic', 0, 1)]",[],"[('cubic', 0, 1)]",[],"{('cubic', 0, 1): 4.932999602416606}",{},dgp5,sr_pds,NL + linear conf.,SR-PDS,0.5
256,False,0.4311822630031757,0.045004283004268106,0.3429738683148102,0.5193906576915411,sr_pds,sr_pds,"[('cubic', 0, 1), ('int', 3, 4), ('log', 2, None)]",[],"[('cubic', 0, 1), ('int', 3, 4), ('log', 2, None)]",[],"{('cubic', 0, 1): 5.042052954491375, ('int', 3, 4): 3.029680570283246, ('log', 2, None): -4.976285662828086}",{},dgp5,sr_pds,NL + linear conf.,SR-PDS,0.5
257,False,0.6076864726045522,0.15981231709665394,0.2944543310951105,0.920918614113994,sr_pds,sr_pds,"[('cubic', 0, 1), ('log', 2, None)]",[],"[('cubic', 0, 1), ('log', 2, None)]",[],"{('cubic', 0, 1): 4.999887436576515, ('log', 2, None): -4.958236582968531}",{},dgp5,sr_pds,NL + linear conf.,SR-PDS,0.5
258,False,0.8035056600766399,0.30157340964741636,0.21242177716770383,1.394589542985576,sr_pds,sr_pds,"[('cubic', 0, 1)]",[],"[('cubic', 0, 1)]",[],"{('cubic', 0, 1): 4.6596126398701365}",{},dgp5,sr_pds,NL + linear conf.,SR-PDS,0.5
259,False,0.5454572382874437,0.14490720336341464,0.26143911969515105,0.8294753568797364,sr_pds,sr_pds,"[('cubic', 0, 1), ('log', 2, None)]",[],"[('cubic', 0, 1), ('log', 2, None)]",[],"{('cubic', 0, 1): 5.183392793387408, ('log', 2, None): -4.92399944279102}",{},dgp5,sr_pds,NL + linear conf.,SR-PDS,0.5
260,False,0.7830602846052263,0.3386445029369574,0.11931705884878974,1.4468035103616628,sr_pds,sr_pds,"[('cubic', 0, 1)]",[],"[('cubic', 0, 1)]",[],"{('cubic', 0, 1): 5.018770846517072}",{},dgp5,sr_pds,NL + linear conf.,SR-PDS,0.5
261,False,0.5975467741866484,0.04180080368603012,0.5156171989620293,0.6794763494112674,sr_pds,sr_pds,"[('cubic', 0, 1), ('int', 3, 4), ('log', 2, None)]",[],"[('cubic', 0, 1), ('int', 3, 4), ('log', 2, None)]",[],"{('cubic', 0, 1): 5.094049329224653, ('int', 3, 4): 3.0214184378732107, ('log', 2, None): -5.023802835464577}",{},dgp5,sr_pds,NL + linear conf.,SR-PDS,0.5
262,False,0.3593527226583421,0.13906860501971305,0.08677825681970452,0.6319271884969797,sr_pds,sr_pds,"[('cubic', 0, 1), ('log', 2, None)]",[],"[('cubic', 0, 1), ('log', 2, None)]",[],"{('cubic', 0, 1): 5.181891790054577, ('log', 2, None): -5.037600632026506}",{},dgp5,sr_pds,NL + linear conf.,SR-PDS,0.5
263,False,-0.05354684603668981,0.4331744971855125,-0.9025688605202943,0.7954751684469147,sr_pds,sr_pds,[],[],[],[],{},{},dgp5,sr_pds,NL + linear conf.,SR-PDS,0.5
264,False,0.43085202747923124,0.2794062609394192,-0.11678424396203047,0.9784882989204929,sr_pds,sr_pds,"[('cubic', 0, 1)]",[],"[('cubic', 0, 1)]",[],"{('cubic', 0, 1): 5.134653441241191}",{},dgp5,sr_pds,NL + linear conf.,SR-PDS,0.5
265,False,0.7304175920217124,0.1496186055193544,0.43716512520377776,1.023670058839647,sr_pds,sr_pds,"[('cubic', 0, 1), ('log', 2, None)]",[],"[('cubic', 0, 1), ('log', 2, None)]",[],"{('cubic', 0, 1): 5.032153714976925, ('log', 2, None): -5.154718272349212}",{},dgp5,sr_pds,NL + linear conf.,SR-PDS,0.5
266,False,0.8266855656576947,0.1746710866667676,0.48433023579083023,1.1690408955245593,sr_pds,sr_pds,"[('cubic', 0, 1), ('log', 2, None)]",[],"[('cubic', 0, 1), ('log', 2, None)]",[],"{('cubic', 0, 1): 5.0148137149035055, ('log', 2, None): -5.189402688006712}",{},dgp5,sr_pds,NL + linear conf.,SR-PDS,0.5
267,False,1.226292703245472,0.29753011658468215,0.643133674739495,1.809451731751449,sr_pds,sr_pds,"[('cubic', 0, 1)]",[],"[('cubic', 0, 1)]",[],"{('cubic', 0, 1): 4.759592408954706}",{},dgp5,sr_pds,NL + linear conf.,SR-PDS,0.5
268,False,0.7056301028043761,0.14115191264717444,0.4289723540159142,0.9822878515928379,sr_pds,sr_pds,"[('cubic', 0, 1), ('log', 2, None)]",[],"[('cubic', 0, 1), ('log', 2, None)]",[],"{('cubic', 0, 1): 5.078580790613729, ('log', 2, None): -5.034239418950882}",{},dgp5,sr_pds,NL + linear conf.,SR-PDS,0.5
269,False,0.3064214534541956,0.31041513915932023,-0.3019922192980721,0.9148351262064632,sr_pds,sr_pds,"[('sqrt', 2, None)]",[],"[('sqrt', 2, None)]",[],"{('sqrt', 2, None): -14.822385901495071}",{},dgp5,sr_pds,NL + linear conf.,SR-PDS,0.5
270,False,0.20237493559285802,0.13072475853392426,-0.05384559113363352,0.45859546231934956,sr_pds,sr_pds,"[('cubic', 0, 1), ('log', 2, None)]",[],"[('cubic', 0, 1), ('log', 2, None)]",[],"{('cubic', 0, 1): 5.085790589400443, ('log', 2, None): -5.152631747975962}",{},dgp5,sr_pds,NL + linear conf.,SR-PDS,0.5
271,False,0.5542178958967051,0.1395892011133056,0.28062306171462614,0.8278127300787841,sr_pds,sr_pds,"[('cubic', 0, 1), ('log', 2, None)]",[],"[('cubic', 0, 1), ('log', 2, None)]",[],"{('cubic', 0, 1): 5.096700764215614, ('log', 2, None): -5.097340247779516}",{},dgp5,sr_pds,NL + linear conf.,SR-PDS,0.5
272,False,0.46831351655457526,0.14158301181989588,0.19081081338757933,0.7458162197215712,sr_pds,sr_pds,"[('cubic', 0, 1), ('log', 2, None)]",[],"[('cubic', 0, 1), ('log', 2, None)]",[],"{('cubic', 0, 1): 5.069377439697852, ('log', 2, None): -4.702119823324577}",{},dgp5,sr_pds,NL + linear conf.,SR-PDS,0.5
273,False,0.4516308993596173,0.13604189818640086,0.18498877891427162,0.7182730198049629,sr_pds,sr_pds,"[('cubic', 0, 1), ('log', 2, None)]",[],"[('cubic', 0, 1), ('log', 2, None)]",[],"{('cubic', 0, 1): 4.994301431914334, ('log', 2, None): -4.980312764686762}",{},dgp5,sr_pds,NL + linear conf.,SR-PDS,0.5
274,False,0.23993146508009058,0.1410773061323056,-0.03658005493922836,0.5164429850994096,sr_pds,sr_pds,"[('cubic', 0, 1), ('log', 2, None)]",[],"[('cubic', 0, 1), ('log', 2, None)]",[],"{('cubic', 0, 1): 4.919900833501594, ('log', 2, None): -4.845574449849844}",{},dgp5,sr_pds,NL + linear conf.,SR-PDS,0.5
275,False,0.8908061118292403,0.4462175417053729,0.016219730086709405,1.7653924935717713,sr_pds,sr_pds,[],[],[],[],{},{},dgp5,sr_pds,NL + linear conf.,SR-PDS,0.5
276,False,0.5366566714379291,0.26264042479162525,0.021881438846343526,1.0514319040295146,sr_pds,sr_pds,"[('cubic', 0, 1)]",[],"[('cubic', 0, 1)]",[],"{('cubic', 0, 1): 4.916012731629589}",{},dgp5,sr_pds,NL + linear conf.,SR-PDS,0.5
277,False,0.1783887509444325,0.2654096238841893,-0.3418141118685786,0.6985916137574436,sr_pds,sr_pds,"[('cubic', 0, 1)]",[],"[('cubic', 0, 1)]",[],"{('cubic', 0, 1): 5.122226024225046}",{},dgp5,sr_pds,NL + linear conf.,SR-PDS,0.5
278,False,0.6570161289482125,0.24942589032539486,0.1681413839104386,1.1458908739859863,sr_pds,sr_pds,"[('cubic', 0, 1)]",[],"[('cubic', 0, 1)]",[],"{('cubic', 0, 1): 4.9660060029568225}",{},dgp5,sr_pds,NL + linear conf.,SR-PDS,0.5
279,False,0.7346552149910461,0.33367308739915347,0.08065596368870531,1.3886544662933868,sr_pds,sr_pds,"[('log', 2, None)]",[],"[('log', 2, None)]",[],"{('log', 2, None): -5.457203726298319}",{},dgp5,sr_pds,NL + linear conf.,SR-PDS,0.5
280,False,0.4297705855376293,0.14493893545369585,0.14569027204838547,0.7138508990268732,sr_pds,sr_pds,"[('cubic', 0, 1), ('log', 2, None)]",[],"[('cubic', 0, 1), ('log', 2, None)]",[],"{('cubic', 0, 1): 4.970338544486375, ('log', 2, None): -4.775523325308057}",{},dgp5,sr_pds,NL + linear conf.,SR-PDS,0.5
281,False,0.7055410518848986,0.2573042887411305,0.20122464595228284,1.2098574578175143,sr_pds,sr_pds,"[('cubic', 0, 1)]",[],"[('cubic', 0, 1)]",[],"{('cubic', 0, 1): 5.164291704456301}",{},dgp5,sr_pds,NL + linear conf.,SR-PDS,0.5
282,False,0.49822237768169503,0.31324525911607604,-0.11573833018581398,1.112183085549204,sr_pds,sr_pds,"[('log', 2, None)]",[],"[('log', 2, None)]",[],"{('log', 2, None): -5.312701389740704}",{},dgp5,sr_pds,NL + linear conf.,SR-PDS,0.5
283,False,1.0094686417227652,0.2623426644533469,0.4952770193942052,1.5236602640513253,sr_pds,sr_pds,"[('cubic', 0, 1)]",[],"[('cubic', 0, 1)]",[],"{('cubic', 0, 1): 5.300436569650885}",{},dgp5,sr_pds,NL + linear conf.,SR-PDS,0.5
284,False,0.5561587628432825,0.13396802457106774,0.29358143468398973,0.8187360910025752,sr_pds,sr_pds,"[('cubic', 0, 1), ('log', 2, None)]",[],"[('cubic', 0, 1), ('log', 2, None)]",[],"{('cubic', 0, 1): 4.9376405657553075, ('log', 2, None): -4.90548407851979}",{},dgp5,sr_pds,NL + linear conf.,SR-PDS,0.5
285,False,0.5894843413426325,0.1259689968590439,0.34258510749890647,0.8363835751863585,sr_pds,sr_pds,"[('cubic', 0, 1), ('log', 2, None)]",[],"[('cubic', 0, 1), ('log', 2, None)]",[],"{('cubic', 0, 1): 5.059845632270523, ('log', 2, None): -4.902234481137244}",{},dgp5,sr_pds,NL + linear conf.,SR-PDS,0.5
286,False,0.5890217329553843,0.24876748544518815,0.10143746148281552,1.076606004427953,sr_pds,sr_pds,"[('cubic', 0, 1)]",[],"[('cubic', 0, 1)]",[],"{('cubic', 0, 1): 5.160616153637817}",{},dgp5,sr_pds,NL + linear conf.,SR-PDS,0.5
287,False,0.5513436022355952,0.13365426832329597,0.28938123632193513,0.8133059681492553,sr_pds,sr_pds,"[('cubic', 0, 1), ('log', 2, None)]",[],"[('cubic', 0, 1), ('log', 2, None)]",[],"{('cubic', 0, 1): 5.163510921773903, ('log', 2, None): -4.96459789353447}",{},dgp5,sr_pds,NL + linear conf.,SR-PDS,0.5
288,False,0.6050527275328467,0.13113500882051868,0.34802811024463004,0.8620773448210632,sr_pds,sr_pds,"[('cubic', 0, 1), ('log', 2, None)]",[],"[('cubic', 0, 1), ('log', 2, None)]",[],"{('cubic', 0, 1): 4.8500211624643645, ('log', 2, None): -4.982119713450754}",{},dgp5,sr_pds,NL + linear conf.,SR-PDS,0.5
289,False,0.9518237934041022,0.255126306100262,0.45177623344758866,1.4518713533606156,sr_pds,sr_pds,"[('cubic', 0, 1)]",[],"[('cubic', 0, 1)]",[],"{('cubic', 0, 1): 5.007773040303185}",{},dgp5,sr_pds,NL + linear conf.,SR-PDS,0.5
290,False,0.27151395851695537,0.1272627306092281,0.02207900652286829,0.5209489105110424,sr_pds,sr_pds,"[('cubic', 0, 1), ('log', 2, None)]",[],"[('cubic', 0, 1), ('log', 2, None)]",[],"{('cubic', 0, 1): 4.903561522228337, ('log', 2, None): -4.84658599763576}",{},dgp5,sr_pds,NL + linear conf.,SR-PDS,0.5
291,False,0.5269498906841324,0.25385759506040956,0.02938900436572972,1.0245107770025352,sr_pds,sr_pds,"[('int', 3, 4), ('log', 2, None)]",[],"[('int', 3, 4), ('log', 2, None)]",[],"{('int', 3, 4): 3.437210721136783, ('log', 2, None): -5.106268162662589}",{},dgp5,sr_pds,NL + linear conf.,SR-PDS,0.5
292,False,0.42312950228380064,0.26316397092717925,-0.09267188073347066,0.9389308853010719,sr_pds,sr_pds,"[('cubic', 0, 1), ('int', 3, 4), ('sq', 0, None)]",[],"[('cubic', 0, 1), ('int', 3, 4), ('sq', 0, None)]",[],"{('cubic', 0, 1): 4.714572829617831, ('int', 3, 4): 2.79667284991689, ('sq', 0, None): 0.5629034150110463}",{},dgp5,sr_pds,NL + linear conf.,SR-PDS,0.5
293,False,0.47022761194102486,0.3060460262586085,-0.12962259952584781,1.0700778234078976,sr_pds,sr_pds,"[('cubic', 0, 1)]",[],"[('cubic', 0, 1)]",[],"{('cubic', 0, 1): 5.049277292072505}",{},dgp5,sr_pds,NL + linear conf.,SR-PDS,0.5
294,False,0.14908084937609195,0.25421300632657173,-0.34917664302398865,0.6473383417761726,sr_pds,sr_pds,"[('cubic', 0, 1)]",[],"[('cubic', 0, 1)]",[],"{('cubic', 0, 1): 5.065914445874723}",{},dgp5,sr_pds,NL + linear conf.,SR-PDS,0.5
295,False,0.5049952176077332,0.046827316877235556,0.41321367652835156,0.5967767586871149,sr_pds,sr_pds,"[('cubic', 0, 1), ('int', 3, 4), ('log', 2, None)]",[],"[('cubic', 0, 1), ('int', 3, 4), ('log', 2, None)]",[],"{('cubic', 0, 1): 4.962533777611185, ('int', 3, 4): 3.0183539350669837, ('log', 2, None): -4.987073177412209}",{},dgp5,sr_pds,NL + linear conf.,SR-PDS,0.5
296,False,0.6019296354024228,0.1276681822458994,0.35169999820046,0.8521592726043856,sr_pds,sr_pds,"[('cubic', 0, 1), ('log', 2, None)]",[],"[('cubic', 0, 1), ('log', 2, None)]",[],"{('cubic', 0, 1): 5.059808412460363, ('log', 2, None): -4.814497067287845}",{},dgp5,sr_pds,NL + linear conf.,SR-PDS,0.5
297,False,0.4703630899509123,0.047270981906840974,0.377711965413504,0.5630142144883206,sr_pds,sr_pds,"[('cubic', 0, 1), ('int', 3, 4), ('log', 2, None)]",[],"[('cubic', 0, 1), ('int', 3, 4), ('log', 2, None)]",[],"{('cubic', 0, 1): 5.030393317090548, ('int', 3, 4): 3.0789348359375235, ('log', 2, None): -4.991086720262094}",{},dgp5,sr_pds,NL + linear conf.,SR-PDS,0.5
298,False,0.7311109413345138,0.3007638748057363,0.14161374671527072,1.320608135953757,sr_pds,sr_pds,"[('log', 2, None)]",[],"[('log', 2, None)]",[],"{('log', 2, None): -5.090808561461048}",{},dgp5,sr_pds,NL + linear conf.,SR-PDS,0.5
299,False,0.32327283114874866,0.14429931774739227,0.040446168363859836,0.6060994939336375,sr_pds,sr_pds,"[('cubic', 0, 1), ('log', 2, None)]",[],"[('cubic', 0, 1), ('log', 2, None)]",[],"{('cubic', 0, 1): 5.047576514678214, ('log', 2, None): -4.772200745123663}",{},dgp5,sr_pds,NL + linear conf.,SR-PDS,0.5
300,False,0.61186609269645,0.2782720749067494,0.06645282587922119,1.1572793595136788,sr_pds,sr_pds,"[('cubic', 0, 1)]",[],"[('cubic', 0, 1)]",[],"{('cubic', 0, 1): 5.072439319016359}",{},dgp5,sr_pds,NL + linear conf.,SR-PDS,0.5
301,False,0.2431567335245593,0.1330434103445203,-0.017608350750700497,0.503921817799819,sr_pds,sr_pds,"[('cubic', 0, 1), ('log', 2, None)]",[],"[('cubic', 0, 1), ('log', 2, None)]",[],"{('cubic', 0, 1): 5.190383029045319, ('log', 2, None): -4.918332206244626}",{},dgp5,sr_pds,NL + linear conf.,SR-PDS,0.5
302,False,0.0624336500686898,0.2662752728834995,-0.4594658847829692,0.5843331849203488,sr_pds,sr_pds,"[('cubic', 0, 1)]",[],"[('cubic', 0, 1)]",[],"{('cubic', 0, 1): 5.0980252833819035}",{},dgp5,sr_pds,NL + linear conf.,SR-PDS,0.5
303,False,0.5181770142029313,0.12362528092605714,0.2758714635878593,0.7604825648180032,sr_pds,sr_pds,"[('cubic', 0, 1), ('log', 2, None)]",[],"[('cubic', 0, 1), ('log', 2, None)]",[],"{('cubic', 0, 1): 5.194297560111585, ('log', 2, None): -5.207675929038006}",{},dgp5,sr_pds,NL + linear conf.,SR-PDS,0.5
304,False,0.7833310456629057,0.1333595322046056,0.5219463625418788,1.0447157287839326,sr_pds,sr_pds,"[('cubic', 0, 1), ('log', 2, None)]",[],"[('cubic', 0, 1), ('log', 2, None)]",[],"{('cubic', 0, 1): 5.113991756605446, ('log', 2, None): -5.010403279222042}",{},dgp5,sr_pds,NL + linear conf.,SR-PDS,0.5
305,False,0.3616260018203794,0.12541318591316833,0.11581615743056947,0.6074358462101893,sr_pds,sr_pds,"[('cubic', 0, 1), ('log', 2, None)]",[],"[('cubic', 0, 1), ('log', 2, None)]",[],"{('cubic', 0, 1): 5.020885405609138, ('log', 2, None): -5.225618777978459}",{},dgp5,sr_pds,NL + linear conf.,SR-PDS,0.5
306,False,0.5113319376824331,0.1302696335759964,0.25600345587348017,0.7666604194913861,sr_pds,sr_pds,"[('cubic', 0, 1), ('log', 2, None)]",[],"[('cubic', 0, 1), ('log', 2, None)]",[],"{('cubic', 0, 1): 4.9382516253165445, ('log', 2, None): -5.264245810017553}",{},dgp5,sr_pds,NL + linear conf.,SR-PDS,0.5
307,False,0.3215855269953531,0.13842204462975297,0.050278319521037285,0.5928927344696688,sr_pds,sr_pds,"[('cubic', 0, 1), ('log', 2, None)]",[],"[('cubic', 0, 1), ('log', 2, None)]",[],"{('cubic', 0, 1): 4.660067465298332, ('log', 2, None): -4.971865230330453}",{},dgp5,sr_pds,NL + linear conf.,SR-PDS,0.5
308,False,0.49237939783204177,0.13142418609096718,0.2347879930937461,0.7499708025703374,sr_pds,sr_pds,"[('cubic', 0, 1), ('log', 2, None)]",[],"[('cubic', 0, 1), ('log', 2, None)]",[],"{('cubic', 0, 1): 4.999873775089314, ('log', 2, None): -4.745422897131618}",{},dgp5,sr_pds,NL + linear conf.,SR-PDS,0.5
309,False,-0.19954299716754403,0.30630646917250404,-0.799903676745652,0.40081768241056387,sr_pds,sr_pds,"[('cubic', 0, 1)]",[],"[('cubic', 0, 1)]",[],"{('cubic', 0, 1): 4.863610341164376}",{},dgp5,sr_pds,NL + linear conf.,SR-PDS,0.5
310,False,0.32967524579297214,0.28535108886111804,-0.2296128883748192,0.8889633799607635,sr_pds,sr_pds,"[('cubic', 0, 1)]",[],"[('cubic', 0, 1)]",[],"{('cubic', 0, 1): 5.493031426361062}",{},dgp5,sr_pds,NL + linear conf.,SR-PDS,0.5
311,False,0.20234498459907033,0.2834670273000862,-0.35325038890909866,0.7579403581072394,sr_pds,sr_pds,"[('cubic', 0, 1)]",[],"[('cubic', 0, 1)]",[],"{('cubic', 0, 1): 4.915721444026167}",{},dgp5,sr_pds,NL + linear conf.,SR-PDS,0.5
312,False,0.5806713597743258,0.27301867829567067,0.045554750314811376,1.1157879692338404,sr_pds,sr_pds,"[('cubic', 0, 1)]",[],"[('cubic', 0, 1)]",[],"{('cubic', 0, 1): 4.832541229384075}",{},dgp5,sr_pds,NL + linear conf.,SR-PDS,0.5
313,False,0.521778557029753,0.1314979936355189,0.26404248950413595,0.7795146245553699,sr_pds,sr_pds,"[('cubic', 0, 1), ('log', 2, None)]",[],"[('cubic', 0, 1), ('log', 2, None)]",[],"{('cubic', 0, 1): 4.896661417879509, ('log', 2, None): -4.8133109645745575}",{},dgp5,sr_pds,NL + linear conf.,SR-PDS,0.5
314,False,0.8337721465688881,0.27905119505637077,0.2868318042584014,1.3807124888793747,sr_pds,sr_pds,"[('cubic', 0, 1)]",[],"[('cubic', 0, 1)]",[],"{('cubic', 0, 1): 4.629224733665043}",{},dgp5,sr_pds,NL + linear conf.,SR-PDS,0.5
315,False,0.6066746907792773,0.12876522867592669,0.354294842574461,0.8590545389840936,sr_pds,sr_pds,"[('cubic', 0, 1), ('log', 2, None)]",[],"[('cubic', 0, 1), ('log', 2, None)]",[],"{('cubic', 0, 1): 4.809151914999394, ('log', 2, None): -5.111467033235549}",{},dgp5,sr_pds,NL + linear conf.,SR-PDS,0.5
316,False,0.12060658919496112,0.31469118805522767,-0.4961881393932851,0.7374013177832074,sr_pds,sr_pds,"[('cubic', 0, 1)]",[],"[('cubic', 0, 1)]",[],"{('cubic', 0, 1): 4.898290008863631}",{},dgp5,sr_pds,NL + linear conf.,SR-PDS,0.5
317,False,0.4276482527950004,0.1281941886577266,0.17638764302585624,0.6789088625641446,sr_pds,sr_pds,"[('cubic', 0, 1), ('log', 2, None)]",[],"[('cubic', 0, 1), ('log', 2, None)]",[],"{('cubic', 0, 1): 5.120841380297482, ('log', 2, None): -4.876326754808511}",{},dgp5,sr_pds,NL + linear conf.,SR-PDS,0.5
318,False,0.4204769718040791,0.27777298131004746,-0.12395807156361388,0.964912015171772,sr_pds,sr_pds,"[('cubic', 0, 1)]",[],"[('cubic', 0, 1)]",[],"{('cubic', 0, 1): 4.798139037394175}",{},dgp5,sr_pds,NL + linear conf.,SR-PDS,0.5
319,False,1.1825737152930431,0.28646832197562877,0.6210958042208108,1.7440516263652754,sr_pds,sr_pds,"[('cubic', 0, 1)]",[],"[('cubic', 0, 1)]",[],"{('cubic', 0, 1): 5.103413483622594}",{},dgp5,sr_pds,NL + linear conf.,SR-PDS,0.5
320,False,0.6980766154773228,0.34579870027734283,0.02031116293373092,1.3758420680209147,sr_pds,sr_pds,"[('sqrt', 2, None)]",[],"[('sqrt', 2, None)]",[],"{('sqrt', 2, None): -15.0121943211765}",{},dgp5,sr_pds,NL + linear conf.,SR-PDS,0.5
321,False,0.31654448736300833,0.291842988247243,-0.2554677696015879,0.8885567443276046,sr_pds,sr_pds,"[('log', 2, None)]",[],"[('log', 2, None)]",[],"{('log', 2, None): -5.652928654860628}",{},dgp5,sr_pds,NL + linear conf.,SR-PDS,0.5
322,False,0.5213269483555326,0.04696182100058679,0.4292817791943825,0.6133721175166827,sr_pds,sr_pds,"[('cubic', 0, 1), ('int', 3, 4), ('log', 2, None)]",[],"[('cubic', 0, 1), ('int', 3, 4), ('log', 2, None)]",[],"{('cubic', 0, 1): 5.00420376305728, ('int', 3, 4): 2.9708576269349996, ('log', 2, None): -4.995783200975908}",{},dgp5,sr_pds,NL + linear conf.,SR-PDS,0.5
323,False,0.7720088133447732,0.15799334050505665,0.4623418659548622,1.0816757607346843,sr_pds,sr_pds,"[('cubic', 0, 1), ('log', 2, None)]",[],"[('cubic', 0, 1), ('log', 2, None)]",[],"{('cubic', 0, 1): 5.008608462752291, ('log', 2, None): -5.002291711540694}",{},dgp5,sr_pds,NL + linear conf.,SR-PDS,0.5
324,False,0.5725758709675144,0.12705796760992522,0.323542254452061,0.8216094874829678,sr_pds,sr_pds,"[('cubic', 0, 1), ('log', 2, None)]",[],"[('cubic', 0, 1), ('log', 2, None)]",[],"{('cubic', 0, 1): 4.885320931241829, ('log', 2, None): -5.149254354465171}",{},dgp5,sr_pds,NL + linear conf.,SR-PDS,0.5
325,False,0.9810535157790328,0.24406837641496484,0.5026794980057017,1.4594275335523639,sr_pds,sr_pds,"[('cubic', 0, 1)]",[],"[('cubic', 0, 1)]",[],"{('cubic', 0, 1): 5.24450953078853}",{},dgp5,sr_pds,NL + linear conf.,SR-PDS,0.5
326,False,0.4410171409422699,0.2759982089566988,-0.09993934861285975,0.9819736304973996,sr_pds,sr_pds,"[('cubic', 0, 1)]",[],"[('cubic', 0, 1)]",[],"{('cubic', 0, 1): 5.06114291976042}",{},dgp5,sr_pds,NL + linear conf.,SR-PDS,0.5
327,False,0.4956101820301353,0.2942479992686061,-0.08111589653633267,1.0723362605966034,sr_pds,sr_pds,"[('cubic', 0, 1)]",[],"[('cubic', 0, 1)]",[],"{('cubic', 0, 1): 5.018934170093495}",{},dgp5,sr_pds,NL + linear conf.,SR-PDS,0.5
328,False,0.5512728144337403,0.13584182446382123,0.2850228384846507,0.8175227903828299,sr_pds,sr_pds,"[('cubic', 0, 1), ('log', 2, None)]",[],"[('cubic', 0, 1), ('log', 2, None)]",[],"{('cubic', 0, 1): 4.907274048808413, ('log', 2, None): -4.817318453120993}",{},dgp5,sr_pds,NL + linear conf.,SR-PDS,0.5
329,False,0.6150974619638648,0.2760740400176676,0.07399234352923634,1.1562025803984932,sr_pds,sr_pds,"[('cubic', 0, 1)]",[],"[('cubic', 0, 1)]",[],"{('cubic', 0, 1): 4.880124241543735}",{},dgp5,sr_pds,NL + linear conf.,SR-PDS,0.5
330,False,0.2186575327119641,0.2526142967734451,-0.2764664889639883,0.7137815543879165,sr_pds,sr_pds,"[('cubic', 0, 1), ('int', 3, 4)]",[],"[('cubic', 0, 1), ('int', 3, 4)]",[],"{('cubic', 0, 1): 5.124895117162917, ('int', 3, 4): 2.763608746446105}",{},dgp5,sr_pds,NL + linear conf.,SR-PDS,0.5
331,False,0.2208354809124479,0.15468869387384765,-0.08235435908029351,0.5240253209051893,sr_pds,sr_pds,"[('cubic', 0, 1), ('log', 2, None)]",[],"[('cubic', 0, 1), ('log', 2, None)]",[],"{('cubic', 0, 1): 5.226255842000018, ('log', 2, None): -4.7586556986154305}",{},dgp5,sr_pds,NL + linear conf.,SR-PDS,0.5
332,False,0.5735798499114985,0.14603593864185072,0.28734941017347104,0.8598102896495259,sr_pds,sr_pds,"[('cubic', 0, 1), ('sqrt', 2, None)]",[],"[('cubic', 0, 1), ('sqrt', 2, None)]",[],"{('cubic', 0, 1): 5.016627627488521, ('sqrt', 2, None): -13.183851768143358}",{},dgp5,sr_pds,NL + linear conf.,SR-PDS,0.5
333,False,0.5266542816317759,0.0388949491906067,0.4504201812181867,0.602888382045365,sr_pds,sr_pds,"[('cubic', 0, 1), ('int', 3, 4), ('log', 2, None)]",[],"[('cubic', 0, 1), ('int', 3, 4), ('log', 2, None)]",[],"{('cubic', 0, 1): 4.999977451186649, ('int', 3, 4): 3.000036986318348, ('log', 2, None): -5.027998777057772}",{},dgp5,sr_pds,NL + linear conf.,SR-PDS,0.5
334,False,0.45747172030236455,0.15499273919043685,0.15368595148910835,0.7612574891156207,sr_pds,sr_pds,"[('cubic', 0, 1), ('sqrt', 2, None)]",[],"[('cubic', 0, 1), ('sqrt', 2, None)]",[],"{('cubic', 0, 1): 4.91965248071365, ('sqrt', 2, None): -14.913215128253917}",{},dgp5,sr_pds,NL + linear conf.,SR-PDS,0.5
335,False,0.4515866418598194,0.2770437577302382,-0.09141912329144747,0.9945924070110863,sr_pds,sr_pds,"[('cubic', 0, 1)]",[],"[('cubic', 0, 1)]",[],"{('cubic', 0, 1): 4.9389907153147785}",{},dgp5,sr_pds,NL + linear conf.,SR-PDS,0.5
336,False,0.658927439545127,0.31944739680734513,0.032810541802730575,1.2850443372875233,sr_pds,sr_pds,"[('cubic', 0, 1)]",[],"[('cubic', 0, 1)]",[],"{('cubic', 0, 1): 5.133090087152086}",{},dgp5,sr_pds,NL + linear conf.,SR-PDS,0.5
337,False,0.5347331899064872,0.08961614318107572,0.3590855492715788,0.7103808305413957,sr_pds,sr_pds,"[('cubic', 0, 1), ('int', 3, 4), ('sqrt', 2, None)]",[],"[('cubic', 0, 1), ('int', 3, 4), ('sqrt', 2, None)]",[],"{('cubic', 0, 1): 4.988531020810397, ('int', 3, 4): 2.967913940618933, ('sqrt', 2, None): -15.253826826015805}",{},dgp5,sr_pds,NL + linear conf.,SR-PDS,0.5
338,False,0.8690659561991555,0.28471527742282354,0.3110240124504213,1.4271078999478897,sr_pds,sr_pds,"[('cubic', 0, 1)]",[],"[('cubic', 0, 1)]",[],"{('cubic', 0, 1): 4.879478697171718}",{},dgp5,sr_pds,NL + linear conf.,SR-PDS,0.5
339,False,0.6522214641355645,0.2505262509183237,0.16119001233565006,1.143252915935479,sr_pds,sr_pds,"[('cubic', 0, 1)]",[],"[('cubic', 0, 1)]",[],"{('cubic', 0, 1): 5.042399332582636}",{},dgp5,sr_pds,NL + linear conf.,SR-PDS,0.5
340,False,0.6625172745716976,0.2374154669662204,0.19718295931790564,1.1278515898254895,sr_pds,sr_pds,"[('cubic', 0, 1)]",[],"[('cubic', 0, 1)]",[],"{('cubic', 0, 1): 4.964192722077674}",{},dgp5,sr_pds,NL + linear conf.,SR-PDS,0.5
341,False,0.3593702704836205,0.14525535051990893,0.07466978346459902,0.6440707575026421,sr_pds,sr_pds,"[('cubic', 0, 1), ('log', 2, None)]",[],"[('cubic', 0, 1), ('log', 2, None)]",[],"{('cubic', 0, 1): 4.940116139616097, ('log', 2, None): -4.955539106092524}",{},dgp5,sr_pds,NL + linear conf.,SR-PDS,0.5
342,False,0.06084171805301599,0.3017151816767098,-0.5305200380333353,0.6522034741393672,sr_pds,sr_pds,[],[],[],[],{},{},dgp5,sr_pds,NL + linear conf.,SR-PDS,0.5
343,False,-0.08173584447786103,0.303311019258743,-0.6762254422249974,0.5127537532692752,sr_pds,sr_pds,"[('log', 2, None)]",[],"[('log', 2, None)]",[],"{('log', 2, None): -5.2892989448834316}",{},dgp5,sr_pds,NL + linear conf.,SR-PDS,0.5
344,False,0.2753143908130451,0.14970373008255503,-0.01810492014876275,0.5687337017748529,sr_pds,sr_pds,"[('cubic', 0, 1), ('log', 2, None)]",[],"[('cubic', 0, 1), ('log', 2, None)]",[],"{('cubic', 0, 1): 4.969017966947111, ('log', 2, None): -4.969105092317832}",{},dgp5,sr_pds,NL + linear conf.,SR-PDS,0.5
345,False,0.4849151394347441,0.24066679588005746,0.013208219509831531,0.9566220593596567,sr_pds,sr_pds,"[('cubic', 0, 1), ('int', 3, 4)]",[],"[('cubic', 0, 1), ('int', 3, 4)]",[],"{('cubic', 0, 1): 4.948445386886478, ('int', 3, 4): 3.0512432974741945}",{},dgp5,sr_pds,NL + linear conf.,SR-PDS,0.5
346,False,-0.009823375221558687,0.4265552825652567,-0.8458717290494618,0.8262249786063444,sr_pds,sr_pds,[],[],[],[],{},{},dgp5,sr_pds,NL + linear conf.,SR-PDS,0.5
347,False,0.5424487211842928,0.2406363702707132,0.07080143545369494,1.0140960069148905,sr_pds,sr_pds,"[('cubic', 0, 1), ('int', 3, 4)]",[],"[('cubic', 0, 1), ('int', 3, 4)]",[],"{('cubic', 0, 1): 5.184461718488549, ('int', 3, 4): 3.158578426484144}",{},dgp5,sr_pds,NL + linear conf.,SR-PDS,0.5
348,False,-0.20811723710749383,0.2615874293811081,-0.7208285986944658,0.3045941244794781,sr_pds,sr_pds,"[('cubic', 0, 1)]",[],"[('cubic', 0, 1)]",[],"{('cubic', 0, 1): 4.7974918433846225}",{},dgp5,sr_pds,NL + linear conf.,SR-PDS,0.5
349,False,0.3783488302569593,0.2701139063447291,-0.1510744261787097,0.9077720866926283,sr_pds,sr_pds,"[('cubic', 0, 1)]",[],"[('cubic', 0, 1)]",[],"{('cubic', 0, 1): 4.717864972037184}",{},dgp5,sr_pds,NL + linear conf.,SR-PDS,0.5
350,False,0.8198740167392978,0.2531203028972567,0.32375822306067475,1.3159898104179208,sr_pds,sr_pds,"[('cubic', 0, 1)]",[],"[('cubic', 0, 1)]",[],"{('cubic', 0, 1): 5.166912608293375}",{},dgp5,sr_pds,NL + linear conf.,SR-PDS,0.5
351,False,0.5983964304208441,0.25273917128385753,0.10302765470448338,1.093765206137205,sr_pds,sr_pds,"[('cubic', 0, 1)]",[],"[('cubic', 0, 1)]",[],"{('cubic', 0, 1): 5.08144067855441}",{},dgp5,sr_pds,NL + linear conf.,SR-PDS,0.5
352,False,0.5780611151503902,0.289814397342257,0.010024896359566493,1.146097333941214,sr_pds,sr_pds,"[('cubic', 0, 1)]",[],"[('cubic', 0, 1)]",[],"{('cubic', 0, 1): 4.9097126239218305}",{},dgp5,sr_pds,NL + linear conf.,SR-PDS,0.5
353,False,0.6399329122167569,0.14672428308217858,0.35235331737568687,0.9275125070578268,sr_pds,sr_pds,"[('cubic', 0, 1), ('log', 2, None)]",[],"[('cubic', 0, 1), ('log', 2, None)]",[],"{('cubic', 0, 1): 5.005763048582469, ('log', 2, None): -4.72459831297641}",{},dgp5,sr_pds,NL + linear conf.,SR-PDS,0.5
354,False,0.5090552802074373,0.14455030204646885,0.22573668819635834,0.7923738722185163,sr_pds,sr_pds,"[('cubic', 0, 1), ('log', 2, None)]",[],"[('cubic', 0, 1), ('log', 2, None)]",[],"{('cubic', 0, 1): 4.997386338590176, ('log', 2, None): -4.869810555984252}",{},dgp5,sr_pds,NL + linear conf.,SR-PDS,0.5
355,False,0.6248963448631535,0.14366691163292,0.34330919806263027,0.9064834916636767,sr_pds,sr_pds,"[('cubic', 0, 1), ('log', 2, None)]",[],"[('cubic', 0, 1), ('log', 2, None)]",[],"{('cubic', 0, 1): 5.0124673298970635, ('log', 2, None): -5.011364419049225}",{},dgp5,sr_pds,NL + linear conf.,SR-PDS,0.5
356,False,1.5055264434989413,0.3387014620676327,0.8416715778463812,2.1693813091515013,sr_pds,sr_pds,"[('log', 2, None)]",[],"[('log', 2, None)]",[],"{('log', 2, None): -4.6025959485491414}",{},dgp5,sr_pds,NL + linear conf.,SR-PDS,0.5
357,False,0.42445827336123737,0.2423798506518624,-0.050606233916412946,0.8995227806388877,sr_pds,sr_pds,"[('cubic', 0, 1), ('sq', 2, None)]",[],"[('cubic', 0, 1), ('sq', 2, None)]",[],"{('cubic', 0, 1): 4.626890733076285, ('sq', 2, None): -2.1336933398267717}",{},dgp5,sr_pds,NL + linear conf.,SR-PDS,0.5
358,False,0.15275939930125573,0.24430128608408241,-0.3260711214235458,0.6315899200260573,sr_pds,sr_pds,"[('cubic', 0, 1), ('int', 3, 4)]",[],"[('cubic', 0, 1), ('int', 3, 4)]",[],"{('cubic', 0, 1): 4.983781818314023, ('int', 3, 4): 2.3681911484900047}",{},dgp5,sr_pds,NL + linear conf.,SR-PDS,0.5
359,False,0.6337028210308243,0.31256461151528325,0.021076182460869175,1.2463294596007795,sr_pds,sr_pds,"[('cubic', 0, 1)]",[],"[('cubic', 0, 1)]",[],"{('cubic', 0, 1): 5.021670042569839}",{},dgp5,sr_pds,NL + linear conf.,SR-PDS,0.5
360,False,0.3418132510358417,0.16956072711104972,0.009474225898184252,0.6741522761734992,sr_pds,sr_pds,"[('cubic', 0, 1), ('sqrt', 2, None)]",[],"[('cubic', 0, 1), ('sqrt', 2, None)]",[],"{('cubic', 0, 1): 4.717963123410418, ('sqrt', 2, None): -13.840443830964073}",{},dgp5,sr_pds,NL + linear conf.,SR-PDS,0.5
361,False,0.4534460489420742,0.26889599561240474,-0.07359010245823905,0.9804822003423874,sr_pds,sr_pds,"[('cubic', 0, 1)]",[],"[('cubic', 0, 1)]",[],"{('cubic', 0, 1): 4.991087811923049}",{},dgp5,sr_pds,NL + linear conf.,SR-PDS,0.5
362,False,0.25364965281516777,0.29224436063532083,-0.31914929403006104,0.8264485996603965,sr_pds,sr_pds,"[('cubic', 0, 1)]",[],"[('cubic', 0, 1)]",[],"{('cubic', 0, 1): 4.712733761613714}",{},dgp5,sr_pds,NL + linear conf.,SR-PDS,0.5
363,False,0.4404028219258741,0.1337986537866907,0.1781574605039603,0.7026481833477879,sr_pds,sr_pds,"[('cubic', 0, 1), ('log', 2, None)]",[],"[('cubic', 0, 1), ('log', 2, None)]",[],"{('cubic', 0, 1): 5.060406765243649, ('log', 2, None): -5.135054713820821}",{},dgp5,sr_pds,NL + linear conf.,SR-PDS,0.5
364,False,0.5456991690772802,0.12655964993670063,0.297642255201347,0.7937560829532134,sr_pds,sr_pds,"[('cubic', 0, 1), ('log', 2, None)]",[],"[('cubic', 0, 1), ('log', 2, None)]",[],"{('cubic', 0, 1): 5.078101423161272, ('log', 2, None): -4.872035705859814}",{},dgp5,sr_pds,NL + linear conf.,SR-PDS,0.5
365,False,0.5241063816622799,0.13315124717775947,0.2631299371938713,0.7850828261306884,sr_pds,sr_pds,"[('cubic', 0, 1), ('log', 2, None)]",[],"[('cubic', 0, 1), ('log', 2, None)]",[],"{('cubic', 0, 1): 4.794682605578089, ('log', 2, None): -4.972842109635977}",{},dgp5,sr_pds,NL + linear conf.,SR-PDS,0.5
366,False,0.473128844837332,0.13784387655723035,0.20295484678516051,0.7433028428895034,sr_pds,sr_pds,"[('cubic', 0, 1), ('log', 2, None)]",[],"[('cubic', 0, 1), ('log', 2, None)]",[],"{('cubic', 0, 1): 5.125969897573574, ('log', 2, None): -5.107970102285813}",{},dgp5,sr_pds,NL + linear conf.,SR-PDS,0.5
367,False,0.671289412942732,0.14272972868494832,0.3915391447202333,0.9510396811652307,sr_pds,sr_pds,"[('cubic', 0, 1), ('log', 2, None)]",[],"[('cubic', 0, 1), ('log', 2, None)]",[],"{('cubic', 0, 1): 4.989314150291667, ('log', 2, None): -5.235767506827165}",{},dgp5,sr_pds,NL + linear conf.,SR-PDS,0.5
368,False,0.49974865123198187,0.16347961762837443,0.179328600680368,0.8201687017835957,sr_pds,sr_pds,"[('cubic', 0, 1), ('sqrt', 2, None)]",[],"[('cubic', 0, 1), ('sqrt', 2, None)]",[],"{('cubic', 0, 1): 5.203958565119733, ('sqrt', 2, None): -14.411281717775605}",{},dgp5,sr_pds,NL + linear conf.,SR-PDS,0.5
369,False,0.7987427870762162,0.4087016182902556,-0.0023123847726848057,1.5997979589251172,sr_pds,sr_pds,[],[],[],[],{},{},dgp5,sr_pds,NL + linear conf.,SR-PDS,0.5
370,False,0.1317493867480153,0.27286902791087875,-0.403073907957307,0.6665726814533376,sr_pds,sr_pds,"[('cubic', 0, 1)]",[],"[('cubic', 0, 1)]",[],"{('cubic', 0, 1): 5.250953223701375}",{},dgp5,sr_pds,NL + linear conf.,SR-PDS,0.5
371,False,0.4482684148868451,0.13193310480292436,0.18967952947311334,0.7068573003005769,sr_pds,sr_pds,"[('cubic', 0, 1), ('log', 2, None)]",[],"[('cubic', 0, 1), ('log', 2, None)]",[],"{('cubic', 0, 1): 4.9272627920446315, ('log', 2, None): -5.040770533460443}",{},dgp5,sr_pds,NL + linear conf.,SR-PDS,0.5
372,False,0.6678596587771555,0.1329364064084383,0.40730430221661645,0.9284150153376944,sr_pds,sr_pds,"[('cubic', 0, 1), ('log', 2, None)]",[],"[('cubic', 0, 1), ('log', 2, None)]",[],"{('cubic', 0, 1): 5.029346598119015, ('log', 2, None): -5.033949797806649}",{},dgp5,sr_pds,NL + linear conf.,SR-PDS,0.5
373,False,0.4273769291953329,0.16829332054442103,0.09752202092826767,0.7572318374623981,sr_pds,sr_pds,"[('cubic', 0, 1), ('log', 2, None)]",[],"[('cubic', 0, 1), ('log', 2, None)]",[],"{('cubic', 0, 1): 5.11768804373172, ('log', 2, None): -5.044099020919637}",{},dgp5,sr_pds,NL + linear conf.,SR-PDS,0.5
374,False,0.482188890042101,0.23070388854413956,0.030009268495587493,0.9343685115886146,sr_pds,sr_pds,"[('cubic', 0, 1), ('sq', 2, None)]",[],"[('cubic', 0, 1), ('sq', 2, None)]",[],"{('cubic', 0, 1): 4.959380318989838, ('sq', 2, None): -2.750384002924202}",{},dgp5,sr_pds,NL + linear conf.,SR-PDS,0.5
375,False,0.5803340367871128,0.19194377656056608,0.2041242347284033,0.9565438388458223,sr_pds,sr_pds,"[('cubic', 0, 1), ('sqrt', 2, None)]",[],"[('cubic', 0, 1), ('sqrt', 2, None)]",[],"{('cubic', 0, 1): 5.064100876176404, ('sqrt', 2, None): -15.566604009868591}",{},dgp5,sr_pds,NL + linear conf.,SR-PDS,0.5
376,False,0.4193735377007343,0.049003864876826835,0.32332596254215373,0.5154211128593149,sr_pds,sr_pds,"[('cubic', 0, 1), ('int', 3, 4), ('log', 2, None)]",[],"[('cubic', 0, 1), ('int', 3, 4), ('log', 2, None)]",[],"{('cubic', 0, 1): 4.955684174318442, ('int', 3, 4): 2.980392099844516, ('log', 2, None): -5.005823070905863}",{},dgp5,sr_pds,NL + linear conf.,SR-PDS,0.5
377,False,0.4477942916654667,0.133217982489987,0.18668704598509217,0.7089015373458412,sr_pds,sr_pds,"[('cubic', 0, 1), ('log', 2, None)]",[],"[('cubic', 0, 1), ('log', 2, None)]",[],"{('cubic', 0, 1): 5.214378853107693, ('log', 2, None): -5.062710897201423}",{},dgp5,sr_pds,NL + linear conf.,SR-PDS,0.5
378,False,-0.11249442930811253,0.2723176290301247,-0.6462369822071569,0.42124812359093183,sr_pds,sr_pds,"[('cubic', 0, 1)]",[],"[('cubic', 0, 1)]",[],"{('cubic', 0, 1): 5.266379826933393}",{},dgp5,sr_pds,NL + linear conf.,SR-PDS,0.5
379,False,0.48849642381514125,0.13811743224374595,0.2177862566173992,0.7592065910128833,sr_pds,sr_pds,"[('cubic', 0, 1), ('log', 2, None)]",[],"[('cubic', 0, 1), ('log', 2, None)]",[],"{('cubic', 0, 1): 5.010022395186307, ('log', 2, None): -4.96631301998085}",{},dgp5,sr_pds,NL + linear conf.,SR-PDS,0.5
380,False,0.45521636962341827,0.2894224589169079,-0.11205164985372118,1.0224843891005577,sr_pds,sr_pds,"[('cubic', 0, 1)]",[],"[('cubic', 0, 1)]",[],"{('cubic', 0, 1): 5.149899055473719}",{},dgp5,sr_pds,NL + linear conf.,SR-PDS,0.5
381,False,0.2681132167344307,0.28260172517147886,-0.2857861646016678,0.8220125980705293,sr_pds,sr_pds,"[('cubic', 0, 1)]",[],"[('cubic', 0, 1)]",[],"{('cubic', 0, 1): 5.154126212534339}",{},dgp5,sr_pds,NL + linear conf.,SR-PDS,0.5
382,False,0.6156087741314588,0.2706304088425341,0.08517317280009196,1.1460443754628256,sr_pds,sr_pds,"[('cubic', 0, 1)]",[],"[('cubic', 0, 1)]",[],"{('cubic', 0, 1): 5.241682575313321}",{},dgp5,sr_pds,NL + linear conf.,SR-PDS,0.5
383,False,0.2388203773499139,0.3107232012984585,-0.37019709719506466,0.8478378518948925,sr_pds,sr_pds,"[('cubic', 0, 1)]",[],"[('cubic', 0, 1)]",[],"{('cubic', 0, 1): 4.831699941156698}",{},dgp5,sr_pds,NL + linear conf.,SR-PDS,0.5
384,False,-0.06937324414714711,0.2996631162032069,-0.6567129519054326,0.5179664636111384,sr_pds,sr_pds,"[('cubic', 0, 1)]",[],"[('cubic', 0, 1)]",[],"{('cubic', 0, 1): 5.315803060768893}",{},dgp5,sr_pds,NL + linear conf.,SR-PDS,0.5
385,False,0.21841015692216853,0.3630663902926815,-0.4931999680514872,0.9300202818958243,sr_pds,sr_pds,"[('cubic', 0, 1)]",[],"[('cubic', 0, 1)]",[],"{('cubic', 0, 1): 4.7688774125789495}",{},dgp5,sr_pds,NL + linear conf.,SR-PDS,0.5
386,False,0.07294319954424881,0.3008994468281622,-0.5168197162389492,0.6627061153274467,sr_pds,sr_pds,"[('cubic', 0, 1)]",[],"[('cubic', 0, 1)]",[],"{('cubic', 0, 1): 4.875826553962013}",{},dgp5,sr_pds,NL + linear conf.,SR-PDS,0.5
387,False,0.5642609803848994,0.15972584283141544,0.2511983284353251,0.8773236323344736,sr_pds,sr_pds,"[('cubic', 0, 1), ('int', 0, 1), ('sqrt', 2, None)]",[],"[('cubic', 0, 1), ('sqrt', 2, None)]",[],"{('cubic', 0, 1): 4.963774617040716, ('sqrt', 2, None): -14.96515323833905}",{},dgp5,sr_pds,NL + linear conf.,SR-PDS,0.5
388,False,0.35974897898839986,0.1110114929273463,0.14216645285080112,0.5773315051259986,sr_pds,sr_pds,"[('cubic', 0, 1), ('log', 2, None)]",[],"[('cubic', 0, 1), ('log', 2, None)]",[],"{('cubic', 0, 1): 4.911711705506281, ('log', 2, None): -5.050006140931909}",{},dgp5,sr_pds,NL + linear conf.,SR-PDS,0.5
389,False,0.270820773153529,0.1567619692502235,-0.03643268657690907,0.578074232883967,sr_pds,sr_pds,"[('cubic', 0, 1), ('sqrt', 2, None)]",[],"[('cubic', 0, 1), ('sqrt', 2, None)]",[],"{('cubic', 0, 1): 5.066745250944779, ('sqrt', 2, None): -16.162301166993277}",{},dgp5,sr_pds,NL + linear conf.,SR-PDS,0.5
390,False,0.17546414624811033,0.18746031565930252,-0.19195807244412258,0.5428863649403433,sr_pds,sr_pds,"[('cubic', 0, 1), ('sqrt', 2, None)]",[],"[('cubic', 0, 1), ('sqrt', 2, None)]",[],"{('cubic', 0, 1): 5.145516352116229, ('sqrt', 2, None): -14.960233314651141}",{},dgp5,sr_pds,NL + linear conf.,SR-PDS,0.5
391,False,0.2997795364488077,0.16176432962594647,-0.017278549618047367,0.6168376225156629,sr_pds,sr_pds,"[('cubic', 0, 1), ('log', 2, None)]",[],"[('cubic', 0, 1), ('log', 2, None)]",[],"{('cubic', 0, 1): 5.051655252878121, ('log', 2, None): -4.8938282492377905}",{},dgp5,sr_pds,NL + linear conf.,SR-PDS,0.5
392,False,0.6663245390772072,0.1356251325351246,0.40049927930836304,0.9321497988460514,sr_pds,sr_pds,"[('cubic', 0, 1), ('log', 2, None)]",[],"[('cubic', 0, 1), ('log', 2, None)]",[],"{('cubic', 0, 1): 5.12550513466329, ('log', 2, None): -4.814793890608697}",{},dgp5,sr_pds,NL + linear conf.,SR-PDS,0.5
393,False,0.7219811954629085,0.14099360239201056,0.4456337347745678,0.9983286561512492,sr_pds,sr_pds,"[('cubic', 0, 1), ('log', 2, None)]",[],"[('cubic', 0, 1), ('log', 2, None)]",[],"{('cubic', 0, 1): 5.093722572346681, ('log', 2, None): -4.94194569924838}",{},dgp5,sr_pds,NL + linear conf.,SR-PDS,0.5
394,False,0.8639434348857329,0.3140158288204658,0.24847241039761991,1.4794144593738459,sr_pds,sr_pds,"[('cubic', 0, 1)]",[],"[('cubic', 0, 1)]",[],"{('cubic', 0, 1): 4.965804560135907}",{},dgp5,sr_pds,NL + linear conf.,SR-PDS,0.5
395,False,0.704889923319831,0.13235843228626318,0.4454673960387552,0.9643124506009069,sr_pds,sr_pds,"[('cubic', 0, 1), ('log', 2, None)]",[],"[('cubic', 0, 1), ('log', 2, None)]",[],"{('cubic', 0, 1): 4.923600777715765, ('log', 2, None): -4.956217278826127}",{},dgp5,sr_pds,NL + linear conf.,SR-PDS,0.5
396,False,0.42046755606193864,0.2921438631197829,-0.1521344156528358,0.9930695277767131,sr_pds,sr_pds,"[('cubic', 0, 1)]",[],"[('cubic', 0, 1)]",[],"{('cubic', 0, 1): 4.670976379832893}",{},dgp5,sr_pds,NL + linear conf.,SR-PDS,0.5
397,False,0.5586800166429877,0.1386120665157307,0.2870003662721556,0.8303596670138198,sr_pds,sr_pds,"[('cubic', 0, 1), ('log', 2, None)]",[],"[('cubic', 0, 1), ('log', 2, None)]",[],"{('cubic', 0, 1): 4.89771574085002, ('log', 2, None): -5.099802977834008}",{},dgp5,sr_pds,NL + linear conf.,SR-PDS,0.5
398,False,0.6994856044463145,0.25369592161644744,0.2022415980780775,1.1967296108145513,sr_pds,sr_pds,"[('cubic', 0, 1)]",[],"[('cubic', 0, 1)]",[],"{('cubic', 0, 1): 4.828545509812298}",{},dgp5,sr_pds,NL + linear conf.,SR-PDS,0.5
399,False,0.06051379447086766,0.26263745639450414,-0.4542556200623604,0.5752832090040958,sr_pds,sr_pds,"[('cubic', 0, 1)]",[],"[('cubic', 0, 1)]",[],"{('cubic', 0, 1): 4.976385862984365}",{},dgp5,sr_pds,NL + linear conf.,SR-PDS,0.5
400,False,0.8469957261182977,0.2421297078720434,0.3724214986890926,1.3215699535475027,sr_pds,sr_pds,"[('cubic', 0, 1)]",[],"[('cubic', 0, 1)]",[],"{('cubic', 0, 1): 4.894565939845198}",{},dgp5,sr_pds,NL + linear conf.,SR-PDS,0.5
401,False,0.5330698645736794,0.12864356170771113,0.28092848362656564,0.7852112455207932,sr_pds,sr_pds,"[('cubic', 0, 1), ('log', 2, None)]",[],"[('cubic', 0, 1), ('log', 2, None)]",[],"{('cubic', 0, 1): 5.292281192424156, ('log', 2, None): -4.877882496961181}",{},dgp5,sr_pds,NL + linear conf.,SR-PDS,0.5
402,False,0.4799589727266988,0.12615100118455683,0.2327030104049674,0.7272149350484302,sr_pds,sr_pds,"[('cubic', 0, 1), ('log', 2, None)]",[],"[('cubic', 0, 1), ('log', 2, None)]",[],"{('cubic', 0, 1): 5.0583514026926, ('log', 2, None): -4.894105152353461}",{},dgp5,sr_pds,NL + linear conf.,SR-PDS,0.5
403,False,0.9290051531729479,0.28160689827660706,0.377055632550798,1.4809546737950976,sr_pds,sr_pds,"[('cubic', 0, 1)]",[],"[('cubic', 0, 1)]",[],"{('cubic', 0, 1): 5.170922418415987}",{},dgp5,sr_pds,NL + linear conf.,SR-PDS,0.5
404,False,0.570481875048784,0.2782824104720738,0.02504835052351939,1.1159153995740487,sr_pds,sr_pds,"[('cubic', 0, 1)]",[],"[('cubic', 0, 1)]",[],"{('cubic', 0, 1): 4.793291948962476}",{},dgp5,sr_pds,NL + linear conf.,SR-PDS,0.5
405,False,0.48439335034233094,0.13912894031286588,0.21170062732911382,0.757086073355548,sr_pds,sr_pds,"[('cubic', 0, 1), ('log', 2, None)]",[],"[('cubic', 0, 1), ('log', 2, None)]",[],"{('cubic', 0, 1): 5.0242992167051135, ('log', 2, None): -4.926189250148578}",{},dgp5,sr_pds,NL + linear conf.,SR-PDS,0.5
406,False,0.8349559295982343,0.43060325041328396,-0.009026441211802294,1.6789383004082707,sr_pds,sr_pds,[],[],[],[],{},{},dgp5,sr_pds,NL + linear conf.,SR-PDS,0.5
407,False,0.42538395414328434,0.04947789798667593,0.3284072740893995,0.5223606341971692,sr_pds,sr_pds,"[('cubic', 0, 1), ('int', 3, 4), ('log', 2, None)]",[],"[('cubic', 0, 1), ('int', 3, 4), ('log', 2, None)]",[],"{('cubic', 0, 1): 5.062117870054069, ('int', 3, 4): 3.0229727027382185, ('log', 2, None): -5.015946890697749}",{},dgp5,sr_pds,NL + linear conf.,SR-PDS,0.5
408,False,0.33356242270566827,0.24342745278437486,-0.14355538475170643,0.8106802301630429,sr_pds,sr_pds,"[('cubic', 0, 1)]",[],"[('cubic', 0, 1)]",[],"{('cubic', 0, 1): 5.268139941920911}",{},dgp5,sr_pds,NL + linear conf.,SR-PDS,0.5
409,False,0.5732577767935878,0.2978427213400781,-0.010513957032965315,1.157029510620141,sr_pds,sr_pds,"[('cubic', 0, 1)]",[],"[('cubic', 0, 1)]",[],"{('cubic', 0, 1): 5.533457129259096}",{},dgp5,sr_pds,NL + linear conf.,SR-PDS,0.5
410,False,0.37239864092543007,0.2822905505186988,-0.18089083809121953,0.9256881199420797,sr_pds,sr_pds,"[('cubic', 0, 1)]",[],"[('cubic', 0, 1)]",[],"{('cubic', 0, 1): 5.315326829787013}",{},dgp5,sr_pds,NL + linear conf.,SR-PDS,0.5
411,False,0.32217415673536415,0.23200714104186065,-0.13255983970668272,0.776908153177411,sr_pds,sr_pds,"[('cubic', 0, 1), ('int', 3, 4)]",[],"[('cubic', 0, 1), ('int', 3, 4)]",[],"{('cubic', 0, 1): 5.215823855362355, ('int', 3, 4): 2.7737168147778}",{},dgp5,sr_pds,NL + linear conf.,SR-PDS,0.5
412,False,0.9076956278657553,0.3277371063803683,0.26533089936023346,1.5500603563712771,sr_pds,sr_pds,"[('sqrt', 2, None)]",[],"[('sqrt', 2, None)]",[],"{('sqrt', 2, None): -14.846680221111777}",{},dgp5,sr_pds,NL + linear conf.,SR-PDS,0.5
413,False,0.4733210629088512,0.050820458733980445,0.3737129637902495,0.5729291620274528,sr_pds,sr_pds,"[('cubic', 0, 1), ('int', 3, 4), ('log', 2, None)]",[],"[('cubic', 0, 1), ('int', 3, 4), ('log', 2, None)]",[],"{('cubic', 0, 1): 5.039737408956293, ('int', 3, 4): 3.0484680689671984, ('log', 2, None): -4.979627782048437}",{},dgp5,sr_pds,NL + linear conf.,SR-PDS,0.5
414,False,0.36594368846896647,0.1406165321750784,0.09033528540581276,0.6415520915321202,sr_pds,sr_pds,"[('cubic', 0, 1), ('log', 2, None)]",[],"[('cubic', 0, 1), ('log', 2, None)]",[],"{('cubic', 0, 1): 4.9475039219832935, ('log', 2, None): -5.088776169337651}",{},dgp5,sr_pds,NL + linear conf.,SR-PDS,0.5
415,False,0.47145718570288775,0.13905309178495404,0.19891312580437787,0.7440012456013976,sr_pds,sr_pds,"[('cubic', 0, 1), ('log', 2, None)]",[],"[('cubic', 0, 1), ('log', 2, None)]",[],"{('cubic', 0, 1): 5.132874620999699, ('log', 2, None): -5.088692367640169}",{},dgp5,sr_pds,NL + linear conf.,SR-PDS,0.5
416,False,0.302828294982393,0.14176025940664672,0.024978186545365433,0.5806784034194206,sr_pds,sr_pds,"[('cubic', 0, 1), ('log', 2, None)]",[],"[('cubic', 0, 1), ('log', 2, None)]",[],"{('cubic', 0, 1): 4.878061966965151, ('log', 2, None): -5.0551839192391705}",{},dgp5,sr_pds,NL + linear conf.,SR-PDS,0.5
417,False,0.37093496821177363,0.3197941344143191,-0.25586153524029176,0.997731471663839,sr_pds,sr_pds,"[('cubic', 0, 1)]",[],"[('cubic', 0, 1)]",[],"{('cubic', 0, 1): 4.940028449587301}",{},dgp5,sr_pds,NL + linear conf.,SR-PDS,0.5
418,False,0.827901283670834,0.40189787022001,0.04018145803961448,1.6156211093020536,sr_pds,sr_pds,[],[],[],[],{},{},dgp5,sr_pds,NL + linear conf.,SR-PDS,0.5
419,False,0.2804144082700837,0.2898157578872797,-0.28762447718898454,0.8484532937291519,sr_pds,sr_pds,"[('cubic', 0, 1)]",[],"[('cubic', 0, 1)]",[],"{('cubic', 0, 1): 4.876216426185873}",{},dgp5,sr_pds,NL + linear conf.,SR-PDS,0.5
420,False,0.5627680363384204,0.27590948724190856,0.02198544134427971,1.1035506313325611,sr_pds,sr_pds,"[('cubic', 0, 1)]",[],"[('cubic', 0, 1)]",[],"{('cubic', 0, 1): 4.6442691011658095}",{},dgp5,sr_pds,NL + linear conf.,SR-PDS,0.5
421,False,0.08968393331942578,0.28854855761503945,-0.4758712396060515,0.6552391062449031,sr_pds,sr_pds,"[('cubic', 0, 1)]",[],"[('cubic', 0, 1)]",[],"{('cubic', 0, 1): 5.056887381395135}",{},dgp5,sr_pds,NL + linear conf.,SR-PDS,0.5
422,False,1.0787478804814132,0.3148391302563431,0.46166318517898086,1.6958325757838457,sr_pds,sr_pds,"[('cubic', 0, 1)]",[],"[('cubic', 0, 1)]",[],"{('cubic', 0, 1): 5.524066667285594}",{},dgp5,sr_pds,NL + linear conf.,SR-PDS,0.5
423,False,0.7532265388021612,0.3045099676171362,0.15638700227257418,1.3500660753317482,sr_pds,sr_pds,"[('cubic', 0, 1)]",[],"[('cubic', 0, 1)]",[],"{('cubic', 0, 1): 4.8814598946029015}",{},dgp5,sr_pds,NL + linear conf.,SR-PDS,0.5
424,False,0.4572842659915353,0.1687647050967867,0.1265054440018334,0.7880630879812373,sr_pds,sr_pds,"[('cubic', 0, 1), ('log', 2, None)]",[],"[('cubic', 0, 1), ('log', 2, None)]",[],"{('cubic', 0, 1): 5.023857209878898, ('log', 2, None): -5.083255272211827}",{},dgp5,sr_pds,NL + linear conf.,SR-PDS,0.5
425,False,0.6920648565554876,0.2687352438148769,0.16534377867832883,1.2187859344326464,sr_pds,sr_pds,"[('cubic', 0, 1)]",[],"[('cubic', 0, 1)]",[],"{('cubic', 0, 1): 4.961729844692978}",{},dgp5,sr_pds,NL + linear conf.,SR-PDS,0.5
426,False,0.45548376026647786,0.25224716300125183,-0.038920679215975695,0.9498881997489315,sr_pds,sr_pds,"[('cubic', 0, 1)]",[],"[('cubic', 0, 1)]",[],"{('cubic', 0, 1): 5.036303527078172}",{},dgp5,sr_pds,NL + linear conf.,SR-PDS,0.5
427,False,0.2605811054348725,0.2618906317810356,-0.25272453285595725,0.7738867437257022,sr_pds,sr_pds,"[('cubic', 0, 1)]",[],"[('cubic', 0, 1)]",[],"{('cubic', 0, 1): 4.988537171573734}",{},dgp5,sr_pds,NL + linear conf.,SR-PDS,0.5
428,False,0.4986916550853235,0.042493359193755915,0.4154046710655619,0.5819786391050851,sr_pds,sr_pds,"[('cubic', 0, 1), ('int', 3, 4), ('log', 2, None)]",[],"[('cubic', 0, 1), ('int', 3, 4), ('log', 2, None)]",[],"{('cubic', 0, 1): 5.013930469430789, ('int', 3, 4): 3.0242564677576023, ('log', 2, None): -4.965703204846821}",{},dgp5,sr_pds,NL + linear conf.,SR-PDS,0.5
429,False,0.6643879848380612,0.2800565110072719,0.11547722326380827,1.2132987464123142,sr_pds,sr_pds,"[('cubic', 0, 1)]",[],"[('cubic', 0, 1)]",[],"{('cubic', 0, 1): 5.12031580567843}",{},dgp5,sr_pds,NL + linear conf.,SR-PDS,0.5
430,False,0.38625231371666335,0.43473616606040527,-0.4658305717617309,1.2383351991950575,sr_pds,sr_pds,[],[],[],[],{},{},dgp5,sr_pds,NL + linear conf.,SR-PDS,0.5
431,False,0.36037197945843374,0.2839319158016634,-0.19613457551282648,0.9168785344296939,sr_pds,sr_pds,"[('cubic', 0, 1)]",[],"[('cubic', 0, 1)]",[],"{('cubic', 0, 1): 4.936867244958515}",{},dgp5,sr_pds,NL + linear conf.,SR-PDS,0.5
432,False,0.3022611787525678,0.32375997841316395,-0.3323083789372335,0.9368307364423691,sr_pds,sr_pds,"[('cubic', 0, 1)]",[],"[('cubic', 0, 1)]",[],"{('cubic', 0, 1): 4.877789144687663}",{},dgp5,sr_pds,NL + linear conf.,SR-PDS,0.5
433,False,0.5562411371628873,0.14305126205918087,0.27586066352689276,0.8366216107988818,sr_pds,sr_pds,"[('cubic', 0, 1), ('log', 2, None)]",[],"[('cubic', 0, 1), ('log', 2, None)]",[],"{('cubic', 0, 1): 5.045476216514964, ('log', 2, None): -4.955792572296231}",{},dgp5,sr_pds,NL + linear conf.,SR-PDS,0.5
434,False,0.34624875458557425,0.13620926944301373,0.07927858647726732,0.6132189226938811,sr_pds,sr_pds,"[('cubic', 0, 1), ('log', 2, None)]",[],"[('cubic', 0, 1), ('log', 2, None)]",[],"{('cubic', 0, 1): 5.016168713101728, ('log', 2, None): -4.871315571103014}",{},dgp5,sr_pds,NL + linear conf.,SR-PDS,0.5
435,False,0.50602567102654,0.1504701416718151,0.21110419334978237,0.8009471487032975,sr_pds,sr_pds,"[('cubic', 0, 1), ('sqrt', 2, None)]",[],"[('cubic', 0, 1), ('sqrt', 2, None)]",[],"{('cubic', 0, 1): 4.854693995028745, ('sqrt', 2, None): -15.18814404090408}",{},dgp5,sr_pds,NL + linear conf.,SR-PDS,0.5
436,False,0.7045337565177667,0.1291718112083204,0.45135700654945876,0.9577105064860747,sr_pds,sr_pds,"[('cubic', 0, 1), ('log', 2, None)]",[],"[('cubic', 0, 1), ('log', 2, None)]",[],"{('cubic', 0, 1): 4.99275992266962, ('log', 2, None): -5.120350155195665}",{},dgp5,sr_pds,NL + linear conf.,SR-PDS,0.5
437,False,0.7737115760863421,0.28019710743260884,0.22452524551842878,1.3228979066542554,sr_pds,sr_pds,"[('cubic', 0, 1)]",[],"[('cubic', 0, 1)]",[],"{('cubic', 0, 1): 4.890488556236384}",{},dgp5,sr_pds,NL + linear conf.,SR-PDS,0.5
438,False,0.8956300356538631,0.263724851330621,0.37872932704584594,1.4125307442618804,sr_pds,sr_pds,"[('cubic', 0, 1)]",[],"[('cubic', 0, 1)]",[],"{('cubic', 0, 1): 5.085978261645964}",{},dgp5,sr_pds,NL + linear conf.,SR-PDS,0.5
439,False,0.46981864863206924,0.284969576820653,-0.08872172193641059,1.0283590192005492,sr_pds,sr_pds,"[('cubic', 0, 1)]",[],"[('cubic', 0, 1)]",[],"{('cubic', 0, 1): 4.858144938845939}",{},dgp5,sr_pds,NL + linear conf.,SR-PDS,0.5
440,False,0.3730108798449132,0.2595867339296497,-0.13577911865720016,0.8818008783470266,sr_pds,sr_pds,"[('cubic', 0, 1)]",[],"[('cubic', 0, 1)]",[],"{('cubic', 0, 1): 4.982628364697098}",{},dgp5,sr_pds,NL + linear conf.,SR-PDS,0.5
441,False,0.4205419233526826,0.13355297077348932,0.15877810063664355,0.6823057460687216,sr_pds,sr_pds,"[('cubic', 0, 1), ('log', 2, None)]",[],"[('cubic', 0, 1), ('log', 2, None)]",[],"{('cubic', 0, 1): 4.84497638198306, ('log', 2, None): -4.7924244939338765}",{},dgp5,sr_pds,NL + linear conf.,SR-PDS,0.5
442,False,0.23163153111169568,0.34541782590559034,-0.44538740766326135,0.9086504698866527,sr_pds,sr_pds,"[('cubic', 0, 1)]",[],"[('cubic', 0, 1)]",[],"{('cubic', 0, 1): 5.008713929221045}",{},dgp5,sr_pds,NL + linear conf.,SR-PDS,0.5
443,False,0.4881366798778161,0.17061436425458668,0.15373252593882625,0.822540833816806,sr_pds,sr_pds,"[('cubic', 0, 1), ('sqrt', 2, None)]",[],"[('cubic', 0, 1), ('sqrt', 2, None)]",[],"{('cubic', 0, 1): 4.877482654176167, ('sqrt', 2, None): -15.367057555127882}",{},dgp5,sr_pds,NL + linear conf.,SR-PDS,0.5
444,False,0.7476261641086479,0.33255734536634235,0.09581376719061696,1.3994385610266789,sr_pds,sr_pds,"[('log', 2, None)]",[],"[('log', 2, None)]",[],"{('log', 2, None): -5.03112971653842}",{},dgp5,sr_pds,NL + linear conf.,SR-PDS,0.5
445,False,0.5695195267366991,0.12382343485636577,0.32682559441822223,0.8122134590551761,sr_pds,sr_pds,"[('cubic', 0, 1), ('log', 2, None), ('sq', 0, None)]",[],"[('cubic', 0, 1), ('log', 2, None)]",[],"{('cubic', 0, 1): 5.053542929328861, ('log', 2, None): -5.017587752143178}",{},dgp5,sr_pds,NL + linear conf.,SR-PDS,0.5
446,False,0.039577780487294,0.24593349034178136,-0.44245186058259744,0.5216074215571854,sr_pds,sr_pds,"[('cubic', 0, 1)]",[],"[('cubic', 0, 1)]",[],"{('cubic', 0, 1): 4.862033044068224}",{},dgp5,sr_pds,NL + linear conf.,SR-PDS,0.5
447,False,0.3993678920131001,0.2532460927056699,-0.09699444969001292,0.8957302337162131,sr_pds,sr_pds,"[('cubic', 0, 1), ('int', 3, 4)]",[],"[('cubic', 0, 1), ('int', 3, 4)]",[],"{('cubic', 0, 1): 4.806246223298059, ('int', 3, 4): 2.9535771201311305}",{},dgp5,sr_pds,NL + linear conf.,SR-PDS,0.5
448,False,0.09749837229900798,0.30584417292543253,-0.5019562066348398,0.6969529512328558,sr_pds,sr_pds,"[('log', 2, None)]",[],"[('log', 2, None)]",[],"{('log', 2, None): -5.16420876221134}",{},dgp5,sr_pds,NL + linear conf.,SR-PDS,0.5
449,False,0.5381776395398393,0.16795523325064485,0.20898538236857545,0.8673698967111032,sr_pds,sr_pds,"[('cubic', 0, 1), ('log', 2, None)]",[],"[('cubic', 0, 1), ('log', 2, None)]",[],"{('cubic', 0, 1): 4.819797198906787, ('log', 2, None): -5.0534039642356445}",{},dgp5,sr_pds,NL + linear conf.,SR-PDS,0.5
450,False,0.8830117796814965,0.4213646804061061,0.05713700608552852,1.7088865532774644,sr_pds,sr_pds,[],[],[],[],{},{},dgp5,sr_pds,NL + linear conf.,SR-PDS,0.5
451,False,0.6971898538226476,0.3997538511411327,-0.08632769441397248,1.4807074020592679,sr_pds,sr_pds,"[('log', 2, None)]",[],"[('log', 2, None)]",[],"{('log', 2, None): -4.6802013561302385}",{},dgp5,sr_pds,NL + linear conf.,SR-PDS,0.5
452,False,0.28040469415936237,0.27872620801869463,-0.2658986735572791,0.8267080618760039,sr_pds,sr_pds,"[('cubic', 0, 1)]",[],"[('cubic', 0, 1)]",[],"{('cubic', 0, 1): 5.100088897368546}",{},dgp5,sr_pds,NL + linear conf.,SR-PDS,0.5
453,False,0.36429614719665077,0.24188157686603304,-0.10979174346077397,0.8383840378540754,sr_pds,sr_pds,"[('cubic', 0, 1), ('int', 3, 4)]",[],"[('cubic', 0, 1), ('int', 3, 4)]",[],"{('cubic', 0, 1): 5.012625233190418, ('int', 3, 4): 2.6695753058523817}",{},dgp5,sr_pds,NL + linear conf.,SR-PDS,0.5
454,False,0.6850719435517332,0.2723271018923464,0.1513108238427343,1.218833063260732,sr_pds,sr_pds,"[('cubic', 0, 1)]",[],"[('cubic', 0, 1)]",[],"{('cubic', 0, 1): 4.915196254846144}",{},dgp5,sr_pds,NL + linear conf.,SR-PDS,0.5
455,False,0.360858607322261,0.27055729744403106,-0.16943369566803984,0.8911509103125619,sr_pds,sr_pds,"[('cubic', 0, 1)]",[],"[('cubic', 0, 1)]",[],"{('cubic', 0, 1): 5.006038075200528}",{},dgp5,sr_pds,NL + linear conf.,SR-PDS,0.5
456,False,0.733690444375766,0.25024907490703974,0.24320225755796815,1.2241786311935638,sr_pds,sr_pds,"[('cubic', 0, 1)]",[],"[('cubic', 0, 1)]",[],"{('cubic', 0, 1): 5.480760308951976}",{},dgp5,sr_pds,NL + linear conf.,SR-PDS,0.5
457,False,0.8411566155120185,0.2710920134526834,0.309816269144759,1.372496961879278,sr_pds,sr_pds,"[('cubic', 0, 1)]",[],"[('cubic', 0, 1)]",[],"{('cubic', 0, 1): 4.909102935671119}",{},dgp5,sr_pds,NL + linear conf.,SR-PDS,0.5
458,False,0.2147002818408719,0.26882997535973946,-0.3122064698642175,0.7416070335459612,sr_pds,sr_pds,"[('cubic', 0, 1)]",[],"[('cubic', 0, 1)]",[],"{('cubic', 0, 1): 4.8533332253657875}",{},dgp5,sr_pds,NL + linear conf.,SR-PDS,0.5
459,False,0.3604746245226405,0.23784404402376208,-0.10569970176393317,0.8266489508092142,sr_pds,sr_pds,"[('cubic', 0, 1), ('sq', 2, None)]",[],"[('cubic', 0, 1), ('sq', 2, None)]",[],"{('cubic', 0, 1): 4.997054240383284, ('sq', 2, None): -3.052380546823894}",{},dgp5,sr_pds,NL + linear conf.,SR-PDS,0.5
460,False,0.2974062231708569,0.2830754252109907,-0.2574216102426849,0.8522340565843987,sr_pds,sr_pds,"[('cubic', 0, 1)]",[],"[('cubic', 0, 1)]",[],"{('cubic', 0, 1): 4.611854562482834}",{},dgp5,sr_pds,NL + linear conf.,SR-PDS,0.5
461,False,0.30111547715947,0.3552078516197944,-0.39509191201532695,0.997322866334267,sr_pds,sr_pds,"[('cubic', 0, 1)]",[],"[('cubic', 0, 1)]",[],"{('cubic', 0, 1): 4.820573800328692}",{},dgp5,sr_pds,NL + linear conf.,SR-PDS,0.5
462,False,0.2637944770413527,0.1169950191509904,0.034484239505411546,0.4931047145772939,sr_pds,sr_pds,"[('cubic', 0, 1), ('log', 2, None)]",[],"[('cubic', 0, 1), ('log', 2, None)]",[],"{('cubic', 0, 1): 4.90690788993826, ('log', 2, None): -4.968880227526227}",{},dgp5,sr_pds,NL + linear conf.,SR-PDS,0.5
463,False,0.839115095952961,0.31186621627706657,0.22785731204991055,1.4503728798560114,sr_pds,sr_pds,"[('cubic', 0, 1)]",[],"[('cubic', 0, 1)]",[],"{('cubic', 0, 1): 4.961059318578076}",{},dgp5,sr_pds,NL + linear conf.,SR-PDS,0.5
464,False,0.6104169567634262,0.29693492900472,0.028424495914174952,1.1924094176126774,sr_pds,sr_pds,"[('cubic', 0, 1)]",[],"[('cubic', 0, 1)]",[],"{('cubic', 0, 1): 4.893372453890392}",{},dgp5,sr_pds,NL + linear conf.,SR-PDS,0.5
465,False,0.6734203290899515,0.3230693709721786,0.04020436198448152,1.3066362961954217,sr_pds,sr_pds,"[('cubic', 0, 1)]",[],"[('cubic', 0, 1)]",[],"{('cubic', 0, 1): 5.230718124743343}",{},dgp5,sr_pds,NL + linear conf.,SR-PDS,0.5
466,False,0.7265373389368425,0.2705156624915975,0.19632664045331139,1.2567480374203734,sr_pds,sr_pds,"[('cubic', 0, 1)]",[],"[('cubic', 0, 1)]",[],"{('cubic', 0, 1): 5.0219613727183745}",{},dgp5,sr_pds,NL + linear conf.,SR-PDS,0.5
467,False,0.615149665860722,0.27585754958299186,0.07446886867805791,1.155830463043386,sr_pds,sr_pds,"[('cubic', 0, 1)]",[],"[('cubic', 0, 1)]",[],"{('cubic', 0, 1): 4.82780994207141}",{},dgp5,sr_pds,NL + linear conf.,SR-PDS,0.5
468,False,1.2821969363873786,0.4287213592001993,0.44190307235498794,2.1224908004197696,sr_pds,sr_pds,"[('int', 1, 5)]",[],"[('int', 1, 5)]",[],"{('int', 1, 5): 0.749279912719002}",{},dgp5,sr_pds,NL + linear conf.,SR-PDS,0.5
469,False,0.5234840042504867,0.2707402253928928,-0.007166837519583136,1.0541348460205566,sr_pds,sr_pds,"[('cubic', 0, 1)]",[],"[('cubic', 0, 1)]",[],"{('cubic', 0, 1): 5.19762574407278}",{},dgp5,sr_pds,NL + linear conf.,SR-PDS,0.5
470,False,0.3377977735295938,0.2786578297097799,-0.20837157270157486,0.8839671197607624,sr_pds,sr_pds,"[('cubic', 0, 1), ('sq', 0, None)]",[],"[('cubic', 0, 1)]",[],"{('cubic', 0, 1): 5.071320344435323}",{},dgp5,sr_pds,NL + linear conf.,SR-PDS,0.5
471,False,0.6192495020941741,0.12483988357995066,0.3745633302774708,0.8639356739108773,sr_pds,sr_pds,"[('cubic', 0, 1), ('log', 2, None)]",[],"[('cubic', 0, 1), ('log', 2, None)]",[],"{('cubic', 0, 1): 4.816396417336963, ('log', 2, None): -5.102203078709878}",{},dgp5,sr_pds,NL + linear conf.,SR-PDS,0.5
472,False,0.7465804175470986,0.38589092491718974,-0.009765795290593293,1.5029266303847906,sr_pds,sr_pds,[],[],[],[],{},{},dgp5,sr_pds,NL + linear conf.,SR-PDS,0.5
473,False,0.873877439951644,0.28120962392895066,0.3227065770509008,1.4250483028523873,sr_pds,sr_pds,"[('cubic', 0, 1)]",[],"[('cubic', 0, 1)]",[],"{('cubic', 0, 1): 5.100816213240787}",{},dgp5,sr_pds,NL + linear conf.,SR-PDS,0.5
474,False,0.5974165400732371,0.2818154813990832,0.045058196531034045,1.1497748836154402,sr_pds,sr_pds,"[('cubic', 0, 1), ('int', 0, 1)]",[],"[('cubic', 0, 1), ('int', 0, 1)]",[],"{('cubic', 0, 1): 4.720869417813235, ('int', 0, 1): 0.35370271366455974}",{},dgp5,sr_pds,NL + linear conf.,SR-PDS,0.5
475,False,0.792315657871822,0.27616640589549596,0.2510295023166499,1.333601813426994,sr_pds,sr_pds,"[('cubic', 0, 1)]",[],"[('cubic', 0, 1)]",[],"{('cubic', 0, 1): 4.791703431051533}",{},dgp5,sr_pds,NL + linear conf.,SR-PDS,0.5
476,False,0.1483526506342237,0.2987882650105395,-0.4372723487864337,0.7339776500548811,sr_pds,sr_pds,"[('cubic', 0, 1)]",[],"[('cubic', 0, 1)]",[],"{('cubic', 0, 1): 5.0685302401690295}",{},dgp5,sr_pds,NL + linear conf.,SR-PDS,0.5
477,False,0.6639257304451557,0.24627535017188068,0.18122604410826954,1.1466254167820418,sr_pds,sr_pds,"[('cubic', 0, 1)]",[],"[('cubic', 0, 1)]",[],"{('cubic', 0, 1): 5.167042693307612}",{},dgp5,sr_pds,NL + linear conf.,SR-PDS,0.5
478,False,0.3974588168090158,0.27042596287360227,-0.13257607042324465,0.9274937040412763,sr_pds,sr_pds,"[('cubic', 0, 1)]",[],"[('cubic', 0, 1)]",[],"{('cubic', 0, 1): 5.400719143187817}",{},dgp5,sr_pds,NL + linear conf.,SR-PDS,0.5
479,False,0.5345415172753636,0.04785465079979432,0.4407464017077667,0.6283366328429605,sr_pds,sr_pds,"[('cubic', 0, 1), ('int', 3, 4), ('log', 2, None)]",[],"[('cubic', 0, 1), ('int', 3, 4), ('log', 2, None)]",[],"{('cubic', 0, 1): 4.962883388663133, ('int', 3, 4): 3.0745198432363092, ('log', 2, None): -5.056812439355777}",{},dgp5,sr_pds,NL + linear conf.,SR-PDS,0.5
480,False,0.3272431528245877,0.15610453519689677,0.021278263838670042,0.6332080418105054,sr_pds,sr_pds,"[('cubic', 0, 1), ('log', 2, None)]",[],"[('cubic', 0, 1), ('log', 2, None)]",[],"{('cubic', 0, 1): 5.06950026485251, ('log', 2, None): -4.872390350550311}",{},dgp5,sr_pds,NL + linear conf.,SR-PDS,0.5
481,False,0.42354112543580175,0.11995878655613008,0.1884219037857868,0.6586603470858167,sr_pds,sr_pds,"[('cubic', 0, 1), ('log', 2, None)]",[],"[('cubic', 0, 1), ('log', 2, None)]",[],"{('cubic', 0, 1): 5.023648247391279, ('log', 2, None): -4.941233944307776}",{},dgp5,sr_pds,NL + linear conf.,SR-PDS,0.5
482,False,0.3233775668750077,0.16254844453198522,0.00478261559231663,0.6419725181576987,sr_pds,sr_pds,"[('cubic', 0, 1), ('log', 2, None)]",[],"[('cubic', 0, 1), ('log', 2, None)]",[],"{('cubic', 0, 1): 4.925933564870582, ('log', 2, None): -5.078700657011998}",{},dgp5,sr_pds,NL + linear conf.,SR-PDS,0.5
483,False,0.20484930137638996,0.3464182231786649,-0.4741304160537932,0.8838290188065732,sr_pds,sr_pds,[],[],[],[],{},{},dgp5,sr_pds,NL + linear conf.,SR-PDS,0.5
484,False,0.5524467980651909,0.22429770244407266,0.11282330127480855,0.9920702948555733,sr_pds,sr_pds,"[('cubic', 0, 1)]",[],"[('cubic', 0, 1)]",[],"{('cubic', 0, 1): 4.85102289775461}",{},dgp5,sr_pds,NL + linear conf.,SR-PDS,0.5
485,False,0.4814489402655042,0.1252992091243942,0.23586249038169158,0.7270353901493168,sr_pds,sr_pds,"[('cubic', 0, 1), ('log', 2, None)]",[],"[('cubic', 0, 1), ('log', 2, None)]",[],"{('cubic', 0, 1): 5.015341559727991, ('log', 2, None): -5.077076634163934}",{},dgp5,sr_pds,NL + linear conf.,SR-PDS,0.5
486,False,0.0751365521387938,0.3034010776839395,-0.5195295601217276,0.6698026643993151,sr_pds,sr_pds,"[('cubic', 0, 1)]",[],"[('cubic', 0, 1)]",[],"{('cubic', 0, 1): 5.2636588340804}",{},dgp5,sr_pds,NL + linear conf.,SR-PDS,0.5
487,False,0.4121356836949003,0.3043249718229364,-0.18434126107805504,1.0086126284678556,sr_pds,sr_pds,"[('log', 2, None)]",[],"[('log', 2, None)]",[],"{('log', 2, None): -5.1961118538219475}",{},dgp5,sr_pds,NL + linear conf.,SR-PDS,0.5
488,False,0.7112667896926663,0.2770443767266807,0.1682598113083722,1.2542737680769604,sr_pds,sr_pds,"[('cubic', 0, 1)]",[],"[('cubic', 0, 1)]",[],"{('cubic', 0, 1): 5.265814425985877}",{},dgp5,sr_pds,NL + linear conf.,SR-PDS,0.5
489,False,0.5724213146117295,0.13907682428030427,0.29983073902233315,0.8450118902011259,sr_pds,sr_pds,"[('cubic', 0, 1), ('log', 2, None)]",[],"[('cubic', 0, 1), ('log', 2, None)]",[],"{('cubic', 0, 1): 4.951596970279306, ('log', 2, None): -4.925698565985228}",{},dgp5,sr_pds,NL + linear conf.,SR-PDS,0.5
490,False,0.36440760788842225,0.14201913433390115,0.086050104593976,0.6427651111828685,sr_pds,sr_pds,"[('cubic', 0, 1), ('log', 2, None)]",[],"[('cubic', 0, 1), ('log', 2, None)]",[],"{('cubic', 0, 1): 5.097693681128619, ('log', 2, None): -5.435821303623998}",{},dgp5,sr_pds,NL + linear conf.,SR-PDS,0.5
491,False,0.34081852294533854,0.2574302855640409,-0.1637448367601816,0.8453818826508587,sr_pds,sr_pds,"[('cubic', 0, 1)]",[],"[('cubic', 0, 1)]",[],"{('cubic', 0, 1): 4.565693485061703}",{},dgp5,sr_pds,NL + linear conf.,SR-PDS,0.5
492,False,0.4464311718782863,0.2899846138398229,-0.12193867124776658,1.0148010150043392,sr_pds,sr_pds,"[('cubic', 0, 1)]",[],"[('cubic', 0, 1)]",[],"{('cubic', 0, 1): 5.195731791366915}",{},dgp5,sr_pds,NL + linear conf.,SR-PDS,0.5
493,False,0.7434935400972368,0.28901886458081416,0.17701656551884104,1.3099705146756326,sr_pds,sr_pds,"[('cubic', 0, 1)]",[],"[('cubic', 0, 1)]",[],"{('cubic', 0, 1): 5.150071171485953}",{},dgp5,sr_pds,NL + linear conf.,SR-PDS,0.5
494,False,0.6230503954460155,0.2758992929562343,0.08228778125179625,1.1638130096402346,sr_pds,sr_pds,"[('cubic', 0, 1)]",[],"[('cubic', 0, 1)]",[],"{('cubic', 0, 1): 5.198227685747507}",{},dgp5,sr_pds,NL + linear conf.,SR-PDS,0.5
495,False,0.3242152813121635,0.24076849120459387,-0.14769096144884047,0.7961215240731674,sr_pds,sr_pds,"[('cubic', 0, 1)]",[],"[('cubic', 0, 1)]",[],"{('cubic', 0, 1): 4.7247246561858605}",{},dgp5,sr_pds,NL + linear conf.,SR-PDS,0.5
496,False,-0.5025473874184174,0.4580695324529463,-1.4003636710261922,0.39526889618935734,sr_pds,sr_pds,[],[],[],[],{},{},dgp5,sr_pds,NL + linear conf.,SR-PDS,0.5
497,False,0.42685293934329643,0.3002457534978244,-0.1616287375124394,1.0153346161990322,sr_pds,sr_pds,"[('cubic', 0, 1)]",[],"[('cubic', 0, 1)]",[],"{('cubic', 0, 1): 4.878741837530015}",{},dgp5,sr_pds,NL + linear conf.,SR-PDS,0.5
498,False,0.5481678665194248,0.13514755619417318,0.2832786563788454,0.8130570766600043,sr_pds,sr_pds,"[('cubic', 0, 1), ('log', 2, None)]",[],"[('cubic', 0, 1), ('log', 2, None)]",[],"{('cubic', 0, 1): 5.054949155609612, ('log', 2, None): -5.208343077499173}",{},dgp5,sr_pds,NL + linear conf.,SR-PDS,0.5
499,False,0.5078258026579588,0.28042941469891186,-0.04181585015190836,1.057467455467826,sr_pds,sr_pds,"[('cubic', 0, 1)]",[],"[('cubic', 0, 1)]",[],"{('cubic', 0, 1): 4.696712570603095}",{},dgp5,sr_pds,NL + linear conf.,SR-PDS,0.5
