seed,failed,beta_hat,se,ci_low,ci_high,sr_pds_variant,epds_variant,pre_lasso_terms_y,pre_lasso_terms_d,post_lasso_terms_y,post_lasso_terms_d,term_coefs_y,term_coefs_d,dgp,estimator,dgp_label,est_label,beta0
0,False,0.49891149247143407,0.0496923974669924,0.40151439343612894,0.5963085915067392,sr_pds,sr_pds,"[('cubic', 0, 1), ('log', 2, None)]","[('int', 3, 4)]","[('cubic', 0, 1), ('log', 2, None)]","[('int', 3, 4)]","{('cubic', 0, 1): 4.960386839947851, ('log', 2, None): -5.027427170821746}","{('int', 3, 4): 2.940368630223787}",dgp6,sr_pds,NL + mild NL conf.,SR-PDS,0.5
1,False,0.4989843143536396,0.04556125737930226,0.4096842498902072,0.588284378817072,sr_pds,sr_pds,"[('cubic', 0, 1), ('log', 2, None)]","[('int', 3, 4)]","[('cubic', 0, 1), ('log', 2, None)]","[('int', 3, 4)]","{('cubic', 0, 1): 4.96939764001654, ('log', 2, None): -4.9083499755001}","{('int', 3, 4): 3.1424459879792868}",dgp6,sr_pds,NL + mild NL conf.,SR-PDS,0.5
2,False,0.6773899230038102,0.26254121952935877,0.16280913272626696,1.1919707132813535,sr_pds,sr_pds,"[('cubic', 0, 1)]","[('int', 3, 4)]","[('cubic', 0, 1)]","[('int', 3, 4)]","{('cubic', 0, 1): 4.896073779243133}","{('int', 3, 4): 2.481700864619243}",dgp6,sr_pds,NL + mild NL conf.,SR-PDS,0.5
3,False,0.4496767021339079,0.21447094274504208,0.02931365435362543,0.8700397499141904,sr_pds,sr_pds,"[('cubic', 0, 1)]","[('int', 3, 4)]","[('cubic', 0, 1)]","[('int', 3, 4)]","{('cubic', 0, 1): 5.286659768586506}","{('int', 3, 4): 3.1534772492577137}",dgp6,sr_pds,NL + mild NL conf.,SR-PDS,0.5
4,False,0.39935977536591016,0.26315809611399843,-0.11643009301752671,0.915149643749347,sr_pds,sr_pds,"[('cubic', 0, 1)]","[('int', 3, 4)]","[('cubic', 0, 1)]","[('int', 3, 4)]","{('cubic', 0, 1): 4.693597194242059}","{('int', 3, 4): 3.3106428096982587}",dgp6,sr_pds,NL + mild NL conf.,SR-PDS,0.5
5,False,0.4775319539543745,0.20229395567244965,0.08103580083637318,0.8740281070723758,sr_pds,sr_pds,"[('cubic', 0, 1)]","[('int', 3, 4)]","[('cubic', 0, 1)]","[('int', 3, 4)]","{('cubic', 0, 1): 4.863066645306091}","{('int', 3, 4): 3.442890005050256}",dgp6,sr_pds,NL + mild NL conf.,SR-PDS,0.5
6,False,0.5067986056428502,0.04271515397731887,0.4230769038473052,0.5905203074383951,sr_pds,sr_pds,"[('cubic', 0, 1), ('log', 2, None)]","[('int', 3, 4)]","[('cubic', 0, 1), ('log', 2, None)]","[('int', 3, 4)]","{('cubic', 0, 1): 4.989505671267905, ('log', 2, None): -4.973425349837108}","{('int', 3, 4): 2.9390860064208395}",dgp6,sr_pds,NL + mild NL conf.,SR-PDS,0.5
7,False,0.4662532891865099,0.29460219911777163,-0.11116702108432253,1.0436735994573423,sr_pds,sr_pds,"[('log', 2, None)]","[('int', 3, 4)]","[('log', 2, None)]","[('int', 3, 4)]","{('log', 2, None): -4.6785969161333005}","{('int', 3, 4): 2.9971525120713753}",dgp6,sr_pds,NL + mild NL conf.,SR-PDS,0.5
8,False,0.4909196977725865,0.046826502728398174,0.39913975242492605,0.5826996431202469,sr_pds,sr_pds,"[('cubic', 0, 1), ('log', 2, None)]","[('int', 3, 4)]","[('cubic', 0, 1), ('log', 2, None)]","[('int', 3, 4)]","{('cubic', 0, 1): 4.984120025879253, ('log', 2, None): -4.971347559405439}","{('int', 3, 4): 2.977374796178286}",dgp6,sr_pds,NL + mild NL conf.,SR-PDS,0.5
9,False,0.6839113494975361,0.23710869904576182,0.21917829936784294,1.148644399627229,sr_pds,sr_pds,"[('cubic', 0, 1)]","[('int', 3, 4)]","[('cubic', 0, 1)]","[('int', 3, 4)]","{('cubic', 0, 1): 4.948648720733316}","{('int', 3, 4): 2.4766817546237556}",dgp6,sr_pds,NL + mild NL conf.,SR-PDS,0.5
10,False,-0.14812658428837516,0.38774893351124723,-0.9081144939704198,0.6118613253936693,sr_pds,sr_pds,[],"[('int', 3, 4)]",[],"[('int', 3, 4)]",{},"{('int', 3, 4): 4.601375052508464}",dgp6,sr_pds,NL + mild NL conf.,SR-PDS,0.5
11,False,0.5631212098776213,0.046127327612667135,0.4727116477567937,0.6535307719984489,sr_pds,sr_pds,"[('cubic', 0, 1), ('log', 2, None)]","[('int', 3, 4)]","[('cubic', 0, 1), ('log', 2, None)]","[('int', 3, 4)]","{('cubic', 0, 1): 5.05644278544594, ('log', 2, None): -5.073643127398932}","{('int', 3, 4): 2.8818203278095473}",dgp6,sr_pds,NL + mild NL conf.,SR-PDS,0.5
12,False,0.5401309657820096,0.045244238057808674,0.4514522591887046,0.6288096723753146,sr_pds,sr_pds,"[('cubic', 0, 1), ('log', 2, None)]","[('int', 3, 4)]","[('cubic', 0, 1), ('log', 2, None)]","[('int', 3, 4)]","{('cubic', 0, 1): 5.007295868210972, ('log', 2, None): -5.018902036554616}","{('int', 3, 4): 2.844405696117256}",dgp6,sr_pds,NL + mild NL conf.,SR-PDS,0.5
13,False,0.43839799444300037,0.30503429235609286,-0.15946921857494162,1.0362652074609424,sr_pds,sr_pds,"[('cubic', 0, 1), ('int', 3, 4)]","[('int', 3, 4)]","[('cubic', 0, 1), ('int', 3, 4)]","[('int', 3, 4)]","{('cubic', 0, 1): 4.881268747948282, ('int', 3, 4): 3.098170654923236}","{('int', 3, 4): 3.098170654923236}",dgp6,sr_pds,NL + mild NL conf.,SR-PDS,0.5
14,False,0.5649711131918131,0.04409895271825116,0.4785371658640409,0.6514050605195854,sr_pds,sr_pds,"[('cubic', 0, 1), ('log', 2, None)]","[('int', 3, 4)]","[('cubic', 0, 1), ('log', 2, None)]","[('int', 3, 4)]","{('cubic', 0, 1): 4.971708506175402, ('log', 2, None): -4.98738007121705}","{('int', 3, 4): 2.853777825368816}",dgp6,sr_pds,NL + mild NL conf.,SR-PDS,0.5
15,False,0.3371410813121534,0.20277111975095324,-0.06029031339971491,0.7345724760240218,sr_pds,sr_pds,"[('cubic', 0, 1)]","[('int', 3, 4)]","[('cubic', 0, 1)]","[('int', 3, 4)]","{('cubic', 0, 1): 5.254108973820247}","{('int', 3, 4): 3.0434790922993744}",dgp6,sr_pds,NL + mild NL conf.,SR-PDS,0.5
16,False,0.556632766344275,0.047737384819775394,0.4630674920975153,0.6501980405910348,sr_pds,sr_pds,"[('cubic', 0, 1), ('log', 2, None)]","[('int', 3, 4)]","[('cubic', 0, 1), ('log', 2, None)]","[('int', 3, 4)]","{('cubic', 0, 1): 5.026499677914864, ('log', 2, None): -4.964292364646089}","{('int', 3, 4): 2.832859231175407}",dgp6,sr_pds,NL + mild NL conf.,SR-PDS,0.5
17,False,0.46230056083585397,0.040588199876027534,0.38274768907884,0.5418534325928679,sr_pds,sr_pds,"[('cubic', 0, 1), ('log', 2, None)]","[('int', 3, 4)]","[('cubic', 0, 1), ('log', 2, None)]","[('int', 3, 4)]","{('cubic', 0, 1): 5.0041258877605435, ('log', 2, None): -4.916602247389273}","{('int', 3, 4): 3.0745537775474028}",dgp6,sr_pds,NL + mild NL conf.,SR-PDS,0.5
18,False,0.3361918659429823,0.26066233983706116,-0.17470632013765758,0.8470900520236222,sr_pds,sr_pds,"[('cubic', 0, 1)]","[('int', 3, 4)]","[('cubic', 0, 1)]","[('int', 3, 4)]","{('cubic', 0, 1): 4.958198833561155}","{('int', 3, 4): 3.469504415468356}",dgp6,sr_pds,NL + mild NL conf.,SR-PDS,0.5
19,False,0.9233473288235764,0.22310169123254545,0.4860680140077873,1.3606266436393655,sr_pds,sr_pds,"[('cubic', 0, 1)]","[('int', 3, 4)]","[('cubic', 0, 1)]","[('int', 3, 4)]","{('cubic', 0, 1): 4.981141392722859}","{('int', 3, 4): 2.3596348117379122}",dgp6,sr_pds,NL + mild NL conf.,SR-PDS,0.5
20,False,0.5624843434801797,0.2443403401304898,0.08357727682441973,1.0413914101359398,sr_pds,sr_pds,"[('cubic', 0, 1)]","[('int', 3, 4)]","[('cubic', 0, 1)]","[('int', 3, 4)]","{('cubic', 0, 1): 4.772447572130172}","{('int', 3, 4): 2.641046862383508}",dgp6,sr_pds,NL + mild NL conf.,SR-PDS,0.5
21,False,0.6150329012160628,0.28244144624466117,0.061447666576526894,1.1686181358555987,sr_pds,sr_pds,"[('cubic', 0, 1)]","[('int', 3, 4)]","[('cubic', 0, 1)]","[('int', 3, 4)]","{('cubic', 0, 1): 4.916137761891575}","{('int', 3, 4): 2.5336434482116}",dgp6,sr_pds,NL + mild NL conf.,SR-PDS,0.5
22,False,0.37289412123415194,0.20928739751481065,-0.03730917789487692,0.7830974203631809,sr_pds,sr_pds,"[('cubic', 0, 1)]","[('int', 3, 4)]","[('cubic', 0, 1)]","[('int', 3, 4)]","{('cubic', 0, 1): 4.975879893612156}","{('int', 3, 4): 2.919191615059095}",dgp6,sr_pds,NL + mild NL conf.,SR-PDS,0.5
23,False,0.20772545763477213,0.25767518028755154,-0.29731789572882894,0.7127688109983732,sr_pds,sr_pds,"[('cubic', 0, 1)]","[('int', 3, 4)]","[('cubic', 0, 1)]","[('int', 3, 4)]","{('cubic', 0, 1): 4.873959969565372}","{('int', 3, 4): 3.563636584776289}",dgp6,sr_pds,NL + mild NL conf.,SR-PDS,0.5
24,False,0.830282464244811,0.24909262567392274,0.34206091792392246,1.3185040105656995,sr_pds,sr_pds,"[('cubic', 0, 1)]","[('int', 3, 4)]","[('cubic', 0, 1)]","[('int', 3, 4)]","{('cubic', 0, 1): 4.923673805580302}","{('int', 3, 4): 2.5324416105428775}",dgp6,sr_pds,NL + mild NL conf.,SR-PDS,0.5
25,False,-0.30783331932014363,0.396045170737698,-1.0840818539660317,0.4684152153257444,sr_pds,sr_pds,[],"[('int', 3, 4)]",[],"[('int', 3, 4)]",{},"{('int', 3, 4): 5.163359737584164}",dgp6,sr_pds,NL + mild NL conf.,SR-PDS,0.5
26,False,0.3817572583946662,0.2598420474483616,-0.12753315460412257,0.891047671393455,sr_pds,sr_pds,"[('cubic', 0, 1)]","[('int', 3, 4)]","[('cubic', 0, 1)]","[('int', 3, 4)]","{('cubic', 0, 1): 4.896360620791969}","{('int', 3, 4): 3.5565715464110825}",dgp6,sr_pds,NL + mild NL conf.,SR-PDS,0.5
27,False,0.5932562048820137,0.25203075235194583,0.09927593027219989,1.0872364794918274,sr_pds,sr_pds,"[('cubic', 0, 1)]","[('int', 3, 4)]","[('cubic', 0, 1)]","[('int', 3, 4)]","{('cubic', 0, 1): 5.1903381006433955}","{('int', 3, 4): 3.1491428623828774}",dgp6,sr_pds,NL + mild NL conf.,SR-PDS,0.5
28,False,0.5395271127149139,0.2691199097297348,0.012052089644633668,1.0670021357851942,sr_pds,sr_pds,"[('cubic', 0, 1)]","[('int', 3, 4)]","[('cubic', 0, 1)]","[('int', 3, 4)]","{('cubic', 0, 1): 5.102508298164752}","{('int', 3, 4): 3.1001556737711176}",dgp6,sr_pds,NL + mild NL conf.,SR-PDS,0.5
29,False,0.7733648297970533,0.23709323102449864,0.308662096989036,1.2380675626050706,sr_pds,sr_pds,"[('cubic', 0, 1), ('int', 3, 4)]","[('int', 3, 4)]","[('cubic', 0, 1), ('int', 3, 4)]","[('int', 3, 4)]","{('cubic', 0, 1): 4.836314594982649, ('int', 3, 4): 2.906917895217427}","{('int', 3, 4): 2.906917895217427}",dgp6,sr_pds,NL + mild NL conf.,SR-PDS,0.5
30,False,0.3839091162674469,0.2845370156669465,-0.17378343443976824,0.9416016669746621,sr_pds,sr_pds,"[('cubic', 0, 1)]","[('int', 3, 4)]","[('cubic', 0, 1)]","[('int', 3, 4)]","{('cubic', 0, 1): 4.846970492130218}","{('int', 3, 4): 2.8780051958368613}",dgp6,sr_pds,NL + mild NL conf.,SR-PDS,0.5
31,False,0.389977323766085,0.041637843357042216,0.3083671507862823,0.47158749674588774,sr_pds,sr_pds,"[('cubic', 0, 1), ('log', 2, None)]","[('int', 3, 4)]","[('cubic', 0, 1), ('log', 2, None)]","[('int', 3, 4)]","{('cubic', 0, 1): 5.025103230689677, ('log', 2, None): -4.984887877488709}","{('int', 3, 4): 3.2283789963994582}",dgp6,sr_pds,NL + mild NL conf.,SR-PDS,0.5
32,False,0.40025389611834833,0.042464884921154473,0.3170227216728856,0.48348507056381107,sr_pds,sr_pds,"[('cubic', 0, 1), ('log', 2, None)]","[('int', 3, 4)]","[('cubic', 0, 1), ('log', 2, None)]","[('int', 3, 4)]","{('cubic', 0, 1): 4.99747228317204, ('log', 2, None): -5.027429951058839}","{('int', 3, 4): 3.179017263148631}",dgp6,sr_pds,NL + mild NL conf.,SR-PDS,0.5
33,False,0.89669907339651,0.38656913314656677,0.13902357242923913,1.6543745743637808,sr_pds,sr_pds,[],"[('int', 3, 4)]",[],"[('int', 3, 4)]",{},"{('int', 3, 4): 2.397404276945724}",dgp6,sr_pds,NL + mild NL conf.,SR-PDS,0.5
34,False,0.7516887014178565,0.25321975104780753,0.25537798936415373,1.2479994134715593,sr_pds,sr_pds,"[('cubic', 0, 1)]","[('int', 3, 4)]","[('cubic', 0, 1)]","[('int', 3, 4)]","{('cubic', 0, 1): 4.670100741609981}","{('int', 3, 4): 2.130509541537136}",dgp6,sr_pds,NL + mild NL conf.,SR-PDS,0.5
35,False,0.8102253035531659,0.2701973075690141,0.28063858071789827,1.3398120263884334,sr_pds,sr_pds,"[('cubic', 0, 1), ('int', 3, 4)]","[('int', 3, 4)]","[('cubic', 0, 1), ('int', 3, 4)]","[('int', 3, 4)]","{('cubic', 0, 1): 4.706126621375166, ('int', 3, 4): 2.107201439310439}","{('int', 3, 4): 2.107201439310439}",dgp6,sr_pds,NL + mild NL conf.,SR-PDS,0.5
36,False,0.09076285842122701,0.22499543603726027,-0.3502281962118031,0.5317539130542571,sr_pds,sr_pds,"[('cubic', 0, 1), ('int', 3, 4)]","[('int', 3, 4)]","[('cubic', 0, 1), ('int', 3, 4)]","[('int', 3, 4)]","{('cubic', 0, 1): 4.865627184451822, ('int', 3, 4): 3.830896268002918}","{('int', 3, 4): 3.830896268002918}",dgp6,sr_pds,NL + mild NL conf.,SR-PDS,0.5
37,False,0.4681859810529675,0.04096900260201508,0.3878867359530179,0.5484852261529171,sr_pds,sr_pds,"[('cubic', 0, 1), ('log', 2, None)]","[('int', 3, 4)]","[('cubic', 0, 1), ('log', 2, None)]","[('int', 3, 4)]","{('cubic', 0, 1): 5.013564468576948, ('log', 2, None): -4.995047149690142}","{('int', 3, 4): 3.0728793687328393}",dgp6,sr_pds,NL + mild NL conf.,SR-PDS,0.5
38,False,0.34558398927552364,0.23568591019727853,-0.11636039471114223,0.8075283732621895,sr_pds,sr_pds,"[('cubic', 0, 1)]","[('int', 3, 4)]","[('cubic', 0, 1)]","[('int', 3, 4)]","{('cubic', 0, 1): 4.868518484547391}","{('int', 3, 4): 3.270197579380052}",dgp6,sr_pds,NL + mild NL conf.,SR-PDS,0.5
39,False,0.5633414796397621,0.35294073138652876,-0.1284223538778343,1.2551053131573586,sr_pds,sr_pds,[],"[('int', 3, 4)]",[],"[('int', 3, 4)]",{},"{('int', 3, 4): 2.2032702616017414}",dgp6,sr_pds,NL + mild NL conf.,SR-PDS,0.5
40,False,0.07317886750206433,0.22489594194632845,-0.3676171787127394,0.5139749137168681,sr_pds,sr_pds,"[('cubic', 0, 1)]","[('int', 3, 4)]","[('cubic', 0, 1)]","[('int', 3, 4)]","{('cubic', 0, 1): 5.410367326241053}","{('int', 3, 4): 4.189557704829834}",dgp6,sr_pds,NL + mild NL conf.,SR-PDS,0.5
41,False,0.4695369871151955,0.043563344022283665,0.3841528328315195,0.5549211413988715,sr_pds,sr_pds,"[('cubic', 0, 1), ('log', 2, None)]","[('int', 3, 4)]","[('cubic', 0, 1), ('log', 2, None)]","[('int', 3, 4)]","{('cubic', 0, 1): 5.011650764490071, ('log', 2, None): -5.007471803929417}","{('int', 3, 4): 3.036906708894405}",dgp6,sr_pds,NL + mild NL conf.,SR-PDS,0.5
42,False,0.42194244616843596,0.23993270173587494,-0.04832564923387894,0.8922105415707509,sr_pds,sr_pds,"[('cubic', 0, 1)]","[('int', 3, 4)]","[('cubic', 0, 1)]","[('int', 3, 4)]","{('cubic', 0, 1): 5.147410903101712}","{('int', 3, 4): 2.661787959247582}",dgp6,sr_pds,NL + mild NL conf.,SR-PDS,0.5
43,False,0.4057228577244624,0.043942227027961946,0.319596092749657,0.49184962269926785,sr_pds,sr_pds,"[('cubic', 0, 1), ('log', 2, None)]","[('int', 3, 4)]","[('cubic', 0, 1), ('log', 2, None)]","[('int', 3, 4)]","{('cubic', 0, 1): 4.995781513916066, ('log', 2, None): -5.039399843327375}","{('int', 3, 4): 3.1827666021442877}",dgp6,sr_pds,NL + mild NL conf.,SR-PDS,0.5
44,False,0.2985937729995037,0.2993946286407812,-0.2882196991364275,0.8854072451354349,sr_pds,sr_pds,"[('cubic', 0, 1)]","[('int', 3, 4)]","[('cubic', 0, 1)]","[('int', 3, 4)]","{('cubic', 0, 1): 5.0736753545563875}","{('int', 3, 4): 3.440773543064738}",dgp6,sr_pds,NL + mild NL conf.,SR-PDS,0.5
45,False,0.4523516524523411,0.27252058865598455,-0.08178870131338856,0.9864920062180708,sr_pds,sr_pds,"[('cubic', 0, 1)]","[('int', 3, 4)]","[('cubic', 0, 1)]","[('int', 3, 4)]","{('cubic', 0, 1): 4.813931308747294}","{('int', 3, 4): 3.258389888354136}",dgp6,sr_pds,NL + mild NL conf.,SR-PDS,0.5
46,False,0.43259670873339334,0.046374671372240404,0.3417023528438021,0.5234910646229846,sr_pds,sr_pds,"[('cubic', 0, 1), ('log', 2, None)]","[('int', 3, 4)]","[('cubic', 0, 1), ('log', 2, None)]","[('int', 3, 4)]","{('cubic', 0, 1): 4.994561597856351, ('log', 2, None): -5.002714933355296}","{('int', 3, 4): 3.090319593067187}",dgp6,sr_pds,NL + mild NL conf.,SR-PDS,0.5
47,False,0.5131109411535011,0.04587782401507292,0.4231904060839582,0.603031476223044,sr_pds,sr_pds,"[('cubic', 0, 1), ('log', 2, None)]","[('int', 3, 4)]","[('cubic', 0, 1), ('log', 2, None)]","[('int', 3, 4)]","{('cubic', 0, 1): 4.983064899864824, ('log', 2, None): -5.0157745898940815}","{('int', 3, 4): 3.044312992862963}",dgp6,sr_pds,NL + mild NL conf.,SR-PDS,0.5
48,False,-0.10035862082032901,0.23228698390499225,-0.5556411092741138,0.35492386763345585,sr_pds,sr_pds,"[('cubic', 0, 1)]","[('int', 3, 4)]","[('cubic', 0, 1)]","[('int', 3, 4)]","{('cubic', 0, 1): 4.99926618043835}","{('int', 3, 4): 3.8306423227402417}",dgp6,sr_pds,NL + mild NL conf.,SR-PDS,0.5
49,False,0.4738773202411836,0.04665936454829122,0.38242496572653284,0.5653296747558344,sr_pds,sr_pds,"[('cubic', 0, 1), ('log', 2, None)]","[('int', 3, 4)]","[('cubic', 0, 1), ('log', 2, None)]","[('int', 3, 4)]","{('cubic', 0, 1): 4.993163990967086, ('log', 2, None): -5.002483052604496}","{('int', 3, 4): 3.068186644421804}",dgp6,sr_pds,NL + mild NL conf.,SR-PDS,0.5
50,False,0.5056336243700402,0.2814925699651717,-0.04609181276169627,1.0573590615017767,sr_pds,sr_pds,"[('cubic', 0, 1)]","[('int', 3, 4)]","[('cubic', 0, 1)]","[('int', 3, 4)]","{('cubic', 0, 1): 5.040753248170927}","{('int', 3, 4): 3.182846729751483}",dgp6,sr_pds,NL + mild NL conf.,SR-PDS,0.5
51,False,0.5622168133765503,0.25926712671539154,0.05405324501438291,1.0703803817387176,sr_pds,sr_pds,"[('cubic', 0, 1)]","[('int', 3, 4)]","[('cubic', 0, 1)]","[('int', 3, 4)]","{('cubic', 0, 1): 4.8675473855856985}","{('int', 3, 4): 2.932258728425361}",dgp6,sr_pds,NL + mild NL conf.,SR-PDS,0.5
52,False,0.3973467403137997,0.2472666477146736,-0.08729588920696058,0.88198936983456,sr_pds,sr_pds,"[('cubic', 0, 1)]","[('int', 3, 4)]","[('cubic', 0, 1)]","[('int', 3, 4)]","{('cubic', 0, 1): 5.270945404813134}","{('int', 3, 4): 3.3944670932685583}",dgp6,sr_pds,NL + mild NL conf.,SR-PDS,0.5
53,False,0.4077860516383289,0.4308610313339445,-0.4367015697762023,1.25227367305286,sr_pds,sr_pds,[],"[('int', 3, 4)]",[],"[('int', 3, 4)]",{},"{('int', 3, 4): 2.610759186909952}",dgp6,sr_pds,NL + mild NL conf.,SR-PDS,0.5
54,False,0.4981533424264522,0.04617671247412828,0.40764698597716076,0.5886596988757437,sr_pds,sr_pds,"[('cubic', 0, 1), ('log', 2, None)]","[('int', 3, 4)]","[('cubic', 0, 1), ('log', 2, None)]","[('int', 3, 4)]","{('cubic', 0, 1): 5.031696582664001, ('log', 2, None): -5.006663848822038}","{('int', 3, 4): 2.977830809046273}",dgp6,sr_pds,NL + mild NL conf.,SR-PDS,0.5
55,False,0.473366334431778,0.04307424989601412,0.38894080463559033,0.5577918642279657,sr_pds,sr_pds,"[('cubic', 0, 1), ('log', 2, None)]","[('int', 3, 4)]","[('cubic', 0, 1), ('log', 2, None)]","[('int', 3, 4)]","{('cubic', 0, 1): 4.998907189820891, ('log', 2, None): -4.992699669502989}","{('int', 3, 4): 3.101295501722228}",dgp6,sr_pds,NL + mild NL conf.,SR-PDS,0.5
56,False,0.11886973178086944,0.25279680345252686,-0.37661200298608316,0.614351466547822,sr_pds,sr_pds,"[('cubic', 0, 1)]","[('int', 3, 4)]","[('cubic', 0, 1)]","[('int', 3, 4)]","{('cubic', 0, 1): 5.1462439073092066}","{('int', 3, 4): 3.6932980762130194}",dgp6,sr_pds,NL + mild NL conf.,SR-PDS,0.5
57,False,0.5218042400212121,0.04825318145675953,0.42722800436596337,0.6163804756764607,sr_pds,sr_pds,"[('cubic', 0, 1), ('log', 2, None)]","[('int', 3, 4)]","[('cubic', 0, 1), ('log', 2, None)]","[('int', 3, 4)]","{('cubic', 0, 1): 4.947395439326689, ('log', 2, None): -4.973902248301454}","{('int', 3, 4): 2.9003924775417316}",dgp6,sr_pds,NL + mild NL conf.,SR-PDS,0.5
58,False,0.4599631412136889,0.3136341849597523,-0.15475986130742564,1.0746861437348034,sr_pds,sr_pds,"[('cubic', 0, 1)]","[('int', 3, 4)]","[('cubic', 0, 1)]","[('int', 3, 4)]","{('cubic', 0, 1): 4.86434828396347}","{('int', 3, 4): 3.563169252817967}",dgp6,sr_pds,NL + mild NL conf.,SR-PDS,0.5
59,False,0.02667195426096811,0.32064416677178637,-0.6017906126117332,0.6551345211336694,sr_pds,sr_pds,"[('cubic', 0, 1)]","[('int', 3, 4)]","[('cubic', 0, 1)]","[('int', 3, 4)]","{('cubic', 0, 1): 5.0630996628174625}","{('int', 3, 4): 4.284252351302917}",dgp6,sr_pds,NL + mild NL conf.,SR-PDS,0.5
60,False,0.5282813050515048,0.22816287682399936,0.0810820664764661,0.9754805436265436,sr_pds,sr_pds,"[('cubic', 0, 1)]","[('int', 3, 4)]","[('cubic', 0, 1)]","[('int', 3, 4)]","{('cubic', 0, 1): 4.705788829897979}","{('int', 3, 4): 2.9495111222668884}",dgp6,sr_pds,NL + mild NL conf.,SR-PDS,0.5
61,False,0.6145521019110908,0.2396134421886412,0.14490975522135402,1.0841944486008275,sr_pds,sr_pds,"[('cubic', 0, 1)]","[('int', 3, 4)]","[('cubic', 0, 1)]","[('int', 3, 4)]","{('cubic', 0, 1): 5.109799020008693}","{('int', 3, 4): 2.5944970071721696}",dgp6,sr_pds,NL + mild NL conf.,SR-PDS,0.5
62,False,0.12339340281658565,0.2604670940000852,-0.3871221014235814,0.6339089070567526,sr_pds,sr_pds,"[('cubic', 0, 1)]","[('int', 3, 4)]","[('cubic', 0, 1)]","[('int', 3, 4)]","{('cubic', 0, 1): 4.460966715733273}","{('int', 3, 4): 3.806213832660389}",dgp6,sr_pds,NL + mild NL conf.,SR-PDS,0.5
63,False,0.5293990886145511,0.04548367557417436,0.44025108448916933,0.6185470927399328,sr_pds,sr_pds,"[('cubic', 0, 1), ('log', 2, None)]","[('int', 3, 4)]","[('cubic', 0, 1), ('log', 2, None)]","[('int', 3, 4)]","{('cubic', 0, 1): 5.001049214414398, ('log', 2, None): -5.059723254462257}","{('int', 3, 4): 2.862689488323121}",dgp6,sr_pds,NL + mild NL conf.,SR-PDS,0.5
64,False,0.4928030397762096,0.04621260458005944,0.4022263347992931,0.5833797447531262,sr_pds,sr_pds,"[('cubic', 0, 1), ('log', 2, None)]","[('int', 3, 4)]","[('cubic', 0, 1), ('log', 2, None)]","[('int', 3, 4)]","{('cubic', 0, 1): 5.010456798726471, ('log', 2, None): -4.989855814614807}","{('int', 3, 4): 2.9919395578986254}",dgp6,sr_pds,NL + mild NL conf.,SR-PDS,0.5
65,False,0.2409692077730426,0.23827221302813464,-0.22604432976210131,0.7079827453081865,sr_pds,sr_pds,"[('cubic', 0, 1)]","[('int', 3, 4)]","[('cubic', 0, 1)]","[('int', 3, 4)]","{('cubic', 0, 1): 4.83786128490334}","{('int', 3, 4): 3.7939432329975697}",dgp6,sr_pds,NL + mild NL conf.,SR-PDS,0.5
66,False,0.16991889174818453,0.24850075086502066,-0.317142579947256,0.6569803634436251,sr_pds,sr_pds,"[('cubic', 0, 1), ('int', 3, 4)]","[('int', 3, 4)]","[('cubic', 0, 1), ('int', 3, 4)]","[('int', 3, 4)]","{('cubic', 0, 1): 5.241759454454656, ('int', 3, 4): 3.588233360151067}","{('int', 3, 4): 3.588233360151067}",dgp6,sr_pds,NL + mild NL conf.,SR-PDS,0.5
67,False,0.5457313238312532,0.25579058868537546,0.04438177000791732,1.0470808776545892,sr_pds,sr_pds,"[('cubic', 0, 1)]","[('int', 3, 4)]","[('cubic', 0, 1)]","[('int', 3, 4)]","{('cubic', 0, 1): 5.029234563142316}","{('int', 3, 4): 2.5442235971759235}",dgp6,sr_pds,NL + mild NL conf.,SR-PDS,0.5
68,False,0.8764125206338568,0.2860787085379523,0.3156982518994702,1.4371267893682433,sr_pds,sr_pds,"[('cubic', 0, 1), ('int', 3, 4)]","[('int', 3, 4)]","[('cubic', 0, 1), ('int', 3, 4)]","[('int', 3, 4)]","{('cubic', 0, 1): 4.952990497038379, ('int', 3, 4): 2.6888887274613875}","{('int', 3, 4): 2.6888887274613875}",dgp6,sr_pds,NL + mild NL conf.,SR-PDS,0.5
69,False,0.09599595512131043,0.25159351597327184,-0.39712733618630236,0.5891192464289232,sr_pds,sr_pds,"[('cubic', 0, 1)]","[('int', 3, 4)]","[('cubic', 0, 1)]","[('int', 3, 4)]","{('cubic', 0, 1): 5.183577593204861}","{('int', 3, 4): 3.6711086407851434}",dgp6,sr_pds,NL + mild NL conf.,SR-PDS,0.5
70,False,0.435030184148324,0.04348145100436845,0.34980654017976187,0.5202538281168861,sr_pds,sr_pds,"[('cubic', 0, 1), ('log', 2, None)]","[('int', 3, 4)]","[('cubic', 0, 1), ('log', 2, None)]","[('int', 3, 4)]","{('cubic', 0, 1): 4.995358099763141, ('log', 2, None): -4.976285071449042}","{('int', 3, 4): 3.0802817914804757}",dgp6,sr_pds,NL + mild NL conf.,SR-PDS,0.5
71,False,0.579916029203441,0.2625600930355647,0.0652982468537342,1.0945338115531478,sr_pds,sr_pds,"[('cubic', 0, 1)]","[('int', 3, 4)]","[('cubic', 0, 1)]","[('int', 3, 4)]","{('cubic', 0, 1): 5.019398844999284}","{('int', 3, 4): 2.9557462094756928}",dgp6,sr_pds,NL + mild NL conf.,SR-PDS,0.5
72,False,0.6667198276976094,0.3039055189656337,0.07106501052496728,1.2623746448702515,sr_pds,sr_pds,"[('cubic', 0, 1)]","[('int', 3, 4)]","[('cubic', 0, 1)]","[('int', 3, 4)]","{('cubic', 0, 1): 5.091084114753746}","{('int', 3, 4): 2.282360856006678}",dgp6,sr_pds,NL + mild NL conf.,SR-PDS,0.5
73,False,0.4413274537046265,0.2573361185393117,-0.06305133863242446,0.9457062460416774,sr_pds,sr_pds,"[('cubic', 0, 1), ('int', 3, 4)]","[('int', 3, 4)]","[('cubic', 0, 1), ('int', 3, 4)]","[('int', 3, 4)]","{('cubic', 0, 1): 4.818747403919363, ('int', 3, 4): 3.0829389159812832}","{('int', 3, 4): 3.0829389159812832}",dgp6,sr_pds,NL + mild NL conf.,SR-PDS,0.5
74,False,0.63153156252628,0.2465415058236036,0.14831021111201692,1.114752913940543,sr_pds,sr_pds,"[('cubic', 0, 1)]","[('int', 3, 4)]","[('cubic', 0, 1)]","[('int', 3, 4)]","{('cubic', 0, 1): 4.698903850679214}","{('int', 3, 4): 3.0087411250851686}",dgp6,sr_pds,NL + mild NL conf.,SR-PDS,0.5
75,False,0.26990709206541613,0.3856432986183019,-0.48595377322645555,1.0257679573572878,sr_pds,sr_pds,[],"[('int', 3, 4)]",[],"[('int', 3, 4)]",{},"{('int', 3, 4): 3.396006490815074}",dgp6,sr_pds,NL + mild NL conf.,SR-PDS,0.5
76,False,0.20768301483610682,0.18370159290705557,-0.1523721072617221,0.5677381369339357,sr_pds,sr_pds,"[('cubic', 0, 1), ('sq', 2, None)]","[('int', 3, 4)]","[('cubic', 0, 1), ('sq', 2, None)]","[('int', 3, 4)]","{('cubic', 0, 1): 4.890356555004435, ('sq', 2, None): -2.2326875458979925}","{('int', 3, 4): 4.210881896099793}",dgp6,sr_pds,NL + mild NL conf.,SR-PDS,0.5
77,False,0.6180669763413905,0.22577334109159558,0.17555122780186316,1.0605827248809179,sr_pds,sr_pds,"[('cubic', 0, 1)]","[('int', 3, 4)]","[('cubic', 0, 1)]","[('int', 3, 4)]","{('cubic', 0, 1): 5.165341884503569}","{('int', 3, 4): 2.8547876646748023}",dgp6,sr_pds,NL + mild NL conf.,SR-PDS,0.5
78,False,0.47863977118270085,0.04686210170252487,0.3867900518457521,0.5704894905196496,sr_pds,sr_pds,"[('cubic', 0, 1), ('log', 2, None)]","[('int', 3, 4)]","[('cubic', 0, 1), ('log', 2, None)]","[('int', 3, 4)]","{('cubic', 0, 1): 5.021105144960177, ('log', 2, None): -4.952340305543522}","{('int', 3, 4): 2.9846009567605813}",dgp6,sr_pds,NL + mild NL conf.,SR-PDS,0.5
79,False,0.23546099445054117,0.26756060786498925,-0.2889577969648378,0.7598797858659201,sr_pds,sr_pds,"[('cubic', 0, 1)]","[('int', 3, 4)]","[('cubic', 0, 1)]","[('int', 3, 4)]","{('cubic', 0, 1): 5.085627556635559}","{('int', 3, 4): 4.043659339005718}",dgp6,sr_pds,NL + mild NL conf.,SR-PDS,0.5
80,False,0.4178529119301597,0.040660924002436497,0.3381575008853842,0.49754832297493523,sr_pds,sr_pds,"[('cubic', 0, 1), ('int', 3, 4), ('log', 2, None)]","[('int', 3, 4)]","[('cubic', 0, 1), ('int', 3, 4), ('log', 2, None)]","[('int', 3, 4)]","{('cubic', 0, 1): 5.004422362910613, ('int', 3, 4): 3.2028380084948065, ('log', 2, None): -5.016354189037971}","{('int', 3, 4): 3.2028380084948065}",dgp6,sr_pds,NL + mild NL conf.,SR-PDS,0.5
81,False,0.4146288820222565,0.2607924715411778,-0.09652436219845201,0.9257821262429651,sr_pds,sr_pds,"[('cubic', 0, 1)]","[('int', 3, 4)]","[('cubic', 0, 1)]","[('int', 3, 4)]","{('cubic', 0, 1): 5.103789671407654}","{('int', 3, 4): 3.194600405488186}",dgp6,sr_pds,NL + mild NL conf.,SR-PDS,0.5
82,False,0.5743529672365517,0.04819618602216153,0.47988844263311514,0.6688174918399883,sr_pds,sr_pds,"[('cubic', 0, 1), ('log', 2, None)]","[('int', 3, 4)]","[('cubic', 0, 1), ('log', 2, None)]","[('int', 3, 4)]","{('cubic', 0, 1): 4.958296273497963, ('log', 2, None): -5.044517976571298}","{('int', 3, 4): 2.862903491645358}",dgp6,sr_pds,NL + mild NL conf.,SR-PDS,0.5
83,False,0.5459508559618672,0.25228485395359435,0.051472542212822325,1.040429169710912,sr_pds,sr_pds,"[('cubic', 0, 1)]","[('int', 3, 4)]","[('cubic', 0, 1)]","[('int', 3, 4)]","{('cubic', 0, 1): 5.041238050866278}","{('int', 3, 4): 3.0707011701295}",dgp6,sr_pds,NL + mild NL conf.,SR-PDS,0.5
84,False,0.4918226069423627,0.08098369648406739,0.3330945618335906,0.6505506520511348,sr_pds,sr_pds,"[('cubic', 0, 1), ('sqrt', 2, None)]","[('int', 3, 4)]","[('cubic', 0, 1), ('sqrt', 2, None)]","[('int', 3, 4)]","{('cubic', 0, 1): 4.967113093269531, ('sqrt', 2, None): -14.41614459584629}","{('int', 3, 4): 2.9834633942661526}",dgp6,sr_pds,NL + mild NL conf.,SR-PDS,0.5
85,False,-0.051783075799048,0.3376497990035046,-0.7135766818459169,0.610010530247821,sr_pds,sr_pds,"[('sqrt', 2, None)]","[('int', 3, 4)]","[('sqrt', 2, None)]","[('int', 3, 4)]","{('sqrt', 2, None): -14.546728362831601}","{('int', 3, 4): 4.686682656852111}",dgp6,sr_pds,NL + mild NL conf.,SR-PDS,0.5
86,False,0.5398003418732232,0.274824774164125,0.0011437845115382927,1.0784568992349082,sr_pds,sr_pds,"[('cubic', 0, 1)]","[('int', 3, 4)]","[('cubic', 0, 1)]","[('int', 3, 4)]","{('cubic', 0, 1): 5.147703309476388}","{('int', 3, 4): 3.0144769022677584}",dgp6,sr_pds,NL + mild NL conf.,SR-PDS,0.5
87,False,0.7308900748520061,0.2568460766520361,0.2274717646140153,1.2343083850899967,sr_pds,sr_pds,"[('cubic', 0, 1)]","[('int', 3, 4)]","[('cubic', 0, 1)]","[('int', 3, 4)]","{('cubic', 0, 1): 4.775573204536942}","{('int', 3, 4): 2.903891720877272}",dgp6,sr_pds,NL + mild NL conf.,SR-PDS,0.5
88,False,0.5701610357914925,0.28791271708551963,0.005852110303874003,1.134469961279111,sr_pds,sr_pds,"[('cubic', 0, 1)]","[('int', 3, 4)]","[('cubic', 0, 1)]","[('int', 3, 4)]","{('cubic', 0, 1): 5.006086766586331}","{('int', 3, 4): 2.679974428277533}",dgp6,sr_pds,NL + mild NL conf.,SR-PDS,0.5
89,False,0.421373903303763,0.04818368287808029,0.3269338848627257,0.5158139217448003,sr_pds,sr_pds,"[('cubic', 0, 1), ('log', 2, None)]","[('int', 3, 4)]","[('cubic', 0, 1), ('log', 2, None)]","[('int', 3, 4)]","{('cubic', 0, 1): 5.020854569767565, ('log', 2, None): -5.019508867124705}","{('int', 3, 4): 3.167465880246123}",dgp6,sr_pds,NL + mild NL conf.,SR-PDS,0.5
90,False,0.5506843914844167,0.2423591385202416,0.07566047998474318,1.0257083029840903,sr_pds,sr_pds,"[('cubic', 0, 1)]","[('int', 3, 4)]","[('cubic', 0, 1)]","[('int', 3, 4)]","{('cubic', 0, 1): 4.80741506875988}","{('int', 3, 4): 2.6291903402130234}",dgp6,sr_pds,NL + mild NL conf.,SR-PDS,0.5
91,False,0.46931987831548294,0.042031424736422726,0.3869382858320944,0.5517014707988714,sr_pds,sr_pds,"[('cubic', 0, 1), ('log', 2, None)]","[('int', 3, 4)]","[('cubic', 0, 1), ('log', 2, None)]","[('int', 3, 4)]","{('cubic', 0, 1): 5.033074048127223, ('log', 2, None): -5.045482580398407}","{('int', 3, 4): 3.0673643608729813}",dgp6,sr_pds,NL + mild NL conf.,SR-PDS,0.5
92,False,0.5869883971934066,0.22952948998266995,0.13711059682737348,1.0368661975594398,sr_pds,sr_pds,"[('cubic', 0, 1)]","[('int', 3, 4)]","[('cubic', 0, 1)]","[('int', 3, 4)]","{('cubic', 0, 1): 4.741108545797698}","{('int', 3, 4): 2.19001968112047}",dgp6,sr_pds,NL + mild NL conf.,SR-PDS,0.5
93,False,0.38126411828454826,0.2575328875830847,-0.12350034137829774,0.8860285779473942,sr_pds,sr_pds,"[('cubic', 0, 1)]","[('int', 3, 4)]","[('cubic', 0, 1)]","[('int', 3, 4)]","{('cubic', 0, 1): 5.045413978039577}","{('int', 3, 4): 3.5232319263047116}",dgp6,sr_pds,NL + mild NL conf.,SR-PDS,0.5
94,False,0.4766992731244124,0.26927643964532455,-0.051082548580423714,1.0044810948292486,sr_pds,sr_pds,"[('log', 2, None)]","[('int', 3, 4)]","[('log', 2, None)]","[('int', 3, 4)]","{('log', 2, None): -5.192123565593083}","{('int', 3, 4): 3.0610469147979757}",dgp6,sr_pds,NL + mild NL conf.,SR-PDS,0.5
95,False,0.5356281434963365,0.2691408306038077,0.008112115512873386,1.0631441714797996,sr_pds,sr_pds,"[('cubic', 0, 1)]","[('int', 3, 4)]","[('cubic', 0, 1)]","[('int', 3, 4)]","{('cubic', 0, 1): 5.051759353980617}","{('int', 3, 4): 2.8474809543421435}",dgp6,sr_pds,NL + mild NL conf.,SR-PDS,0.5
96,False,0.48482764886227014,0.22174118137767934,0.050214933362018654,0.9194403643625216,sr_pds,sr_pds,"[('cubic', 0, 1)]","[('int', 3, 4)]","[('cubic', 0, 1)]","[('int', 3, 4)]","{('cubic', 0, 1): 5.101819481530748}","{('int', 3, 4): 3.204577865940743}",dgp6,sr_pds,NL + mild NL conf.,SR-PDS,0.5
97,False,0.5177038549767021,0.2110028267480163,0.1041383145505902,0.9312693954028141,sr_pds,sr_pds,"[('cubic', 0, 1)]","[('int', 3, 4)]","[('cubic', 0, 1)]","[('int', 3, 4)]","{('cubic', 0, 1): 4.864065123950159}","{('int', 3, 4): 2.8263769069752995}",dgp6,sr_pds,NL + mild NL conf.,SR-PDS,0.5
98,False,-0.33803104187188593,0.2681769442468556,-0.8636578525957229,0.18759576885195106,sr_pds,sr_pds,"[('cubic', 0, 1)]","[('int', 3, 4)]","[('cubic', 0, 1)]","[('int', 3, 4)]","{('cubic', 0, 1): 5.1756909285849835}","{('int', 3, 4): 4.3501497730722845}",dgp6,sr_pds,NL + mild NL conf.,SR-PDS,0.5
99,False,0.5373185457880362,0.22774809890880646,0.0909322719267755,0.9837048196492968,sr_pds,sr_pds,"[('cubic', 0, 1), ('int', 3, 4)]","[('int', 3, 4)]","[('cubic', 0, 1), ('int', 3, 4)]","[('int', 3, 4)]","{('cubic', 0, 1): 5.182153123347462, ('int', 3, 4): 2.887611486348656}","{('int', 3, 4): 2.887611486348656}",dgp6,sr_pds,NL + mild NL conf.,SR-PDS,0.5
100,False,0.9950994280212838,0.34227652996013674,0.3242374292994158,1.6659614267431517,sr_pds,sr_pds,[],"[('int', 3, 4)]",[],"[('int', 3, 4)]",{},"{('int', 3, 4): 2.780214479488921}",dgp6,sr_pds,NL + mild NL conf.,SR-PDS,0.5
101,False,0.7026219323554357,0.27129661765244006,0.17088056175665312,1.2343633029542183,sr_pds,sr_pds,"[('log', 2, None)]","[('int', 3, 4)]","[('log', 2, None)]","[('int', 3, 4)]","{('log', 2, None): -4.798855596996766}","{('int', 3, 4): 3.168474945275685}",dgp6,sr_pds,NL + mild NL conf.,SR-PDS,0.5
102,False,0.5876345427864358,0.1201449781911984,0.3521503855316869,0.8231187000411846,sr_pds,sr_pds,"[('cubic', 0, 1), ('sqrt', 2, None)]","[('int', 3, 4)]","[('cubic', 0, 1), ('sqrt', 2, None)]","[('int', 3, 4)]","{('cubic', 0, 1): 5.179271974489135, ('sqrt', 2, None): -15.803841407560398}","{('int', 3, 4): 2.7528008716440278}",dgp6,sr_pds,NL + mild NL conf.,SR-PDS,0.5
103,False,0.4834196607414729,0.25690572349645935,-0.02011555731158743,0.9869548787945333,sr_pds,sr_pds,"[('cubic', 0, 1), ('int', 3, 4)]","[('int', 3, 4)]","[('cubic', 0, 1), ('int', 3, 4)]","[('int', 3, 4)]","{('cubic', 0, 1): 4.886037653328587, ('int', 3, 4): 2.735679787436639}","{('int', 3, 4): 2.735679787436639}",dgp6,sr_pds,NL + mild NL conf.,SR-PDS,0.5
104,False,0.4853836149177621,0.07257245193922479,0.3431416091168815,0.6276256207186427,sr_pds,sr_pds,"[('cubic', 0, 1), ('sqrt', 2, None)]","[('int', 3, 4)]","[('cubic', 0, 1), ('sqrt', 2, None)]","[('int', 3, 4)]","{('cubic', 0, 1): 5.001055062268103, ('sqrt', 2, None): -13.66018257151304}","{('int', 3, 4): 2.941410699757635}",dgp6,sr_pds,NL + mild NL conf.,SR-PDS,0.5
105,False,0.4518565910988756,0.045286944035404196,0.3630941807894834,0.5406190014082678,sr_pds,sr_pds,"[('cubic', 0, 1), ('log', 2, None)]","[('int', 3, 4)]","[('cubic', 0, 1), ('log', 2, None)]","[('int', 3, 4)]","{('cubic', 0, 1): 4.9969636259889425, ('log', 2, None): -5.018193890185504}","{('int', 3, 4): 3.0429506061231324}",dgp6,sr_pds,NL + mild NL conf.,SR-PDS,0.5
106,False,0.4843106693805326,0.047410041989308656,0.3913869870814876,0.5772343516795775,sr_pds,sr_pds,"[('cubic', 0, 1), ('int', 3, 4), ('log', 2, None)]","[('int', 3, 4)]","[('cubic', 0, 1), ('int', 3, 4), ('log', 2, None)]","[('int', 3, 4)]","{('cubic', 0, 1): 5.000525097559147, ('int', 3, 4): 3.0635174176703996, ('log', 2, None): -4.9028647411878366}","{('int', 3, 4): 3.0635174176703996}",dgp6,sr_pds,NL + mild NL conf.,SR-PDS,0.5
107,False,0.5631470516595166,0.047099107652943846,0.4708328006597467,0.6554613026592866,sr_pds,sr_pds,"[('cubic', 0, 1), ('log', 2, None)]","[('int', 3, 4)]","[('cubic', 0, 1), ('log', 2, None)]","[('int', 3, 4)]","{('cubic', 0, 1): 5.000660209277563, ('log', 2, None): -4.951249750792128}","{('int', 3, 4): 2.919735450610508}",dgp6,sr_pds,NL + mild NL conf.,SR-PDS,0.5
108,False,0.6425189607103383,0.2425527180143841,0.16711563340214547,1.117922288018531,sr_pds,sr_pds,"[('cubic', 0, 1)]","[('int', 3, 4)]","[('cubic', 0, 1)]","[('int', 3, 4)]","{('cubic', 0, 1): 5.108357318322261}","{('int', 3, 4): 2.2858376184491696}",dgp6,sr_pds,NL + mild NL conf.,SR-PDS,0.5
109,False,0.45326422775186836,0.039618199804159045,0.37561255613571665,0.5309158993680201,sr_pds,sr_pds,"[('cubic', 0, 1), ('log', 2, None)]","[('int', 3, 4)]","[('cubic', 0, 1), ('log', 2, None)]","[('int', 3, 4)]","{('cubic', 0, 1): 4.9734964173383975, ('log', 2, None): -4.978822117941757}","{('int', 3, 4): 3.0680225608521}",dgp6,sr_pds,NL + mild NL conf.,SR-PDS,0.5
110,False,0.5586150551165421,0.04623419087140636,0.4679960410085856,0.6492340692244986,sr_pds,sr_pds,"[('cubic', 0, 1), ('log', 2, None)]","[('int', 3, 4)]","[('cubic', 0, 1), ('log', 2, None)]","[('int', 3, 4)]","{('cubic', 0, 1): 5.009967442881186, ('log', 2, None): -4.941946414812097}","{('int', 3, 4): 2.825717569813983}",dgp6,sr_pds,NL + mild NL conf.,SR-PDS,0.5
111,False,0.25364926257448156,0.26762616055834065,-0.27089801211986614,0.7781965372688293,sr_pds,sr_pds,"[('cubic', 0, 1)]","[('int', 3, 4)]","[('cubic', 0, 1)]","[('int', 3, 4)]","{('cubic', 0, 1): 5.326635694128626}","{('int', 3, 4): 3.585367691240403}",dgp6,sr_pds,NL + mild NL conf.,SR-PDS,0.5
112,False,0.48844989680270884,0.04159815998650509,0.4069175032291589,0.5699822903762588,sr_pds,sr_pds,"[('cubic', 0, 1), ('log', 2, None)]","[('int', 3, 4)]","[('cubic', 0, 1), ('log', 2, None)]","[('int', 3, 4)]","{('cubic', 0, 1): 5.009866029224283, ('log', 2, None): -5.027102282732143}","{('int', 3, 4): 3.0397322192032576}",dgp6,sr_pds,NL + mild NL conf.,SR-PDS,0.5
113,False,0.4153982115832351,0.2607859040321109,-0.09574216031970229,0.9265385834861725,sr_pds,sr_pds,"[('cubic', 0, 1)]","[('int', 3, 4)]","[('cubic', 0, 1)]","[('int', 3, 4)]","{('cubic', 0, 1): 5.044628017044583}","{('int', 3, 4): 3.241497748956312}",dgp6,sr_pds,NL + mild NL conf.,SR-PDS,0.5
114,False,0.5179189863667242,0.21499348613305297,0.09653175354594035,0.939306219187508,sr_pds,sr_pds,"[('cubic', 0, 1)]","[('int', 3, 4)]","[('cubic', 0, 1)]","[('int', 3, 4)]","{('cubic', 0, 1): 4.813986350443077}","{('int', 3, 4): 3.030166385159913}",dgp6,sr_pds,NL + mild NL conf.,SR-PDS,0.5
115,False,0.6172071447210885,0.2334990744834876,0.15954895873345282,1.0748653307087241,sr_pds,sr_pds,"[('cubic', 0, 1)]","[('int', 3, 4)]","[('cubic', 0, 1)]","[('int', 3, 4)]","{('cubic', 0, 1): 4.907871925413144}","{('int', 3, 4): 2.5535022966528147}",dgp6,sr_pds,NL + mild NL conf.,SR-PDS,0.5
116,False,0.48943374085943814,0.042912968302086206,0.40532432298734916,0.5735431587315271,sr_pds,sr_pds,"[('cubic', 0, 1), ('log', 2, None)]","[('int', 3, 4)]","[('cubic', 0, 1), ('log', 2, None)]","[('int', 3, 4)]","{('cubic', 0, 1): 5.002856167320914, ('log', 2, None): -4.997564053328724}","{('int', 3, 4): 3.0676562050313048}",dgp6,sr_pds,NL + mild NL conf.,SR-PDS,0.5
117,False,0.422608820824614,0.04343647362036871,0.3374733325286913,0.5077443091205367,sr_pds,sr_pds,"[('cubic', 0, 1), ('log', 2, None)]","[('int', 3, 4)]","[('cubic', 0, 1), ('log', 2, None)]","[('int', 3, 4)]","{('cubic', 0, 1): 4.993865323908812, ('log', 2, None): -4.925127091385996}","{('int', 3, 4): 3.121008928394403}",dgp6,sr_pds,NL + mild NL conf.,SR-PDS,0.5
118,False,0.5966982861226383,0.26121029559441616,0.08472610675758263,1.108670465487694,sr_pds,sr_pds,"[('cubic', 0, 1)]","[('int', 3, 4)]","[('cubic', 0, 1)]","[('int', 3, 4)]","{('cubic', 0, 1): 5.272768800376524}","{('int', 3, 4): 2.886443898652696}",dgp6,sr_pds,NL + mild NL conf.,SR-PDS,0.5
119,False,0.09455949497786795,0.25311848741752957,-0.40155274036049005,0.5906717303162259,sr_pds,sr_pds,"[('cubic', 0, 1)]","[('int', 3, 4)]","[('cubic', 0, 1)]","[('int', 3, 4)]","{('cubic', 0, 1): 5.0347141214278714}","{('int', 3, 4): 3.9539294674798287}",dgp6,sr_pds,NL + mild NL conf.,SR-PDS,0.5
120,False,0.517676851720206,0.10997826665125235,0.30211944908375143,0.7332342543566607,sr_pds,sr_pds,"[('cubic', 0, 1), ('sqrt', 2, None)]","[('int', 3, 4)]","[('cubic', 0, 1), ('sqrt', 2, None)]","[('int', 3, 4)]","{('cubic', 0, 1): 4.981880570845055, ('sqrt', 2, None): -15.326782028533685}","{('int', 3, 4): 2.905779809302422}",dgp6,sr_pds,NL + mild NL conf.,SR-PDS,0.5
121,False,0.5447199392364236,0.043395048656477066,0.4596656438697285,0.6297742346031187,sr_pds,sr_pds,"[('cubic', 0, 1), ('log', 2, None)]","[('int', 3, 4)]","[('cubic', 0, 1), ('log', 2, None)]","[('int', 3, 4)]","{('cubic', 0, 1): 4.978414234803208, ('log', 2, None): -4.960737609962269}","{('int', 3, 4): 2.981510864258219}",dgp6,sr_pds,NL + mild NL conf.,SR-PDS,0.5
122,False,0.3939878916579118,0.09926944354560842,0.1994197823085193,0.5885560010073043,sr_pds,sr_pds,"[('cubic', 0, 1), ('sqrt', 2, None)]","[('int', 3, 4)]","[('cubic', 0, 1), ('sqrt', 2, None)]","[('int', 3, 4)]","{('cubic', 0, 1): 5.030534315057276, ('sqrt', 2, None): -14.85911829157627}","{('int', 3, 4): 3.25312232523572}",dgp6,sr_pds,NL + mild NL conf.,SR-PDS,0.5
123,False,0.15270242144220966,0.2895974363083703,-0.41490855372219615,0.7203133966066155,sr_pds,sr_pds,"[('cubic', 0, 1)]","[('int', 3, 4)]","[('cubic', 0, 1)]","[('int', 3, 4)]","{('cubic', 0, 1): 4.984494430260571}","{('int', 3, 4): 3.218338214152401}",dgp6,sr_pds,NL + mild NL conf.,SR-PDS,0.5
124,False,0.49541525613870485,0.2806074821229159,-0.05457540882221035,1.04540592109962,sr_pds,sr_pds,"[('cubic', 0, 1)]","[('int', 3, 4)]","[('cubic', 0, 1)]","[('int', 3, 4)]","{('cubic', 0, 1): 4.945160232145701}","{('int', 3, 4): 2.8341881933009265}",dgp6,sr_pds,NL + mild NL conf.,SR-PDS,0.5
125,False,0.5277090137663478,0.04222754432105259,0.44494302689708476,0.6104750006356109,sr_pds,sr_pds,"[('cubic', 0, 1), ('log', 2, None)]","[('int', 3, 4)]","[('cubic', 0, 1), ('log', 2, None)]","[('int', 3, 4)]","{('cubic', 0, 1): 5.022113927195263, ('log', 2, None): -5.015318500321053}","{('int', 3, 4): 3.0126729254093303}",dgp6,sr_pds,NL + mild NL conf.,SR-PDS,0.5
126,False,0.5757146457384291,0.2539354527756994,0.07800115829805832,1.0734281331787998,sr_pds,sr_pds,"[('cubic', 0, 1)]","[('int', 3, 4)]","[('cubic', 0, 1)]","[('int', 3, 4)]","{('cubic', 0, 1): 5.0016792945446475}","{('int', 3, 4): 2.8926182834419083}",dgp6,sr_pds,NL + mild NL conf.,SR-PDS,0.5
127,False,0.7282221068313222,0.25550653820998215,0.22742929193975714,1.2290149217228872,sr_pds,sr_pds,"[('cubic', 0, 1), ('int', 3, 4)]","[('int', 3, 4)]","[('cubic', 0, 1), ('int', 3, 4)]","[('int', 3, 4)]","{('cubic', 0, 1): 5.0066046672333036, ('int', 3, 4): 2.84531522870148}","{('int', 3, 4): 2.84531522870148}",dgp6,sr_pds,NL + mild NL conf.,SR-PDS,0.5
128,False,0.5787325492334827,0.25281858981933114,0.08320811318759369,1.0742569852793717,sr_pds,sr_pds,"[('log', 2, None)]","[('int', 3, 4)]","[('log', 2, None)]","[('int', 3, 4)]","{('log', 2, None): -4.894107058535687}","{('int', 3, 4): 3.085505418757541}",dgp6,sr_pds,NL + mild NL conf.,SR-PDS,0.5
129,False,0.5909079001073833,0.26406213657285055,0.07334611242459621,1.1084696877901703,sr_pds,sr_pds,"[('cubic', 0, 1)]","[('int', 3, 4)]","[('cubic', 0, 1)]","[('int', 3, 4)]","{('cubic', 0, 1): 4.931184917818164}","{('int', 3, 4): 2.740611394354996}",dgp6,sr_pds,NL + mild NL conf.,SR-PDS,0.5
130,False,0.40172533723560316,0.041363830272119685,0.32065222990224856,0.48279844456895776,sr_pds,sr_pds,"[('cubic', 0, 1), ('log', 2, None)]","[('int', 3, 4)]","[('cubic', 0, 1), ('log', 2, None)]","[('int', 3, 4)]","{('cubic', 0, 1): 5.000814712493651, ('log', 2, None): -5.031121919937276}","{('int', 3, 4): 3.14738067576335}",dgp6,sr_pds,NL + mild NL conf.,SR-PDS,0.5
131,False,0.23855662901839414,0.29805194338230273,-0.34562518001091924,0.8227384380477075,sr_pds,sr_pds,"[('cubic', 0, 1)]","[('int', 3, 4)]","[('cubic', 0, 1)]","[('int', 3, 4)]","{('cubic', 0, 1): 5.06484666454334}","{('int', 3, 4): 3.2888446417299684}",dgp6,sr_pds,NL + mild NL conf.,SR-PDS,0.5
132,False,0.2527604348045498,0.25010958346210194,-0.23745434878117,0.7429752183902696,sr_pds,sr_pds,"[('cubic', 0, 1)]","[('int', 3, 4)]","[('cubic', 0, 1)]","[('int', 3, 4)]","{('cubic', 0, 1): 4.910229934674058}","{('int', 3, 4): 3.4001393929791273}",dgp6,sr_pds,NL + mild NL conf.,SR-PDS,0.5
133,False,0.3506792697425065,0.3109303166790111,-0.25874415094835523,0.9601026904333683,sr_pds,sr_pds,"[('cubic', 0, 1)]","[('int', 3, 4)]","[('cubic', 0, 1)]","[('int', 3, 4)]","{('cubic', 0, 1): 5.19150452427154}","{('int', 3, 4): 3.335155669471007}",dgp6,sr_pds,NL + mild NL conf.,SR-PDS,0.5
134,False,0.49454675724922037,0.046962241277436784,0.4025007643454443,0.5865927501529965,sr_pds,sr_pds,"[('cubic', 0, 1), ('log', 2, None)]","[('int', 3, 4)]","[('cubic', 0, 1), ('log', 2, None)]","[('int', 3, 4)]","{('cubic', 0, 1): 4.982958661888457, ('log', 2, None): -5.008667937014077}","{('int', 3, 4): 2.9367663275121516}",dgp6,sr_pds,NL + mild NL conf.,SR-PDS,0.5
135,False,0.46819018326402956,0.04132942012075258,0.3871845198273545,0.5491958467007046,sr_pds,sr_pds,"[('cubic', 0, 1), ('log', 2, None)]","[('int', 3, 4)]","[('cubic', 0, 1), ('log', 2, None)]","[('int', 3, 4)]","{('cubic', 0, 1): 5.026654805992521, ('log', 2, None): -5.021155562353557}","{('int', 3, 4): 3.088712613853394}",dgp6,sr_pds,NL + mild NL conf.,SR-PDS,0.5
136,False,0.48239023083209,0.045575000849664996,0.3930632291667466,0.5717172324974333,sr_pds,sr_pds,"[('cubic', 0, 1), ('int', 3, 4), ('log', 2, None)]","[('int', 3, 4)]","[('cubic', 0, 1), ('int', 3, 4), ('log', 2, None)]","[('int', 3, 4)]","{('cubic', 0, 1): 5.052607356259931, ('int', 3, 4): 2.9816053394347137, ('log', 2, None): -4.976893909018276}","{('int', 3, 4): 2.9816053394347137}",dgp6,sr_pds,NL + mild NL conf.,SR-PDS,0.5
137,False,0.6216895868300423,0.2142422778606051,0.20177472222325632,1.0416044514368283,sr_pds,sr_pds,"[('cubic', 0, 1)]","[('int', 3, 4)]","[('cubic', 0, 1)]","[('int', 3, 4)]","{('cubic', 0, 1): 4.864461656056572}","{('int', 3, 4): 2.966271287267259}",dgp6,sr_pds,NL + mild NL conf.,SR-PDS,0.5
138,False,0.2564336072269591,0.230454147501451,-0.19525652187588483,0.7081237363298031,sr_pds,sr_pds,"[('cubic', 0, 1), ('int', 3, 4)]","[('int', 3, 4)]","[('cubic', 0, 1), ('int', 3, 4)]","[('int', 3, 4)]","{('cubic', 0, 1): 4.7592231957656175, ('int', 3, 4): 3.4128696037177817}","{('int', 3, 4): 3.4128696037177817}",dgp6,sr_pds,NL + mild NL conf.,SR-PDS,0.5
139,False,0.5311981958984054,0.05017396724475239,0.43285722009869076,0.6295391716981201,sr_pds,sr_pds,"[('cubic', 0, 1), ('log', 2, None)]","[('int', 3, 4)]","[('cubic', 0, 1), ('log', 2, None)]","[('int', 3, 4)]","{('cubic', 0, 1): 4.976855950621207, ('log', 2, None): -4.997525897789348}","{('int', 3, 4): 2.920773456598238}",dgp6,sr_pds,NL + mild NL conf.,SR-PDS,0.5
140,False,0.29551951581472014,0.2706543129009667,-0.23496293747117458,0.8260019691006149,sr_pds,sr_pds,"[('cubic', 0, 1), ('int', 3, 4)]","[('int', 3, 4)]","[('cubic', 0, 1), ('int', 3, 4)]","[('int', 3, 4)]","{('cubic', 0, 1): 4.752064548054222, ('int', 3, 4): 3.5657478351892324}","{('int', 3, 4): 3.5657478351892324}",dgp6,sr_pds,NL + mild NL conf.,SR-PDS,0.5
141,False,0.4413809745056155,0.045228304370516594,0.35273349793940295,0.530028451071828,sr_pds,sr_pds,"[('cubic', 0, 1), ('log', 2, None)]","[('int', 3, 4)]","[('cubic', 0, 1), ('log', 2, None)]","[('int', 3, 4)]","{('cubic', 0, 1): 5.000611818223175, ('log', 2, None): -4.9551799203151905}","{('int', 3, 4): 3.156783805326691}",dgp6,sr_pds,NL + mild NL conf.,SR-PDS,0.5
142,False,0.4347080599710895,0.28017284181773416,-0.11443070999166938,0.9838468299338484,sr_pds,sr_pds,"[('cubic', 0, 1)]","[('int', 3, 4)]","[('cubic', 0, 1)]","[('int', 3, 4)]","{('cubic', 0, 1): 5.215493082668236}","{('int', 3, 4): 3.666087367342669}",dgp6,sr_pds,NL + mild NL conf.,SR-PDS,0.5
143,False,0.5010469839838232,0.10977717254901466,0.28588372578775445,0.7162102421798919,sr_pds,sr_pds,"[('cubic', 0, 1), ('sqrt', 2, None)]","[('int', 3, 4)]","[('cubic', 0, 1), ('sqrt', 2, None)]","[('int', 3, 4)]","{('cubic', 0, 1): 5.024567219081427, ('sqrt', 2, None): -15.094076421019532}","{('int', 3, 4): 3.004607441534004}",dgp6,sr_pds,NL + mild NL conf.,SR-PDS,0.5
144,False,0.4245972025522768,0.17431832511911735,0.08293328531880678,0.7662611197857467,sr_pds,sr_pds,"[('cubic', 0, 1), ('sq', 2, None)]","[('int', 3, 4)]","[('cubic', 0, 1), ('sq', 2, None)]","[('int', 3, 4)]","{('cubic', 0, 1): 4.950570549166332, ('sq', 2, None): -2.4173343472245357}","{('int', 3, 4): 3.4100162248775834}",dgp6,sr_pds,NL + mild NL conf.,SR-PDS,0.5
145,False,0.49207777825736665,0.2616542750572343,-0.020764600854812576,1.0049201573695459,sr_pds,sr_pds,"[('cubic', 0, 1), ('int', 3, 4)]","[('int', 3, 4)]","[('cubic', 0, 1), ('int', 3, 4)]","[('int', 3, 4)]","{('cubic', 0, 1): 5.1275209126846235, ('int', 3, 4): 2.8511391919263835}","{('int', 3, 4): 2.8511391919263835}",dgp6,sr_pds,NL + mild NL conf.,SR-PDS,0.5
146,False,0.5344232518178429,0.23882694477090233,0.06632244006687432,1.0025240635688115,sr_pds,sr_pds,"[('cubic', 0, 1)]","[('int', 3, 4)]","[('cubic', 0, 1)]","[('int', 3, 4)]","{('cubic', 0, 1): 4.961814759139753}","{('int', 3, 4): 2.9654934338503236}",dgp6,sr_pds,NL + mild NL conf.,SR-PDS,0.5
147,False,0.27983022482812275,0.2614009793383611,-0.232515694675065,0.7921761443313105,sr_pds,sr_pds,"[('cubic', 0, 1)]","[('int', 3, 4)]","[('cubic', 0, 1)]","[('int', 3, 4)]","{('cubic', 0, 1): 5.130840734323663}","{('int', 3, 4): 3.228454564562213}",dgp6,sr_pds,NL + mild NL conf.,SR-PDS,0.5
148,False,0.4940510829412526,0.04414425606809861,0.40752834104777935,0.5805738248347259,sr_pds,sr_pds,"[('cubic', 0, 1), ('log', 2, None)]","[('int', 3, 4)]","[('cubic', 0, 1), ('log', 2, None)]","[('int', 3, 4)]","{('cubic', 0, 1): 4.986053415553625, ('log', 2, None): -5.015630313733369}","{('int', 3, 4): 3.083102354025177}",dgp6,sr_pds,NL + mild NL conf.,SR-PDS,0.5
149,False,0.5098870200402194,0.047518612710414,0.4167505391278079,0.6030235009526308,sr_pds,sr_pds,"[('cubic', 0, 1), ('log', 2, None)]","[('int', 3, 4)]","[('cubic', 0, 1), ('log', 2, None)]","[('int', 3, 4)]","{('cubic', 0, 1): 5.00784844862023, ('log', 2, None): -5.013742309330546}","{('int', 3, 4): 3.0235186335135267}",dgp6,sr_pds,NL + mild NL conf.,SR-PDS,0.5
150,False,0.3212056916190942,0.2354182703639483,-0.14021411829424446,0.7826255015324328,sr_pds,sr_pds,"[('cubic', 0, 1), ('int', 3, 4)]","[('int', 3, 4)]","[('cubic', 0, 1), ('int', 3, 4)]","[('int', 3, 4)]","{('cubic', 0, 1): 5.031053454634087, ('int', 3, 4): 3.611701125676631}","{('int', 3, 4): 3.611701125676631}",dgp6,sr_pds,NL + mild NL conf.,SR-PDS,0.5
151,False,0.7971267715134188,0.2789481328494897,0.250388431128419,1.3438651118984186,sr_pds,sr_pds,"[('log', 2, None)]","[('int', 3, 4)]","[('log', 2, None)]","[('int', 3, 4)]","{('log', 2, None): -5.519469459561696}","{('int', 3, 4): 2.3800625048711925}",dgp6,sr_pds,NL + mild NL conf.,SR-PDS,0.5
152,False,0.47437598288038,0.26412398499883866,-0.04330702771734368,0.9920589934781037,sr_pds,sr_pds,"[('cubic', 0, 1)]","[('int', 3, 4)]","[('cubic', 0, 1)]","[('int', 3, 4)]","{('cubic', 0, 1): 5.03618905757036}","{('int', 3, 4): 2.6048346327013334}",dgp6,sr_pds,NL + mild NL conf.,SR-PDS,0.5
153,False,0.49437188841510743,0.04328492701827988,0.4095334314592789,0.579210345370936,sr_pds,sr_pds,"[('cubic', 0, 1), ('log', 2, None)]","[('int', 3, 4)]","[('cubic', 0, 1), ('log', 2, None)]","[('int', 3, 4)]","{('cubic', 0, 1): 5.004225035333801, ('log', 2, None): -5.0196418734708175}","{('int', 3, 4): 2.94738230506667}",dgp6,sr_pds,NL + mild NL conf.,SR-PDS,0.5
154,False,0.17622830672575612,0.25970114727117133,-0.3327859419257397,0.6852425553772519,sr_pds,sr_pds,"[('cubic', 0, 1)]","[('int', 3, 4)]","[('cubic', 0, 1)]","[('int', 3, 4)]","{('cubic', 0, 1): 4.900579693419844}","{('int', 3, 4): 3.6109797899498353}",dgp6,sr_pds,NL + mild NL conf.,SR-PDS,0.5
155,False,0.5012055164445187,0.23193806416846297,0.046606910674331314,0.9558041222147061,sr_pds,sr_pds,"[('cubic', 0, 1)]","[('int', 3, 4)]","[('cubic', 0, 1)]","[('int', 3, 4)]","{('cubic', 0, 1): 5.190186196682473}","{('int', 3, 4): 2.659776865018045}",dgp6,sr_pds,NL + mild NL conf.,SR-PDS,0.5
156,False,0.08668670571114653,0.22061322657595353,-0.34571521837772234,0.5190886298000155,sr_pds,sr_pds,"[('cubic', 0, 1)]","[('int', 3, 4)]","[('cubic', 0, 1)]","[('int', 3, 4)]","{('cubic', 0, 1): 5.115430421906518}","{('int', 3, 4): 3.8012489102615485}",dgp6,sr_pds,NL + mild NL conf.,SR-PDS,0.5
157,False,0.6493156644942041,0.23124130269218837,0.19608271121751486,1.1025486177708932,sr_pds,sr_pds,"[('cubic', 0, 1)]","[('int', 3, 4)]","[('cubic', 0, 1)]","[('int', 3, 4)]","{('cubic', 0, 1): 4.986308536145695}","{('int', 3, 4): 2.6441419734528386}",dgp6,sr_pds,NL + mild NL conf.,SR-PDS,0.5
158,False,0.5062016310201491,0.29419234741213784,-0.07041536990764097,1.0828186319479394,sr_pds,sr_pds,"[('cubic', 0, 1)]","[('int', 3, 4)]","[('cubic', 0, 1)]","[('int', 3, 4)]","{('cubic', 0, 1): 4.854038906057752}","{('int', 3, 4): 2.806069966556134}",dgp6,sr_pds,NL + mild NL conf.,SR-PDS,0.5
159,False,0.4821439679222872,0.21112241771173654,0.06834402920728361,0.8959439066372907,sr_pds,sr_pds,"[('cubic', 0, 1)]","[('int', 3, 4)]","[('cubic', 0, 1)]","[('int', 3, 4)]","{('cubic', 0, 1): 4.812198869209734}","{('int', 3, 4): 3.152088964417867}",dgp6,sr_pds,NL + mild NL conf.,SR-PDS,0.5
160,False,0.718507979421007,0.43558841256006325,-0.13524530919671696,1.572261268038731,sr_pds,sr_pds,[],"[('int', 3, 4)]",[],"[('int', 3, 4)]",{},"{('int', 3, 4): 2.833220972111339}",dgp6,sr_pds,NL + mild NL conf.,SR-PDS,0.5
161,False,0.6736084819031507,0.42052617799925873,-0.15062282697539642,1.4978397907816978,sr_pds,sr_pds,[],"[('int', 3, 4)]",[],"[('int', 3, 4)]",{},"{('int', 3, 4): 2.8203763595791935}",dgp6,sr_pds,NL + mild NL conf.,SR-PDS,0.5
162,False,0.515195822926909,0.3584449373911418,-0.1873562543597289,1.217747900213547,sr_pds,sr_pds,[],"[('int', 3, 4)]",[],"[('int', 3, 4)]",{},"{('int', 3, 4): 2.928273368307745}",dgp6,sr_pds,NL + mild NL conf.,SR-PDS,0.5
163,False,0.550773868934223,0.04636526458622425,0.45989795034522346,0.6416497875232225,sr_pds,sr_pds,"[('cubic', 0, 1), ('log', 2, None)]","[('int', 3, 4)]","[('cubic', 0, 1), ('log', 2, None)]","[('int', 3, 4)]","{('cubic', 0, 1): 4.985556838744457, ('log', 2, None): -4.987353738256186}","{('int', 3, 4): 2.855963484115819}",dgp6,sr_pds,NL + mild NL conf.,SR-PDS,0.5
164,False,0.09856566374352507,0.2582590131136687,-0.4076220019592657,0.6047533294463158,sr_pds,sr_pds,"[('cubic', 0, 1)]","[('int', 3, 4)]","[('cubic', 0, 1)]","[('int', 3, 4)]","{('cubic', 0, 1): 5.106071368109525}","{('int', 3, 4): 3.722285787367829}",dgp6,sr_pds,NL + mild NL conf.,SR-PDS,0.5
165,False,0.7427644125508068,0.37883879075009735,0.00024038268061599144,1.4852884424209978,sr_pds,sr_pds,[],"[('int', 3, 4)]",[],"[('int', 3, 4)]",{},"{('int', 3, 4): 2.830012149845043}",dgp6,sr_pds,NL + mild NL conf.,SR-PDS,0.5
166,False,0.46018474833323386,0.04178764651953253,0.3782809611549501,0.5420885355115176,sr_pds,sr_pds,"[('cubic', 0, 1), ('log', 2, None)]","[('int', 3, 4)]","[('cubic', 0, 1), ('log', 2, None)]","[('int', 3, 4)]","{('cubic', 0, 1): 5.032900681434891, ('log', 2, None): -4.989369945437628}","{('int', 3, 4): 3.175008986130412}",dgp6,sr_pds,NL + mild NL conf.,SR-PDS,0.5
167,False,0.24478997175739048,0.26345953735327143,-0.2715907214550215,0.7611706649698025,sr_pds,sr_pds,"[('cubic', 0, 1), ('int', 3, 4)]","[('int', 3, 4)]","[('cubic', 0, 1), ('int', 3, 4)]","[('int', 3, 4)]","{('cubic', 0, 1): 4.984264399314794, ('int', 3, 4): 3.851346740491603}","{('int', 3, 4): 3.851346740491603}",dgp6,sr_pds,NL + mild NL conf.,SR-PDS,0.5
168,False,0.729124973756448,0.30817273899840564,0.12510640531957296,1.333143542193323,sr_pds,sr_pds,[],"[('int', 3, 4)]",[],"[('int', 3, 4)]",{},"{('int', 3, 4): 2.660669765024297}",dgp6,sr_pds,NL + mild NL conf.,SR-PDS,0.5
169,False,0.49382562168957167,0.25747201679291287,-0.010819531224537604,0.9984707746036809,sr_pds,sr_pds,"[('cubic', 0, 1)]","[('int', 3, 4)]","[('cubic', 0, 1)]","[('int', 3, 4)]","{('cubic', 0, 1): 5.141695536131983}","{('int', 3, 4): 3.091014096239308}",dgp6,sr_pds,NL + mild NL conf.,SR-PDS,0.5
170,False,0.2017371387666201,0.23003275887177774,-0.24912706862206427,0.6526013461553045,sr_pds,sr_pds,"[('cubic', 0, 1)]","[('int', 3, 4)]","[('cubic', 0, 1)]","[('int', 3, 4)]","{('cubic', 0, 1): 5.345454112151827}","{('int', 3, 4): 3.1525255939363594}",dgp6,sr_pds,NL + mild NL conf.,SR-PDS,0.5
171,False,0.6146733960723922,0.20776967978378827,0.20744482369616724,1.0219019684486172,sr_pds,sr_pds,"[('cubic', 0, 1)]","[('int', 3, 4)]","[('cubic', 0, 1)]","[('int', 3, 4)]","{('cubic', 0, 1): 5.117491591035153}","{('int', 3, 4): 2.444571765453739}",dgp6,sr_pds,NL + mild NL conf.,SR-PDS,0.5
172,False,0.4189654834406065,0.23091149083354678,-0.03362103859314519,0.8715520054743582,sr_pds,sr_pds,"[('cubic', 0, 1)]","[('int', 3, 4)]","[('cubic', 0, 1)]","[('int', 3, 4)]","{('cubic', 0, 1): 5.128177722084133}","{('int', 3, 4): 3.1128184046758807}",dgp6,sr_pds,NL + mild NL conf.,SR-PDS,0.5
173,False,0.22892580934811435,0.27937377600366897,-0.31864679161907683,0.7764984103153055,sr_pds,sr_pds,"[('cubic', 0, 1)]","[('int', 3, 4)]","[('cubic', 0, 1)]","[('int', 3, 4)]","{('cubic', 0, 1): 4.981905230028942}","{('int', 3, 4): 4.011403840768219}",dgp6,sr_pds,NL + mild NL conf.,SR-PDS,0.5
174,False,0.5240040828822812,0.05013384823759353,0.42574174033659784,0.6222664254279645,sr_pds,sr_pds,"[('cubic', 0, 1), ('log', 2, None)]","[('int', 3, 4)]","[('cubic', 0, 1), ('log', 2, None)]","[('int', 3, 4)]","{('cubic', 0, 1): 4.9600195923907355, ('log', 2, None): -4.920409785378301}","{('int', 3, 4): 2.9641639786332807}",dgp6,sr_pds,NL + mild NL conf.,SR-PDS,0.5
175,False,0.43918246929153154,0.24203606758020998,-0.03520822316568001,0.913573161748743,sr_pds,sr_pds,"[('cubic', 0, 1)]","[('int', 3, 4)]","[('cubic', 0, 1)]","[('int', 3, 4)]","{('cubic', 0, 1): 5.051215235970307}","{('int', 3, 4): 2.9762485451885006}",dgp6,sr_pds,NL + mild NL conf.,SR-PDS,0.5
176,False,0.4611573083258531,0.23997636386972004,-0.009196364858798156,0.9315109815105044,sr_pds,sr_pds,"[('cubic', 0, 1)]","[('int', 3, 4)]","[('cubic', 0, 1)]","[('int', 3, 4)]","{('cubic', 0, 1): 4.949426951546516}","{('int', 3, 4): 3.364898812365202}",dgp6,sr_pds,NL + mild NL conf.,SR-PDS,0.5
177,False,0.4931070373188285,0.044764638940403625,0.4053683449956374,0.5808457296420196,sr_pds,sr_pds,"[('cubic', 0, 1), ('log', 2, None)]","[('int', 3, 4)]","[('cubic', 0, 1), ('log', 2, None)]","[('int', 3, 4)]","{('cubic', 0, 1): 4.9833986937208605, ('log', 2, None): -4.954062854111279}","{('int', 3, 4): 3.0088105243830925}",dgp6,sr_pds,NL + mild NL conf.,SR-PDS,0.5
178,False,0.40902310160078903,0.2500502732270211,-0.08107543392417232,0.8991216371257504,sr_pds,sr_pds,"[('cubic', 0, 1)]","[('int', 3, 4)]","[('cubic', 0, 1)]","[('int', 3, 4)]","{('cubic', 0, 1): 5.055696174378258}","{('int', 3, 4): 2.916114416379949}",dgp6,sr_pds,NL + mild NL conf.,SR-PDS,0.5
179,False,0.33451458047449906,0.26373687688610953,-0.18240969822227565,0.8514388591712738,sr_pds,sr_pds,"[('cubic', 0, 1)]","[('int', 3, 4)]","[('cubic', 0, 1)]","[('int', 3, 4)]","{('cubic', 0, 1): 4.947386067705004}","{('int', 3, 4): 3.4961816854015577}",dgp6,sr_pds,NL + mild NL conf.,SR-PDS,0.5
180,False,0.45967795876950035,0.050008582118491636,0.36166113781725673,0.557694779721744,sr_pds,sr_pds,"[('cubic', 0, 1), ('log', 2, None)]","[('int', 3, 4)]","[('cubic', 0, 1), ('log', 2, None)]","[('int', 3, 4)]","{('cubic', 0, 1): 4.982496869342322, ('log', 2, None): -5.03897024044933}","{('int', 3, 4): 3.1005078203142236}",dgp6,sr_pds,NL + mild NL conf.,SR-PDS,0.5
181,False,0.541896010555373,0.04923131202635696,0.44540263898371335,0.6383893821270326,sr_pds,sr_pds,"[('cubic', 0, 1), ('log', 2, None)]","[('int', 3, 4)]","[('cubic', 0, 1), ('log', 2, None)]","[('int', 3, 4)]","{('cubic', 0, 1): 5.032641268050188, ('log', 2, None): -4.950687279194257}","{('int', 3, 4): 2.787315018007393}",dgp6,sr_pds,NL + mild NL conf.,SR-PDS,0.5
182,False,0.5132383564368237,0.39515984323190667,-0.26127493629771337,1.2877516491713608,sr_pds,sr_pds,[],"[('int', 3, 4)]",[],"[('int', 3, 4)]",{},"{('int', 3, 4): 2.6145050379150745}",dgp6,sr_pds,NL + mild NL conf.,SR-PDS,0.5
183,False,0.8496945339518515,0.2477473771166723,0.36410967480317374,1.3352793931005291,sr_pds,sr_pds,"[('cubic', 0, 1)]","[('int', 3, 4)]","[('cubic', 0, 1)]","[('int', 3, 4)]","{('cubic', 0, 1): 4.613214812286546}","{('int', 3, 4): 2.112918613125191}",dgp6,sr_pds,NL + mild NL conf.,SR-PDS,0.5
184,False,0.4378130877718817,0.2399395608447585,-0.03246845148384497,0.9080946270276085,sr_pds,sr_pds,"[('cubic', 0, 1)]","[('int', 3, 4)]","[('cubic', 0, 1)]","[('int', 3, 4)]","{('cubic', 0, 1): 5.373618240050865}","{('int', 3, 4): 2.9581938636924354}",dgp6,sr_pds,NL + mild NL conf.,SR-PDS,0.5
185,False,0.5821406590470817,0.25039304187858286,0.09137029696505927,1.0729110211291042,sr_pds,sr_pds,"[('cubic', 0, 1)]","[('int', 3, 4)]","[('cubic', 0, 1)]","[('int', 3, 4)]","{('cubic', 0, 1): 4.833717438845678}","{('int', 3, 4): 2.7015856642261555}",dgp6,sr_pds,NL + mild NL conf.,SR-PDS,0.5
186,False,0.6125813877892735,0.2530288949593969,0.11664475366885557,1.1085180219096915,sr_pds,sr_pds,"[('cubic', 0, 1)]","[('int', 3, 4)]","[('cubic', 0, 1)]","[('int', 3, 4)]","{('cubic', 0, 1): 5.0969428268155665}","{('int', 3, 4): 2.9537830892946926}",dgp6,sr_pds,NL + mild NL conf.,SR-PDS,0.5
187,False,0.8435490935735164,0.4262503623530389,0.008098383361560102,1.6789998037854725,sr_pds,sr_pds,[],"[('int', 3, 4)]",[],"[('int', 3, 4)]",{},"{('int', 3, 4): 2.9057820890968644}",dgp6,sr_pds,NL + mild NL conf.,SR-PDS,0.5
188,False,0.4955801121144823,0.2668823527611746,-0.027509299297419965,1.0186695235263845,sr_pds,sr_pds,"[('cubic', 0, 1)]","[('int', 3, 4)]","[('cubic', 0, 1)]","[('int', 3, 4)]","{('cubic', 0, 1): 5.150766110745112}","{('int', 3, 4): 3.1098805455694367}",dgp6,sr_pds,NL + mild NL conf.,SR-PDS,0.5
189,False,0.3597524943508955,0.22306813569715023,-0.07746105161551892,0.79696604031731,sr_pds,sr_pds,"[('cubic', 0, 1)]","[('int', 3, 4)]","[('cubic', 0, 1)]","[('int', 3, 4)]","{('cubic', 0, 1): 5.1207646040566654}","{('int', 3, 4): 3.1736172616619127}",dgp6,sr_pds,NL + mild NL conf.,SR-PDS,0.5
190,False,0.49420699953566033,0.046517343539187,0.4030330061988538,0.5853809928724668,sr_pds,sr_pds,"[('cubic', 0, 1), ('log', 2, None)]","[('int', 3, 4)]","[('cubic', 0, 1), ('log', 2, None)]","[('int', 3, 4)]","{('cubic', 0, 1): 4.998200587719025, ('log', 2, None): -5.012003813485355}","{('int', 3, 4): 3.0427903605158133}",dgp6,sr_pds,NL + mild NL conf.,SR-PDS,0.5
191,False,0.4617641711486442,0.3523094495012241,-0.228762349873755,1.1522906921710434,sr_pds,sr_pds,[],"[('int', 3, 4)]",[],"[('int', 3, 4)]",{},"{('int', 3, 4): 3.6727954642238965}",dgp6,sr_pds,NL + mild NL conf.,SR-PDS,0.5
192,False,0.6870175531745799,0.22588096235495744,0.24429086695886332,1.1297442393902966,sr_pds,sr_pds,"[('cubic', 0, 1)]","[('int', 3, 4)]","[('cubic', 0, 1)]","[('int', 3, 4)]","{('cubic', 0, 1): 5.1193973980775755}","{('int', 3, 4): 2.361942747978898}",dgp6,sr_pds,NL + mild NL conf.,SR-PDS,0.5
193,False,0.21582563779537475,0.2665235679795327,-0.30656055544450933,0.7382118310352589,sr_pds,sr_pds,"[('cubic', 0, 1)]","[('int', 3, 4)]","[('cubic', 0, 1)]","[('int', 3, 4)]","{('cubic', 0, 1): 4.837886514160913}","{('int', 3, 4): 3.8147630284432386}",dgp6,sr_pds,NL + mild NL conf.,SR-PDS,0.5
194,False,0.40017340697972414,0.2561281793789685,-0.10183782460305402,0.9021846385625023,sr_pds,sr_pds,"[('cubic', 0, 1), ('int', 0, 1), ('int', 3, 4)]","[('int', 3, 4)]","[('cubic', 0, 1), ('int', 0, 1), ('int', 3, 4)]","[('int', 3, 4)]","{('cubic', 0, 1): 5.275919518538062, ('int', 0, 1): -0.5302154945341814, ('int', 3, 4): 3.5007743111626675}","{('int', 3, 4): 3.5007743111626675}",dgp6,sr_pds,NL + mild NL conf.,SR-PDS,0.5
195,False,0.644173707987165,0.20000896074481608,0.25215614492732547,1.0361912710470045,sr_pds,sr_pds,"[('cubic', 0, 1)]","[('int', 3, 4)]","[('cubic', 0, 1)]","[('int', 3, 4)]","{('cubic', 0, 1): 4.733127392439487}","{('int', 3, 4): 2.2407606315122184}",dgp6,sr_pds,NL + mild NL conf.,SR-PDS,0.5
196,False,0.46330380152360245,0.2759019153099927,-0.07746395248398324,1.004071555531188,sr_pds,sr_pds,"[('cubic', 0, 1)]","[('int', 3, 4)]","[('cubic', 0, 1)]","[('int', 3, 4)]","{('cubic', 0, 1): 4.9851010537042875}","{('int', 3, 4): 2.950260258305901}",dgp6,sr_pds,NL + mild NL conf.,SR-PDS,0.5
197,False,0.5737421771636363,0.041739749414444076,0.4919322683113259,0.6555520860159467,sr_pds,sr_pds,"[('cubic', 0, 1), ('log', 2, None)]","[('int', 3, 4)]","[('cubic', 0, 1), ('log', 2, None)]","[('int', 3, 4)]","{('cubic', 0, 1): 5.0006326719540235, ('log', 2, None): -4.996000362874514}","{('int', 3, 4): 2.866357961875797}",dgp6,sr_pds,NL + mild NL conf.,SR-PDS,0.5
198,False,0.6395280768352601,0.24647571097836068,0.1564356833176732,1.122620470352847,sr_pds,sr_pds,"[('cubic', 0, 1)]","[('int', 3, 4)]","[('cubic', 0, 1)]","[('int', 3, 4)]","{('cubic', 0, 1): 5.206724875075573}","{('int', 3, 4): 2.470976649521935}",dgp6,sr_pds,NL + mild NL conf.,SR-PDS,0.5
199,False,0.4791345513752214,0.04906996826934267,0.3829574135673097,0.575311689183133,sr_pds,sr_pds,"[('cubic', 0, 1), ('log', 2, None)]","[('int', 3, 4)]","[('cubic', 0, 1), ('log', 2, None)]","[('int', 3, 4)]","{('cubic', 0, 1): 4.957776298894051, ('log', 2, None): -5.063038053801225}","{('int', 3, 4): 2.9615563891586327}",dgp6,sr_pds,NL + mild NL conf.,SR-PDS,0.5
200,False,0.5385943831720671,0.24532607361411213,0.05775527888840731,1.019433487455727,sr_pds,sr_pds,"[('cubic', 0, 1)]","[('int', 3, 4)]","[('cubic', 0, 1)]","[('int', 3, 4)]","{('cubic', 0, 1): 5.041013630758229}","{('int', 3, 4): 2.6559110776888293}",dgp6,sr_pds,NL + mild NL conf.,SR-PDS,0.5
201,False,0.4941856518365047,0.04558271823371336,0.4048435240984265,0.5835277795745829,sr_pds,sr_pds,"[('cubic', 0, 1), ('log', 2, None)]","[('int', 3, 4)]","[('cubic', 0, 1), ('log', 2, None)]","[('int', 3, 4)]","{('cubic', 0, 1): 4.979797570822759, ('log', 2, None): -4.966098950407486}","{('int', 3, 4): 2.951479241661343}",dgp6,sr_pds,NL + mild NL conf.,SR-PDS,0.5
202,False,0.42538615502395094,0.041721355394863546,0.3436122984500184,0.5071600115978835,sr_pds,sr_pds,"[('cubic', 0, 1), ('log', 2, None)]","[('int', 3, 4)]","[('cubic', 0, 1), ('log', 2, None)]","[('int', 3, 4)]","{('cubic', 0, 1): 5.0108459657391915, ('log', 2, None): -4.999098418377156}","{('int', 3, 4): 3.0817749328164603}",dgp6,sr_pds,NL + mild NL conf.,SR-PDS,0.5
203,False,0.5389613186583625,0.039334725544166026,0.4618652565917971,0.6160573807249279,sr_pds,sr_pds,"[('cubic', 0, 1), ('log', 2, None)]","[('int', 3, 4)]","[('cubic', 0, 1), ('log', 2, None)]","[('int', 3, 4)]","{('cubic', 0, 1): 4.937936192641607, ('log', 2, None): -4.979935121225538}","{('int', 3, 4): 2.9358260867719306}",dgp6,sr_pds,NL + mild NL conf.,SR-PDS,0.5
204,False,0.5366343008875056,0.04867092676403418,0.44123928442999866,0.6320293173450127,sr_pds,sr_pds,"[('cubic', 0, 1), ('log', 2, None)]","[('int', 3, 4)]","[('cubic', 0, 1), ('log', 2, None)]","[('int', 3, 4)]","{('cubic', 0, 1): 4.9692582784387485, ('log', 2, None): -4.9695593336915955}","{('int', 3, 4): 2.884749033417928}",dgp6,sr_pds,NL + mild NL conf.,SR-PDS,0.5
205,False,0.6069197093068922,0.2376146122918795,0.1411950692148084,1.072644349398976,sr_pds,sr_pds,"[('cubic', 0, 1)]","[('int', 3, 4)]","[('cubic', 0, 1)]","[('int', 3, 4)]","{('cubic', 0, 1): 4.9831330960364735}","{('int', 3, 4): 2.827802572126658}",dgp6,sr_pds,NL + mild NL conf.,SR-PDS,0.5
206,False,1.1146292643092108,0.28738803542466984,0.551348714876858,1.6779098137415636,sr_pds,sr_pds,"[('cubic', 0, 1)]","[('int', 3, 4)]","[('cubic', 0, 1)]","[('int', 3, 4)]","{('cubic', 0, 1): 5.1927450442142415}","{('int', 3, 4): 1.677224471467233}",dgp6,sr_pds,NL + mild NL conf.,SR-PDS,0.5
207,False,0.4864234984263237,0.0439380085061862,0.40030500175419875,0.5725419950984486,sr_pds,sr_pds,"[('cubic', 0, 1), ('log', 2, None)]","[('int', 3, 4)]","[('cubic', 0, 1), ('log', 2, None)]","[('int', 3, 4)]","{('cubic', 0, 1): 5.030783454173391, ('log', 2, None): -4.919360289951722}","{('int', 3, 4): 3.0138746290789205}",dgp6,sr_pds,NL + mild NL conf.,SR-PDS,0.5
208,False,0.14445767730557216,0.2451183668176041,-0.33597432165693186,0.6248896762680762,sr_pds,sr_pds,"[('cubic', 0, 1), ('int', 3, 4)]","[('int', 3, 4)]","[('cubic', 0, 1), ('int', 3, 4)]","[('int', 3, 4)]","{('cubic', 0, 1): 5.184103234921238, ('int', 3, 4): 3.661289762628417}","{('int', 3, 4): 3.661289762628417}",dgp6,sr_pds,NL + mild NL conf.,SR-PDS,0.5
209,False,0.4527516653965768,0.04276819252440176,0.36892600804874937,0.5365773227444043,sr_pds,sr_pds,"[('cubic', 0, 1), ('log', 2, None)]","[('int', 3, 4)]","[('cubic', 0, 1), ('log', 2, None)]","[('int', 3, 4)]","{('cubic', 0, 1): 4.956329098066634, ('log', 2, None): -4.9663422810123885}","{('int', 3, 4): 3.0387026901189382}",dgp6,sr_pds,NL + mild NL conf.,SR-PDS,0.5
210,False,0.6239294109520246,0.2471540530248629,0.1395074670232933,1.1083513548807558,sr_pds,sr_pds,"[('cubic', 0, 1)]","[('int', 3, 4)]","[('cubic', 0, 1)]","[('int', 3, 4)]","{('cubic', 0, 1): 4.5924857258225105}","{('int', 3, 4): 2.7196749821987503}",dgp6,sr_pds,NL + mild NL conf.,SR-PDS,0.5
211,False,0.5893017600378083,0.23841755560374575,0.12200335105446664,1.05660016902115,sr_pds,sr_pds,"[('cubic', 0, 1)]","[('int', 3, 4)]","[('cubic', 0, 1)]","[('int', 3, 4)]","{('cubic', 0, 1): 4.895642652388716}","{('int', 3, 4): 2.810691538812912}",dgp6,sr_pds,NL + mild NL conf.,SR-PDS,0.5
212,False,0.8323429689676621,0.2411711858660444,0.3596474446702151,1.3050384932651091,sr_pds,sr_pds,"[('cubic', 0, 1)]","[('int', 3, 4)]","[('cubic', 0, 1)]","[('int', 3, 4)]","{('cubic', 0, 1): 5.403439861518441}","{('int', 3, 4): 2.891743822842739}",dgp6,sr_pds,NL + mild NL conf.,SR-PDS,0.5
213,False,0.5672880227665678,0.2841765866476238,0.010301912937225155,1.1242741325959105,sr_pds,sr_pds,"[('cubic', 0, 1)]","[('int', 3, 4)]","[('cubic', 0, 1)]","[('int', 3, 4)]","{('cubic', 0, 1): 5.028495409076328}","{('int', 3, 4): 2.6811728902645893}",dgp6,sr_pds,NL + mild NL conf.,SR-PDS,0.5
214,False,0.8258184789684565,0.24738928691789275,0.3409354766093867,1.3107014813275262,sr_pds,sr_pds,"[('cubic', 0, 1)]","[('int', 3, 4)]","[('cubic', 0, 1)]","[('int', 3, 4)]","{('cubic', 0, 1): 4.9636367900774525}","{('int', 3, 4): 2.694047440996699}",dgp6,sr_pds,NL + mild NL conf.,SR-PDS,0.5
215,False,0.5753747232476444,0.046703807300159876,0.48383526093933105,0.6669141855559577,sr_pds,sr_pds,"[('cubic', 0, 1), ('log', 2, None)]","[('int', 3, 4)]","[('cubic', 0, 1), ('log', 2, None)]","[('int', 3, 4)]","{('cubic', 0, 1): 5.0100613390067785, ('log', 2, None): -4.983982608035462}","{('int', 3, 4): 2.8934504282343254}",dgp6,sr_pds,NL + mild NL conf.,SR-PDS,0.5
216,False,0.4493352499435042,0.26168923320222404,-0.06357564713285485,0.9622461470198633,sr_pds,sr_pds,"[('cubic', 0, 1)]","[('int', 3, 4)]","[('cubic', 0, 1)]","[('int', 3, 4)]","{('cubic', 0, 1): 5.3831972413069025}","{('int', 3, 4): 2.9667528060370767}",dgp6,sr_pds,NL + mild NL conf.,SR-PDS,0.5
217,False,0.4532839697075873,0.11413405782020511,0.22958121637998527,0.6769867230351893,sr_pds,sr_pds,"[('cubic', 0, 1), ('sqrt', 2, None)]","[('int', 3, 4)]","[('cubic', 0, 1), ('sqrt', 2, None)]","[('int', 3, 4)]","{('cubic', 0, 1): 5.158732025285256, ('sqrt', 2, None): -15.439391528996854}","{('int', 3, 4): 3.1555518150124273}",dgp6,sr_pds,NL + mild NL conf.,SR-PDS,0.5
218,False,0.7004243920057381,0.2641361734537803,0.1827174920363287,1.2181312919751477,sr_pds,sr_pds,"[('cubic', 0, 1)]","[('int', 3, 4)]","[('cubic', 0, 1)]","[('int', 3, 4)]","{('cubic', 0, 1): 5.20256450948923}","{('int', 3, 4): 2.8433318430291328}",dgp6,sr_pds,NL + mild NL conf.,SR-PDS,0.5
219,False,0.3719992478054721,0.08881339781067298,0.1979249880965531,0.5460735075143911,sr_pds,sr_pds,"[('cubic', 0, 1), ('sqrt', 2, None)]","[('int', 3, 4)]","[('cubic', 0, 1), ('sqrt', 2, None)]","[('int', 3, 4)]","{('cubic', 0, 1): 4.820344034821257, ('sqrt', 2, None): -14.236855264749394}","{('int', 3, 4): 3.2797924262782345}",dgp6,sr_pds,NL + mild NL conf.,SR-PDS,0.5
220,False,0.2623807819859855,0.2178635447672613,-0.1646317657578466,0.6893933297298176,sr_pds,sr_pds,"[('log', 2, None)]","[('int', 3, 4)]","[('log', 2, None)]","[('int', 3, 4)]","{('log', 2, None): -4.784674141572187}","{('int', 3, 4): 3.0362983795808027}",dgp6,sr_pds,NL + mild NL conf.,SR-PDS,0.5
221,False,0.17500479989727669,0.23130227552700913,-0.2783476601356612,0.6283572599302145,sr_pds,sr_pds,"[('cubic', 0, 1), ('int', 3, 4)]","[('int', 3, 4)]","[('cubic', 0, 1), ('int', 3, 4)]","[('int', 3, 4)]","{('cubic', 0, 1): 5.172051440820514, ('int', 3, 4): 3.6106729086039184}","{('int', 3, 4): 3.6106729086039184}",dgp6,sr_pds,NL + mild NL conf.,SR-PDS,0.5
222,False,0.5244772380509772,0.21860963172282766,0.09600235987423505,0.9529521162277195,sr_pds,sr_pds,"[('cubic', 0, 1)]","[('int', 3, 4)]","[('cubic', 0, 1)]","[('int', 3, 4)]","{('cubic', 0, 1): 4.861016287806536}","{('int', 3, 4): 3.1186553982135186}",dgp6,sr_pds,NL + mild NL conf.,SR-PDS,0.5
223,False,0.9109968280304409,0.24129516777261725,0.4380582991961111,1.3839353568647708,sr_pds,sr_pds,"[('cubic', 0, 1)]","[('int', 3, 4)]","[('cubic', 0, 1)]","[('int', 3, 4)]","{('cubic', 0, 1): 5.063775511071713}","{('int', 3, 4): 2.029422810406292}",dgp6,sr_pds,NL + mild NL conf.,SR-PDS,0.5
224,False,0.42745709573175383,0.04294642329233164,0.34328210607878384,0.5116320853847238,sr_pds,sr_pds,"[('cubic', 0, 1), ('log', 2, None)]","[('int', 3, 4)]","[('cubic', 0, 1), ('log', 2, None)]","[('int', 3, 4)]","{('cubic', 0, 1): 5.008115079088818, ('log', 2, None): -4.9662409257485995}","{('int', 3, 4): 3.1603223520823107}",dgp6,sr_pds,NL + mild NL conf.,SR-PDS,0.5
225,False,0.4503777721648838,0.04401399412980832,0.36411034367045947,0.5366452006593081,sr_pds,sr_pds,"[('cubic', 0, 1), ('log', 2, None)]","[('int', 3, 4)]","[('cubic', 0, 1), ('log', 2, None)]","[('int', 3, 4)]","{('cubic', 0, 1): 5.003290511936523, ('log', 2, None): -5.013553730346439}","{('int', 3, 4): 3.142151445807143}",dgp6,sr_pds,NL + mild NL conf.,SR-PDS,0.5
226,False,0.486738860331828,0.21745940843884135,0.060518419791698974,0.912959300871957,sr_pds,sr_pds,"[('cubic', 0, 1)]","[('int', 3, 4)]","[('cubic', 0, 1)]","[('int', 3, 4)]","{('cubic', 0, 1): 4.953285482925694}","{('int', 3, 4): 3.1979307639599712}",dgp6,sr_pds,NL + mild NL conf.,SR-PDS,0.5
227,False,0.5163905072330264,0.04799643744891322,0.4223174898331565,0.6104635246328963,sr_pds,sr_pds,"[('cubic', 0, 1), ('log', 2, None)]","[('int', 3, 4)]","[('cubic', 0, 1), ('log', 2, None)]","[('int', 3, 4)]","{('cubic', 0, 1): 4.982098847539059, ('log', 2, None): -5.071974429490216}","{('int', 3, 4): 2.9027540918034265}",dgp6,sr_pds,NL + mild NL conf.,SR-PDS,0.5
228,False,0.5364471516663998,0.04203479122755874,0.45405896086038466,0.6188353424724149,sr_pds,sr_pds,"[('cubic', 0, 1), ('log', 2, None)]","[('int', 3, 4)]","[('cubic', 0, 1), ('log', 2, None)]","[('int', 3, 4)]","{('cubic', 0, 1): 5.005943207847619, ('log', 2, None): -5.00025854225877}","{('int', 3, 4): 2.937713249366064}",dgp6,sr_pds,NL + mild NL conf.,SR-PDS,0.5
229,False,0.2373924207648722,0.2568723295712584,-0.2660773451947942,0.7408621867245386,sr_pds,sr_pds,"[('cubic', 0, 1)]","[('int', 3, 4)]","[('cubic', 0, 1)]","[('int', 3, 4)]","{('cubic', 0, 1): 5.029093315953004}","{('int', 3, 4): 3.40784165746102}",dgp6,sr_pds,NL + mild NL conf.,SR-PDS,0.5
230,False,0.45529053807947045,0.04774334363058599,0.36171358456352193,0.548867491595419,sr_pds,sr_pds,"[('cubic', 0, 1), ('int', 0, 1), ('log', 2, None)]","[('int', 3, 4)]","[('cubic', 0, 1), ('log', 2, None)]","[('int', 3, 4)]","{('cubic', 0, 1): 4.973274390590694, ('log', 2, None): -5.00196770203831}","{('int', 3, 4): 3.043339074204998}",dgp6,sr_pds,NL + mild NL conf.,SR-PDS,0.5
231,False,0.46260428016518523,0.0452692624486475,0.37387652576583613,0.5513320345645343,sr_pds,sr_pds,"[('cubic', 0, 1), ('log', 2, None)]","[('int', 3, 4)]","[('cubic', 0, 1), ('log', 2, None)]","[('int', 3, 4)]","{('cubic', 0, 1): 4.982472091172926, ('log', 2, None): -4.992328932969788}","{('int', 3, 4): 3.051417307120528}",dgp6,sr_pds,NL + mild NL conf.,SR-PDS,0.5
232,False,0.3684761682907438,0.3141073750060396,-0.24717428672109376,0.9841266233025814,sr_pds,sr_pds,"[('cubic', 0, 1)]","[('int', 3, 4)]","[('cubic', 0, 1)]","[('int', 3, 4)]","{('cubic', 0, 1): 5.568697907716799}","{('int', 3, 4): 2.9225549043126344}",dgp6,sr_pds,NL + mild NL conf.,SR-PDS,0.5
233,False,0.4633332965615187,0.10261507478411988,0.2622077499846438,0.6644588431383937,sr_pds,sr_pds,"[('cubic', 0, 1), ('sqrt', 2, None)]","[('int', 3, 4)]","[('cubic', 0, 1), ('sqrt', 2, None)]","[('int', 3, 4)]","{('cubic', 0, 1): 5.0254341240563285, ('sqrt', 2, None): -14.860296370154252}","{('int', 3, 4): 3.0120057268711475}",dgp6,sr_pds,NL + mild NL conf.,SR-PDS,0.5
234,False,0.2577995325081751,0.25099407090355236,-0.2341488464627875,0.7497479114791377,sr_pds,sr_pds,"[('cubic', 0, 1)]","[('int', 3, 4)]","[('cubic', 0, 1)]","[('int', 3, 4)]","{('cubic', 0, 1): 4.823822043085541}","{('int', 3, 4): 3.630001851863559}",dgp6,sr_pds,NL + mild NL conf.,SR-PDS,0.5
235,False,0.5090074790789049,0.044475676233240106,0.4218351536617543,0.5961798044960555,sr_pds,sr_pds,"[('cubic', 0, 1), ('log', 2, None)]","[('int', 3, 4)]","[('cubic', 0, 1), ('log', 2, None)]","[('int', 3, 4)]","{('cubic', 0, 1): 5.025254143333548, ('log', 2, None): -4.967059539876621}","{('int', 3, 4): 2.993049620629954}",dgp6,sr_pds,NL + mild NL conf.,SR-PDS,0.5
236,False,0.17915993136564118,0.2411607400340555,-0.29351511910110756,0.6518349818323899,sr_pds,sr_pds,"[('cubic', 0, 1)]","[('int', 3, 4)]","[('cubic', 0, 1)]","[('int', 3, 4)]","{('cubic', 0, 1): 4.932451379110563}","{('int', 3, 4): 3.7685447418880162}",dgp6,sr_pds,NL + mild NL conf.,SR-PDS,0.5
237,False,0.9980106951126341,0.2247639761393408,0.5574733018795262,1.438548088345742,sr_pds,sr_pds,"[('cubic', 0, 1), ('int', 3, 4)]","[('int', 3, 4)]","[('cubic', 0, 1), ('int', 3, 4)]","[('int', 3, 4)]","{('cubic', 0, 1): 5.025764773590361, ('int', 3, 4): 1.9535973806996583}","{('int', 3, 4): 1.9535973806996583}",dgp6,sr_pds,NL + mild NL conf.,SR-PDS,0.5
238,False,0.4994926232975099,0.047246597078135784,0.4068892930243637,0.592095953570656,sr_pds,sr_pds,"[('cubic', 0, 1), ('int', 3, 4), ('log', 2, None)]","[('int', 3, 4)]","[('cubic', 0, 1), ('int', 3, 4), ('log', 2, None)]","[('int', 3, 4)]","{('cubic', 0, 1): 5.001787662977291, ('int', 3, 4): 3.0163647787705847, ('log', 2, None): -5.050114766829118}","{('int', 3, 4): 3.0163647787705847}",dgp6,sr_pds,NL + mild NL conf.,SR-PDS,0.5
239,False,0.7263303272295065,0.26731750155398426,0.2023880241836974,1.2502726302753158,sr_pds,sr_pds,"[('cubic', 0, 1)]","[('int', 3, 4)]","[('cubic', 0, 1)]","[('int', 3, 4)]","{('cubic', 0, 1): 4.572720369598981}","{('int', 3, 4): 1.976853393000259}",dgp6,sr_pds,NL + mild NL conf.,SR-PDS,0.5
240,False,0.5319170010036516,0.042374382748706696,0.44886321081618646,0.6149707911911168,sr_pds,sr_pds,"[('cubic', 0, 1), ('log', 2, None)]","[('int', 3, 4)]","[('cubic', 0, 1), ('log', 2, None)]","[('int', 3, 4)]","{('cubic', 0, 1): 4.940059849468977, ('log', 2, None): -5.007730117510258}","{('int', 3, 4): 2.8988975185489645}",dgp6,sr_pds,NL + mild NL conf.,SR-PDS,0.5
241,False,0.1266090546690706,0.2865265239321379,-0.43498293223791973,0.6882010415760609,sr_pds,sr_pds,"[('cubic', 0, 1)]","[('int', 3, 4)]","[('cubic', 0, 1)]","[('int', 3, 4)]","{('cubic', 0, 1): 5.2573401554989205}","{('int', 3, 4): 3.343148678328255}",dgp6,sr_pds,NL + mild NL conf.,SR-PDS,0.5
242,False,-0.0026864165843083617,0.22541738228434977,-0.4445044858616339,0.4391316526930172,sr_pds,sr_pds,"[('cubic', 0, 1), ('int', 3, 4)]","[('int', 3, 4)]","[('cubic', 0, 1), ('int', 3, 4)]","[('int', 3, 4)]","{('cubic', 0, 1): 5.18797134368571, ('int', 3, 4): 3.984988507425676}","{('int', 3, 4): 3.984988507425676}",dgp6,sr_pds,NL + mild NL conf.,SR-PDS,0.5
243,False,0.16886749680111451,0.32713026058262845,-0.47230781394083726,0.8100428075430663,sr_pds,sr_pds,"[('cubic', 0, 1)]","[('int', 3, 4)]","[('cubic', 0, 1)]","[('int', 3, 4)]","{('cubic', 0, 1): 5.199239706226453}","{('int', 3, 4): 3.0303657217734563}",dgp6,sr_pds,NL + mild NL conf.,SR-PDS,0.5
244,False,0.9778339375266871,0.23951094911629559,0.5083924772587478,1.4472753977946264,sr_pds,sr_pds,"[('cubic', 0, 1), ('int', 3, 4)]","[('int', 3, 4)]","[('cubic', 0, 1), ('int', 3, 4)]","[('int', 3, 4)]","{('cubic', 0, 1): 5.127275757421323, ('int', 3, 4): 1.753499404691373}","{('int', 3, 4): 1.753499404691373}",dgp6,sr_pds,NL + mild NL conf.,SR-PDS,0.5
245,False,0.5294105974060721,0.24380517653639558,0.0515524513947368,1.0072687434174075,sr_pds,sr_pds,"[('cubic', 0, 1), ('int', 3, 4)]","[('int', 3, 4)]","[('cubic', 0, 1), ('int', 3, 4)]","[('int', 3, 4)]","{('cubic', 0, 1): 4.9810207366021535, ('int', 3, 4): 2.8905814628037056}","{('int', 3, 4): 2.8905814628037056}",dgp6,sr_pds,NL + mild NL conf.,SR-PDS,0.5
246,False,0.415169967785267,0.38276860735759305,-0.3350565026356153,1.1653964382061492,sr_pds,sr_pds,[],"[('int', 3, 4)]",[],"[('int', 3, 4)]",{},"{('int', 3, 4): 2.721785332976456}",dgp6,sr_pds,NL + mild NL conf.,SR-PDS,0.5
247,False,0.45099121674424153,0.04533304701697167,0.36213844459097705,0.539843988897506,sr_pds,sr_pds,"[('cubic', 0, 1), ('log', 2, None)]","[('int', 3, 4)]","[('cubic', 0, 1), ('log', 2, None)]","[('int', 3, 4)]","{('cubic', 0, 1): 4.978269929552248, ('log', 2, None): -5.032793638811772}","{('int', 3, 4): 3.1045218367147176}",dgp6,sr_pds,NL + mild NL conf.,SR-PDS,0.5
248,False,0.6761674486395689,0.2707138231695733,0.14556835522720524,1.2067665420519327,sr_pds,sr_pds,"[('cubic', 0, 1)]","[('int', 3, 4)]","[('cubic', 0, 1)]","[('int', 3, 4)]","{('cubic', 0, 1): 4.709616073743829}","{('int', 3, 4): 2.571067680520356}",dgp6,sr_pds,NL + mild NL conf.,SR-PDS,0.5
249,False,0.46423401898256356,0.09244981026311418,0.2830323908668598,0.6454356470982674,sr_pds,sr_pds,"[('cubic', 0, 1), ('sqrt', 2, None)]","[('int', 3, 4)]","[('cubic', 0, 1), ('sqrt', 2, None)]","[('int', 3, 4)]","{('cubic', 0, 1): 4.98912612440548, ('sqrt', 2, None): -14.815877500034203}","{('int', 3, 4): 3.0033773019485936}",dgp6,sr_pds,NL + mild NL conf.,SR-PDS,0.5
250,False,0.5528182029851113,0.04379482595123219,0.4669803441206962,0.6386560618495264,sr_pds,sr_pds,"[('cubic', 0, 1), ('log', 2, None)]","[('int', 3, 4)]","[('cubic', 0, 1), ('log', 2, None)]","[('int', 3, 4)]","{('cubic', 0, 1): 4.986057581371089, ('log', 2, None): -4.955407238118085}","{('int', 3, 4): 2.8690259209362763}",dgp6,sr_pds,NL + mild NL conf.,SR-PDS,0.5
251,False,0.6211835350997827,0.2554391206465637,0.12052285863251788,1.1218442115670477,sr_pds,sr_pds,"[('cubic', 0, 1)]","[('int', 3, 4)]","[('cubic', 0, 1)]","[('int', 3, 4)]","{('cubic', 0, 1): 5.070615636655173}","{('int', 3, 4): 2.4977938570747518}",dgp6,sr_pds,NL + mild NL conf.,SR-PDS,0.5
252,False,0.6097325611135143,0.23714203654094732,0.14493416949325755,1.074530952733771,sr_pds,sr_pds,"[('cubic', 0, 1)]","[('int', 3, 4)]","[('cubic', 0, 1)]","[('int', 3, 4)]","{('cubic', 0, 1): 5.168905818275096}","{('int', 3, 4): 3.2383660946092965}",dgp6,sr_pds,NL + mild NL conf.,SR-PDS,0.5
253,False,0.5441111697709936,0.3018134208931348,-0.047443135179550566,1.1356654747215378,sr_pds,sr_pds,"[('cubic', 0, 1), ('int', 3, 4), ('int', 3, 47)]","[('int', 3, 4)]","[('cubic', 0, 1), ('int', 3, 4), ('int', 3, 47)]","[('int', 3, 4)]","{('cubic', 0, 1): 5.330888260392029, ('int', 3, 4): 2.4802014251341347, ('int', 3, 47): -0.24706870279189652}","{('int', 3, 4): 2.4802014251341347}",dgp6,sr_pds,NL + mild NL conf.,SR-PDS,0.5
254,False,0.08511940296360743,0.2519521454525513,-0.4087068021233931,0.5789456080506079,sr_pds,sr_pds,"[('cubic', 0, 1)]","[('int', 3, 4)]","[('cubic', 0, 1)]","[('int', 3, 4)]","{('cubic', 0, 1): 4.803730171850007}","{('int', 3, 4): 3.7648397571827292}",dgp6,sr_pds,NL + mild NL conf.,SR-PDS,0.5
255,False,0.5169077926448538,0.04656110737672046,0.4256480221864817,0.6081675631032258,sr_pds,sr_pds,"[('cubic', 0, 1), ('log', 2, None)]","[('int', 3, 4)]","[('cubic', 0, 1), ('log', 2, None)]","[('int', 3, 4)]","{('cubic', 0, 1): 4.985950382876442, ('log', 2, None): -5.076604644572007}","{('int', 3, 4): 2.997975357050569}",dgp6,sr_pds,NL + mild NL conf.,SR-PDS,0.5
256,False,0.6626065427559887,0.21754121560609316,0.23622576016804614,1.0889873253439313,sr_pds,sr_pds,"[('cubic', 0, 1)]","[('int', 3, 4)]","[('cubic', 0, 1)]","[('int', 3, 4)]","{('cubic', 0, 1): 4.971025029253871}","{('int', 3, 4): 2.0511453380001448}",dgp6,sr_pds,NL + mild NL conf.,SR-PDS,0.5
257,False,0.8167634423772693,0.24200335428206607,0.3424368679844198,1.2910900167701187,sr_pds,sr_pds,"[('cubic', 0, 1), ('int', 3, 4)]","[('int', 3, 4)]","[('cubic', 0, 1), ('int', 3, 4)]","[('int', 3, 4)]","{('cubic', 0, 1): 4.963339504560913, ('int', 3, 4): 2.4166138179415255}","{('int', 3, 4): 2.4166138179415255}",dgp6,sr_pds,NL + mild NL conf.,SR-PDS,0.5
258,False,0.5163400571461101,0.25430307040070527,0.01790603916072775,1.0147740751314924,sr_pds,sr_pds,"[('cubic', 0, 1)]","[('int', 3, 4)]","[('cubic', 0, 1)]","[('int', 3, 4)]","{('cubic', 0, 1): 4.761997669335139}","{('int', 3, 4): 3.122578266858967}",dgp6,sr_pds,NL + mild NL conf.,SR-PDS,0.5
259,False,0.4893183026386187,0.04156954609495562,0.4078419922925057,0.5707946129847317,sr_pds,sr_pds,"[('cubic', 0, 1), ('log', 2, None)]","[('int', 3, 4)]","[('cubic', 0, 1), ('log', 2, None)]","[('int', 3, 4)]","{('cubic', 0, 1): 5.075826920422796, ('log', 2, None): -5.056152226839206}","{('int', 3, 4): 3.0556016157063333}",dgp6,sr_pds,NL + mild NL conf.,SR-PDS,0.5
260,False,0.7351416497817579,0.303703579197147,0.13988263455534977,1.330400665008166,sr_pds,sr_pds,"[('cubic', 0, 1), ('int', 3, 4)]","[('int', 3, 4)]","[('cubic', 0, 1), ('int', 3, 4)]","[('int', 3, 4)]","{('cubic', 0, 1): 4.894402360561264, ('int', 3, 4): 2.6833232263384406}","{('int', 3, 4): 2.6833232263384406}",dgp6,sr_pds,NL + mild NL conf.,SR-PDS,0.5
261,False,0.301412606992024,0.42383661930098687,-0.5293071668379102,1.1321323808219583,sr_pds,sr_pds,[],"[('int', 3, 4)]",[],"[('int', 3, 4)]",{},"{('int', 3, 4): 4.218612652780957}",dgp6,sr_pds,NL + mild NL conf.,SR-PDS,0.5
262,False,0.0696107412558422,0.29328575853158695,-0.5052293454660682,0.6444508279777527,sr_pds,sr_pds,"[('cubic', 0, 1)]","[('int', 3, 4)]","[('cubic', 0, 1)]","[('int', 3, 4)]","{('cubic', 0, 1): 5.084031364603429}","{('int', 3, 4): 3.9103709998705716}",dgp6,sr_pds,NL + mild NL conf.,SR-PDS,0.5
263,False,0.4873070034888239,0.05291784590582763,0.3835880255134017,0.591025981464246,sr_pds,sr_pds,"[('cubic', 0, 1), ('log', 2, None)]","[('int', 3, 4)]","[('cubic', 0, 1), ('log', 2, None)]","[('int', 3, 4)]","{('cubic', 0, 1): 5.018176225420437, ('log', 2, None): -5.025254050202194}","{('int', 3, 4): 2.983209988174234}",dgp6,sr_pds,NL + mild NL conf.,SR-PDS,0.5
264,False,0.27053549304177005,0.25004873666189537,-0.21956003081554487,0.760631016899085,sr_pds,sr_pds,"[('cubic', 0, 1)]","[('int', 3, 4)]","[('cubic', 0, 1)]","[('int', 3, 4)]","{('cubic', 0, 1): 5.173544603305196}","{('int', 3, 4): 3.3794548874162715}",dgp6,sr_pds,NL + mild NL conf.,SR-PDS,0.5
265,False,0.7783773065116575,0.21500696237020941,0.35696366026604703,1.1997909527572679,sr_pds,sr_pds,"[('cubic', 0, 1)]","[('int', 3, 4)]","[('cubic', 0, 1)]","[('int', 3, 4)]","{('cubic', 0, 1): 4.682343105376864}","{('int', 3, 4): 2.6630322542545253}",dgp6,sr_pds,NL + mild NL conf.,SR-PDS,0.5
266,False,0.2613178309772088,0.24800252014275062,-0.2247671085025824,0.747402770457,sr_pds,sr_pds,"[('cubic', 0, 1), ('int', 3, 4)]","[('int', 3, 4)]","[('cubic', 0, 1), ('int', 3, 4)]","[('int', 3, 4)]","{('cubic', 0, 1): 4.863647292703439, ('int', 3, 4): 3.7391822502240935}","{('int', 3, 4): 3.7391822502240935}",dgp6,sr_pds,NL + mild NL conf.,SR-PDS,0.5
267,False,1.190618228410977,0.2628904912037003,0.6753528656517245,1.7058835911702295,sr_pds,sr_pds,"[('cubic', 0, 1)]","[('int', 3, 4)]","[('cubic', 0, 1)]","[('int', 3, 4)]","{('cubic', 0, 1): 4.852342877566477}","{('int', 3, 4): 1.9274467562679884}",dgp6,sr_pds,NL + mild NL conf.,SR-PDS,0.5
268,False,0.029486965517248553,0.23168071665897177,-0.4246072391343361,0.48358117016883323,sr_pds,sr_pds,"[('cubic', 0, 1)]","[('int', 3, 4)]","[('cubic', 0, 1)]","[('int', 3, 4)]","{('cubic', 0, 1): 5.141656948562069}","{('int', 3, 4): 4.088559290724167}",dgp6,sr_pds,NL + mild NL conf.,SR-PDS,0.5
269,False,0.5554697182633548,0.04731277036480358,0.46273668834833975,0.6482027481783698,sr_pds,sr_pds,"[('cubic', 0, 1), ('log', 2, None)]","[('int', 3, 4)]","[('cubic', 0, 1), ('log', 2, None)]","[('int', 3, 4)]","{('cubic', 0, 1): 4.996139993988707, ('log', 2, None): -4.995129170012786}","{('int', 3, 4): 2.847862715905796}",dgp6,sr_pds,NL + mild NL conf.,SR-PDS,0.5
270,False,0.4258674919001468,0.03992640815270616,0.3476117319208427,0.5041232518794508,sr_pds,sr_pds,"[('cubic', 0, 1), ('log', 2, None)]","[('int', 3, 4)]","[('cubic', 0, 1), ('log', 2, None)]","[('int', 3, 4)]","{('cubic', 0, 1): 5.003861167671952, ('log', 2, None): -5.049005999092851}","{('int', 3, 4): 3.1142266369505216}",dgp6,sr_pds,NL + mild NL conf.,SR-PDS,0.5
271,False,0.5031637551055351,0.04480212449269265,0.41535159109985753,0.5909759191112127,sr_pds,sr_pds,"[('cubic', 0, 1), ('log', 2, None)]","[('int', 3, 4)]","[('cubic', 0, 1), ('log', 2, None)]","[('int', 3, 4)]","{('cubic', 0, 1): 4.994320680279403, ('log', 2, None): -5.055046335765033}","{('int', 3, 4): 3.032126334504901}",dgp6,sr_pds,NL + mild NL conf.,SR-PDS,0.5
272,False,0.5962145884014801,0.040289947830508155,0.5172462906536841,0.6751828861492761,sr_pds,sr_pds,"[('cubic', 0, 1), ('log', 2, None)]","[('int', 3, 4)]","[('cubic', 0, 1), ('log', 2, None)]","[('int', 3, 4)]","{('cubic', 0, 1): 4.996708335334287, ('log', 2, None): -4.985393311318777}","{('int', 3, 4): 2.7903690553736746}",dgp6,sr_pds,NL + mild NL conf.,SR-PDS,0.5
273,False,0.5409653580707435,0.23257581180240855,0.08511676693802278,0.9968139492034642,sr_pds,sr_pds,"[('cubic', 0, 1)]","[('int', 3, 4)]","[('cubic', 0, 1)]","[('int', 3, 4)]","{('cubic', 0, 1): 5.261612748293369}","{('int', 3, 4): 3.002997450941481}",dgp6,sr_pds,NL + mild NL conf.,SR-PDS,0.5
274,False,0.47405236406702633,0.03928948430347635,0.3970449748322127,0.55105975330184,sr_pds,sr_pds,"[('cubic', 0, 1), ('log', 2, None)]","[('int', 3, 4)]","[('cubic', 0, 1), ('log', 2, None)]","[('int', 3, 4)]","{('cubic', 0, 1): 4.997606264763263, ('log', 2, None): -5.00054736043926}","{('int', 3, 4): 3.091486123713689}",dgp6,sr_pds,NL + mild NL conf.,SR-PDS,0.5
275,False,0.5446669014973076,0.25187067388363554,0.05100038068538193,1.038333422309233,sr_pds,sr_pds,"[('cubic', 0, 1)]","[('int', 3, 4)]","[('cubic', 0, 1)]","[('int', 3, 4)]","{('cubic', 0, 1): 4.71396956788443}","{('int', 3, 4): 2.963514891297069}",dgp6,sr_pds,NL + mild NL conf.,SR-PDS,0.5
276,False,0.6522116816803437,0.2209111752923415,0.21922577810735439,1.085197585253333,sr_pds,sr_pds,"[('cubic', 0, 1)]","[('int', 3, 4)]","[('cubic', 0, 1)]","[('int', 3, 4)]","{('cubic', 0, 1): 4.787622215084147}","{('int', 3, 4): 2.7060407025516846}",dgp6,sr_pds,NL + mild NL conf.,SR-PDS,0.5
277,False,0.265895319222044,0.24103020340107367,-0.20652387944406037,0.7383145178881484,sr_pds,sr_pds,"[('cubic', 0, 1), ('int', 3, 4)]","[('int', 3, 4)]","[('cubic', 0, 1), ('int', 3, 4)]","[('int', 3, 4)]","{('cubic', 0, 1): 5.131589442729745, ('int', 3, 4): 3.419875925843393}","{('int', 3, 4): 3.419875925843393}",dgp6,sr_pds,NL + mild NL conf.,SR-PDS,0.5
278,False,0.4628893649306584,0.21035316935667586,0.050597152991573746,0.8751815768697431,sr_pds,sr_pds,"[('cubic', 0, 1)]","[('int', 3, 4)]","[('cubic', 0, 1)]","[('int', 3, 4)]","{('cubic', 0, 1): 4.84263236891488}","{('int', 3, 4): 3.571235006532136}",dgp6,sr_pds,NL + mild NL conf.,SR-PDS,0.5
279,False,0.3806067454222012,0.05052364465600412,0.28158040189643313,0.47963308894796924,sr_pds,sr_pds,"[('cubic', 0, 1), ('log', 2, None)]","[('int', 3, 4)]","[('cubic', 0, 1), ('log', 2, None)]","[('int', 3, 4)]","{('cubic', 0, 1): 5.004003263855608, ('log', 2, None): -5.016227393838576}","{('int', 3, 4): 3.354802378254468}",dgp6,sr_pds,NL + mild NL conf.,SR-PDS,0.5
280,False,0.21274019182421608,0.2277854523973499,-0.23371929487458973,0.6591996785230219,sr_pds,sr_pds,"[('cubic', 0, 1)]","[('int', 3, 4)]","[('cubic', 0, 1)]","[('int', 3, 4)]","{('cubic', 0, 1): 5.196188376824462}","{('int', 3, 4): 3.1335085780742253}",dgp6,sr_pds,NL + mild NL conf.,SR-PDS,0.5
281,False,0.6299049584034472,0.21157093180302441,0.21522593206951934,1.044583984737375,sr_pds,sr_pds,"[('cubic', 0, 1)]","[('int', 3, 4)]","[('cubic', 0, 1)]","[('int', 3, 4)]","{('cubic', 0, 1): 5.188086981334223}","{('int', 3, 4): 2.8560012432934636}",dgp6,sr_pds,NL + mild NL conf.,SR-PDS,0.5
282,False,0.29612613314314373,0.28892808430571915,-0.27017291209606575,0.8624251783823532,sr_pds,sr_pds,"[('log', 2, None)]","[('int', 3, 4)]","[('log', 2, None)]","[('int', 3, 4)]","{('log', 2, None): -5.193528466741584}","{('int', 3, 4): 3.258991841186007}",dgp6,sr_pds,NL + mild NL conf.,SR-PDS,0.5
283,False,0.5342090760862169,0.04201349698353928,0.45186262199847993,0.6165555301739539,sr_pds,sr_pds,"[('cubic', 0, 1), ('log', 2, None)]","[('int', 3, 4)]","[('cubic', 0, 1), ('log', 2, None)]","[('int', 3, 4)]","{('cubic', 0, 1): 4.964534974709515, ('log', 2, None): -4.8962181481826175}","{('int', 3, 4): 2.958874648847392}",dgp6,sr_pds,NL + mild NL conf.,SR-PDS,0.5
284,False,0.778808974166106,0.26408625777146844,0.2611999089340278,1.2964180393981841,sr_pds,sr_pds,"[('cubic', 0, 1)]","[('int', 3, 4)]","[('cubic', 0, 1)]","[('int', 3, 4)]","{('cubic', 0, 1): 5.057933744631865}","{('int', 3, 4): 2.2716313795412066}",dgp6,sr_pds,NL + mild NL conf.,SR-PDS,0.5
285,False,0.8603371302865164,0.33500032395860024,0.20373649532765992,1.5169377652453728,sr_pds,sr_pds,"[('cubic', 0, 1)]","[('int', 3, 4)]","[('cubic', 0, 1)]","[('int', 3, 4)]","{('cubic', 0, 1): 5.03854557985028}","{('int', 3, 4): 2.1370906081020733}",dgp6,sr_pds,NL + mild NL conf.,SR-PDS,0.5
286,False,0.477491000471217,0.04256552615989788,0.3940625691978172,0.5609194317446169,sr_pds,sr_pds,"[('cubic', 0, 1), ('log', 2, None)]","[('int', 3, 4)]","[('cubic', 0, 1), ('log', 2, None)]","[('int', 3, 4)]","{('cubic', 0, 1): 5.004435907293378, ('log', 2, None): -4.994060979994442}","{('int', 3, 4): 3.0680611436181247}",dgp6,sr_pds,NL + mild NL conf.,SR-PDS,0.5
287,False,0.7466888935503955,0.2545644594202165,0.24774255308677118,1.2456352340140198,sr_pds,sr_pds,"[('cubic', 0, 1)]","[('int', 3, 4)]","[('cubic', 0, 1)]","[('int', 3, 4)]","{('cubic', 0, 1): 5.154898927053727}","{('int', 3, 4): 2.5228912350922084}",dgp6,sr_pds,NL + mild NL conf.,SR-PDS,0.5
288,False,0.49643408455892263,0.24100127304536093,0.024071589390015247,0.96879657972783,sr_pds,sr_pds,"[('cubic', 0, 1)]","[('int', 3, 4)]","[('cubic', 0, 1)]","[('int', 3, 4)]","{('cubic', 0, 1): 4.9580285044934}","{('int', 3, 4): 2.8351467630979394}",dgp6,sr_pds,NL + mild NL conf.,SR-PDS,0.5
289,False,0.6081019838989733,0.21221542637328564,0.19215974820733345,1.0240442195906132,sr_pds,sr_pds,"[('cubic', 0, 1)]","[('int', 3, 4)]","[('cubic', 0, 1)]","[('int', 3, 4)]","{('cubic', 0, 1): 5.076417973924238}","{('int', 3, 4): 3.1637011529635486}",dgp6,sr_pds,NL + mild NL conf.,SR-PDS,0.5
290,False,0.1350963692331677,0.2530374789637707,-0.3608570895358229,0.6310498280021584,sr_pds,sr_pds,"[('cubic', 0, 1)]","[('int', 3, 4)]","[('cubic', 0, 1)]","[('int', 3, 4)]","{('cubic', 0, 1): 4.472464299347716}","{('int', 3, 4): 3.296329256138624}",dgp6,sr_pds,NL + mild NL conf.,SR-PDS,0.5
291,False,0.3191775859479935,0.2839137906067738,-0.23729344364128313,0.8756486155372701,sr_pds,sr_pds,"[('cubic', 0, 1)]","[('int', 3, 4)]","[('cubic', 0, 1)]","[('int', 3, 4)]","{('cubic', 0, 1): 5.055494568746921}","{('int', 3, 4): 3.7876681158464707}",dgp6,sr_pds,NL + mild NL conf.,SR-PDS,0.5
292,False,0.514883450904382,0.04674912287098896,0.42325517007724367,0.6065117317315204,sr_pds,sr_pds,"[('cubic', 0, 1), ('int', 0, 3), ('int', 1, 4), ('int', 3, 4), ('log', 2, None)]","[('int', 3, 4)]","[('cubic', 0, 1), ('int', 3, 4), ('log', 2, None)]","[('int', 3, 4)]","{('cubic', 0, 1): 5.013325237976268, ('int', 3, 4): 2.94604168582709, ('log', 2, None): -4.999472261685628}","{('int', 3, 4): 2.94604168582709}",dgp6,sr_pds,NL + mild NL conf.,SR-PDS,0.5
293,False,0.5227463848430276,0.04440973993306511,0.43570329457421997,0.6097894751118352,sr_pds,sr_pds,"[('cubic', 0, 1), ('log', 2, None)]","[('int', 3, 4)]","[('cubic', 0, 1), ('log', 2, None)]","[('int', 3, 4)]","{('cubic', 0, 1): 4.971454737627858, ('log', 2, None): -4.976668581057561}","{('int', 3, 4): 2.883362718581402}",dgp6,sr_pds,NL + mild NL conf.,SR-PDS,0.5
294,False,0.4717750267490992,0.3616625647722816,-0.23708360020457264,1.180633653702771,sr_pds,sr_pds,"[('sq', 0, None)]","[('int', 3, 4)]",[],"[('int', 3, 4)]",{},"{('int', 3, 4): 3.1637202899588077}",dgp6,sr_pds,NL + mild NL conf.,SR-PDS,0.5
295,False,0.16718927719018578,0.24892186918727233,-0.32069758641686796,0.6550761407972395,sr_pds,sr_pds,"[('cubic', 0, 1)]","[('int', 3, 4)]","[('cubic', 0, 1)]","[('int', 3, 4)]","{('cubic', 0, 1): 4.641106604759435}","{('int', 3, 4): 3.901599299665282}",dgp6,sr_pds,NL + mild NL conf.,SR-PDS,0.5
296,False,0.5483891455084604,0.046057144093690945,0.45811714308482615,0.6386611479320947,sr_pds,sr_pds,"[('cubic', 0, 1), ('log', 2, None)]","[('int', 3, 4)]","[('cubic', 0, 1), ('log', 2, None)]","[('int', 3, 4)]","{('cubic', 0, 1): 4.9495351686907405, ('log', 2, None): -4.94758944471117}","{('int', 3, 4): 2.8964316288703875}",dgp6,sr_pds,NL + mild NL conf.,SR-PDS,0.5
297,False,0.46751109215072717,0.04738503469928075,0.37463642414013687,0.5603857601613175,sr_pds,sr_pds,"[('cubic', 0, 1), ('log', 2, None)]","[('int', 3, 4)]","[('cubic', 0, 1), ('log', 2, None)]","[('int', 3, 4)]","{('cubic', 0, 1): 5.033439206929171, ('log', 2, None): -4.988520404395601}","{('int', 3, 4): 3.1431637158373906}",dgp6,sr_pds,NL + mild NL conf.,SR-PDS,0.5
298,False,0.7459130397252449,0.27481295762506663,0.20727964278011435,1.2845464366703756,sr_pds,sr_pds,"[('log', 2, None)]","[('int', 3, 4)]","[('log', 2, None)]","[('int', 3, 4)]","{('log', 2, None): -4.932662690672564}","{('int', 3, 4): 2.526087991503076}",dgp6,sr_pds,NL + mild NL conf.,SR-PDS,0.5
299,False,0.308184650646969,0.24303976013097636,-0.16817327920974467,0.7845425805036826,sr_pds,sr_pds,"[('cubic', 0, 1)]","[('int', 3, 4)]","[('cubic', 0, 1)]","[('int', 3, 4)]","{('cubic', 0, 1): 5.142759456477328}","{('int', 3, 4): 3.037059030371086}",dgp6,sr_pds,NL + mild NL conf.,SR-PDS,0.5
300,False,0.11245685018269294,0.23787503863854637,-0.35377822554885796,0.5786919259142438,sr_pds,sr_pds,"[('log', 2, None)]","[('int', 3, 4)]","[('log', 2, None)]","[('int', 3, 4)]","{('log', 2, None): -4.8949553189212205}","{('int', 3, 4): 4.540400527527541}",dgp6,sr_pds,NL + mild NL conf.,SR-PDS,0.5
301,False,0.5508638734102205,0.04251190183452596,0.4675405458145496,0.6341872010058913,sr_pds,sr_pds,"[('cubic', 0, 1), ('log', 2, None)]","[('int', 3, 4)]","[('cubic', 0, 1), ('log', 2, None)]","[('int', 3, 4)]","{('cubic', 0, 1): 5.041688905706586, ('log', 2, None): -4.969950927619545}","{('int', 3, 4): 2.9663223553306697}",dgp6,sr_pds,NL + mild NL conf.,SR-PDS,0.5
302,False,0.265722162538405,0.24358836137004594,-0.211711025746885,0.743155350823695,sr_pds,sr_pds,"[('cubic', 0, 1)]","[('int', 3, 4)]","[('cubic', 0, 1)]","[('int', 3, 4)]","{('cubic', 0, 1): 4.722507131838475}","{('int', 3, 4): 3.7597898190421146}",dgp6,sr_pds,NL + mild NL conf.,SR-PDS,0.5
303,False,0.5558144551428382,0.042772315530239365,0.47198071670356906,0.6396481935821073,sr_pds,sr_pds,"[('cubic', 0, 1), ('log', 2, None)]","[('int', 3, 4)]","[('cubic', 0, 1), ('log', 2, None)]","[('int', 3, 4)]","{('cubic', 0, 1): 5.02375538810384, ('log', 2, None): -5.091230800051693}","{('int', 3, 4): 2.8980101906036735}",dgp6,sr_pds,NL + mild NL conf.,SR-PDS,0.5
304,False,0.17421081939533722,0.44463819519748227,-0.697280043191728,1.0457016819824023,sr_pds,sr_pds,"[('int', 3, 4)]","[('int', 3, 4)]","[('int', 3, 4)]","[('int', 3, 4)]","{('int', 3, 4): 4.070081944565716}","{('int', 3, 4): 4.070081944565716}",dgp6,sr_pds,NL + mild NL conf.,SR-PDS,0.5
305,False,0.1595062595221174,0.25555520763446277,-0.3413819474414296,0.6603944664856644,sr_pds,sr_pds,"[('cubic', 0, 1)]","[('int', 3, 4)]","[('cubic', 0, 1)]","[('int', 3, 4)]","{('cubic', 0, 1): 4.532247348446141}","{('int', 3, 4): 3.8966689774676855}",dgp6,sr_pds,NL + mild NL conf.,SR-PDS,0.5
306,False,1.4581828370821353,0.22626619624355196,1.0147010924447735,1.901664581719497,sr_pds,sr_pds,"[('cubic', 0, 1)]","[('int', 3, 4)]","[('cubic', 0, 1)]","[('int', 3, 4)]","{('cubic', 0, 1): 4.93136015286083}","{('int', 3, 4): 1.5842303096044763}",dgp6,sr_pds,NL + mild NL conf.,SR-PDS,0.5
307,False,0.2784889873838907,0.24762869899237488,-0.20686326264116406,0.7638412374089455,sr_pds,sr_pds,"[('cubic', 0, 1)]","[('int', 3, 4)]","[('cubic', 0, 1)]","[('int', 3, 4)]","{('cubic', 0, 1): 4.872028459564395}","{('int', 3, 4): 3.7127292122322513}",dgp6,sr_pds,NL + mild NL conf.,SR-PDS,0.5
308,False,0.49310423837990397,0.04506557712310793,0.40477570721861245,0.5814327695411955,sr_pds,sr_pds,"[('cubic', 0, 1), ('log', 2, None)]","[('int', 3, 4)]","[('cubic', 0, 1), ('log', 2, None)]","[('int', 3, 4)]","{('cubic', 0, 1): 4.993203354885823, ('log', 2, None): -4.995163996154247}","{('int', 3, 4): 3.0112315249036183}",dgp6,sr_pds,NL + mild NL conf.,SR-PDS,0.5
309,False,-0.1360082720158279,0.2823212999996616,-0.6893580200151647,0.4173414759835089,sr_pds,sr_pds,"[('cubic', 0, 1)]","[('int', 3, 4)]","[('cubic', 0, 1)]","[('int', 3, 4)]","{('cubic', 0, 1): 4.901373708904939}","{('int', 3, 4): 3.7358113161307327}",dgp6,sr_pds,NL + mild NL conf.,SR-PDS,0.5
310,False,0.37167803236793595,0.25190758648680117,-0.12206083714619431,0.8654169018820662,sr_pds,sr_pds,"[('cubic', 0, 1)]","[('int', 3, 4)]","[('cubic', 0, 1)]","[('int', 3, 4)]","{('cubic', 0, 1): 5.373468622681727}","{('int', 3, 4): 2.981053344101999}",dgp6,sr_pds,NL + mild NL conf.,SR-PDS,0.5
311,False,0.5048398685943497,0.04588857128646412,0.41489826887288006,0.5947814683158194,sr_pds,sr_pds,"[('cubic', 0, 1), ('log', 2, None)]","[('int', 3, 4)]","[('cubic', 0, 1), ('log', 2, None)]","[('int', 3, 4)]","{('cubic', 0, 1): 4.985519249621156, ('log', 2, None): -5.041137485809642}","{('int', 3, 4): 3.0112395660449085}",dgp6,sr_pds,NL + mild NL conf.,SR-PDS,0.5
312,False,0.6054660126151791,0.22724329762369894,0.16006914927272914,1.050862875957629,sr_pds,sr_pds,"[('cubic', 0, 1), ('sq', 0, None)]","[('int', 3, 4)]","[('cubic', 0, 1), ('sq', 0, None)]","[('int', 3, 4)]","{('cubic', 0, 1): 4.987676322753087, ('sq', 0, None): -0.15638738346586417}","{('int', 3, 4): 2.728419365026311}",dgp6,sr_pds,NL + mild NL conf.,SR-PDS,0.5
313,False,0.23395901405130826,0.23500388871596092,-0.22664860783197516,0.6945666359345917,sr_pds,sr_pds,"[('cubic', 0, 1)]","[('int', 3, 4)]","[('cubic', 0, 1)]","[('int', 3, 4)]","{('cubic', 0, 1): 5.094937779279668}","{('int', 3, 4): 3.1071916931166075}",dgp6,sr_pds,NL + mild NL conf.,SR-PDS,0.5
314,False,0.8118864488304398,0.25141963056627425,0.31910397292054227,1.3046689247403374,sr_pds,sr_pds,"[('cubic', 0, 1)]","[('int', 3, 4)]","[('cubic', 0, 1)]","[('int', 3, 4)]","{('cubic', 0, 1): 4.79080555239932}","{('int', 3, 4): 2.543410313547955}",dgp6,sr_pds,NL + mild NL conf.,SR-PDS,0.5
315,False,0.5041894857916529,0.045014653481058445,0.4159607649687783,0.5924182066145275,sr_pds,sr_pds,"[('cubic', 0, 1), ('log', 2, None)]","[('int', 3, 4)]","[('cubic', 0, 1), ('log', 2, None)]","[('int', 3, 4)]","{('cubic', 0, 1): 5.002452966627839, ('log', 2, None): -5.086768389272376}","{('int', 3, 4): 2.967100417388119}",dgp6,sr_pds,NL + mild NL conf.,SR-PDS,0.5
316,False,0.1166858861156751,0.2883806151845721,-0.4485401196460862,0.6819118918774364,sr_pds,sr_pds,"[('cubic', 0, 1)]","[('int', 3, 4)]","[('cubic', 0, 1)]","[('int', 3, 4)]","{('cubic', 0, 1): 4.8235141429841235}","{('int', 3, 4): 3.300529728210399}",dgp6,sr_pds,NL + mild NL conf.,SR-PDS,0.5
317,False,0.5034108950225747,0.04515464718798876,0.41490778653411675,0.5919140035110327,sr_pds,sr_pds,"[('cubic', 0, 1), ('log', 2, None)]","[('int', 3, 4)]","[('cubic', 0, 1), ('log', 2, None)]","[('int', 3, 4)]","{('cubic', 0, 1): 5.0221556771080405, ('log', 2, None): -5.040925428392124}","{('int', 3, 4): 2.9739618025841077}",dgp6,sr_pds,NL + mild NL conf.,SR-PDS,0.5
318,False,0.5010884118731023,0.047330041012408036,0.40832153148878253,0.5938552922574221,sr_pds,sr_pds,"[('cubic', 0, 1), ('log', 2, None)]","[('int', 3, 4)]","[('cubic', 0, 1), ('log', 2, None)]","[('int', 3, 4)]","{('cubic', 0, 1): 5.049499725526499, ('log', 2, None): -4.984302726701124}","{('int', 3, 4): 2.8940571012109926}",dgp6,sr_pds,NL + mild NL conf.,SR-PDS,0.5
319,False,1.0615917637028647,0.24993568210581513,0.571717826775467,1.5514657006302623,sr_pds,sr_pds,"[('cubic', 0, 1)]","[('int', 3, 4)]","[('cubic', 0, 1)]","[('int', 3, 4)]","{('cubic', 0, 1): 5.087065411464575}","{('int', 3, 4): 1.9175165726618904}",dgp6,sr_pds,NL + mild NL conf.,SR-PDS,0.5
320,False,1.0304003243367672,0.28317567904904595,0.4753759934006372,1.5854246552728972,sr_pds,sr_pds,"[('cubic', 0, 1)]","[('int', 3, 4)]","[('cubic', 0, 1)]","[('int', 3, 4)]","{('cubic', 0, 1): 4.844862956961239}","{('int', 3, 4): 1.8809453953681186}",dgp6,sr_pds,NL + mild NL conf.,SR-PDS,0.5
321,False,0.41650132635608283,0.2459549112066883,-0.06557029960902622,0.8985729523211918,sr_pds,sr_pds,"[('cubic', 0, 1)]","[('int', 3, 4)]","[('cubic', 0, 1)]","[('int', 3, 4)]","{('cubic', 0, 1): 5.269549287376608}","{('int', 3, 4): 3.9373180608411977}",dgp6,sr_pds,NL + mild NL conf.,SR-PDS,0.5
322,False,0.6150300690528234,0.3276342313932217,-0.02713302447789101,1.2571931625835377,sr_pds,sr_pds,"[('cubic', 0, 1)]","[('int', 3, 4)]","[('cubic', 0, 1)]","[('int', 3, 4)]","{('cubic', 0, 1): 5.162233856724992}","{('int', 3, 4): 3.041331221917786}",dgp6,sr_pds,NL + mild NL conf.,SR-PDS,0.5
323,False,0.47434585372026017,0.04588169374690675,0.38441773397632295,0.5642739734641974,sr_pds,sr_pds,"[('cubic', 0, 1), ('log', 2, None)]","[('int', 3, 4)]","[('cubic', 0, 1), ('log', 2, None)]","[('int', 3, 4)]","{('cubic', 0, 1): 5.007600940970966, ('log', 2, None): -4.9699061310623005}","{('int', 3, 4): 3.0921160140123423}",dgp6,sr_pds,NL + mild NL conf.,SR-PDS,0.5
324,False,0.4417409588920477,0.1048833477986237,0.23616959720674524,0.6473123205773501,sr_pds,sr_pds,"[('cubic', 0, 1), ('sqrt', 2, None)]","[('int', 3, 4)]","[('cubic', 0, 1), ('sqrt', 2, None)]","[('int', 3, 4)]","{('cubic', 0, 1): 4.923788730670025, ('sqrt', 2, None): -15.251801378840101}","{('int', 3, 4): 3.1102553723783872}",dgp6,sr_pds,NL + mild NL conf.,SR-PDS,0.5
325,False,0.5510697541002937,0.044113750111109525,0.464606803882519,0.6375327043180683,sr_pds,sr_pds,"[('cubic', 0, 1), ('log', 2, None)]","[('int', 3, 4)]","[('cubic', 0, 1), ('log', 2, None)]","[('int', 3, 4)]","{('cubic', 0, 1): 5.070697123091306, ('log', 2, None): -4.930158675454906}","{('int', 3, 4): 2.9089655851968153}",dgp6,sr_pds,NL + mild NL conf.,SR-PDS,0.5
326,False,0.2984133864486278,0.2597197413891192,-0.2106373066740458,0.8074640795713014,sr_pds,sr_pds,"[('cubic', 0, 1)]","[('int', 3, 4)]","[('cubic', 0, 1)]","[('int', 3, 4)]","{('cubic', 0, 1): 4.862182934493125}","{('int', 3, 4): 3.1590669380538654}",dgp6,sr_pds,NL + mild NL conf.,SR-PDS,0.5
327,False,0.5397494426290059,0.25356061101131894,0.04277064504682082,1.036728240211191,sr_pds,sr_pds,"[('cubic', 0, 1)]","[('int', 3, 4)]","[('cubic', 0, 1)]","[('int', 3, 4)]","{('cubic', 0, 1): 5.114649766396971}","{('int', 3, 4): 2.8845812333405885}",dgp6,sr_pds,NL + mild NL conf.,SR-PDS,0.5
328,False,0.44486216139442547,0.08732805185107582,0.27369917976631686,0.6160251430225341,sr_pds,sr_pds,"[('cubic', 0, 1), ('sqrt', 2, None)]","[('int', 3, 4)]","[('cubic', 0, 1), ('sqrt', 2, None)]","[('int', 3, 4)]","{('cubic', 0, 1): 4.921094314313486, ('sqrt', 2, None): -15.129671864704294}","{('int', 3, 4): 2.9633978023096756}",dgp6,sr_pds,NL + mild NL conf.,SR-PDS,0.5
329,False,0.6339949177780025,0.23975570358967754,0.16407373874223458,1.1039160968137705,sr_pds,sr_pds,"[('cubic', 0, 1)]","[('int', 3, 4)]","[('cubic', 0, 1)]","[('int', 3, 4)]","{('cubic', 0, 1): 4.8327179978436865}","{('int', 3, 4): 2.8371477371932534}",dgp6,sr_pds,NL + mild NL conf.,SR-PDS,0.5
330,False,0.21273273107917082,0.2513991423461065,-0.28000958791919794,0.7054750500775395,sr_pds,sr_pds,"[('cubic', 0, 1)]","[('int', 3, 4)]","[('cubic', 0, 1)]","[('int', 3, 4)]","{('cubic', 0, 1): 5.079070556700042}","{('int', 3, 4): 3.3344294244052515}",dgp6,sr_pds,NL + mild NL conf.,SR-PDS,0.5
331,False,0.46775590460696553,0.04347420315343406,0.3825464664262348,0.5529653427876963,sr_pds,sr_pds,"[('cubic', 0, 1), ('log', 2, None)]","[('int', 3, 4)]","[('cubic', 0, 1), ('log', 2, None)]","[('int', 3, 4)]","{('cubic', 0, 1): 5.0566740658462415, ('log', 2, None): -4.948196491446141}","{('int', 3, 4): 3.055904492932161}",dgp6,sr_pds,NL + mild NL conf.,SR-PDS,0.5
332,False,0.5505920709431578,0.20681883553343003,0.14522715329763491,0.9559569885886806,sr_pds,sr_pds,"[('cubic', 0, 1)]","[('int', 3, 4)]","[('cubic', 0, 1)]","[('int', 3, 4)]","{('cubic', 0, 1): 4.879129023669125}","{('int', 3, 4): 2.8669442437885246}",dgp6,sr_pds,NL + mild NL conf.,SR-PDS,0.5
333,False,0.42670208807298365,0.1997949132368055,0.03510405812884487,0.8183001180171224,sr_pds,sr_pds,"[('cubic', 0, 1), ('int', 3, 4)]","[('int', 3, 4)]","[('cubic', 0, 1), ('int', 3, 4)]","[('int', 3, 4)]","{('cubic', 0, 1): 5.131209707136496, ('int', 3, 4): 2.899715540756902}","{('int', 3, 4): 2.899715540756902}",dgp6,sr_pds,NL + mild NL conf.,SR-PDS,0.5
334,False,0.0069367830608164215,0.2854885483908182,-0.5526207717851872,0.5664943379068201,sr_pds,sr_pds,"[('cubic', 0, 1)]","[('int', 3, 4)]","[('cubic', 0, 1)]","[('int', 3, 4)]","{('cubic', 0, 1): 5.089422718814693}","{('int', 3, 4): 4.0538173301987905}",dgp6,sr_pds,NL + mild NL conf.,SR-PDS,0.5
335,False,0.29321829564906654,0.23901579793608638,-0.17525266830566277,0.7616892596037959,sr_pds,sr_pds,"[('cubic', 0, 1)]","[('int', 3, 4)]","[('cubic', 0, 1)]","[('int', 3, 4)]","{('cubic', 0, 1): 4.941031539341989}","{('int', 3, 4): 3.0284049031603955}",dgp6,sr_pds,NL + mild NL conf.,SR-PDS,0.5
336,False,0.47016118448625116,0.2791104482414127,-0.0768952940669177,1.01721766303942,sr_pds,sr_pds,"[('cubic', 0, 1)]","[('int', 3, 4)]","[('cubic', 0, 1)]","[('int', 3, 4)]","{('cubic', 0, 1): 5.108974743427912}","{('int', 3, 4): 2.8605471077022546}",dgp6,sr_pds,NL + mild NL conf.,SR-PDS,0.5
337,False,0.11074948168188051,0.24436877071914895,-0.3682133089276515,0.5897122722914124,sr_pds,sr_pds,"[('cubic', 0, 1), ('int', 3, 4)]","[('int', 3, 4)]","[('cubic', 0, 1), ('int', 3, 4)]","[('int', 3, 4)]","{('cubic', 0, 1): 4.941220542413492, ('int', 3, 4): 3.880269288769059}","{('int', 3, 4): 3.880269288769059}",dgp6,sr_pds,NL + mild NL conf.,SR-PDS,0.5
338,False,0.5846981889252231,0.24699758658555152,0.10058291921754209,1.0688134586329041,sr_pds,sr_pds,"[('cubic', 0, 1)]","[('int', 3, 4)]","[('cubic', 0, 1)]","[('int', 3, 4)]","{('cubic', 0, 1): 4.954989879106448}","{('int', 3, 4): 2.6848507455916484}",dgp6,sr_pds,NL + mild NL conf.,SR-PDS,0.5
339,False,0.6984903058085503,0.23407278524121383,0.23970764673577122,1.1572729648813294,sr_pds,sr_pds,"[('cubic', 0, 1)]","[('int', 3, 4)]","[('cubic', 0, 1)]","[('int', 3, 4)]","{('cubic', 0, 1): 5.187571114344636}","{('int', 3, 4): 2.5388689522371104}",dgp6,sr_pds,NL + mild NL conf.,SR-PDS,0.5
340,False,0.6369007141238129,0.21025681272639934,0.22479736118007015,1.0490040670675556,sr_pds,sr_pds,"[('cubic', 0, 1)]","[('int', 3, 4)]","[('cubic', 0, 1)]","[('int', 3, 4)]","{('cubic', 0, 1): 5.037923994574349}","{('int', 3, 4): 2.540249567625464}",dgp6,sr_pds,NL + mild NL conf.,SR-PDS,0.5
341,False,0.45587963070421866,0.04420142333538777,0.3692448409668586,0.5425144204415787,sr_pds,sr_pds,"[('cubic', 0, 1), ('log', 2, None)]","[('int', 3, 4)]","[('cubic', 0, 1), ('log', 2, None)]","[('int', 3, 4)]","{('cubic', 0, 1): 5.005598343333995, ('log', 2, None): -4.973127712496623}","{('int', 3, 4): 3.0997430510158894}",dgp6,sr_pds,NL + mild NL conf.,SR-PDS,0.5
342,False,0.45814115105190245,0.047365450583505546,0.3653048679082316,0.5509774341955733,sr_pds,sr_pds,"[('cubic', 0, 1), ('log', 2, None)]","[('int', 3, 4)]","[('cubic', 0, 1), ('log', 2, None)]","[('int', 3, 4)]","{('cubic', 0, 1): 5.009501911657738, ('log', 2, None): -4.968546985268102}","{('int', 3, 4): 3.053738876922203}",dgp6,sr_pds,NL + mild NL conf.,SR-PDS,0.5
343,False,0.10316617046980793,0.2883362715634896,-0.4619729217946318,0.6683052627342476,sr_pds,sr_pds,"[('cubic', 0, 1), ('int', 3, 4)]","[('int', 3, 4)]","[('cubic', 0, 1), ('int', 3, 4)]","[('int', 3, 4)]","{('cubic', 0, 1): 5.256377109561092, ('int', 3, 4): 3.769257896486911}","{('int', 3, 4): 3.769257896486911}",dgp6,sr_pds,NL + mild NL conf.,SR-PDS,0.5
344,False,0.5429240181009637,0.04553035703816007,0.45368451830616996,0.6321635178957574,sr_pds,sr_pds,"[('cubic', 0, 1), ('log', 2, None)]","[('int', 3, 4)]","[('cubic', 0, 1), ('log', 2, None)]","[('int', 3, 4)]","{('cubic', 0, 1): 4.984128843885577, ('log', 2, None): -4.922271225858671}","{('int', 3, 4): 2.9413042634799393}",dgp6,sr_pds,NL + mild NL conf.,SR-PDS,0.5
345,False,0.4756686009998606,0.2391318584714105,0.006970158395896042,0.9443670436038252,sr_pds,sr_pds,"[('cubic', 0, 1)]","[('int', 3, 4)]","[('cubic', 0, 1)]","[('int', 3, 4)]","{('cubic', 0, 1): 4.827676655019915}","{('int', 3, 4): 3.0641960956041676}",dgp6,sr_pds,NL + mild NL conf.,SR-PDS,0.5
346,False,0.4801608309522338,0.04877843466378876,0.38455509901120777,0.5757665628932598,sr_pds,sr_pds,"[('cubic', 0, 1), ('log', 2, None)]","[('int', 3, 4)]","[('cubic', 0, 1), ('log', 2, None)]","[('int', 3, 4)]","{('cubic', 0, 1): 4.969733355320342, ('log', 2, None): -5.009079467575584}","{('int', 3, 4): 3.0507432901435543}",dgp6,sr_pds,NL + mild NL conf.,SR-PDS,0.5
347,False,0.5396366781733966,0.2403007253617125,0.06864725646444003,1.010626099882353,sr_pds,sr_pds,"[('cubic', 0, 1)]","[('int', 3, 4)]","[('cubic', 0, 1)]","[('int', 3, 4)]","{('cubic', 0, 1): 5.174588303087256}","{('int', 3, 4): 3.069920591030857}",dgp6,sr_pds,NL + mild NL conf.,SR-PDS,0.5
348,False,8.967407962336214e-05,0.2267587626654115,-0.4443575007445832,0.4445368489038299,sr_pds,sr_pds,"[('cubic', 0, 1)]","[('int', 3, 4)]","[('cubic', 0, 1)]","[('int', 3, 4)]","{('cubic', 0, 1): 4.8200380421515}","{('int', 3, 4): 4.01092687669253}",dgp6,sr_pds,NL + mild NL conf.,SR-PDS,0.5
349,False,0.4207976414035324,0.24191712517134067,-0.05335992393229533,0.89495520673936,sr_pds,sr_pds,"[('cubic', 0, 1)]","[('int', 3, 4)]","[('cubic', 0, 1)]","[('int', 3, 4)]","{('cubic', 0, 1): 4.989150336616727}","{('int', 3, 4): 2.7106929452793596}",dgp6,sr_pds,NL + mild NL conf.,SR-PDS,0.5
350,False,-0.10484483002043611,0.3897506322168699,-0.8687560691655011,0.6590664091246289,sr_pds,sr_pds,"[('log', 2, None)]","[('int', 3, 4)]","[('log', 2, None)]","[('int', 3, 4)]","{('log', 2, None): -4.891721281217799}","{('int', 3, 4): 4.8526010169437965}",dgp6,sr_pds,NL + mild NL conf.,SR-PDS,0.5
351,False,0.5088681558465665,0.045755484902718094,0.4191874054372391,0.598548906255894,sr_pds,sr_pds,"[('cubic', 0, 1), ('log', 2, None)]","[('int', 3, 4)]","[('cubic', 0, 1), ('log', 2, None)]","[('int', 3, 4)]","{('cubic', 0, 1): 5.0195148245793435, ('log', 2, None): -4.969625665243826}","{('int', 3, 4): 3.059849429996718}",dgp6,sr_pds,NL + mild NL conf.,SR-PDS,0.5
352,False,0.46898333742649095,0.045273350090062836,0.3802475712499678,0.5577191036030141,sr_pds,sr_pds,"[('cubic', 0, 1), ('log', 2, None)]","[('int', 3, 4)]","[('cubic', 0, 1), ('log', 2, None)]","[('int', 3, 4)]","{('cubic', 0, 1): 4.970844433085127, ('log', 2, None): -4.946620271042247}","{('int', 3, 4): 3.0115261174839536}",dgp6,sr_pds,NL + mild NL conf.,SR-PDS,0.5
353,False,0.5377695095970355,0.04849292483308438,0.4427233769241901,0.6328156422698809,sr_pds,sr_pds,"[('cubic', 0, 1), ('log', 2, None)]","[('int', 3, 4)]","[('cubic', 0, 1), ('log', 2, None)]","[('int', 3, 4)]","{('cubic', 0, 1): 4.98456105584086, ('log', 2, None): -4.955853261121791}","{('int', 3, 4): 2.88196477503351}",dgp6,sr_pds,NL + mild NL conf.,SR-PDS,0.5
354,False,0.5174874926588815,0.23976178528741368,0.047554393495550684,0.9874205918222123,sr_pds,sr_pds,"[('cubic', 0, 1)]","[('int', 3, 4)]","[('cubic', 0, 1)]","[('int', 3, 4)]","{('cubic', 0, 1): 4.8010032668873395}","{('int', 3, 4): 2.920584478019361}",dgp6,sr_pds,NL + mild NL conf.,SR-PDS,0.5
355,False,0.3659971619649604,0.2591051559602516,-0.1418489437171327,0.8738432676470536,sr_pds,sr_pds,"[('cubic', 0, 1)]","[('int', 3, 4)]","[('cubic', 0, 1)]","[('int', 3, 4)]","{('cubic', 0, 1): 4.861546164226966}","{('int', 3, 4): 3.1910838211889687}",dgp6,sr_pds,NL + mild NL conf.,SR-PDS,0.5
356,False,0.2177807448028386,0.27626841656800377,-0.3237053516704488,0.759266841276126,sr_pds,sr_pds,"[('cubic', 0, 1)]","[('int', 3, 4)]","[('cubic', 0, 1)]","[('int', 3, 4)]","{('cubic', 0, 1): 4.640015322907428}","{('int', 3, 4): 3.5845568555660514}",dgp6,sr_pds,NL + mild NL conf.,SR-PDS,0.5
357,False,0.432642606823531,0.042082762687675315,0.3501603919556874,0.5151248216913746,sr_pds,sr_pds,"[('cubic', 0, 1), ('log', 2, None)]","[('int', 3, 4)]","[('cubic', 0, 1), ('log', 2, None)]","[('int', 3, 4)]","{('cubic', 0, 1): 4.9999664664355326, ('log', 2, None): -4.938162280930314}","{('int', 3, 4): 3.2402837863545106}",dgp6,sr_pds,NL + mild NL conf.,SR-PDS,0.5
358,False,0.543959609459187,0.04680487161067411,0.4522220611022657,0.6356971578161082,sr_pds,sr_pds,"[('cubic', 0, 1), ('log', 2, None)]","[('int', 3, 4)]","[('cubic', 0, 1), ('log', 2, None)]","[('int', 3, 4)]","{('cubic', 0, 1): 4.994959073588767, ('log', 2, None): -5.039993052430002}","{('int', 3, 4): 2.8760111377897317}",dgp6,sr_pds,NL + mild NL conf.,SR-PDS,0.5
359,False,0.5158292749163442,0.28264815387387626,-0.03816110667645323,1.0698196565091416,sr_pds,sr_pds,"[('cubic', 0, 1)]","[('int', 3, 4)]","[('cubic', 0, 1)]","[('int', 3, 4)]","{('cubic', 0, 1): 5.0012141186124115}","{('int', 3, 4): 2.8899839493383586}",dgp6,sr_pds,NL + mild NL conf.,SR-PDS,0.5
360,False,0.503512227829539,0.04618908071274499,0.4129816296325588,0.5940428260265191,sr_pds,sr_pds,"[('cubic', 0, 1), ('log', 2, None)]","[('int', 3, 4)]","[('cubic', 0, 1), ('log', 2, None)]","[('int', 3, 4)]","{('cubic', 0, 1): 4.995651015563498, ('log', 2, None): -4.965982513123078}","{('int', 3, 4): 3.0436699140113186}",dgp6,sr_pds,NL + mild NL conf.,SR-PDS,0.5
361,False,0.2571310126660904,0.3123847121694362,-0.35514302318600455,0.8694050485181853,sr_pds,sr_pds,"[('log', 2, None)]","[('int', 3, 4)]","[('log', 2, None)]","[('int', 3, 4)]","{('log', 2, None): -5.090507925871059}","{('int', 3, 4): 3.1450548354910124}",dgp6,sr_pds,NL + mild NL conf.,SR-PDS,0.5
362,False,0.5573463577548021,0.03998415320743653,0.47897741746822653,0.6357152980413777,sr_pds,sr_pds,"[('cubic', 0, 1), ('log', 2, None)]","[('int', 3, 4)]","[('cubic', 0, 1), ('log', 2, None)]","[('int', 3, 4)]","{('cubic', 0, 1): 5.017678505356384, ('log', 2, None): -5.05972430930282}","{('int', 3, 4): 2.7998277975659334}",dgp6,sr_pds,NL + mild NL conf.,SR-PDS,0.5
363,False,0.48347898129036043,0.045275087139697544,0.39473981049655327,0.5722181520841676,sr_pds,sr_pds,"[('cubic', 0, 1), ('int', 3, 4), ('log', 2, None)]","[('int', 3, 4)]","[('cubic', 0, 1), ('int', 3, 4), ('log', 2, None)]","[('int', 3, 4)]","{('cubic', 0, 1): 4.956313588584336, ('int', 3, 4): 3.0868422166174176, ('log', 2, None): -4.9887445652173215}","{('int', 3, 4): 3.0868422166174176}",dgp6,sr_pds,NL + mild NL conf.,SR-PDS,0.5
364,False,0.7661055232372395,0.2876451677956494,0.20232099435776663,1.3298900521167123,sr_pds,sr_pds,"[('cubic', 0, 1)]","[('int', 3, 4)]","[('cubic', 0, 1)]","[('int', 3, 4)]","{('cubic', 0, 1): 4.886127446007458}","{('int', 3, 4): 2.0538431962203436}",dgp6,sr_pds,NL + mild NL conf.,SR-PDS,0.5
365,False,0.39732098538671967,0.26577212557008906,-0.12359238073065482,0.9182343515040942,sr_pds,sr_pds,"[('cubic', 0, 1)]","[('int', 3, 4)]","[('cubic', 0, 1)]","[('int', 3, 4)]","{('cubic', 0, 1): 5.026541368047198}","{('int', 3, 4): 2.9634687077045183}",dgp6,sr_pds,NL + mild NL conf.,SR-PDS,0.5
366,False,0.6060129049700088,0.044148778505373194,0.5194812990994774,0.6925445108405403,sr_pds,sr_pds,"[('cubic', 0, 1), ('log', 2, None)]","[('int', 3, 4)]","[('cubic', 0, 1), ('log', 2, None)]","[('int', 3, 4)]","{('cubic', 0, 1): 5.066899408213379, ('log', 2, None): -5.008061668702451}","{('int', 3, 4): 2.7959362955148497}",dgp6,sr_pds,NL + mild NL conf.,SR-PDS,0.5
367,False,0.45797266104161577,0.2782534600518536,-0.08740412066001729,1.0033494427432488,sr_pds,sr_pds,"[('cubic', 0, 1)]","[('int', 3, 4)]","[('cubic', 0, 1)]","[('int', 3, 4)]","{('cubic', 0, 1): 5.070271624950116}","{('int', 3, 4): 3.6859975570337373}",dgp6,sr_pds,NL + mild NL conf.,SR-PDS,0.5
368,False,0.7190939522445075,0.24884115959291225,0.23136527944239943,1.2068226250466154,sr_pds,sr_pds,"[('cubic', 0, 1)]","[('int', 3, 4)]","[('cubic', 0, 1)]","[('int', 3, 4)]","{('cubic', 0, 1): 5.024883680407941}","{('int', 3, 4): 2.282698667448399}",dgp6,sr_pds,NL + mild NL conf.,SR-PDS,0.5
369,False,0.6026309286557316,0.24806456978858238,0.11642437187011018,1.0888374854413532,sr_pds,sr_pds,"[('cubic', 0, 1)]","[('int', 3, 4)]","[('cubic', 0, 1)]","[('int', 3, 4)]","{('cubic', 0, 1): 5.143402555802466}","{('int', 3, 4): 2.797723505586198}",dgp6,sr_pds,NL + mild NL conf.,SR-PDS,0.5
370,False,-0.12478989927514172,0.24681579570718462,-0.6085488588612236,0.3589690603109401,sr_pds,sr_pds,"[('cubic', 0, 1)]","[('int', 3, 4)]","[('cubic', 0, 1)]","[('int', 3, 4)]","{('cubic', 0, 1): 5.377613828779654}","{('int', 3, 4): 4.695443541743796}",dgp6,sr_pds,NL + mild NL conf.,SR-PDS,0.5
371,False,0.5150943908659438,0.039558412585609014,0.4375599021981501,0.5926288795337374,sr_pds,sr_pds,"[('cubic', 0, 1), ('log', 2, None)]","[('int', 3, 4)]","[('cubic', 0, 1), ('log', 2, None)]","[('int', 3, 4)]","{('cubic', 0, 1): 4.96909706165284, ('log', 2, None): -4.998062362746129}","{('int', 3, 4): 2.992638480235804}",dgp6,sr_pds,NL + mild NL conf.,SR-PDS,0.5
372,False,0.6621819617890838,0.27292636232656076,0.1272462916290248,1.1971176319491428,sr_pds,sr_pds,"[('cubic', 0, 1)]","[('int', 3, 4)]","[('cubic', 0, 1)]","[('int', 3, 4)]","{('cubic', 0, 1): 5.0571973441266955}","{('int', 3, 4): 2.6693733737075718}",dgp6,sr_pds,NL + mild NL conf.,SR-PDS,0.5
373,False,0.7105198859895292,0.2828525314125563,0.15612892442091886,1.2649108475581397,sr_pds,sr_pds,"[('cubic', 0, 1)]","[('int', 3, 4)]","[('cubic', 0, 1)]","[('int', 3, 4)]","{('cubic', 0, 1): 4.994192524427427}","{('int', 3, 4): 2.659905719903771}",dgp6,sr_pds,NL + mild NL conf.,SR-PDS,0.5
374,False,0.5178592486964447,0.0502368497416159,0.4193950232028776,0.6163234741900119,sr_pds,sr_pds,"[('cubic', 0, 1), ('log', 2, None)]","[('int', 3, 4)]","[('cubic', 0, 1), ('log', 2, None)]","[('int', 3, 4)]","{('cubic', 0, 1): 4.975037836934971, ('log', 2, None): -4.948443413524915}","{('int', 3, 4): 2.9092124884155086}",dgp6,sr_pds,NL + mild NL conf.,SR-PDS,0.5
375,False,0.12375788511106414,0.2831321429772619,-0.4311811151243692,0.6786968853464974,sr_pds,sr_pds,"[('log', 2, None)]","[('int', 3, 4)]","[('log', 2, None)]","[('int', 3, 4)]","{('log', 2, None): -4.866518018729718}","{('int', 3, 4): 3.9416885116563374}",dgp6,sr_pds,NL + mild NL conf.,SR-PDS,0.5
376,False,0.5133128196834638,0.24598442129079426,0.03118335395350702,0.9954422854134205,sr_pds,sr_pds,"[('cubic', 0, 1), ('int', 0, 1)]","[('int', 3, 4)]","[('cubic', 0, 1), ('int', 0, 1)]","[('int', 3, 4)]","{('cubic', 0, 1): 4.782827658565247, ('int', 0, 1): 0.5944269034148885}","{('int', 3, 4): 3.01958914600176}",dgp6,sr_pds,NL + mild NL conf.,SR-PDS,0.5
377,False,0.511039370509256,0.04745637178043401,0.4180248818196053,0.6040538591989066,sr_pds,sr_pds,"[('cubic', 0, 1), ('log', 2, None)]","[('int', 3, 4)]","[('cubic', 0, 1), ('log', 2, None)]","[('int', 3, 4)]","{('cubic', 0, 1): 5.0075343621703725, ('log', 2, None): -5.079800440029408}","{('int', 3, 4): 3.0290787165112074}",dgp6,sr_pds,NL + mild NL conf.,SR-PDS,0.5
378,False,0.5667826562838164,0.04291824107395452,0.48266290377886556,0.6509024087887673,sr_pds,sr_pds,"[('cubic', 0, 1), ('log', 2, None)]","[('int', 3, 4)]","[('cubic', 0, 1), ('log', 2, None)]","[('int', 3, 4)]","{('cubic', 0, 1): 4.95419911251905, ('log', 2, None): -4.950220819311977}","{('int', 3, 4): 2.8530955139739094}",dgp6,sr_pds,NL + mild NL conf.,SR-PDS,0.5
379,False,0.08972331657501095,0.256961187430076,-0.41392061078793796,0.5933672439379599,sr_pds,sr_pds,"[('cubic', 0, 1)]","[('int', 3, 4)]","[('cubic', 0, 1)]","[('int', 3, 4)]","{('cubic', 0, 1): 5.09856104292662}","{('int', 3, 4): 3.7510442705016094}",dgp6,sr_pds,NL + mild NL conf.,SR-PDS,0.5
380,False,0.4943171845677087,0.0861990912035429,0.32536696580876456,0.6632674033266528,sr_pds,sr_pds,"[('cubic', 0, 1), ('sqrt', 2, None)]","[('int', 3, 4)]","[('cubic', 0, 1), ('sqrt', 2, None)]","[('int', 3, 4)]","{('cubic', 0, 1): 5.031096783765497, ('sqrt', 2, None): -14.217970600793551}","{('int', 3, 4): 3.0128113245036805}",dgp6,sr_pds,NL + mild NL conf.,SR-PDS,0.5
381,False,0.5660694540367548,0.04371026652382728,0.4803973316500533,0.6517415764234562,sr_pds,sr_pds,"[('cubic', 0, 1), ('log', 2, None)]","[('int', 3, 4)]","[('cubic', 0, 1), ('log', 2, None)]","[('int', 3, 4)]","{('cubic', 0, 1): 5.006464634330703, ('log', 2, None): -4.999909509780608}","{('int', 3, 4): 2.808712549846617}",dgp6,sr_pds,NL + mild NL conf.,SR-PDS,0.5
382,False,0.6122753705171105,0.24258164981682512,0.13681533687613323,1.0877354041580878,sr_pds,sr_pds,"[('cubic', 0, 1), ('int', 3, 4)]","[('int', 3, 4)]","[('cubic', 0, 1), ('int', 3, 4)]","[('int', 3, 4)]","{('cubic', 0, 1): 5.179092552185229, ('int', 3, 4): 2.5747087144640854}","{('int', 3, 4): 2.5747087144640854}",dgp6,sr_pds,NL + mild NL conf.,SR-PDS,0.5
383,False,0.15798293922489967,0.2617865612927017,-0.3551187209087957,0.6710845993585951,sr_pds,sr_pds,"[('cubic', 0, 1)]","[('int', 3, 4)]","[('cubic', 0, 1)]","[('int', 3, 4)]","{('cubic', 0, 1): 4.852781292565494}","{('int', 3, 4): 4.026685597549313}",dgp6,sr_pds,NL + mild NL conf.,SR-PDS,0.5
384,False,0.1414278173373481,0.2664500062856701,-0.3808141949825653,0.6636698296572615,sr_pds,sr_pds,"[('cubic', 0, 1)]","[('int', 3, 4)]","[('cubic', 0, 1)]","[('int', 3, 4)]","{('cubic', 0, 1): 5.19219542887594}","{('int', 3, 4): 3.6191473933984133}",dgp6,sr_pds,NL + mild NL conf.,SR-PDS,0.5
385,False,0.5149594373439319,0.0410528841611375,0.43449578438810244,0.5954230902997614,sr_pds,sr_pds,"[('cubic', 0, 1), ('log', 2, None)]","[('int', 3, 4)]","[('cubic', 0, 1), ('log', 2, None)]","[('int', 3, 4)]","{('cubic', 0, 1): 5.032500209047333, ('log', 2, None): -4.973628483717196}","{('int', 3, 4): 2.9222391546549793}",dgp6,sr_pds,NL + mild NL conf.,SR-PDS,0.5
386,False,0.43390387269526015,0.04879071992106694,0.338274061649969,0.5295336837405513,sr_pds,sr_pds,"[('cubic', 0, 1), ('log', 2, None)]","[('int', 3, 4)]","[('cubic', 0, 1), ('log', 2, None)]","[('int', 3, 4)]","{('cubic', 0, 1): 4.980504544227519, ('log', 2, None): -4.960456745133202}","{('int', 3, 4): 3.0857821035477877}",dgp6,sr_pds,NL + mild NL conf.,SR-PDS,0.5
387,False,0.5044543995345729,0.04938355608095697,0.4076626296158973,0.6012461694532486,sr_pds,sr_pds,"[('cubic', 0, 1), ('log', 2, None)]","[('int', 3, 4)]","[('cubic', 0, 1), ('log', 2, None)]","[('int', 3, 4)]","{('cubic', 0, 1): 5.023174263998693, ('log', 2, None): -4.9948060455852294}","{('int', 3, 4): 2.9867534943449074}",dgp6,sr_pds,NL + mild NL conf.,SR-PDS,0.5
388,False,0.4288191630117695,0.26192243052573544,-0.084548800818672,0.942187126842211,sr_pds,sr_pds,"[('cubic', 0, 1)]","[('int', 3, 4)]","[('cubic', 0, 1)]","[('int', 3, 4)]","{('cubic', 0, 1): 4.810389471179711}","{('int', 3, 4): 3.2786580062617974}",dgp6,sr_pds,NL + mild NL conf.,SR-PDS,0.5
389,False,0.2887075320708456,0.27233174770586555,-0.2450626934326509,0.822477757574342,sr_pds,sr_pds,"[('cubic', 0, 1)]","[('int', 3, 4)]","[('cubic', 0, 1)]","[('int', 3, 4)]","{('cubic', 0, 1): 4.808138643680253}","{('int', 3, 4): 3.6058310872541397}",dgp6,sr_pds,NL + mild NL conf.,SR-PDS,0.5
390,False,0.5494671360366591,0.22302905703035122,0.11233018425717067,0.9866040878161475,sr_pds,sr_pds,"[('cubic', 0, 1), ('sq', 0, None)]","[('int', 3, 4)]","[('cubic', 0, 1)]","[('int', 3, 4)]","{('cubic', 0, 1): 5.182908149943539}","{('int', 3, 4): 3.005648420506807}",dgp6,sr_pds,NL + mild NL conf.,SR-PDS,0.5
391,False,0.7623143906047496,0.240471100602599,0.29099103342365557,1.2336377477858436,sr_pds,sr_pds,"[('log', 2, None)]","[('int', 3, 4)]","[('log', 2, None)]","[('int', 3, 4)]","{('log', 2, None): -4.961950289724071}","{('int', 3, 4): 2.694828348857014}",dgp6,sr_pds,NL + mild NL conf.,SR-PDS,0.5
392,False,0.5308308836275172,0.03949787954059576,0.4534150397279495,0.6082467275270849,sr_pds,sr_pds,"[('cubic', 0, 1), ('log', 2, None)]","[('int', 3, 4)]","[('cubic', 0, 1), ('log', 2, None)]","[('int', 3, 4)]","{('cubic', 0, 1): 5.009884554488861, ('log', 2, None): -4.956472411378871}","{('int', 3, 4): 2.839676752473386}",dgp6,sr_pds,NL + mild NL conf.,SR-PDS,0.5
393,False,0.12200671011423908,0.25424995974465586,-0.3763232109852864,0.6203366312137646,sr_pds,sr_pds,"[('cubic', 0, 1)]","[('int', 3, 4)]","[('cubic', 0, 1)]","[('int', 3, 4)]","{('cubic', 0, 1): 4.912998827434179}","{('int', 3, 4): 3.580965242800069}",dgp6,sr_pds,NL + mild NL conf.,SR-PDS,0.5
394,False,0.46665272865036694,0.046154641311137834,0.37618963168053676,0.5571158256201971,sr_pds,sr_pds,"[('cubic', 0, 1), ('log', 2, None)]","[('int', 3, 4)]","[('cubic', 0, 1), ('log', 2, None)]","[('int', 3, 4)]","{('cubic', 0, 1): 5.014951992381933, ('log', 2, None): -4.988713989080964}","{('int', 3, 4): 3.093409977743709}",dgp6,sr_pds,NL + mild NL conf.,SR-PDS,0.5
395,False,0.5783325455580369,0.04409475766611205,0.4919068205324573,0.6647582705836166,sr_pds,sr_pds,"[('cubic', 0, 1), ('log', 2, None)]","[('int', 3, 4)]","[('cubic', 0, 1), ('log', 2, None)]","[('int', 3, 4)]","{('cubic', 0, 1): 5.021118947060676, ('log', 2, None): -5.010313936342027}","{('int', 3, 4): 2.8413383501313}",dgp6,sr_pds,NL + mild NL conf.,SR-PDS,0.5
396,False,0.15005677189819255,0.27166759470941776,-0.38241171373226623,0.6825252575286513,sr_pds,sr_pds,"[('cubic', 0, 1)]","[('int', 3, 4)]","[('cubic', 0, 1)]","[('int', 3, 4)]","{('cubic', 0, 1): 4.753187118893954}","{('int', 3, 4): 3.7102137192505213}",dgp6,sr_pds,NL + mild NL conf.,SR-PDS,0.5
397,False,-0.06454394434005141,0.4251999513437179,-0.8979358489737385,0.7688479602936357,sr_pds,sr_pds,[],"[('int', 3, 4)]",[],"[('int', 3, 4)]",{},"{('int', 3, 4): 4.235539047871343}",dgp6,sr_pds,NL + mild NL conf.,SR-PDS,0.5
398,False,0.4748090683986186,0.21827859851790068,0.04698301530353327,0.9026351214937038,sr_pds,sr_pds,"[('cubic', 0, 1)]","[('int', 3, 4)]","[('cubic', 0, 1)]","[('int', 3, 4)]","{('cubic', 0, 1): 4.840268589106297}","{('int', 3, 4): 3.1796752761182616}",dgp6,sr_pds,NL + mild NL conf.,SR-PDS,0.5
399,False,0.3065819591726109,0.23459421525974197,-0.15322270273648336,0.7663866210817052,sr_pds,sr_pds,"[('cubic', 0, 1), ('int', 3, 4)]","[('int', 3, 4)]","[('cubic', 0, 1), ('int', 3, 4)]","[('int', 3, 4)]","{('cubic', 0, 1): 4.902244563979472, ('int', 3, 4): 3.571883615873669}","{('int', 3, 4): 3.571883615873669}",dgp6,sr_pds,NL + mild NL conf.,SR-PDS,0.5
400,False,0.43216773333575614,0.04306669433156098,0.34775701244589663,0.5165784542256157,sr_pds,sr_pds,"[('cubic', 0, 1), ('log', 2, None)]","[('int', 3, 4)]","[('cubic', 0, 1), ('log', 2, None)]","[('int', 3, 4)]","{('cubic', 0, 1): 5.033155794754186, ('log', 2, None): -5.044361503146005}","{('int', 3, 4): 3.0858847907581155}",dgp6,sr_pds,NL + mild NL conf.,SR-PDS,0.5
401,False,0.3687694105572004,0.21202832264638982,-0.04680610182972361,0.7843449229441244,sr_pds,sr_pds,"[('cubic', 0, 1)]","[('int', 3, 4)]","[('cubic', 0, 1)]","[('int', 3, 4)]","{('cubic', 0, 1): 4.758635350098675}","{('int', 3, 4): 3.2154929945931414}",dgp6,sr_pds,NL + mild NL conf.,SR-PDS,0.5
402,False,0.16940156310218318,0.2322028376215148,-0.28571599863598585,0.6245191248403522,sr_pds,sr_pds,"[('cubic', 0, 1)]","[('int', 3, 4)]","[('cubic', 0, 1)]","[('int', 3, 4)]","{('cubic', 0, 1): 5.048834405900059}","{('int', 3, 4): 3.447988041141202}",dgp6,sr_pds,NL + mild NL conf.,SR-PDS,0.5
403,False,0.6528108155568094,0.24592329054866469,0.17080116608142665,1.1348204650321922,sr_pds,sr_pds,"[('cubic', 0, 1)]","[('int', 3, 4)]","[('cubic', 0, 1)]","[('int', 3, 4)]","{('cubic', 0, 1): 5.002674465875601}","{('int', 3, 4): 2.831366997133546}",dgp6,sr_pds,NL + mild NL conf.,SR-PDS,0.5
404,False,0.7815847112854789,0.24184030168238174,0.3075777199880107,1.255591702582947,sr_pds,sr_pds,"[('cubic', 0, 1), ('int', 3, 4)]","[('int', 3, 4)]","[('cubic', 0, 1), ('int', 3, 4)]","[('int', 3, 4)]","{('cubic', 0, 1): 4.872401338869294, ('int', 3, 4): 2.7242125883489483}","{('int', 3, 4): 2.7242125883489483}",dgp6,sr_pds,NL + mild NL conf.,SR-PDS,0.5
405,False,0.7907724686532047,0.25459379701507306,0.29176862650366153,1.2897763108027478,sr_pds,sr_pds,"[('cubic', 0, 1)]","[('int', 3, 4)]","[('cubic', 0, 1)]","[('int', 3, 4)]","{('cubic', 0, 1): 5.232591388547267}","{('int', 3, 4): 2.3066616530724255}",dgp6,sr_pds,NL + mild NL conf.,SR-PDS,0.5
406,False,0.7495415398293733,0.24478055022110265,0.26977166139601216,1.2293114182627345,sr_pds,sr_pds,"[('cubic', 0, 1)]","[('int', 3, 4)]","[('cubic', 0, 1)]","[('int', 3, 4)]","{('cubic', 0, 1): 4.732908092776612}","{('int', 3, 4): 2.4527500993009226}",dgp6,sr_pds,NL + mild NL conf.,SR-PDS,0.5
407,False,0.43039275560646323,0.048866623980122,0.3346141726054241,0.5261713386075023,sr_pds,sr_pds,"[('cubic', 0, 1), ('log', 2, None)]","[('int', 3, 4)]","[('cubic', 0, 1), ('log', 2, None)]","[('int', 3, 4)]","{('cubic', 0, 1): 5.0439041472219515, ('log', 2, None): -5.015232323461857}","{('int', 3, 4): 3.159628755889135}",dgp6,sr_pds,NL + mild NL conf.,SR-PDS,0.5
408,False,0.38619473855540765,0.22188011062133622,-0.048690278262411346,0.8210797553732266,sr_pds,sr_pds,"[('cubic', 0, 1)]","[('int', 3, 4)]","[('cubic', 0, 1)]","[('int', 3, 4)]","{('cubic', 0, 1): 5.199770382842635}","{('int', 3, 4): 2.7642605661213193}",dgp6,sr_pds,NL + mild NL conf.,SR-PDS,0.5
409,False,0.7829456075781728,0.262192906977034,0.26904750990318616,1.2968437052531594,sr_pds,sr_pds,"[('cubic', 0, 1)]","[('int', 3, 4)]","[('cubic', 0, 1)]","[('int', 3, 4)]","{('cubic', 0, 1): 5.2328973363741955}","{('int', 3, 4): 2.710405369225886}",dgp6,sr_pds,NL + mild NL conf.,SR-PDS,0.5
410,False,0.4614814122966516,0.047649478747025915,0.3680884339524808,0.5548743906408224,sr_pds,sr_pds,"[('cubic', 0, 1), ('log', 2, None)]","[('int', 3, 4)]","[('cubic', 0, 1), ('log', 2, None)]","[('int', 3, 4)]","{('cubic', 0, 1): 4.960709262425923, ('log', 2, None): -4.941664432681301}","{('int', 3, 4): 3.1025032188529136}",dgp6,sr_pds,NL + mild NL conf.,SR-PDS,0.5
411,False,0.336189518123253,0.23164510238773053,-0.11783488255669883,0.7902139188032048,sr_pds,sr_pds,"[('cubic', 0, 1)]","[('int', 3, 4)]","[('cubic', 0, 1)]","[('int', 3, 4)]","{('cubic', 0, 1): 5.071495245847395}","{('int', 3, 4): 3.0798052793537285}",dgp6,sr_pds,NL + mild NL conf.,SR-PDS,0.5
412,False,0.7141687130744542,0.3923812998188605,-0.05489863457051236,1.4832360607194208,sr_pds,sr_pds,[],"[('int', 3, 4)]",[],"[('int', 3, 4)]",{},"{('int', 3, 4): 2.0323213040055372}",dgp6,sr_pds,NL + mild NL conf.,SR-PDS,0.5
413,False,0.482635024283346,0.049531399404624914,0.3855534814502811,0.5797165671164108,sr_pds,sr_pds,"[('cubic', 0, 1), ('log', 2, None)]","[('int', 3, 4)]","[('cubic', 0, 1), ('log', 2, None)]","[('int', 3, 4)]","{('cubic', 0, 1): 5.012009778145772, ('log', 2, None): -4.9808312721246395}","{('int', 3, 4): 3.0821976106940654}",dgp6,sr_pds,NL + mild NL conf.,SR-PDS,0.5
414,False,0.26704787577200073,0.24997335509938076,-0.22289990022278555,0.7569956517667871,sr_pds,sr_pds,"[('cubic', 0, 1), ('int', 3, 4)]","[('int', 3, 4)]","[('cubic', 0, 1), ('int', 3, 4)]","[('int', 3, 4)]","{('cubic', 0, 1): 5.0703632288448945, ('int', 3, 4): 3.6554161214713363}","{('int', 3, 4): 3.6554161214713363}",dgp6,sr_pds,NL + mild NL conf.,SR-PDS,0.5
415,False,0.18185228720643315,0.2330586864747685,-0.2749427382841131,0.6386473126969794,sr_pds,sr_pds,"[('cubic', 0, 1)]","[('int', 3, 4)]","[('cubic', 0, 1)]","[('int', 3, 4)]","{('cubic', 0, 1): 4.596866035734092}","{('int', 3, 4): 3.696321460990584}",dgp6,sr_pds,NL + mild NL conf.,SR-PDS,0.5
416,False,0.3673419895596493,0.27360509354019386,-0.16892399377913064,0.9036079728984292,sr_pds,sr_pds,"[('cubic', 0, 1)]","[('int', 3, 4)]","[('cubic', 0, 1)]","[('int', 3, 4)]","{('cubic', 0, 1): 4.9322497663745555}","{('int', 3, 4): 3.3394196378486827}",dgp6,sr_pds,NL + mild NL conf.,SR-PDS,0.5
417,False,0.3817115943852134,0.2636054266109201,-0.13495504177218998,0.8983782305426168,sr_pds,sr_pds,"[('cubic', 0, 1)]","[('int', 3, 4)]","[('cubic', 0, 1)]","[('int', 3, 4)]","{('cubic', 0, 1): 4.869953859918247}","{('int', 3, 4): 3.3204914612176077}",dgp6,sr_pds,NL + mild NL conf.,SR-PDS,0.5
418,False,0.5534031396444726,0.09418360482879132,0.36880327418004166,0.7380030051089036,sr_pds,sr_pds,"[('cubic', 0, 1), ('sqrt', 2, None)]","[('int', 3, 4)]","[('cubic', 0, 1), ('sqrt', 2, None)]","[('int', 3, 4)]","{('cubic', 0, 1): 5.020286442737074, ('sqrt', 2, None): -15.136565948078957}","{('int', 3, 4): 2.9503303704868986}",dgp6,sr_pds,NL + mild NL conf.,SR-PDS,0.5
419,False,0.5855557413610771,0.26102726343154176,0.07394230503525534,1.097169177686899,sr_pds,sr_pds,"[('cubic', 0, 1)]","[('int', 3, 4)]","[('cubic', 0, 1)]","[('int', 3, 4)]","{('cubic', 0, 1): 4.835008346818626}","{('int', 3, 4): 2.517185660382134}",dgp6,sr_pds,NL + mild NL conf.,SR-PDS,0.5
420,False,0.5398706466128658,0.25065813074737886,0.04858071034800321,1.0311605828777284,sr_pds,sr_pds,"[('cubic', 0, 1)]","[('int', 3, 4)]","[('cubic', 0, 1)]","[('int', 3, 4)]","{('cubic', 0, 1): 4.542281560996159}","{('int', 3, 4): 2.5473859109326846}",dgp6,sr_pds,NL + mild NL conf.,SR-PDS,0.5
421,False,0.040471058071325006,0.254717891865445,-0.4587760099849472,0.5397181261275972,sr_pds,sr_pds,"[('cubic', 0, 1)]","[('int', 3, 4)]","[('cubic', 0, 1)]","[('int', 3, 4)]","{('cubic', 0, 1): 4.988902514101556}","{('int', 3, 4): 3.940508051172229}",dgp6,sr_pds,NL + mild NL conf.,SR-PDS,0.5
422,False,0.546636104577399,0.04242845524743477,0.4634763322924268,0.6297958768623712,sr_pds,sr_pds,"[('cubic', 0, 1), ('log', 2, None)]","[('int', 3, 4)]","[('cubic', 0, 1), ('log', 2, None)]","[('int', 3, 4)]","{('cubic', 0, 1): 4.992285776374213, ('log', 2, None): -5.019822468197092}","{('int', 3, 4): 2.9010422017806516}",dgp6,sr_pds,NL + mild NL conf.,SR-PDS,0.5
423,False,0.7227027359297811,0.2885917757518879,0.15706285545608079,1.2883426164034812,sr_pds,sr_pds,"[('cubic', 0, 1), ('int', 3, 4)]","[('int', 3, 4)]","[('cubic', 0, 1), ('int', 3, 4)]","[('int', 3, 4)]","{('cubic', 0, 1): 4.9714574452796745, ('int', 3, 4): 2.964875350738757}","{('int', 3, 4): 2.964875350738757}",dgp6,sr_pds,NL + mild NL conf.,SR-PDS,0.5
424,False,0.5174429460374488,0.044736715775031126,0.4297589831183878,0.6051269089565098,sr_pds,sr_pds,"[('cubic', 0, 1), ('log', 2, None)]","[('int', 3, 4)]","[('cubic', 0, 1), ('log', 2, None)]","[('int', 3, 4)]","{('cubic', 0, 1): 5.006353239819667, ('log', 2, None): -4.985081899442145}","{('int', 3, 4): 2.8960593897656213}",dgp6,sr_pds,NL + mild NL conf.,SR-PDS,0.5
425,False,0.4489615902156669,0.3900250505357934,-0.3154875088344881,1.2134106892658219,sr_pds,sr_pds,"[('cubic', 0, 5), ('sq', 0, None)]","[('int', 3, 4)]","[('cubic', 0, 5), ('sq', 0, None)]","[('int', 3, 4)]","{('cubic', 0, 5): 0.9673026656139754, ('sq', 0, None): 0.3780989303212984}","{('int', 3, 4): 3.1251353850318835}",dgp6,sr_pds,NL + mild NL conf.,SR-PDS,0.5
426,False,0.46562170120520374,0.08238903858028745,0.30413918558784037,0.6271042168225671,sr_pds,sr_pds,"[('cubic', 0, 1), ('sqrt', 2, None)]","[('int', 3, 4)]","[('cubic', 0, 1), ('sqrt', 2, None)]","[('int', 3, 4)]","{('cubic', 0, 1): 4.952109678515985, ('sqrt', 2, None): -14.61746399883887}","{('int', 3, 4): 2.9987241095710178}",dgp6,sr_pds,NL + mild NL conf.,SR-PDS,0.5
427,False,0.5134479109922853,0.042367306967489915,0.43040798933600505,0.5964878326485655,sr_pds,sr_pds,"[('cubic', 0, 1), ('log', 2, None)]","[('int', 3, 4)]","[('cubic', 0, 1), ('log', 2, None)]","[('int', 3, 4)]","{('cubic', 0, 1): 4.9904676063722295, ('log', 2, None): -4.960424323076523}","{('int', 3, 4): 2.896861198402792}",dgp6,sr_pds,NL + mild NL conf.,SR-PDS,0.5
428,False,0.3589231738906853,0.24110436818979158,-0.11364138776130622,0.8314877355426769,sr_pds,sr_pds,"[('cubic', 0, 1)]","[('int', 3, 4)]","[('cubic', 0, 1)]","[('int', 3, 4)]","{('cubic', 0, 1): 5.150220340062885}","{('int', 3, 4): 3.216522666395458}",dgp6,sr_pds,NL + mild NL conf.,SR-PDS,0.5
429,False,0.4462358988859393,0.04407980366550584,0.35983948370154784,0.5326323140703307,sr_pds,sr_pds,"[('cubic', 0, 1), ('log', 2, None)]","[('int', 3, 4)]","[('cubic', 0, 1), ('log', 2, None)]","[('int', 3, 4)]","{('cubic', 0, 1): 4.98899921944003, ('log', 2, None): -4.974174190355113}","{('int', 3, 4): 3.142166801161715}",dgp6,sr_pds,NL + mild NL conf.,SR-PDS,0.5
430,False,0.48298974824463414,0.26167242931237306,-0.02988821320761703,0.9958677096968853,sr_pds,sr_pds,"[('cubic', 0, 1)]","[('int', 3, 4)]","[('cubic', 0, 1)]","[('int', 3, 4)]","{('cubic', 0, 1): 5.115361175321397}","{('int', 3, 4): 2.6174962060155056}",dgp6,sr_pds,NL + mild NL conf.,SR-PDS,0.5
431,False,0.6429504951582384,0.25790007696368344,0.13746634430941884,1.148434646007058,sr_pds,sr_pds,"[('cubic', 0, 1), ('int', 3, 4)]","[('int', 3, 4)]","[('cubic', 0, 1), ('int', 3, 4)]","[('int', 3, 4)]","{('cubic', 0, 1): 4.8988681082130965, ('int', 3, 4): 2.5136672349270732}","{('int', 3, 4): 2.5136672349270732}",dgp6,sr_pds,NL + mild NL conf.,SR-PDS,0.5
432,False,0.6565819248677824,0.2708221970346135,0.12577041867994,1.187393431055625,sr_pds,sr_pds,"[('sqrt', 2, None)]","[('int', 3, 4)]","[('sqrt', 2, None)]","[('int', 3, 4)]","{('sqrt', 2, None): -14.644345272878933}","{('int', 3, 4): 2.8444603568385944}",dgp6,sr_pds,NL + mild NL conf.,SR-PDS,0.5
433,False,0.7426801542991545,0.2690695850515408,0.2153037675981344,1.2700565410001745,sr_pds,sr_pds,"[('cubic', 0, 1)]","[('int', 3, 4)]","[('cubic', 0, 1)]","[('int', 3, 4)]","{('cubic', 0, 1): 4.835592129901828}","{('int', 3, 4): 2.458284546463704}",dgp6,sr_pds,NL + mild NL conf.,SR-PDS,0.5
434,False,0.36333142865825047,0.24947461490308198,-0.1256388165517902,0.8523016738682911,sr_pds,sr_pds,"[('cubic', 0, 1)]","[('int', 3, 4)]","[('cubic', 0, 1)]","[('int', 3, 4)]","{('cubic', 0, 1): 5.175144390177399}","{('int', 3, 4): 2.9645831137530325}",dgp6,sr_pds,NL + mild NL conf.,SR-PDS,0.5
435,False,1.0328697147018149,0.24942976621167245,0.5439873729269369,1.5217520564766929,sr_pds,sr_pds,"[('cubic', 0, 1)]","[('int', 3, 4)]","[('cubic', 0, 1)]","[('int', 3, 4)]","{('cubic', 0, 1): 4.9178992000028865}","{('int', 3, 4): 1.6646494473511266}",dgp6,sr_pds,NL + mild NL conf.,SR-PDS,0.5
436,False,0.5427935608506899,0.04675615733719739,0.451151492469783,0.6344356292315967,sr_pds,sr_pds,"[('cubic', 0, 1), ('log', 2, None)]","[('int', 3, 4)]","[('cubic', 0, 1), ('log', 2, None)]","[('int', 3, 4)]","{('cubic', 0, 1): 4.985498898030779, ('log', 2, None): -5.015496831597788}","{('int', 3, 4): 2.9432409310532623}",dgp6,sr_pds,NL + mild NL conf.,SR-PDS,0.5
437,False,0.5034964097315371,0.24238822801341342,0.028415482825246807,0.9785773366378274,sr_pds,sr_pds,"[('cubic', 0, 1)]","[('int', 3, 4)]","[('cubic', 0, 1)]","[('int', 3, 4)]","{('cubic', 0, 1): 4.844998323551889}","{('int', 3, 4): 2.718110867175496}",dgp6,sr_pds,NL + mild NL conf.,SR-PDS,0.5
438,False,0.9188413295900448,0.22990610286909005,0.46822536796662834,1.3694572912134613,sr_pds,sr_pds,"[('cubic', 0, 1)]","[('int', 3, 4)]","[('cubic', 0, 1)]","[('int', 3, 4)]","{('cubic', 0, 1): 4.984774305304497}","{('int', 3, 4): 2.4564123842492416}",dgp6,sr_pds,NL + mild NL conf.,SR-PDS,0.5
439,False,0.5084188983654944,0.04948625482131616,0.4114258389157147,0.605411957815274,sr_pds,sr_pds,"[('cubic', 0, 1), ('log', 2, None)]","[('int', 3, 4)]","[('cubic', 0, 1), ('log', 2, None)]","[('int', 3, 4)]","{('cubic', 0, 1): 5.013450488564321, ('log', 2, None): -4.93977844554936}","{('int', 3, 4): 2.9301090226680633}",dgp6,sr_pds,NL + mild NL conf.,SR-PDS,0.5
440,False,0.37402317928509365,0.24087423607451602,-0.09809032342095775,0.8461366819911451,sr_pds,sr_pds,"[('cubic', 0, 1), ('int', 3, 4)]","[('int', 3, 4)]","[('cubic', 0, 1), ('int', 3, 4)]","[('int', 3, 4)]","{('cubic', 0, 1): 4.970212281148892, ('int', 3, 4): 2.9966787281420366}","{('int', 3, 4): 2.9966787281420366}",dgp6,sr_pds,NL + mild NL conf.,SR-PDS,0.5
441,False,0.4750729688285221,0.34815264047625166,-0.20730620650493115,1.1574521441619754,sr_pds,sr_pds,"[('log', 2, None)]","[('int', 3, 4)]","[('log', 2, None)]","[('int', 3, 4)]","{('log', 2, None): -4.857581011879471}","{('int', 3, 4): 2.4879801423481025}",dgp6,sr_pds,NL + mild NL conf.,SR-PDS,0.5
442,False,0.01889753698110963,0.3162925860311804,-0.6010359316400039,0.6388310056022232,sr_pds,sr_pds,"[('cubic', 0, 1), ('int', 3, 4)]","[('int', 3, 4)]","[('cubic', 0, 1), ('int', 3, 4)]","[('int', 3, 4)]","{('cubic', 0, 1): 5.06983970488364, ('int', 3, 4): 3.7997871747578444}","{('int', 3, 4): 3.7997871747578444}",dgp6,sr_pds,NL + mild NL conf.,SR-PDS,0.5
443,False,0.5189369800689271,0.04292615070282012,0.43480172469139966,0.6030722354464545,sr_pds,sr_pds,"[('cubic', 0, 1), ('int', 3, 4), ('log', 2, None)]","[('int', 3, 4)]","[('cubic', 0, 1), ('int', 3, 4), ('log', 2, None)]","[('int', 3, 4)]","{('cubic', 0, 1): 4.921507829096993, ('int', 3, 4): 2.8648935125676402, ('log', 2, None): -5.016917313832228}","{('int', 3, 4): 2.8648935125676402}",dgp6,sr_pds,NL + mild NL conf.,SR-PDS,0.5
444,False,0.7769514378247554,0.2765660248379671,0.2348820291423399,1.3190208465071709,sr_pds,sr_pds,"[('log', 2, None)]","[('int', 3, 4)]","[('log', 2, None)]","[('int', 3, 4)]","{('log', 2, None): -4.932079174233605}","{('int', 3, 4): 2.620709139596625}",dgp6,sr_pds,NL + mild NL conf.,SR-PDS,0.5
445,False,0.592803208317235,0.0427902833860408,0.508934252880595,0.676672163753875,sr_pds,sr_pds,"[('cubic', 0, 1), ('log', 2, None)]","[('int', 3, 4)]","[('cubic', 0, 1), ('log', 2, None)]","[('int', 3, 4)]","{('cubic', 0, 1): 5.004232743214515, ('log', 2, None): -5.031020842213154}","{('int', 3, 4): 2.724029588145791}",dgp6,sr_pds,NL + mild NL conf.,SR-PDS,0.5
446,False,0.09841424345155973,0.21734421785429064,-0.3275804235428499,0.5244089104459694,sr_pds,sr_pds,"[('cubic', 0, 1)]","[('int', 3, 4)]","[('cubic', 0, 1)]","[('int', 3, 4)]","{('cubic', 0, 1): 4.980362478986856}","{('int', 3, 4): 3.6477461707488747}",dgp6,sr_pds,NL + mild NL conf.,SR-PDS,0.5
447,False,0.4012177926827929,0.25061259386852,-0.08998289129950626,0.892418476665092,sr_pds,sr_pds,"[('cubic', 0, 1), ('int', 3, 4)]","[('int', 3, 4)]","[('cubic', 0, 1), ('int', 3, 4)]","[('int', 3, 4)]","{('cubic', 0, 1): 4.8143158777358686, ('int', 3, 4): 3.1487232941079126}","{('int', 3, 4): 3.1487232941079126}",dgp6,sr_pds,NL + mild NL conf.,SR-PDS,0.5
448,False,0.8440935269788512,0.25745600956584835,0.33947974822978844,1.348707305727914,sr_pds,sr_pds,"[('cubic', 0, 1)]","[('int', 3, 4)]","[('cubic', 0, 1)]","[('int', 3, 4)]","{('cubic', 0, 1): 5.1049734151396855}","{('int', 3, 4): 2.4437009039047837}",dgp6,sr_pds,NL + mild NL conf.,SR-PDS,0.5
449,False,0.6624199461509789,0.2709862191488673,0.13128695661919898,1.1935529356827588,sr_pds,sr_pds,"[('cubic', 0, 1)]","[('int', 3, 4)]","[('cubic', 0, 1)]","[('int', 3, 4)]","{('cubic', 0, 1): 4.790219857989335}","{('int', 3, 4): 2.781771892929961}",dgp6,sr_pds,NL + mild NL conf.,SR-PDS,0.5
450,False,0.5386219783872538,0.048797351920880604,0.4429791686223278,0.6342647881521798,sr_pds,sr_pds,"[('cubic', 0, 1), ('log', 2, None)]","[('int', 3, 4)]","[('cubic', 0, 1), ('log', 2, None)]","[('int', 3, 4)]","{('cubic', 0, 1): 5.02586184794955, ('log', 2, None): -4.953438984417871}","{('int', 3, 4): 2.840411064166264}",dgp6,sr_pds,NL + mild NL conf.,SR-PDS,0.5
451,False,0.5186691581352878,0.046419015196660474,0.4276878883498333,0.6096504279207423,sr_pds,sr_pds,"[('cubic', 0, 1), ('log', 2, None)]","[('int', 3, 4)]","[('cubic', 0, 1), ('log', 2, None)]","[('int', 3, 4)]","{('cubic', 0, 1): 4.96604393293342, ('log', 2, None): -5.054254327189753}","{('int', 3, 4): 2.9417060596092917}",dgp6,sr_pds,NL + mild NL conf.,SR-PDS,0.5
452,False,0.5563219541970709,0.25596594400288813,0.054628703951410174,1.0580152044427316,sr_pds,sr_pds,"[('cubic', 0, 1)]","[('int', 3, 4)]","[('cubic', 0, 1)]","[('int', 3, 4)]","{('cubic', 0, 1): 5.077063396782508}","{('int', 3, 4): 2.842744396179534}",dgp6,sr_pds,NL + mild NL conf.,SR-PDS,0.5
453,False,0.3686541645150493,0.2417263265362968,-0.10512943549609244,0.842437764526191,sr_pds,sr_pds,"[('cubic', 0, 1)]","[('int', 3, 4)]","[('cubic', 0, 1)]","[('int', 3, 4)]","{('cubic', 0, 1): 4.938422939913811}","{('int', 3, 4): 2.944815151440953}",dgp6,sr_pds,NL + mild NL conf.,SR-PDS,0.5
454,False,0.4130860392680326,0.2289601214915116,-0.03567579885533012,0.8618478773913953,sr_pds,sr_pds,"[('cubic', 0, 1)]","[('int', 3, 4)]","[('cubic', 0, 1)]","[('int', 3, 4)]","{('cubic', 0, 1): 4.94752261640278}","{('int', 3, 4): 3.303689104194572}",dgp6,sr_pds,NL + mild NL conf.,SR-PDS,0.5
455,False,-0.06931095230907251,0.3289472239418438,-0.7140475112350863,0.5754256066169413,sr_pds,sr_pds,[],"[('int', 3, 4)]",[],"[('int', 3, 4)]",{},"{('int', 3, 4): 4.055246126561716}",dgp6,sr_pds,NL + mild NL conf.,SR-PDS,0.5
456,False,0.6969609873433378,0.2261655915423613,0.25367642792030964,1.140245546766366,sr_pds,sr_pds,"[('cubic', 0, 1)]","[('int', 3, 4)]","[('cubic', 0, 1)]","[('int', 3, 4)]","{('cubic', 0, 1): 5.429856096856596}","{('int', 3, 4): 2.6093345380820896}",dgp6,sr_pds,NL + mild NL conf.,SR-PDS,0.5
457,False,0.7138384362545445,0.2408919057538669,0.24169030097696537,1.1859865715321236,sr_pds,sr_pds,"[('cubic', 0, 1)]","[('int', 3, 4)]","[('cubic', 0, 1)]","[('int', 3, 4)]","{('cubic', 0, 1): 4.893208111415097}","{('int', 3, 4): 2.727025582373227}",dgp6,sr_pds,NL + mild NL conf.,SR-PDS,0.5
458,False,0.565747998097477,0.04508167528986309,0.47738791452934537,0.6541080816656086,sr_pds,sr_pds,"[('cubic', 0, 1), ('log', 2, None)]","[('int', 3, 4)]","[('cubic', 0, 1), ('log', 2, None)]","[('int', 3, 4)]","{('cubic', 0, 1): 4.984798638610506, ('log', 2, None): -5.067455178793585}","{('int', 3, 4): 2.8776510833101328}",dgp6,sr_pds,NL + mild NL conf.,SR-PDS,0.5
459,False,0.6072127540703671,0.36725367489365013,-0.11260444872118713,1.3270299568619213,sr_pds,sr_pds,[],"[('int', 3, 4)]",[],"[('int', 3, 4)]",{},"{('int', 3, 4): 2.716150106273504}",dgp6,sr_pds,NL + mild NL conf.,SR-PDS,0.5
460,False,0.3641205081495014,0.24493157192506512,-0.11594537282362621,0.8441863891226291,sr_pds,sr_pds,"[('cubic', 0, 1)]","[('int', 3, 4)]","[('cubic', 0, 1)]","[('int', 3, 4)]","{('cubic', 0, 1): 4.763934363681967}","{('int', 3, 4): 3.199761041886462}",dgp6,sr_pds,NL + mild NL conf.,SR-PDS,0.5
461,False,0.4855464819381994,0.04631790575017046,0.39476338666786526,0.5763295772085335,sr_pds,sr_pds,"[('cubic', 0, 1), ('log', 2, None)]","[('int', 3, 4)]","[('cubic', 0, 1), ('log', 2, None)]","[('int', 3, 4)]","{('cubic', 0, 1): 4.962564855819051, ('log', 2, None): -5.011665084868962}","{('int', 3, 4): 2.9638155914290745}",dgp6,sr_pds,NL + mild NL conf.,SR-PDS,0.5
462,False,0.7753637294909461,0.22180401890926496,0.3406278524287868,1.2100996065531056,sr_pds,sr_pds,"[('cubic', 0, 1)]","[('int', 3, 4)]","[('cubic', 0, 1)]","[('int', 3, 4)]","{('cubic', 0, 1): 5.072557290316401}","{('int', 3, 4): 2.5840323556764013}",dgp6,sr_pds,NL + mild NL conf.,SR-PDS,0.5
463,False,0.7129992937233093,0.25993029447845284,0.2035359165455417,1.2224626709010769,sr_pds,sr_pds,"[('cubic', 0, 1)]","[('int', 3, 4)]","[('cubic', 0, 1)]","[('int', 3, 4)]","{('cubic', 0, 1): 4.888203279279517}","{('int', 3, 4): 2.6193504116216957}",dgp6,sr_pds,NL + mild NL conf.,SR-PDS,0.5
464,False,0.43114978549694144,0.046072047512422734,0.3408485723725929,0.52145099862129,sr_pds,sr_pds,"[('cubic', 0, 1), ('log', 2, None)]","[('int', 3, 4)]","[('cubic', 0, 1), ('log', 2, None)]","[('int', 3, 4)]","{('cubic', 0, 1): 5.00612532085087, ('log', 2, None): -4.97076653396089}","{('int', 3, 4): 3.1418997104956325}",dgp6,sr_pds,NL + mild NL conf.,SR-PDS,0.5
465,False,0.6521424881563962,0.27499530892195334,0.1131516826693677,1.1911332936434247,sr_pds,sr_pds,"[('cubic', 0, 1)]","[('int', 3, 4)]","[('cubic', 0, 1)]","[('int', 3, 4)]","{('cubic', 0, 1): 5.083114183591271}","{('int', 3, 4): 2.767471522546562}",dgp6,sr_pds,NL + mild NL conf.,SR-PDS,0.5
466,False,0.5484304385261869,0.3730996668414551,-0.18284490848306512,1.2797057855354388,sr_pds,sr_pds,[],"[('int', 3, 4)]",[],"[('int', 3, 4)]",{},"{('int', 3, 4): 2.7992620737145324}",dgp6,sr_pds,NL + mild NL conf.,SR-PDS,0.5
467,False,0.5657994935785668,0.25149541820828913,0.07286847389032014,1.0587305132668137,sr_pds,sr_pds,"[('cubic', 0, 1)]","[('int', 3, 4)]","[('cubic', 0, 1)]","[('int', 3, 4)]","{('cubic', 0, 1): 4.8322265660130475}","{('int', 3, 4): 3.163225009120182}",dgp6,sr_pds,NL + mild NL conf.,SR-PDS,0.5
468,False,0.8987780672742856,0.22985988301616547,0.44825269656260125,1.3493034379859699,sr_pds,sr_pds,"[('cubic', 0, 1)]","[('int', 3, 4)]","[('cubic', 0, 1)]","[('int', 3, 4)]","{('cubic', 0, 1): 4.781336781346629}","{('int', 3, 4): 2.474260003119344}",dgp6,sr_pds,NL + mild NL conf.,SR-PDS,0.5
469,False,0.3613068425822768,0.3698797908384215,-0.36365754746102935,1.086271232625583,sr_pds,sr_pds,"[('log', 2, None)]","[('int', 3, 4)]","[('log', 2, None)]","[('int', 3, 4)]","{('log', 2, None): -5.179463153144789}","{('int', 3, 4): 3.370643209570582}",dgp6,sr_pds,NL + mild NL conf.,SR-PDS,0.5
470,False,0.6066976684028884,0.24646616595916962,0.12362398312291595,1.0897713536828608,sr_pds,sr_pds,"[('cubic', 0, 1)]","[('int', 3, 4)]","[('cubic', 0, 1)]","[('int', 3, 4)]","{('cubic', 0, 1): 5.018196878112575}","{('int', 3, 4): 2.869796412389287}",dgp6,sr_pds,NL + mild NL conf.,SR-PDS,0.5
471,False,0.15023877868701294,0.3431417215239504,-0.5223189954999298,0.8227965528739557,sr_pds,sr_pds,[],"[('int', 3, 4)]",[],"[('int', 3, 4)]",{},"{('int', 3, 4): 3.156863928792834}",dgp6,sr_pds,NL + mild NL conf.,SR-PDS,0.5
472,False,0.47147757427754783,0.266521863208001,-0.050905277610134025,0.9938604261652297,sr_pds,sr_pds,"[('cubic', 0, 1)]","[('int', 3, 4)]","[('cubic', 0, 1)]","[('int', 3, 4)]","{('cubic', 0, 1): 5.1171026894527225}","{('int', 3, 4): 3.074453356995972}",dgp6,sr_pds,NL + mild NL conf.,SR-PDS,0.5
473,False,0.5862048971801478,0.04383386869631498,0.5002905145353704,0.6721192798249251,sr_pds,sr_pds,"[('cubic', 0, 1), ('log', 2, None)]","[('int', 3, 4)]","[('cubic', 0, 1), ('log', 2, None)]","[('int', 3, 4)]","{('cubic', 0, 1): 5.010027562361709, ('log', 2, None): -4.947745745024347}","{('int', 3, 4): 2.831435856508618}",dgp6,sr_pds,NL + mild NL conf.,SR-PDS,0.5
474,False,0.5381690789387706,0.04623496104896332,0.4475485552828025,0.6287896025947387,sr_pds,sr_pds,"[('cubic', 0, 1), ('log', 2, None)]","[('int', 3, 4)]","[('cubic', 0, 1), ('log', 2, None)]","[('int', 3, 4)]","{('cubic', 0, 1): 4.985346764686972, ('log', 2, None): -4.9905392588855735}","{('int', 3, 4): 2.8545993428809697}",dgp6,sr_pds,NL + mild NL conf.,SR-PDS,0.5
475,False,0.591609812841123,0.3751097194464083,-0.14360523727383723,1.3268248629560833,sr_pds,sr_pds,[],"[('int', 3, 4)]",[],"[('int', 3, 4)]",{},"{('int', 3, 4): 2.8242405497074676}",dgp6,sr_pds,NL + mild NL conf.,SR-PDS,0.5
476,False,0.4587968955990995,0.25348902906782755,-0.03804160137384255,0.9556353925720416,sr_pds,sr_pds,"[('cubic', 0, 1), ('int', 3, 4)]","[('int', 3, 4)]","[('cubic', 0, 1), ('int', 3, 4)]","[('int', 3, 4)]","{('cubic', 0, 1): 4.976470705590142, ('int', 3, 4): 2.8583846628757374}","{('int', 3, 4): 2.8583846628757374}",dgp6,sr_pds,NL + mild NL conf.,SR-PDS,0.5
477,False,0.551013303677655,0.24133396038909238,0.07799874131503393,1.0240278660402762,sr_pds,sr_pds,"[('cubic', 0, 1)]","[('int', 3, 4)]","[('cubic', 0, 1)]","[('int', 3, 4)]","{('cubic', 0, 1): 5.132642688844787}","{('int', 3, 4): 2.8793173379937063}",dgp6,sr_pds,NL + mild NL conf.,SR-PDS,0.5
478,False,0.5092597069021761,0.04081067120356445,0.4292707913431898,0.5892486224611625,sr_pds,sr_pds,"[('cubic', 0, 1), ('log', 2, None)]","[('int', 3, 4)]","[('cubic', 0, 1), ('log', 2, None)]","[('int', 3, 4)]","{('cubic', 0, 1): 4.989805821083296, ('log', 2, None): -5.043512962044719}","{('int', 3, 4): 3.03137370621864}",dgp6,sr_pds,NL + mild NL conf.,SR-PDS,0.5
479,False,0.3411396934732217,0.2393440154014362,-0.12797457671359325,0.8102539636600367,sr_pds,sr_pds,"[('cubic', 0, 1)]","[('int', 3, 4)]","[('cubic', 0, 1)]","[('int', 3, 4)]","{('cubic', 0, 1): 4.752964636632384}","{('int', 3, 4): 3.4826007530885876}",dgp6,sr_pds,NL + mild NL conf.,SR-PDS,0.5
480,False,0.49452313830387634,0.04423520970210311,0.40782212728775424,0.5812241493199984,sr_pds,sr_pds,"[('cubic', 0, 1), ('log', 2, None)]","[('int', 3, 4)]","[('cubic', 0, 1), ('log', 2, None)]","[('int', 3, 4)]","{('cubic', 0, 1): 5.017061061816054, ('log', 2, None): -4.9098094479662855}","{('int', 3, 4): 3.1027115117611026}",dgp6,sr_pds,NL + mild NL conf.,SR-PDS,0.5
481,False,0.4959023654895426,0.0385831730226267,0.42027934636519426,0.5715253846138909,sr_pds,sr_pds,"[('cubic', 0, 1), ('int', 3, 4), ('log', 2, None)]","[('int', 3, 4)]","[('cubic', 0, 1), ('int', 3, 4), ('log', 2, None)]","[('int', 3, 4)]","{('cubic', 0, 1): 4.969746637440411, ('int', 3, 4): 2.9765853920375807, ('log', 2, None): -5.019594926725646}","{('int', 3, 4): 2.9765853920375807}",dgp6,sr_pds,NL + mild NL conf.,SR-PDS,0.5
482,False,0.3340474659955525,0.2509946063598722,-0.15790196246979699,0.825996894460902,sr_pds,sr_pds,"[('cubic', 0, 1)]","[('int', 3, 4)]","[('cubic', 0, 1)]","[('int', 3, 4)]","{('cubic', 0, 1): 4.915517427343287}","{('int', 3, 4): 3.4650125799042204}",dgp6,sr_pds,NL + mild NL conf.,SR-PDS,0.5
483,False,0.45131182045587814,0.04068097117350653,0.3715771169558053,0.531046523955951,sr_pds,sr_pds,"[('cubic', 0, 1), ('log', 2, None)]","[('int', 3, 4)]","[('cubic', 0, 1), ('log', 2, None)]","[('int', 3, 4)]","{('cubic', 0, 1): 4.945297547837412, ('log', 2, None): -5.071891255863964}","{('int', 3, 4): 3.121813157411806}",dgp6,sr_pds,NL + mild NL conf.,SR-PDS,0.5
484,False,0.34888836459343797,0.19798124669826997,-0.03915487893517117,0.7369316081220472,sr_pds,sr_pds,"[('cubic', 0, 1)]","[('int', 3, 4)]","[('cubic', 0, 1)]","[('int', 3, 4)]","{('cubic', 0, 1): 4.967809243474646}","{('int', 3, 4): 3.345187305833874}",dgp6,sr_pds,NL + mild NL conf.,SR-PDS,0.5
485,False,0.8559273214309601,0.23739295010183867,0.3906371392313563,1.3212175036305638,sr_pds,sr_pds,"[('cubic', 0, 1)]","[('int', 3, 4)]","[('cubic', 0, 1)]","[('int', 3, 4)]","{('cubic', 0, 1): 4.884997345473657}","{('int', 3, 4): 2.3612158405021435}",dgp6,sr_pds,NL + mild NL conf.,SR-PDS,0.5
486,False,0.014853145466006832,0.25657969426390875,-0.4880430552912543,0.517749346223268,sr_pds,sr_pds,"[('cubic', 0, 1), ('int', 3, 4)]","[('int', 3, 4)]","[('cubic', 0, 1), ('int', 3, 4)]","[('int', 3, 4)]","{('cubic', 0, 1): 5.185509625762501, ('int', 3, 4): 4.255555705344658}","{('int', 3, 4): 4.255555705344658}",dgp6,sr_pds,NL + mild NL conf.,SR-PDS,0.5
487,False,0.12291319087417193,0.24790616396149892,-0.3629828904903659,0.6088092722387098,sr_pds,sr_pds,"[('cubic', 0, 1)]","[('int', 3, 4)]","[('cubic', 0, 1)]","[('int', 3, 4)]","{('cubic', 0, 1): 4.988623106767325}","{('int', 3, 4): 4.152419733169903}",dgp6,sr_pds,NL + mild NL conf.,SR-PDS,0.5
488,False,0.6057042366119569,0.23227584835365372,0.15044357383879564,1.0609648993851182,sr_pds,sr_pds,"[('cubic', 0, 1)]","[('int', 3, 4)]","[('cubic', 0, 1)]","[('int', 3, 4)]","{('cubic', 0, 1): 5.151470583910948}","{('int', 3, 4): 2.707926630012044}",dgp6,sr_pds,NL + mild NL conf.,SR-PDS,0.5
489,False,0.47936799440278133,0.2638608659841129,-0.037799302926079914,0.9965352917316426,sr_pds,sr_pds,"[('cubic', 0, 1)]","[('int', 3, 4)]","[('cubic', 0, 1)]","[('int', 3, 4)]","{('cubic', 0, 1): 5.165703110723552}","{('int', 3, 4): 2.726727096356752}",dgp6,sr_pds,NL + mild NL conf.,SR-PDS,0.5
490,False,0.5268307514370477,0.2417837129023628,0.05293467414841663,1.0007268287256788,sr_pds,sr_pds,"[('cubic', 0, 1)]","[('int', 3, 4)]","[('cubic', 0, 1)]","[('int', 3, 4)]","{('cubic', 0, 1): 4.830164058767931}","{('int', 3, 4): 3.3447215012948974}",dgp6,sr_pds,NL + mild NL conf.,SR-PDS,0.5
491,False,0.7253020206226692,0.3708591922073801,-0.0015819961037957242,1.4521860373491342,sr_pds,sr_pds,"[('log', 2, None)]","[('int', 3, 4)]","[('log', 2, None)]","[('int', 3, 4)]","{('log', 2, None): -4.504014530783782}","{('int', 3, 4): 2.335142844101626}",dgp6,sr_pds,NL + mild NL conf.,SR-PDS,0.5
492,False,0.44649452889301444,0.2627631798155602,-0.06852130354548347,0.9615103613315124,sr_pds,sr_pds,"[('cubic', 0, 1)]","[('int', 3, 4)]","[('cubic', 0, 1)]","[('int', 3, 4)]","{('cubic', 0, 1): 5.1948070576970204}","{('int', 3, 4): 2.6591256681619866}",dgp6,sr_pds,NL + mild NL conf.,SR-PDS,0.5
493,False,0.5448508347053977,0.0445492574933624,0.45753429001840745,0.6321673793923881,sr_pds,sr_pds,"[('cubic', 0, 1), ('log', 2, None)]","[('int', 3, 4)]","[('cubic', 0, 1), ('log', 2, None)]","[('int', 3, 4)]","{('cubic', 0, 1): 4.9786399639591785, ('log', 2, None): -5.005619300652852}","{('int', 3, 4): 2.922485746344145}",dgp6,sr_pds,NL + mild NL conf.,SR-PDS,0.5
494,False,0.5161048373572893,0.24837124182896908,0.029297203372509906,1.0029124713420687,sr_pds,sr_pds,"[('cubic', 0, 1)]","[('int', 3, 4)]","[('cubic', 0, 1)]","[('int', 3, 4)]","{('cubic', 0, 1): 5.262984694466757}","{('int', 3, 4): 2.6807905263820797}",dgp6,sr_pds,NL + mild NL conf.,SR-PDS,0.5
495,False,0.29396190676309186,0.21257485481799734,-0.12268480868018294,0.7106086222063667,sr_pds,sr_pds,"[('cubic', 0, 1)]","[('int', 3, 4)]","[('cubic', 0, 1)]","[('int', 3, 4)]","{('cubic', 0, 1): 4.683533096169994}","{('int', 3, 4): 3.374135669821808}",dgp6,sr_pds,NL + mild NL conf.,SR-PDS,0.5
496,False,0.3183131888944638,0.2320810189623502,-0.13656560827174258,0.7731919860606702,sr_pds,sr_pds,"[('cubic', 0, 1), ('int', 3, 4)]","[('int', 3, 4)]","[('cubic', 0, 1), ('int', 3, 4)]","[('int', 3, 4)]","{('cubic', 0, 1): 4.882376450706928, ('int', 3, 4): 3.6945070295922133}","{('int', 3, 4): 3.6945070295922133}",dgp6,sr_pds,NL + mild NL conf.,SR-PDS,0.5
497,False,0.3483975754441702,0.2651501942344755,-0.17129680525540175,0.8680919561437421,sr_pds,sr_pds,"[('cubic', 0, 1)]","[('int', 3, 4)]","[('cubic', 0, 1)]","[('int', 3, 4)]","{('cubic', 0, 1): 4.890520634356934}","{('int', 3, 4): 3.4013330992808903}",dgp6,sr_pds,NL + mild NL conf.,SR-PDS,0.5
498,False,0.8116916930806068,0.25981168051944553,0.3024607992624936,1.3209225868987202,sr_pds,sr_pds,"[('cubic', 0, 1)]","[('int', 3, 4)]","[('cubic', 0, 1)]","[('int', 3, 4)]","{('cubic', 0, 1): 4.849967129345456}","{('int', 3, 4): 2.875447629574535}",dgp6,sr_pds,NL + mild NL conf.,SR-PDS,0.5
499,False,0.6310535308748393,0.24528203193314024,0.1503007482858844,1.111806313463794,sr_pds,sr_pds,"[('cubic', 0, 1)]","[('int', 3, 4)]","[('cubic', 0, 1)]","[('int', 3, 4)]","{('cubic', 0, 1): 4.760855222972409}","{('int', 3, 4): 2.5041190399047966}",dgp6,sr_pds,NL + mild NL conf.,SR-PDS,0.5
