seed,failed,beta_hat,se,ci_low,ci_high,sr_pds_variant,epds_variant,pre_lasso_terms_y,pre_lasso_terms_d,post_lasso_terms_y,post_lasso_terms_d,term_coefs_y,term_coefs_d,dgp,estimator,dgp_label,est_label,beta0
0,False,0.49891149247143546,0.04969239746699235,0.4015143934361305,0.5963085915067404,sr_pds,sr_pds,"[('cubic', 0, 1), ('int', 3, 4), ('log', 2, None)]","[('cubic', 0, 1), ('int', 3, 4)]","[('cubic', 0, 1), ('int', 3, 4), ('log', 2, None)]","[('cubic', 0, 1), ('int', 3, 4)]","{('cubic', 0, 1): 4.962563855004978, ('int', 3, 4): 2.941457137752357, ('log', 2, None): -5.027427170821746}","{('cubic', 0, 1): 4.962563855004978, ('int', 3, 4): 2.941457137752357}",dgp7,sr_pds,NL + severe NL conf.,SR-PDS,0.5
1,False,0.4989843143536423,0.04556125737930236,0.4096842498902097,0.588284378817075,sr_pds,sr_pds,"[('cubic', 0, 1), ('log', 2, None)]","[('int', 3, 4)]","[('cubic', 0, 1), ('log', 2, None)]","[('int', 3, 4)]","{('cubic', 0, 1): 4.971429011309264, ('log', 2, None): -4.908349975500098}","{('int', 3, 4): 3.143461673625649}",dgp7,sr_pds,NL + severe NL conf.,SR-PDS,0.5
2,False,1.383325431898428,0.07397161128270101,1.2383410737843341,1.528309790012522,sr_pds,sr_pds,"[('cubic', 0, 1)]","[('cubic', 0, 1)]","[('cubic', 0, 1)]","[('cubic', 0, 1)]","{('cubic', 0, 1): 3.1765502881999548}","{('cubic', 0, 1): 3.1765502881999548}",dgp7,sr_pds,NL + severe NL conf.,SR-PDS,0.5
3,False,0.4759513930263852,0.042958748460685134,0.3917522460434424,0.5601505400093281,sr_pds,sr_pds,"[('cubic', 0, 1), ('log', 2, None)]","[('cubic', 0, 1), ('int', 3, 4)]","[('cubic', 0, 1), ('log', 2, None)]","[('cubic', 0, 1), ('int', 3, 4)]","{('cubic', 0, 1): 5.039405378597576, ('log', 2, None): -4.9674652980552585}","{('cubic', 0, 1): 5.039405378597576, ('int', 3, 4): 3.1503326753900334}",dgp7,sr_pds,NL + severe NL conf.,SR-PDS,0.5
4,False,0.3993597753659174,0.2631580961139986,-0.11643009301751983,0.9151496437493546,sr_pds,sr_pds,"[('cubic', 0, 1), ('int', 3, 4)]","[('cubic', 0, 1), ('int', 3, 4)]","[('cubic', 0, 1), ('int', 3, 4)]","[('cubic', 0, 1), ('int', 3, 4)]","{('cubic', 0, 1): 4.894877643510215, ('int', 3, 4): 3.411283034332355}","{('cubic', 0, 1): 4.894877643510215, ('int', 3, 4): 3.411283034332355}",dgp7,sr_pds,NL + severe NL conf.,SR-PDS,0.5
5,False,0.423028792537273,0.043600597418382216,0.33757162159724385,0.5084859634773021,sr_pds,sr_pds,"[('cubic', 0, 1), ('log', 2, None)]","[('cubic', 0, 1), ('int', 3, 4)]","[('cubic', 0, 1), ('log', 2, None)]","[('cubic', 0, 1), ('int', 3, 4)]","{('cubic', 0, 1): 5.131577491343285, ('log', 2, None): -4.977189330228748}","{('cubic', 0, 1): 5.131577491343285, ('int', 3, 4): 3.2985721223667195}",dgp7,sr_pds,NL + severe NL conf.,SR-PDS,0.5
6,False,0.2593394095995076,0.2139896518233078,-0.16008030797417572,0.6787591271731909,sr_pds,sr_pds,"[('cubic', 0, 1)]","[('cubic', 0, 1), ('int', 3, 4)]","[('cubic', 0, 1)]","[('cubic', 0, 1), ('int', 3, 4)]","{('cubic', 0, 1): 5.751940087961702}","{('cubic', 0, 1): 5.751940087961702, ('int', 3, 4): 3.875035298901223}",dgp7,sr_pds,NL + severe NL conf.,SR-PDS,0.5
7,False,0.4606102683892162,0.26752924530722183,-0.0637470524129386,0.984967589191371,sr_pds,sr_pds,"[('cubic', 0, 1)]","[('cubic', 0, 1), ('int', 3, 4)]","[('cubic', 0, 1)]","[('cubic', 0, 1), ('int', 3, 4)]","{('cubic', 0, 1): 4.89674934303641}","{('cubic', 0, 1): 4.89674934303641, ('int', 3, 4): 3.2958051083872686}",dgp7,sr_pds,NL + severe NL conf.,SR-PDS,0.5
8,False,0.9967824855842626,0.26163401623015736,0.48397981377315424,1.509585157395371,sr_pds,sr_pds,"[('cubic', 0, 1)]","[('cubic', 0, 1), ('int', 3, 4)]","[('cubic', 0, 1)]","[('cubic', 0, 1), ('int', 3, 4)]","{('cubic', 0, 1): 4.192538746499389}","{('cubic', 0, 1): 4.192538746499389, ('int', 3, 4): 1.0082844050411897}",dgp7,sr_pds,NL + severe NL conf.,SR-PDS,0.5
9,False,0.48683860878281005,0.08468830747683076,0.32084952612822176,0.6528276914373983,sr_pds,sr_pds,"[('cubic', 0, 1), ('sqrt', 2, None)]","[('cubic', 0, 1), ('int', 3, 4)]","[('cubic', 0, 1), ('sqrt', 2, None)]","[('cubic', 0, 1), ('int', 3, 4)]","{('cubic', 0, 1): 4.988319404370422, ('sqrt', 2, None): -14.604735679946007}","{('cubic', 0, 1): 4.988319404370422, ('int', 3, 4): 3.0562548969997057}",dgp7,sr_pds,NL + severe NL conf.,SR-PDS,0.5
10,False,0.4494163631835888,0.04142243346181601,0.3682283935984294,0.5306043327687482,sr_pds,sr_pds,"[('cubic', 0, 1), ('log', 2, None)]","[('cubic', 0, 1), ('int', 3, 4)]","[('cubic', 0, 1), ('log', 2, None)]","[('cubic', 0, 1), ('int', 3, 4)]","{('cubic', 0, 1): 5.076497900150557, ('log', 2, None): -5.051077957031975}","{('cubic', 0, 1): 5.076497900150557, ('int', 3, 4): 3.1560235504596257}",dgp7,sr_pds,NL + severe NL conf.,SR-PDS,0.5
11,False,0.6950960241210248,0.2355607263077917,0.23339700055775303,1.1567950476842965,sr_pds,sr_pds,"[('cubic', 0, 1)]","[('cubic', 0, 1), ('int', 3, 4)]","[('cubic', 0, 1)]","[('cubic', 0, 1), ('int', 3, 4)]","{('cubic', 0, 1): 4.3841530189597275}","{('cubic', 0, 1): 4.3841530189597275, ('int', 3, 4): 2.1087847490522282}",dgp7,sr_pds,NL + severe NL conf.,SR-PDS,0.5
12,False,0.5307643265962598,0.24470395985418886,0.05114456528204969,1.01038408791047,sr_pds,sr_pds,"[('cubic', 0, 1)]","[('cubic', 0, 1), ('int', 3, 4)]","[('cubic', 0, 1)]","[('cubic', 0, 1), ('int', 3, 4)]","{('cubic', 0, 1): 4.6841348727764105}","{('cubic', 0, 1): 4.6841348727764105, ('int', 3, 4): 2.28535289855592}",dgp7,sr_pds,NL + severe NL conf.,SR-PDS,0.5
13,False,0.43839799444301353,0.305034292356092,-0.15946921857492669,1.0362652074609537,sr_pds,sr_pds,"[('cubic', 0, 1)]","[('cubic', 0, 1), ('int', 3, 4)]","[('cubic', 0, 1)]","[('cubic', 0, 1), ('int', 3, 4)]","{('cubic', 0, 1): 5.004472759062267}","{('cubic', 0, 1): 5.004472759062267, ('int', 3, 4): 3.159772660480227}",dgp7,sr_pds,NL + severe NL conf.,SR-PDS,0.5
14,False,0.2700337708244323,0.23698131336914421,-0.19444960337909034,0.734517145027955,sr_pds,sr_pds,"[('cubic', 0, 1)]","[('cubic', 0, 1), ('int', 3, 4)]","[('cubic', 0, 1)]","[('cubic', 0, 1), ('int', 3, 4)]","{('cubic', 0, 1): 5.368221867897892}","{('cubic', 0, 1): 5.368221867897892, ('int', 3, 4): 4.157721199040761}",dgp7,sr_pds,NL + severe NL conf.,SR-PDS,0.5
15,False,0.33714108131218545,0.20277111975095283,-0.060290313399682105,0.7345724760240531,sr_pds,sr_pds,"[('cubic', 0, 1)]","[('cubic', 0, 1), ('int', 3, 4)]","[('cubic', 0, 1)]","[('cubic', 0, 1), ('int', 3, 4)]","{('cubic', 0, 1): 5.579826811195868}","{('cubic', 0, 1): 5.579826811195868, ('int', 3, 4): 3.2063380109871913}",dgp7,sr_pds,NL + severe NL conf.,SR-PDS,0.5
16,False,0.6306306294447634,0.24090723243292886,0.15845245387622287,1.102808805013304,sr_pds,sr_pds,"[('cubic', 0, 1), ('int', 3, 4)]","[('cubic', 0, 1), ('int', 3, 4)]","[('cubic', 0, 1), ('int', 3, 4)]","[('cubic', 0, 1), ('int', 3, 4)]","{('cubic', 0, 1): 4.655978872393343, ('int', 3, 4): 2.7660555289350457}","{('cubic', 0, 1): 4.655978872393343, ('int', 3, 4): 2.7660555289350457}",dgp7,sr_pds,NL + severe NL conf.,SR-PDS,0.5
17,False,0.9424609350571516,0.23926701755918045,0.4734975806411579,1.4114242894731452,sr_pds,sr_pds,"[('cubic', 0, 1), ('int', 3, 4)]","[('cubic', 0, 1), ('int', 3, 4)]","[('cubic', 0, 1), ('int', 3, 4)]","[('cubic', 0, 1), ('int', 3, 4)]","{('cubic', 0, 1): 4.41235001766589, ('int', 3, 4): 1.8467416998353052}","{('cubic', 0, 1): 4.41235001766589, ('int', 3, 4): 1.8467416998353052}",dgp7,sr_pds,NL + severe NL conf.,SR-PDS,0.5
18,False,0.33619186594298545,0.2606623398370609,-0.17470632013765386,0.8470900520236248,sr_pds,sr_pds,"[('cubic', 0, 1)]","[('cubic', 0, 1), ('int', 3, 4)]","[('cubic', 0, 1)]","[('cubic', 0, 1), ('int', 3, 4)]","{('cubic', 0, 1): 5.285815101675184}","{('cubic', 0, 1): 5.285815101675184, ('int', 3, 4): 3.6333125495253786}",dgp7,sr_pds,NL + severe NL conf.,SR-PDS,0.5
19,False,0.9136058927395979,0.22101289224713283,0.48042062393521756,1.3467911615439783,sr_pds,sr_pds,"[('cubic', 0, 1)]","[('cubic', 0, 1), ('int', 0, 1), ('int', 3, 4)]","[('cubic', 0, 1)]","[('cubic', 0, 1), ('int', 0, 1), ('int', 3, 4)]","{('cubic', 0, 1): 4.094816060454763}","{('cubic', 0, 1): 4.094816060454763, ('int', 0, 1): -0.48343001021280996, ('int', 3, 4): 1.9718338215949918}",dgp7,sr_pds,NL + severe NL conf.,SR-PDS,0.5
20,False,0.4632682305787231,0.04240676030685006,0.38015098037729694,0.5463854807801491,sr_pds,sr_pds,"[('cubic', 0, 1), ('log', 2, None)]","[('cubic', 0, 1), ('int', 3, 4)]","[('cubic', 0, 1), ('log', 2, None)]","[('cubic', 0, 1), ('int', 3, 4)]","{('cubic', 0, 1): 5.129052781582533, ('log', 2, None): -5.076451750635782}","{('cubic', 0, 1): 5.129052781582533, ('int', 3, 4): 3.182654570620964}",dgp7,sr_pds,NL + severe NL conf.,SR-PDS,0.5
21,False,0.6150329012160529,0.2824414462446623,0.0614476665765149,1.168618135855591,sr_pds,sr_pds,"[('cubic', 0, 1), ('int', 3, 4)]","[('cubic', 0, 1)]","[('cubic', 0, 1), ('int', 3, 4)]","[('cubic', 0, 1)]","{('cubic', 0, 1): 4.686071959459452, ('int', 3, 4): 2.4186105469955455}","{('cubic', 0, 1): 4.686071959459452}",dgp7,sr_pds,NL + severe NL conf.,SR-PDS,0.5
22,False,1.2491860481109922,0.07440367240877187,1.1033548501897994,1.395017246032185,sr_pds,sr_pds,"[('cubic', 0, 1)]","[('cubic', 0, 1)]","[('cubic', 0, 1)]","[('cubic', 0, 1)]","{('cubic', 0, 1): 3.449277680886022}","{('cubic', 0, 1): 3.449277680886022}",dgp7,sr_pds,NL + severe NL conf.,SR-PDS,0.5
23,False,0.4790632235853702,0.043252600542432275,0.3942881265222029,0.5638383206485374,sr_pds,sr_pds,"[('cubic', 0, 1), ('log', 2, None)]","[('cubic', 0, 1), ('int', 3, 4)]","[('cubic', 0, 1), ('log', 2, None)]","[('cubic', 0, 1), ('int', 3, 4)]","{('cubic', 0, 1): 5.028277809793371, ('log', 2, None): -5.009578779709385}","{('cubic', 0, 1): 5.028277809793371, ('int', 3, 4): 3.0083683847431733}",dgp7,sr_pds,NL + severe NL conf.,SR-PDS,0.5
24,False,0.8302824642447902,0.24909262567392215,0.3420609179239028,1.3185040105656776,sr_pds,sr_pds,"[('cubic', 0, 1)]","[('cubic', 0, 1), ('int', 3, 4)]","[('cubic', 0, 1)]","[('cubic', 0, 1), ('int', 3, 4)]","{('cubic', 0, 1): 4.263108877090713}","{('cubic', 0, 1): 4.263108877090713, ('int', 3, 4): 2.2021591462980643}",dgp7,sr_pds,NL + severe NL conf.,SR-PDS,0.5
25,False,0.23330449465446698,0.255289811621291,-0.2670635361232633,0.7336725254321973,sr_pds,sr_pds,"[('cubic', 0, 1)]","[('cubic', 0, 1), ('int', 3, 4)]","[('cubic', 0, 1)]","[('cubic', 0, 1), ('int', 3, 4)]","{('cubic', 0, 1): 5.5125949430164605}","{('cubic', 0, 1): 5.5125949430164605, ('int', 3, 4): 4.1057153445195445}",dgp7,sr_pds,NL + severe NL conf.,SR-PDS,0.5
26,False,0.38175725839465585,0.25984204744836137,-0.12753315460413245,0.8910476713934441,sr_pds,sr_pds,"[('cubic', 0, 1)]","[('cubic', 0, 1), ('int', 3, 4)]","[('cubic', 0, 1)]","[('cubic', 0, 1), ('int', 3, 4)]","{('cubic', 0, 1): 5.132846104002635}","{('cubic', 0, 1): 5.132846104002635, ('int', 3, 4): 3.6748142880164174}",dgp7,sr_pds,NL + severe NL conf.,SR-PDS,0.5
27,False,0.5932562048820174,0.2520307523519453,0.0992759302722046,1.08723647949183,sr_pds,sr_pds,"[('cubic', 0, 1)]","[('cubic', 0, 1), ('int', 3, 4)]","[('cubic', 0, 1)]","[('cubic', 0, 1), ('int', 3, 4)]","{('cubic', 0, 1): 5.003825690879367}","{('cubic', 0, 1): 5.003825690879367, ('int', 3, 4): 3.055886657500854}",dgp7,sr_pds,NL + severe NL conf.,SR-PDS,0.5
28,False,0.5395271127149068,0.26911990972973476,0.012052089644626673,1.067002135785187,sr_pds,sr_pds,"[('cubic', 0, 1)]","[('cubic', 0, 1), ('int', 3, 4)]","[('cubic', 0, 1)]","[('cubic', 0, 1), ('int', 3, 4)]","{('cubic', 0, 1): 5.023454072734948}","{('cubic', 0, 1): 5.023454072734948, ('int', 3, 4): 3.0606285610562094}",dgp7,sr_pds,NL + severe NL conf.,SR-PDS,0.5
29,False,0.7733648297970522,0.23709323102449897,0.30866209698903424,1.2380675626050701,sr_pds,sr_pds,"[('cubic', 0, 1), ('int', 3, 4)]","[('cubic', 0, 1), ('int', 3, 4)]","[('cubic', 0, 1), ('int', 3, 4)]","[('cubic', 0, 1), ('int', 3, 4)]","{('cubic', 0, 1): 4.289584935388548, ('int', 3, 4): 2.633553065420388}","{('cubic', 0, 1): 4.289584935388548, ('int', 3, 4): 2.633553065420388}",dgp7,sr_pds,NL + severe NL conf.,SR-PDS,0.5
30,False,1.359924048718659,0.025542804038201992,1.3098601528037832,1.4099879446335348,sr_pds,sr_pds,"[('cubic', 0, 1), ('log', 2, None)]","[('cubic', 0, 1)]","[('cubic', 0, 1), ('log', 2, None)]","[('cubic', 0, 1)]","{('cubic', 0, 1): 3.281560840217959, ('log', 2, None): -5.000030361668508}","{('cubic', 0, 1): 3.281560840217959}",dgp7,sr_pds,NL + severe NL conf.,SR-PDS,0.5
31,False,0.4901547262125225,0.25699368279341983,-0.013552892062580424,0.9938623444876253,sr_pds,sr_pds,[],"[('cubic', 0, 1), ('int', 3, 4)]",[],"[('cubic', 0, 1), ('int', 3, 4)]",{},"{('cubic', 0, 1): 5.363291336617762, ('int', 3, 4): 3.174271519218779}",dgp7,sr_pds,NL + severe NL conf.,SR-PDS,0.5
32,False,0.2018780351467254,0.24229803704530609,-0.2730261174620745,0.6767821877555253,sr_pds,sr_pds,"[('cubic', 0, 1), ('int', 3, 4)]","[('cubic', 0, 1), ('int', 3, 4)]","[('cubic', 0, 1), ('int', 3, 4)]","[('cubic', 0, 1), ('int', 3, 4)]","{('cubic', 0, 1): 5.510911839496415, ('int', 3, 4): 3.8811698247166326}","{('cubic', 0, 1): 5.510911839496415, ('int', 3, 4): 3.8811698247166326}",dgp7,sr_pds,NL + severe NL conf.,SR-PDS,0.5
33,False,1.3919788237823065,0.020494454510607052,1.3518096929415166,1.4321479546230964,sr_pds,sr_pds,"[('cubic', 0, 1), ('log', 2, None)]","[('cubic', 0, 1)]","[('cubic', 0, 1), ('log', 2, None)]","[('cubic', 0, 1)]","{('cubic', 0, 1): 3.242402195058577, ('log', 2, None): -4.943577357398271}","{('cubic', 0, 1): 3.242402195058577}",dgp7,sr_pds,NL + severe NL conf.,SR-PDS,0.5
34,False,0.7516887014178434,0.253219751047808,0.25537798936413975,1.247999413471547,sr_pds,sr_pds,"[('cubic', 0, 1)]","[('cubic', 0, 1), ('int', 3, 4)]","[('cubic', 0, 1)]","[('cubic', 0, 1), ('int', 3, 4)]","{('cubic', 0, 1): 4.166723338774324}","{('cubic', 0, 1): 4.166723338774324, ('int', 3, 4): 1.8788208401192994}",dgp7,sr_pds,NL + severe NL conf.,SR-PDS,0.5
35,False,0.6477624468029497,0.0994415080200438,0.4528570910836639,0.8426678025222355,sr_pds,sr_pds,"[('cubic', 0, 1), ('sqrt', 2, None)]","[('cubic', 0, 1), ('int', 3, 4)]","[('cubic', 0, 1), ('sqrt', 2, None)]","[('cubic', 0, 1), ('int', 3, 4)]","{('cubic', 0, 1): 4.753550105988419, ('sqrt', 2, None): -15.131158911140243}","{('cubic', 0, 1): 4.753550105988419, ('int', 3, 4): 2.388767674409405}",dgp7,sr_pds,NL + severe NL conf.,SR-PDS,0.5
36,False,0.48909327113295253,0.045533759660833034,0.3998471021977198,0.5783394400681853,sr_pds,sr_pds,"[('cubic', 0, 1), ('log', 2, None)]","[('cubic', 0, 1), ('int', 3, 4)]","[('cubic', 0, 1), ('log', 2, None)]","[('cubic', 0, 1), ('int', 3, 4)]","{('cubic', 0, 1): 5.058666706149839, ('log', 2, None): -4.920754518857243}","{('cubic', 0, 1): 5.058666706149839, ('int', 3, 4): 3.018220903616684}",dgp7,sr_pds,NL + severe NL conf.,SR-PDS,0.5
37,False,0.3920964196973041,0.2762750286400096,-0.14940263643711466,0.9335954758317229,sr_pds,sr_pds,"[('cubic', 0, 1)]","[('cubic', 0, 1), ('int', 3, 4)]","[('cubic', 0, 1)]","[('cubic', 0, 1), ('int', 3, 4)]","{('cubic', 0, 1): 5.23517317607098}","{('cubic', 0, 1): 5.23517317607098, ('int', 3, 4): 3.2509832801830636}",dgp7,sr_pds,NL + severe NL conf.,SR-PDS,0.5
38,False,0.3536468834894453,0.23545683683240545,-0.10784851670206941,0.81514228368096,sr_pds,sr_pds,"[('cubic', 0, 1)]","[('cubic', 0, 1), ('int', 3, 4), ('sq', 0, None)]","[('cubic', 0, 1)]","[('cubic', 0, 1), ('int', 3, 4), ('sq', 0, None)]","{('cubic', 0, 1): 5.194054490290347}","{('cubic', 0, 1): 5.194054490290347, ('int', 3, 4): 3.408361039489017, ('sq', 0, None): 0.1606030345663021}",dgp7,sr_pds,NL + severe NL conf.,SR-PDS,0.5
39,False,2.491851223804936,0.11026382339887666,2.2757341299431375,2.7079683176667344,sr_pds,sr_pds,[],"[('int', 3, 4)]",[],"[('int', 3, 4)]",{},"{('int', 3, 4): -3.233122789298929}",dgp7,sr_pds,NL + severe NL conf.,SR-PDS,0.5
40,False,0.0731788675020624,0.2248959419463281,-0.3676171787127407,0.5139749137168654,sr_pds,sr_pds,"[('cubic', 0, 1)]","[('cubic', 0, 1), ('int', 3, 4)]","[('cubic', 0, 1)]","[('cubic', 0, 1), ('int', 3, 4)]","{('cubic', 0, 1): 6.264009591236913}","{('cubic', 0, 1): 6.264009591236913, ('int', 3, 4): 4.616378837327757}",dgp7,sr_pds,NL + severe NL conf.,SR-PDS,0.5
41,False,-0.010504839951099392,0.25096376880159643,-0.5023938268022283,0.48138414690002956,sr_pds,sr_pds,"[('cubic', 0, 1)]","[('cubic', 0, 1), ('int', 3, 4)]","[('cubic', 0, 1)]","[('cubic', 0, 1), ('int', 3, 4)]","{('cubic', 0, 1): 6.014543578024069}","{('cubic', 0, 1): 6.014543578024069, ('int', 3, 4): 4.303722896504687}",dgp7,sr_pds,NL + severe NL conf.,SR-PDS,0.5
42,False,0.42194244616845983,0.23993270173587442,-0.04832564923385402,0.8922105415707737,sr_pds,sr_pds,"[('cubic', 0, 1), ('int', 3, 4)]","[('cubic', 0, 1), ('int', 3, 4)]","[('cubic', 0, 1), ('int', 3, 4)]","[('cubic', 0, 1), ('int', 3, 4)]","{('cubic', 0, 1): 5.3035260107647995, ('int', 3, 4): 2.739845513079132}","{('cubic', 0, 1): 5.3035260107647995, ('int', 3, 4): 2.739845513079132}",dgp7,sr_pds,NL + severe NL conf.,SR-PDS,0.5
43,False,0.7489123214930185,0.2652767666718345,0.2289698588162229,1.2688547841698141,sr_pds,sr_pds,"[('cubic', 0, 1)]","[('cubic', 0, 1), ('int', 3, 4)]","[('cubic', 0, 1)]","[('cubic', 0, 1), ('int', 3, 4)]","{('cubic', 0, 1): 4.382162746644579}","{('cubic', 0, 1): 4.382162746644579, ('int', 3, 4): 2.455515139795489}",dgp7,sr_pds,NL + severe NL conf.,SR-PDS,0.5
44,False,0.41388468322910804,0.14671421776187926,0.12632481641582471,0.7014445500423914,sr_pds,sr_pds,"[('cubic', 0, 1), ('sqrt', 2, None)]","[('cubic', 0, 1), ('int', 3, 4)]","[('cubic', 0, 1), ('sqrt', 2, None)]","[('cubic', 0, 1), ('int', 3, 4)]","{('cubic', 0, 1): 5.119432041478789, ('sqrt', 2, None): -15.67631801489662}","{('cubic', 0, 1): 5.119432041478789, ('int', 3, 4): 3.225636637950686}",dgp7,sr_pds,NL + severe NL conf.,SR-PDS,0.5
45,False,0.4523516524523175,0.27252058865598383,-0.08178870131341082,0.9864920062180458,sr_pds,sr_pds,"[('cubic', 0, 1), ('int', 3, 4)]","[('cubic', 0, 1), ('int', 3, 4)]","[('cubic', 0, 1), ('int', 3, 4)]","[('cubic', 0, 1), ('int', 3, 4)]","{('cubic', 0, 1): 4.909228003842608, ('int', 3, 4): 3.3060382359017955}","{('cubic', 0, 1): 4.909228003842608, ('int', 3, 4): 3.3060382359017955}",dgp7,sr_pds,NL + severe NL conf.,SR-PDS,0.5
46,False,0.4325967087334009,0.046374671372240384,0.34170235284380973,0.523491064622992,sr_pds,sr_pds,"[('cubic', 0, 1), ('log', 2, None)]","[('cubic', 0, 1), ('int', 3, 4), ('sq', 0, None)]","[('cubic', 0, 1), ('log', 2, None)]","[('cubic', 0, 1), ('int', 3, 4)]","{('cubic', 0, 1): 5.129368180389548, ('log', 2, None): -5.002714933355289}","{('cubic', 0, 1): 5.129368180389548, ('int', 3, 4): 3.157722884333786}",dgp7,sr_pds,NL + severe NL conf.,SR-PDS,0.5
47,False,1.4300684298940611,0.02087965990868145,1.3891442964730456,1.4709925633150767,sr_pds,sr_pds,"[('cubic', 0, 1), ('log', 2, None)]","[('cubic', 0, 1)]","[('cubic', 0, 1), ('log', 2, None)]","[('cubic', 0, 1)]","{('cubic', 0, 1): 3.167654719293212, ('log', 2, None): -4.974994193576424}","{('cubic', 0, 1): 3.167654719293212}",dgp7,sr_pds,NL + severe NL conf.,SR-PDS,0.5
48,False,0.5477457091678468,0.04321643515456624,0.463041496264897,0.6324499220707966,sr_pds,sr_pds,"[('cubic', 0, 1), ('log', 2, None)]","[('cubic', 0, 1), ('int', 3, 4)]","[('cubic', 0, 1), ('log', 2, None)]","[('cubic', 0, 1), ('int', 3, 4)]","{('cubic', 0, 1): 4.934706913301898, ('log', 2, None): -4.980141407411893}","{('cubic', 0, 1): 4.934706913301898, ('int', 3, 4): 2.8488997053820335}",dgp7,sr_pds,NL + severe NL conf.,SR-PDS,0.5
49,False,0.3304028429781165,0.22760209904783793,-0.11569727115564582,0.7765029571118789,sr_pds,sr_pds,"[('cubic', 0, 1)]","[('cubic', 0, 1), ('int', 3, 4)]","[('cubic', 0, 1)]","[('cubic', 0, 1), ('int', 3, 4)]","{('cubic', 0, 1): 5.376114508536336}","{('cubic', 0, 1): 5.376114508536336, ('int', 3, 4): 3.3954850537048387}",dgp7,sr_pds,NL + severe NL conf.,SR-PDS,0.5
50,False,0.5055125272769864,0.04485841603969202,0.41759003183919,0.5934350227147828,sr_pds,sr_pds,"[('cubic', 0, 1), ('log', 2, None)]","[('cubic', 0, 1), ('int', 3, 4)]","[('cubic', 0, 1), ('log', 2, None)]","[('cubic', 0, 1), ('int', 3, 4)]","{('cubic', 0, 1): 4.9653359307325875, ('log', 2, None): -5.001741520789915}","{('cubic', 0, 1): 4.9653359307325875, ('int', 3, 4): 3.011264629006233}",dgp7,sr_pds,NL + severe NL conf.,SR-PDS,0.5
51,False,0.562216813376559,0.2592671267153911,0.05405324501439246,1.0703803817387256,sr_pds,sr_pds,"[('cubic', 0, 1)]","[('cubic', 0, 1), ('int', 3, 4)]","[('cubic', 0, 1)]","[('cubic', 0, 1), ('int', 3, 4)]","{('cubic', 0, 1): 4.743113758832566}","{('cubic', 0, 1): 4.743113758832566, ('int', 3, 4): 2.8700419150488026}",dgp7,sr_pds,NL + severe NL conf.,SR-PDS,0.5
52,False,0.39734674031373785,0.24726664771467305,-0.0872958892070213,0.8819893698344969,sr_pds,sr_pds,"[('cubic', 0, 1)]","[('cubic', 0, 1), ('int', 3, 4)]","[('cubic', 0, 1)]","[('cubic', 0, 1), ('int', 3, 4)]","{('cubic', 0, 1): 5.4762519241856555}","{('cubic', 0, 1): 5.4762519241856555, ('int', 3, 4): 3.4971203529547927}",dgp7,sr_pds,NL + severe NL conf.,SR-PDS,0.5
53,False,0.3385482217310135,0.3068835619952809,-0.26294355977973705,0.9400400032417641,sr_pds,sr_pds,"[('cubic', 0, 1)]","[('cubic', 0, 1), ('int', 3, 4)]","[('cubic', 0, 1)]","[('cubic', 0, 1), ('int', 3, 4)]","{('cubic', 0, 1): 5.0042860769222015}","{('cubic', 0, 1): 5.0042860769222015, ('int', 3, 4): 3.2045519326146676}",dgp7,sr_pds,NL + severe NL conf.,SR-PDS,0.5
54,False,0.6247293316447267,0.24006852188506084,0.1541950287500074,1.095263634539446,sr_pds,sr_pds,"[('cubic', 0, 1)]","[('cubic', 0, 1), ('int', 3, 4)]","[('cubic', 0, 1)]","[('cubic', 0, 1), ('int', 3, 4)]","{('cubic', 0, 1): 4.788786462017689}","{('cubic', 0, 1): 4.788786462017689, ('int', 3, 4): 2.4252652737645364}",dgp7,sr_pds,NL + severe NL conf.,SR-PDS,0.5
55,False,-0.19353849808583035,0.2757466469616386,-0.734001926130642,0.3469249299589813,sr_pds,sr_pds,"[('cubic', 0, 1)]","[('cubic', 0, 1), ('int', 3, 4)]","[('cubic', 0, 1)]","[('cubic', 0, 1), ('int', 3, 4)]","{('cubic', 0, 1): 6.3920924611155785}","{('cubic', 0, 1): 6.3920924611155785, ('int', 3, 4): 5.2982565966846265}",dgp7,sr_pds,NL + severe NL conf.,SR-PDS,0.5
56,False,0.11886973178087265,0.25279680345252725,-0.3766120029860808,0.614351466547826,sr_pds,sr_pds,"[('cubic', 0, 1)]","[('cubic', 0, 1), ('int', 3, 4)]","[('cubic', 0, 1)]","[('cubic', 0, 1), ('int', 3, 4)]","{('cubic', 0, 1): 5.908504443747473}","{('cubic', 0, 1): 5.908504443747473, ('int', 3, 4): 4.07442834443215}",dgp7,sr_pds,NL + severe NL conf.,SR-PDS,0.5
57,False,0.9162041701632941,0.23344586330751485,0.458650278080565,1.3737580622460233,sr_pds,sr_pds,"[('cubic', 0, 1)]","[('cubic', 0, 1), ('int', 3, 4)]","[('cubic', 0, 1)]","[('cubic', 0, 1), ('int', 3, 4)]","{('cubic', 0, 1): 4.176940802749616}","{('cubic', 0, 1): 4.176940802749616, ('int', 3, 4): 1.8338526968499218}",dgp7,sr_pds,NL + severe NL conf.,SR-PDS,0.5
58,False,0.5650706968807603,0.04618371868781526,0.4745506082526424,0.6555907855088782,sr_pds,sr_pds,"[('cubic', 0, 1), ('int', 3, 4), ('log', 2, None)]","[('cubic', 0, 1), ('int', 3, 4)]","[('cubic', 0, 1), ('int', 3, 4), ('log', 2, None)]","[('cubic', 0, 1), ('int', 3, 4)]","{('cubic', 0, 1): 4.879215902496306, ('int', 3, 4): 2.843121532790493, ('log', 2, None): -4.978074506268953}","{('cubic', 0, 1): 4.879215902496306, ('int', 3, 4): 2.843121532790493}",dgp7,sr_pds,NL + severe NL conf.,SR-PDS,0.5
59,False,0.5831997448075712,0.04280146524099376,0.4993088729352234,0.667090616679919,sr_pds,sr_pds,"[('cubic', 0, 1), ('log', 2, None)]","[('cubic', 0, 1), ('int', 3, 4)]","[('cubic', 0, 1), ('log', 2, None)]","[('cubic', 0, 1), ('int', 3, 4)]","{('cubic', 0, 1): 4.861648259256901, ('log', 2, None): -5.015564857011072}","{('cubic', 0, 1): 4.861648259256901, ('int', 3, 4): 2.7832819764420775}",dgp7,sr_pds,NL + severe NL conf.,SR-PDS,0.5
60,False,0.49308714131658177,0.07977430235946013,0.3367295086920399,0.6494447739411237,sr_pds,sr_pds,"[('sqrt', 2, None)]","[('cubic', 0, 1), ('int', 3, 4)]","[('sqrt', 2, None)]","[('cubic', 0, 1), ('int', 3, 4)]","{('sqrt', 2, None): -13.69771413177856}","{('cubic', 0, 1): 4.959625072553229, ('int', 3, 4): 2.911188432870541}",dgp7,sr_pds,NL + severe NL conf.,SR-PDS,0.5
61,False,1.369624305969074,0.06857392090818874,1.2352194209890242,1.504029190949124,sr_pds,sr_pds,"[('cubic', 0, 1)]","[('cubic', 0, 1)]","[('cubic', 0, 1)]","[('cubic', 0, 1)]","{('cubic', 0, 1): 3.3620489752511706}","{('cubic', 0, 1): 3.3620489752511706}",dgp7,sr_pds,NL + severe NL conf.,SR-PDS,0.5
62,False,0.5710385324259426,0.05078616883065088,0.4714976415178669,0.6705794233340183,sr_pds,sr_pds,"[('cubic', 0, 1), ('log', 2, None)]","[('cubic', 0, 1), ('int', 3, 4)]","[('cubic', 0, 1), ('log', 2, None)]","[('cubic', 0, 1), ('int', 3, 4)]","{('cubic', 0, 1): 4.859134676758351, ('log', 2, None): -5.089774204640548}","{('cubic', 0, 1): 4.859134676758351, ('int', 3, 4): 2.7330676363023367}",dgp7,sr_pds,NL + severe NL conf.,SR-PDS,0.5
63,False,0.20554380392330512,0.29978001116604247,-0.3820250179621381,0.7931126258087484,sr_pds,sr_pds,"[('cubic', 0, 1)]","[('cubic', 0, 1), ('int', 3, 4)]","[('cubic', 0, 1)]","[('cubic', 0, 1), ('int', 3, 4)]","{('cubic', 0, 1): 5.734753828639269}","{('cubic', 0, 1): 5.734753828639269, ('int', 3, 4): 4.03893635380655}",dgp7,sr_pds,NL + severe NL conf.,SR-PDS,0.5
64,False,0.6712552713636817,0.2403146389032514,0.20023857911330895,1.1422719636140544,sr_pds,sr_pds,"[('cubic', 0, 1), ('int', 3, 4)]","[('cubic', 0, 1), ('int', 3, 4)]","[('cubic', 0, 1), ('int', 3, 4)]","[('cubic', 0, 1), ('int', 3, 4)]","{('cubic', 0, 1): 4.747990268656515, ('int', 3, 4): 1.9645579998466283}","{('cubic', 0, 1): 4.747990268656515, ('int', 3, 4): 1.9645579998466283}",dgp7,sr_pds,NL + severe NL conf.,SR-PDS,0.5
65,False,1.4201774254606105,0.08908072796078091,1.24557919865748,1.594775652263741,sr_pds,sr_pds,"[('cubic', 0, 1)]","[('cubic', 0, 1)]","[('cubic', 0, 1)]","[('cubic', 0, 1)]","{('cubic', 0, 1): 2.943879732358262}","{('cubic', 0, 1): 2.943879732358262}",dgp7,sr_pds,NL + severe NL conf.,SR-PDS,0.5
66,False,1.3416008443358778,0.07438307908278576,1.1958100093336177,1.4873916793381379,sr_pds,sr_pds,"[('cubic', 0, 1)]","[('cubic', 0, 1)]","[('cubic', 0, 1)]","[('cubic', 0, 1)]","{('cubic', 0, 1): 3.552121056995941}","{('cubic', 0, 1): 3.552121056995941}",dgp7,sr_pds,NL + severe NL conf.,SR-PDS,0.5
67,False,1.2461129168059,0.08366696939894545,1.0821256567839668,1.4101001768278332,sr_pds,sr_pds,"[('cubic', 0, 1)]","[('cubic', 0, 1)]","[('cubic', 0, 1)]","[('cubic', 0, 1)]","{('cubic', 0, 1): 3.5324942759980256}","{('cubic', 0, 1): 3.5324942759980256}",dgp7,sr_pds,NL + severe NL conf.,SR-PDS,0.5
68,False,0.4907699744838799,0.04469942084101386,0.40315910963549273,0.578380839332267,sr_pds,sr_pds,"[('cubic', 0, 1), ('log', 2, None)]","[('cubic', 0, 1), ('int', 3, 4)]","[('cubic', 0, 1), ('log', 2, None)]","[('cubic', 0, 1), ('int', 3, 4)]","{('cubic', 0, 1): 5.032982337893375, ('log', 2, None): -4.971932075874456}","{('cubic', 0, 1): 5.032982337893375, ('int', 3, 4): 3.015237145243431}",dgp7,sr_pds,NL + severe NL conf.,SR-PDS,0.5
69,False,0.0959959551213229,0.25159351597327123,-0.3971273361862887,0.5891192464289345,sr_pds,sr_pds,"[('cubic', 0, 1)]","[('cubic', 0, 1), ('int', 3, 4)]","[('cubic', 0, 1)]","[('cubic', 0, 1), ('int', 3, 4)]","{('cubic', 0, 1): 5.991585682962223}","{('cubic', 0, 1): 5.991585682962223, ('int', 3, 4): 4.075112685663812}",dgp7,sr_pds,NL + severe NL conf.,SR-PDS,0.5
70,False,0.43503018414832323,0.04348145100436843,0.3498065401797611,0.5202538281168854,sr_pds,sr_pds,"[('log', 2, None)]","[('cubic', 0, 1), ('int', 3, 4)]","[('log', 2, None)]","[('cubic', 0, 1), ('int', 3, 4)]","{('log', 2, None): -4.976285071449038}","{('cubic', 0, 1): 5.125297731466497, ('int', 3, 4): 3.1452516073321504}",dgp7,sr_pds,NL + severe NL conf.,SR-PDS,0.5
71,False,0.5799160292034314,0.26256009303556466,0.06529824685372476,1.0945338115531382,sr_pds,sr_pds,"[('cubic', 0, 1)]","[('cubic', 0, 1), ('int', 3, 4)]","[('cubic', 0, 1)]","[('cubic', 0, 1), ('int', 3, 4)]","{('cubic', 0, 1): 4.859566786592402}","{('cubic', 0, 1): 4.859566786592402, ('int', 3, 4): 2.8758301802722603}",dgp7,sr_pds,NL + severe NL conf.,SR-PDS,0.5
72,False,0.4318085807817941,0.11869875876053229,0.19915901361115085,0.6644581479524374,sr_pds,sr_pds,"[('cubic', 0, 1), ('sqrt', 2, None)]","[('cubic', 0, 1), ('int', 3, 4)]","[('cubic', 0, 1), ('sqrt', 2, None)]","[('cubic', 0, 1), ('int', 3, 4)]","{('cubic', 0, 1): 5.152232708202668, ('sqrt', 2, None): -15.860442193517379}","{('cubic', 0, 1): 5.152232708202668, ('int', 3, 4): 3.2432849064895968}",dgp7,sr_pds,NL + severe NL conf.,SR-PDS,0.5
73,False,0.44132745370462206,0.2573361185393122,-0.0630513386324299,0.9457062460416741,sr_pds,sr_pds,"[('cubic', 0, 1)]","[('cubic', 0, 1), ('int', 3, 4)]","[('cubic', 0, 1)]","[('cubic', 0, 1), ('int', 3, 4)]","{('cubic', 0, 1): 4.936092496510114}","{('cubic', 0, 1): 4.936092496510114, ('int', 3, 4): 3.14161146227666}",dgp7,sr_pds,NL + severe NL conf.,SR-PDS,0.5
74,False,0.6315315625262558,0.24654150582360343,0.14831021111199305,1.1147529139405186,sr_pds,sr_pds,"[('cubic', 0, 1)]","[('cubic', 0, 1), ('int', 3, 4)]","[('cubic', 0, 1)]","[('cubic', 0, 1), ('int', 3, 4)]","{('cubic', 0, 1): 4.435840725626644}","{('cubic', 0, 1): 4.435840725626644, ('int', 3, 4): 2.8772095625588867}",dgp7,sr_pds,NL + severe NL conf.,SR-PDS,0.5
75,False,0.5406667909651433,0.04702460426420332,0.44849856660730475,0.6328350153229818,sr_pds,sr_pds,"[('cubic', 0, 1), ('log', 2, None)]","[('cubic', 0, 1), ('cubic', 0, 28), ('int', 0, 1), ('int', 0, 28), ('int', 3, 4)]","[('cubic', 0, 1), ('log', 2, None)]","[('cubic', 0, 1), ('int', 3, 4)]","{('cubic', 0, 1): 4.951696509979908, ('log', 2, None): -5.027272694299546}","{('cubic', 0, 1): 4.951696509979908, ('int', 3, 4): 2.862715061619583}",dgp7,sr_pds,NL + severe NL conf.,SR-PDS,0.5
76,False,-0.00824423324891033,0.24220829242542732,-0.48297248640274787,0.4664840199049272,sr_pds,sr_pds,"[('cubic', 0, 1), ('int', 3, 4)]","[('cubic', 0, 1), ('int', 3, 4)]","[('cubic', 0, 1), ('int', 3, 4)]","[('cubic', 0, 1), ('int', 3, 4)]","{('cubic', 0, 1): 6.258617275797595, ('int', 3, 4): 5.2203414825311745}","{('cubic', 0, 1): 6.258617275797595, ('int', 3, 4): 5.2203414825311745}",dgp7,sr_pds,NL + severe NL conf.,SR-PDS,0.5
77,False,0.6234466629818344,0.22336580502220912,0.1856496851383045,1.0612436408253643,sr_pds,sr_pds,"[('cubic', 0, 1), ('int', 3, 4), ('sq', 0, None)]","[('cubic', 0, 1), ('int', 3, 4)]","[('cubic', 0, 1), ('int', 3, 4), ('sq', 0, None)]","[('cubic', 0, 1), ('int', 3, 4)]","{('cubic', 0, 1): 4.976830669280848, ('int', 3, 4): 2.6746347618517783, ('sq', 0, None): 0.33299787657152746}","{('cubic', 0, 1): 4.976830669280848, ('int', 3, 4): 2.6746347618517783}",dgp7,sr_pds,NL + severe NL conf.,SR-PDS,0.5
78,False,1.297562551700643,0.08405190542186432,1.132820817073789,1.462304286327497,sr_pds,sr_pds,"[('cubic', 0, 1)]","[('cubic', 0, 1)]","[('cubic', 0, 1)]","[('cubic', 0, 1)]","{('cubic', 0, 1): 3.7312396576524334}","{('cubic', 0, 1): 3.7312396576524334}",dgp7,sr_pds,NL + severe NL conf.,SR-PDS,0.5
79,False,0.2899692337921217,0.12082888160480292,0.05314462584670798,0.5267938417375354,sr_pds,sr_pds,"[('cubic', 0, 1), ('sqrt', 2, None)]","[('int', 3, 4)]","[('cubic', 0, 1), ('sqrt', 2, None)]","[('int', 3, 4)]","{('cubic', 0, 1): 5.367470427212889, ('sqrt', 2, None): -14.976565719389535}","{('int', 3, 4): 3.6573053145505123}",dgp7,sr_pds,NL + severe NL conf.,SR-PDS,0.5
80,False,0.6979237076703243,0.23787716569009937,0.23168446291772954,1.1641629524229191,sr_pds,sr_pds,"[('cubic', 0, 1)]","[('cubic', 0, 1), ('int', 3, 4)]","[('cubic', 0, 1)]","[('cubic', 0, 1), ('int', 3, 4)]","{('cubic', 0, 1): 4.635804971371832}","{('cubic', 0, 1): 4.635804971371832, ('int', 3, 4): 1.9291966061033854}",dgp7,sr_pds,NL + severe NL conf.,SR-PDS,0.5
81,False,0.41462888202226283,0.26079247154117846,-0.0965243621984469,0.9257821262429726,sr_pds,sr_pds,"[('cubic', 0, 1)]","[('cubic', 0, 1), ('int', 3, 4)]","[('cubic', 0, 1)]","[('cubic', 0, 1), ('int', 3, 4)]","{('cubic', 0, 1): 5.274531907363139}","{('cubic', 0, 1): 5.274531907363139, ('int', 3, 4): 3.2799715234659343}",dgp7,sr_pds,NL + severe NL conf.,SR-PDS,0.5
82,False,0.5743529672365496,0.048196186022161594,0.47988844263311287,0.6688174918399863,sr_pds,sr_pds,"[('cubic', 0, 1), ('int', 0, 1), ('log', 2, None)]","[('cubic', 0, 1), ('int', 3, 4)]","[('cubic', 0, 1), ('log', 2, None)]","[('cubic', 0, 1), ('int', 3, 4)]","{('cubic', 0, 1): 4.809590339024874, ('log', 2, None): -5.0445179765713}","{('cubic', 0, 1): 4.809590339024874, ('int', 3, 4): 2.7885505244087985}",dgp7,sr_pds,NL + severe NL conf.,SR-PDS,0.5
83,False,0.5459508559618713,0.25228485395359407,0.05147254221282693,1.0404291697109156,sr_pds,sr_pds,"[('cubic', 0, 1)]","[('cubic', 0, 1), ('int', 3, 4)]","[('cubic', 0, 1)]","[('cubic', 0, 1), ('int', 3, 4)]","{('cubic', 0, 1): 4.949336338942534}","{('cubic', 0, 1): 4.949336338942534, ('int', 3, 4): 3.0247503141676226}",dgp7,sr_pds,NL + severe NL conf.,SR-PDS,0.5
84,False,0.5444276895421917,0.04531749360027505,0.4556054020856526,0.6332499769987308,sr_pds,sr_pds,"[('cubic', 0, 1), ('log', 2, None)]","[('cubic', 0, 1), ('int', 3, 4)]","[('cubic', 0, 1), ('log', 2, None)]","[('cubic', 0, 1), ('int', 3, 4)]","{('cubic', 0, 1): 4.889653108461687, ('log', 2, None): -5.039084056294844}","{('cubic', 0, 1): 4.889653108461687, ('int', 3, 4): 2.88380805103775}",dgp7,sr_pds,NL + severe NL conf.,SR-PDS,0.5
85,False,0.3227953509492349,0.2532846537233871,-0.1736425703486038,0.8192332722470737,sr_pds,sr_pds,"[('cubic', 0, 1)]","[('cubic', 0, 1), ('int', 3, 4)]","[('cubic', 0, 1)]","[('cubic', 0, 1), ('int', 3, 4)]","{('cubic', 0, 1): 5.210941606301968}","{('cubic', 0, 1): 5.210941606301968, ('int', 3, 4): 3.448503877399884}",dgp7,sr_pds,NL + severe NL conf.,SR-PDS,0.5
86,False,0.5398003418732207,0.2748247741641255,0.00114378451153474,1.0784568992349066,sr_pds,sr_pds,"[('cubic', 0, 1)]","[('cubic', 0, 1), ('int', 3, 4)]","[('cubic', 0, 1)]","[('cubic', 0, 1), ('int', 3, 4)]","{('cubic', 0, 1): 5.06810262572993}","{('cubic', 0, 1): 5.06810262572993, ('int', 3, 4): 2.9746765603945384}",dgp7,sr_pds,NL + severe NL conf.,SR-PDS,0.5
87,False,0.7308900748520128,0.2568460766520365,0.2274717646140213,1.2343083850900043,sr_pds,sr_pds,"[('cubic', 0, 1), ('int', 3, 4)]","[('cubic', 0, 1), ('int', 3, 4)]","[('cubic', 0, 1), ('int', 3, 4)]","[('cubic', 0, 1), ('int', 3, 4)]","{('cubic', 0, 1): 4.313793054832931, ('int', 3, 4): 2.6730016460252695}","{('cubic', 0, 1): 4.313793054832931, ('int', 3, 4): 2.6730016460252695}",dgp7,sr_pds,NL + severe NL conf.,SR-PDS,0.5
88,False,0.5701610357915186,0.2879127170855202,0.005852110303898983,1.1344699612791382,sr_pds,sr_pds,"[('cubic', 0, 1)]","[('cubic', 0, 1), ('int', 3, 4)]","[('cubic', 0, 1)]","[('cubic', 0, 1), ('int', 3, 4)]","{('cubic', 0, 1): 4.865764695003271}","{('cubic', 0, 1): 4.865764695003271, ('int', 3, 4): 2.609813392486019}",dgp7,sr_pds,NL + severe NL conf.,SR-PDS,0.5
89,False,0.4213739033037603,0.04818368287808031,0.3269338848627229,0.5158139217447977,sr_pds,sr_pds,"[('cubic', 0, 1), ('log', 2, None)]","[('cubic', 0, 1), ('int', 3, 4)]","[('cubic', 0, 1), ('log', 2, None)]","[('cubic', 0, 1), ('int', 3, 4)]","{('cubic', 0, 1): 5.178106763160048, ('log', 2, None): -5.019508867124705}","{('cubic', 0, 1): 5.178106763160048, ('int', 3, 4): 3.246091976942362}",dgp7,sr_pds,NL + severe NL conf.,SR-PDS,0.5
90,False,0.5599174181975404,0.04725392345640569,0.4672997282229852,0.6525351081720955,sr_pds,sr_pds,"[('cubic', 0, 1), ('log', 2, None)]","[('cubic', 0, 1), ('int', 3, 4)]","[('cubic', 0, 1), ('log', 2, None)]","[('cubic', 0, 1), ('int', 3, 4)]","{('cubic', 0, 1): 4.86765282694953, ('log', 2, None): -4.9941470985672805}","{('cubic', 0, 1): 4.86765282694953, ('int', 3, 4): 2.7757457611926073}",dgp7,sr_pds,NL + severe NL conf.,SR-PDS,0.5
91,False,0.37030760032003474,0.2914152570371194,-0.20086630347271928,0.9414815041127887,sr_pds,sr_pds,"[('cubic', 0, 1)]","[('cubic', 0, 1), ('int', 3, 4)]","[('cubic', 0, 1)]","[('cubic', 0, 1), ('int', 3, 4)]","{('cubic', 0, 1): 5.067069756464803}","{('cubic', 0, 1): 5.067069756464803, ('int', 3, 4): 3.2445928933429693}",dgp7,sr_pds,NL + severe NL conf.,SR-PDS,0.5
92,False,0.586988397193419,0.22952948998266987,0.13711059682738608,1.036866197559452,sr_pds,sr_pds,"[('cubic', 0, 1)]","[('cubic', 0, 1), ('int', 3, 4)]","[('cubic', 0, 1)]","[('cubic', 0, 1), ('int', 3, 4)]","{('cubic', 0, 1): 4.567131751410873}","{('cubic', 0, 1): 4.567131751410873, ('int', 3, 4): 2.1030312839270513}",dgp7,sr_pds,NL + severe NL conf.,SR-PDS,0.5
93,False,0.3812641182845521,0.25753288758308446,-0.12350034137829347,0.8860285779473976,sr_pds,sr_pds,"[('cubic', 0, 1)]","[('cubic', 0, 1), ('int', 3, 4)]","[('cubic', 0, 1)]","[('cubic', 0, 1), ('int', 3, 4)]","{('cubic', 0, 1): 5.282885741470452}","{('cubic', 0, 1): 5.282885741470452, ('int', 3, 4): 3.641967808020158}",dgp7,sr_pds,NL + severe NL conf.,SR-PDS,0.5
94,False,0.49383635390634195,0.04184237991849236,0.41182528926609696,0.5758474185465869,sr_pds,sr_pds,"[('cubic', 0, 1), ('log', 2, None)]","[('cubic', 0, 1), ('int', 3, 4)]","[('cubic', 0, 1), ('log', 2, None)]","[('cubic', 0, 1), ('int', 3, 4)]","{('cubic', 0, 1): 5.003405720466507, ('log', 2, None): -5.036682598571896}","{('cubic', 0, 1): 5.003405720466507, ('int', 3, 4): 2.9411606649106385}",dgp7,sr_pds,NL + severe NL conf.,SR-PDS,0.5
95,False,0.579540321645404,0.051898433003687655,0.4778193929581762,0.6812612503326319,sr_pds,sr_pds,"[('cubic', 0, 1), ('log', 2, None)]","[('cubic', 0, 1), ('int', 3, 4)]","[('cubic', 0, 1), ('log', 2, None)]","[('cubic', 0, 1), ('int', 3, 4)]","{('cubic', 0, 1): 4.835412073747245, ('log', 2, None): -4.979360561956435}","{('cubic', 0, 1): 4.835412073747245, ('int', 3, 4): 2.735345212330713}",dgp7,sr_pds,NL + severe NL conf.,SR-PDS,0.5
96,False,0.4703054829197941,0.04506081361026694,0.3819862882436709,0.5586246775959174,sr_pds,sr_pds,"[('cubic', 0, 1), ('log', 2, None)]","[('cubic', 0, 1), ('int', 3, 4)]","[('cubic', 0, 1), ('log', 2, None)]","[('cubic', 0, 1), ('int', 3, 4)]","{('cubic', 0, 1): 5.07569140159053, ('log', 2, None): -4.969300377138864}","{('cubic', 0, 1): 5.07569140159053, ('int', 3, 4): 3.056196131379459}",dgp7,sr_pds,NL + severe NL conf.,SR-PDS,0.5
97,False,0.5177038549767082,0.21100282674801613,0.10413831455059663,0.9312693954028198,sr_pds,sr_pds,"[('cubic', 0, 1), ('int', 3, 4)]","[('cubic', 0, 1), ('int', 3, 4)]","[('cubic', 0, 1), ('int', 3, 4)]","[('cubic', 0, 1), ('int', 3, 4)]","{('cubic', 0, 1): 4.828657413996765, ('int', 3, 4): 2.8086730519985945}","{('cubic', 0, 1): 4.828657413996765, ('int', 3, 4): 2.8086730519985945}",dgp7,sr_pds,NL + severe NL conf.,SR-PDS,0.5
98,False,-0.33803104187189303,0.2681769442468565,-0.8636578525957318,0.18759576885194573,sr_pds,sr_pds,"[('cubic', 0, 1)]","[('cubic', 0, 1), ('int', 3, 4)]","[('cubic', 0, 1)]","[('cubic', 0, 1), ('int', 3, 4)]","{('cubic', 0, 1): 6.851753012328775}","{('cubic', 0, 1): 6.851753012328775, ('int', 3, 4): 5.188180814944185}",dgp7,sr_pds,NL + severe NL conf.,SR-PDS,0.5
99,False,0.5318344503089785,0.04482943346788211,0.44396876071192953,0.6197001399060273,sr_pds,sr_pds,"[('int', 3, 4), ('log', 2, None)]","[('cubic', 0, 1), ('int', 3, 4)]","[('int', 3, 4), ('log', 2, None)]","[('cubic', 0, 1), ('int', 3, 4)]","{('int', 3, 4): 2.8784771143856758, ('log', 2, None): -5.007631070024478}","{('cubic', 0, 1): 4.921413440729622, ('int', 3, 4): 2.8784771143856758}",dgp7,sr_pds,NL + severe NL conf.,SR-PDS,0.5
100,False,0.6076966906299831,0.0902907327164783,0.4307268545056856,0.7846665267542806,sr_pds,sr_pds,"[('cubic', 0, 1), ('sqrt', 2, None)]","[('cubic', 0, 1), ('int', 3, 4)]","[('cubic', 0, 1), ('sqrt', 2, None)]","[('cubic', 0, 1), ('int', 3, 4)]","{('cubic', 0, 1): 4.774586520747455, ('sqrt', 2, None): -14.73165752787994}","{('cubic', 0, 1): 4.774586520747455, ('int', 3, 4): 2.684769150032218}",dgp7,sr_pds,NL + severe NL conf.,SR-PDS,0.5
101,False,0.5322156692731207,0.046519549171742676,0.44103735289650503,0.6233939856497364,sr_pds,sr_pds,"[('cubic', 0, 1), ('log', 2, None)]","[('cubic', 0, 1), ('int', 3, 4)]","[('cubic', 0, 1), ('log', 2, None)]","[('cubic', 0, 1), ('int', 3, 4)]","{('cubic', 0, 1): 4.935385441184824, ('log', 2, None): -4.9456496176624585}","{('cubic', 0, 1): 4.935385441184824, ('int', 3, 4): 2.8762000663463834}",dgp7,sr_pds,NL + severe NL conf.,SR-PDS,0.5
102,False,0.5117862650916074,0.046792633424263354,0.4200727035800512,0.6034998266031636,sr_pds,sr_pds,"[('cubic', 0, 1), ('log', 2, None)]","[('cubic', 0, 1), ('int', 3, 4)]","[('cubic', 0, 1), ('log', 2, None)]","[('cubic', 0, 1), ('int', 3, 4)]","{('cubic', 0, 1): 5.009854594828061, ('log', 2, None): -4.959701857314803}","{('cubic', 0, 1): 5.009854594828061, ('int', 3, 4): 2.9152737301235416}",dgp7,sr_pds,NL + severe NL conf.,SR-PDS,0.5
103,False,0.4834196607414785,0.2569057234964591,-0.020115557311581378,0.9869548787945384,sr_pds,sr_pds,"[('cubic', 0, 1)]","[('cubic', 0, 1), ('int', 3, 4)]","[('cubic', 0, 1)]","[('cubic', 0, 1), ('int', 3, 4)]","{('cubic', 0, 1): 4.919198331845632}","{('cubic', 0, 1): 4.919198331845632, ('int', 3, 4): 2.7522601266951665}",dgp7,sr_pds,NL + severe NL conf.,SR-PDS,0.5
104,False,0.08903351746818665,0.2141142681020271,-0.3306304480117865,0.5086974829481598,sr_pds,sr_pds,"[('cubic', 0, 1)]","[('cubic', 0, 1), ('int', 3, 4)]","[('cubic', 0, 1)]","[('cubic', 0, 1), ('int', 3, 4)]","{('cubic', 0, 1): 5.974752421361685}","{('cubic', 0, 1): 5.974752421361685, ('int', 3, 4): 4.810656034016885}",dgp7,sr_pds,NL + severe NL conf.,SR-PDS,0.5
105,False,0.4518565910988762,0.0452869440354041,0.3630941807894842,0.5406190014082682,sr_pds,sr_pds,"[('cubic', 0, 1), ('log', 2, None)]","[('cubic', 0, 1), ('int', 3, 4)]","[('cubic', 0, 1), ('log', 2, None)]","[('cubic', 0, 1), ('int', 3, 4)]","{('cubic', 0, 1): 5.093250443791186, ('log', 2, None): -5.018193890185505}","{('cubic', 0, 1): 5.093250443791186, ('int', 3, 4): 3.091094015024258}",dgp7,sr_pds,NL + severe NL conf.,SR-PDS,0.5
106,False,0.48431066938054046,0.04741004198930872,0.3913869870814954,0.5772343516795856,sr_pds,sr_pds,"[('cubic', 0, 1), ('log', 2, None)]","[('cubic', 0, 1), ('int', 3, 4)]","[('cubic', 0, 1), ('log', 2, None)]","[('cubic', 0, 1), ('int', 3, 4)]","{('cubic', 0, 1): 5.0319037587980535, ('log', 2, None): -4.902864741187847}","{('cubic', 0, 1): 5.0319037587980535, ('int', 3, 4): 3.0792067482898755}",dgp7,sr_pds,NL + severe NL conf.,SR-PDS,0.5
107,False,0.4888578988733285,0.2488208935694652,0.0011689474771766628,0.9765468502694803,sr_pds,sr_pds,"[('cubic', 0, 1), ('int', 3, 4)]","[('cubic', 0, 1), ('int', 3, 4)]","[('cubic', 0, 1), ('int', 3, 4)]","[('cubic', 0, 1), ('int', 3, 4)]","{('cubic', 0, 1): 5.180293107247706, ('int', 3, 4): 2.7630671284034447}","{('cubic', 0, 1): 5.180293107247706, ('int', 3, 4): 2.7630671284034447}",dgp7,sr_pds,NL + severe NL conf.,SR-PDS,0.5
108,False,0.6425189607103333,0.24255271801438386,0.16711563340214097,1.1179222880185256,sr_pds,sr_pds,"[('cubic', 0, 1)]","[('cubic', 0, 1), ('int', 3, 4)]","[('cubic', 0, 1)]","[('cubic', 0, 1), ('int', 3, 4)]","{('cubic', 0, 1): 4.823319396901587}","{('cubic', 0, 1): 4.823319396901587, ('int', 3, 4): 2.1433186577388246}",dgp7,sr_pds,NL + severe NL conf.,SR-PDS,0.5
109,False,0.69484954835775,0.3131657919302405,0.08104459617447868,1.3086545005410213,sr_pds,sr_pds,"[('cubic', 0, 1)]","[('cubic', 0, 1), ('int', 3, 4)]","[('cubic', 0, 1)]","[('cubic', 0, 1), ('int', 3, 4)]","{('cubic', 0, 1): 4.5767201294770405}","{('cubic', 0, 1): 4.5767201294770405, ('int', 3, 4): 2.7633368079765748}",dgp7,sr_pds,NL + severe NL conf.,SR-PDS,0.5
110,False,0.4548101257455101,0.0815260121708965,0.295019141890553,0.6146011096004672,sr_pds,sr_pds,"[('cubic', 0, 1), ('sqrt', 2, None)]","[('cubic', 0, 1), ('int', 3, 4)]","[('cubic', 0, 1), ('sqrt', 2, None)]","[('cubic', 0, 1), ('int', 3, 4)]","{('cubic', 0, 1): 4.946355441169652, ('sqrt', 2, None): -13.921865030061396}","{('cubic', 0, 1): 4.946355441169652, ('int', 3, 4): 3.172540951743643}",dgp7,sr_pds,NL + severe NL conf.,SR-PDS,0.5
111,False,1.4088827893912585,0.02427173373104668,1.3613101912784071,1.45645538750411,sr_pds,sr_pds,"[('cubic', 0, 1), ('log', 2, None)]","[('cubic', 0, 1)]","[('cubic', 0, 1), ('log', 2, None)]","[('cubic', 0, 1)]","{('cubic', 0, 1): 3.197654855321672, ('log', 2, None): -5.022144172464377}","{('cubic', 0, 1): 3.197654855321672}",dgp7,sr_pds,NL + severe NL conf.,SR-PDS,0.5
112,False,0.48844989680270967,0.041598159986505186,0.40691750322915954,0.5699822903762598,sr_pds,sr_pds,"[('cubic', 0, 1), ('log', 2, None)]","[('cubic', 0, 1), ('int', 3, 4)]","[('cubic', 0, 1), ('log', 2, None)]","[('cubic', 0, 1), ('int', 3, 4)]","{('cubic', 0, 1): 5.032966235618851, ('log', 2, None): -5.027102282732137}","{('cubic', 0, 1): 5.032966235618851, ('int', 3, 4): 3.051282322400562}",dgp7,sr_pds,NL + severe NL conf.,SR-PDS,0.5
113,False,0.4153982115832227,0.2607859040321106,-0.09574216031971411,0.9265385834861595,sr_pds,sr_pds,"[('cubic', 0, 1)]","[('cubic', 0, 1), ('int', 3, 4)]","[('cubic', 0, 1)]","[('cubic', 0, 1), ('int', 3, 4)]","{('cubic', 0, 1): 5.213831593878112}","{('cubic', 0, 1): 5.213831593878112, ('int', 3, 4): 3.326099537373067}",dgp7,sr_pds,NL + severe NL conf.,SR-PDS,0.5
114,False,1.418900220327399,0.0889693163494367,1.244520360282503,1.593280080372295,sr_pds,sr_pds,"[('cubic', 0, 1)]",[],"[('cubic', 0, 1)]",[],"{('cubic', 0, 1): 2.9544485952117605}",{},dgp7,sr_pds,NL + severe NL conf.,SR-PDS,0.5
115,False,0.617207144721068,0.23349907448348667,0.1595489587334341,1.0748653307087017,sr_pds,sr_pds,"[('cubic', 0, 1)]","[('cubic', 0, 1), ('int', 3, 4)]","[('cubic', 0, 1)]","[('cubic', 0, 1), ('int', 3, 4)]","{('cubic', 0, 1): 4.673457635970961}","{('cubic', 0, 1): 4.673457635970961, ('int', 3, 4): 2.4362951519317146}",dgp7,sr_pds,NL + severe NL conf.,SR-PDS,0.5
116,False,0.4894337408594338,0.04291296830208615,0.40532432298734494,0.5735431587315226,sr_pds,sr_pds,"[('cubic', 0, 1), ('log', 2, None)]","[('cubic', 0, 1), ('int', 3, 4)]","[('cubic', 0, 1), ('log', 2, None)]","[('cubic', 0, 1), ('int', 3, 4)]","{('cubic', 0, 1): 5.023988685602049, ('log', 2, None): -4.997564053328718}","{('cubic', 0, 1): 5.023988685602049, ('int', 3, 4): 3.0782224641718754}",dgp7,sr_pds,NL + severe NL conf.,SR-PDS,0.5
117,False,1.387459921301985,0.09142927356580764,1.208258545113002,1.566661297490968,sr_pds,sr_pds,"[('cubic', 0, 1)]","[('cubic', 0, 1)]","[('cubic', 0, 1)]","[('cubic', 0, 1)]","{('cubic', 0, 1): 3.1505947798824603}","{('cubic', 0, 1): 3.1505947798824603}",dgp7,sr_pds,NL + severe NL conf.,SR-PDS,0.5
118,False,0.37919469664427885,0.0938703164256454,0.19520887645001386,0.5631805168385439,sr_pds,sr_pds,"[('cubic', 0, 1), ('sqrt', 2, None)]","[('cubic', 0, 1), ('int', 3, 4)]","[('cubic', 0, 1), ('sqrt', 2, None)]","[('cubic', 0, 1), ('int', 3, 4)]","{('cubic', 0, 1): 5.2713245677630045, ('sqrt', 2, None): -14.593821563370922}","{('cubic', 0, 1): 5.2713245677630045, ('int', 3, 4): 3.450705007376851}",dgp7,sr_pds,NL + severe NL conf.,SR-PDS,0.5
119,False,1.3667855302485634,0.022862430643703874,1.321975166186904,1.411595894310223,sr_pds,sr_pds,"[('cubic', 0, 1), ('log', 2, None)]","[('cubic', 0, 1)]","[('cubic', 0, 1), ('log', 2, None)]","[('cubic', 0, 1)]","{('cubic', 0, 1): 3.209809207402905, ('log', 2, None): -5.035989825250108}","{('cubic', 0, 1): 3.209809207402905}",dgp7,sr_pds,NL + severe NL conf.,SR-PDS,0.5
120,False,0.27895709498891025,0.26786272465701544,-0.24605384533883995,0.8039680353166605,sr_pds,sr_pds,"[('cubic', 0, 1)]","[('cubic', 0, 1), ('int', 3, 4)]","[('cubic', 0, 1)]","[('cubic', 0, 1), ('int', 3, 4)]","{('cubic', 0, 1): 5.476050672854992}","{('cubic', 0, 1): 5.476050672854992, ('int', 3, 4): 3.8140290181498098}",dgp7,sr_pds,NL + severe NL conf.,SR-PDS,0.5
121,False,0.48914935051079234,0.24129410367528323,0.016212907307237234,0.9620857937143474,sr_pds,sr_pds,"[('cubic', 0, 1), ('int', 3, 4)]","[('cubic', 0, 1), ('int', 3, 4)]","[('cubic', 0, 1), ('int', 3, 4)]","[('cubic', 0, 1), ('int', 3, 4)]","{('cubic', 0, 1): 5.083927723397364, ('int', 3, 4): 3.290123422474698}","{('cubic', 0, 1): 5.083927723397364, ('int', 3, 4): 3.290123422474698}",dgp7,sr_pds,NL + severe NL conf.,SR-PDS,0.5
122,False,0.23941560037186935,0.26465004392449387,-0.2792984857201386,0.7581296864638774,sr_pds,sr_pds,"[('cubic', 0, 1)]","[('cubic', 0, 1), ('int', 3, 4)]","[('cubic', 0, 1)]","[('cubic', 0, 1), ('int', 3, 4)]","{('cubic', 0, 1): 5.711754583940244}","{('cubic', 0, 1): 5.711754583940244, ('int', 3, 4): 3.9531870399933076}",dgp7,sr_pds,NL + severe NL conf.,SR-PDS,0.5
123,False,0.15270242144220253,0.28959743630837026,-0.4149085537222032,0.7203133966066082,sr_pds,sr_pds,"[('cubic', 0, 1)]","[('cubic', 0, 1), ('int', 3, 4)]","[('cubic', 0, 1)]","[('cubic', 0, 1), ('int', 3, 4)]","{('cubic', 0, 1): 5.679089587376173}","{('cubic', 0, 1): 5.679089587376173, ('int', 3, 4): 3.565635792710205}",dgp7,sr_pds,NL + severe NL conf.,SR-PDS,0.5
124,False,0.5386005434447889,0.04370840884167933,0.4529320621150974,0.6242690247744804,sr_pds,sr_pds,"[('cubic', 0, 1), ('log', 2, None)]","[('cubic', 0, 1), ('int', 3, 4)]","[('cubic', 0, 1), ('log', 2, None)]","[('cubic', 0, 1), ('int', 3, 4)]","{('cubic', 0, 1): 4.94118390137321, ('log', 2, None): -5.008683641085161}","{('cubic', 0, 1): 4.94118390137321, ('int', 3, 4): 2.856729509924935}",dgp7,sr_pds,NL + severe NL conf.,SR-PDS,0.5
125,False,0.46060379440563926,0.22874070805162108,0.012272006624461929,0.9089355821868166,sr_pds,sr_pds,"[('cubic', 0, 1)]","[('cubic', 0, 1), ('int', 3, 4)]","[('cubic', 0, 1)]","[('cubic', 0, 1), ('int', 3, 4)]","{('cubic', 0, 1): 4.898692596643385}","{('cubic', 0, 1): 4.898692596643385, ('int', 3, 4): 3.0283137587049387}",dgp7,sr_pds,NL + severe NL conf.,SR-PDS,0.5
126,False,0.5399487897249725,0.10057184145365484,0.342827980475809,0.737069598974136,sr_pds,sr_pds,"[('cubic', 0, 1), ('sqrt', 2, None)]","[('int', 3, 4)]","[('cubic', 0, 1), ('sqrt', 2, None)]","[('int', 3, 4)]","{('cubic', 0, 1): 4.888935015202635, ('sqrt', 2, None): -15.70646457370247}","{('int', 3, 4): 2.8133384967423303}",dgp7,sr_pds,NL + severe NL conf.,SR-PDS,0.5
127,False,0.5636377286957809,0.047074218819783485,0.47137225980900527,0.6559031975825566,sr_pds,sr_pds,"[('cubic', 0, 1), ('log', 2, None)]","[('cubic', 0, 1), ('int', 3, 4)]","[('cubic', 0, 1), ('log', 2, None)]","[('cubic', 0, 1), ('int', 3, 4)]","{('cubic', 0, 1): 4.915399354459298, ('log', 2, None): -4.933024367530173}","{('cubic', 0, 1): 4.915399354459298, ('int', 3, 4): 2.843971115661069}",dgp7,sr_pds,NL + severe NL conf.,SR-PDS,0.5
128,False,0.5388706022690132,0.05120125757641564,0.43851613741923856,0.6392250671187878,sr_pds,sr_pds,"[('cubic', 0, 1), ('log', 2, None)]","[('cubic', 0, 1), ('int', 3, 4)]","[('cubic', 0, 1), ('log', 2, None)]","[('cubic', 0, 1), ('int', 3, 4)]","{('cubic', 0, 1): 4.919778204861968, ('log', 2, None): -4.96048844883767}","{('cubic', 0, 1): 4.919778204861968, ('int', 3, 4): 2.967580801050021}",dgp7,sr_pds,NL + severe NL conf.,SR-PDS,0.5
129,False,0.5909079001073787,0.2640621365728502,0.07334611242459232,1.1084696877901652,sr_pds,sr_pds,"[('cubic', 0, 1), ('int', 3, 4)]","[('cubic', 0, 1), ('int', 3, 4)]","[('cubic', 0, 1), ('int', 3, 4)]","[('cubic', 0, 1), ('int', 3, 4)]","{('cubic', 0, 1): 4.749369117603401, ('int', 3, 4): 2.6497034942476065}","{('cubic', 0, 1): 4.749369117603401, ('int', 3, 4): 2.6497034942476065}",dgp7,sr_pds,NL + severe NL conf.,SR-PDS,0.5
130,False,0.4277799098938904,0.21694678911655213,0.0025642032254482583,0.8529956165623326,sr_pds,sr_pds,"[('cubic', 0, 1)]","[('cubic', 0, 1), ('int', 3, 4)]","[('cubic', 0, 1)]","[('cubic', 0, 1), ('int', 3, 4)]","{('cubic', 0, 1): 5.028536679794235}","{('cubic', 0, 1): 5.028536679794235, ('int', 3, 4): 2.643887365406317}",dgp7,sr_pds,NL + severe NL conf.,SR-PDS,0.5
131,False,0.43350143679270703,0.04783489174973569,0.3397450489632251,0.527257824622189,sr_pds,sr_pds,"[('cubic', 0, 1), ('int', 3, 4), ('log', 2, None)]","[('cubic', 0, 1), ('int', 3, 4)]","[('cubic', 0, 1), ('int', 3, 4), ('log', 2, None)]","[('cubic', 0, 1), ('int', 3, 4)]","{('cubic', 0, 1): 5.159011992759055, ('int', 3, 4): 3.2190789294207014, ('log', 2, None): -5.029930595168166}","{('cubic', 0, 1): 5.159011992759055, ('int', 3, 4): 3.2190789294207014}",dgp7,sr_pds,NL + severe NL conf.,SR-PDS,0.5
132,False,0.2527604348045275,0.2501095834621014,-0.2374543487811912,0.7429752183902462,sr_pds,sr_pds,"[('cubic', 0, 1)]","[('cubic', 0, 1), ('int', 3, 4)]","[('cubic', 0, 1)]","[('cubic', 0, 1), ('int', 3, 4)]","{('cubic', 0, 1): 5.404709065064937}","{('cubic', 0, 1): 5.404709065064937, ('int', 3, 4): 3.6473789581745777}",dgp7,sr_pds,NL + severe NL conf.,SR-PDS,0.5
133,False,0.5332362901154006,0.04518949088685355,0.4446648879771677,0.6218076922536335,sr_pds,sr_pds,"[('cubic', 0, 1), ('log', 2, None)]","[('cubic', 0, 1), ('int', 3, 4)]","[('cubic', 0, 1), ('log', 2, None)]","[('cubic', 0, 1), ('int', 3, 4)]","{('cubic', 0, 1): 4.879507243034572, ('log', 2, None): -5.066066899959901}","{('cubic', 0, 1): 4.879507243034572, ('int', 3, 4): 2.9438458683143334}",dgp7,sr_pds,NL + severe NL conf.,SR-PDS,0.5
134,False,0.5401228330415716,0.2388856371496541,0.07190698422824954,1.0083386818548936,sr_pds,sr_pds,"[('cubic', 0, 1)]","[('cubic', 0, 1), ('int', 3, 4)]","[('cubic', 0, 1)]","[('cubic', 0, 1), ('int', 3, 4)]","{('cubic', 0, 1): 4.866261551161016}","{('cubic', 0, 1): 4.866261551161016, ('int', 3, 4): 3.072051621527416}",dgp7,sr_pds,NL + severe NL conf.,SR-PDS,0.5
135,False,0.8688730677549557,0.2799181486822382,0.32023349633776876,1.4175126391721427,sr_pds,sr_pds,"[('cubic', 0, 1)]","[('cubic', 0, 1), ('int', 3, 4)]","[('cubic', 0, 1)]","[('cubic', 0, 1), ('int', 3, 4)]","{('cubic', 0, 1): 4.005338013467379}","{('cubic', 0, 1): 4.005338013467379, ('int', 3, 4): 1.8497506536062995}",dgp7,sr_pds,NL + severe NL conf.,SR-PDS,0.5
136,False,1.3304131051191017,0.021302953330854826,1.2886593165906262,1.3721668936475773,sr_pds,sr_pds,"[('cubic', 0, 1), ('log', 2, None)]","[('cubic', 0, 1)]","[('cubic', 0, 1), ('log', 2, None)]","[('cubic', 0, 1)]","{('cubic', 0, 1): 3.3777621582190784, ('log', 2, None): -4.99917136705728}","{('cubic', 0, 1): 3.3777621582190784}",dgp7,sr_pds,NL + severe NL conf.,SR-PDS,0.5
137,False,0.43808302500857527,0.04554710935902807,0.34881069066488024,0.5273553593522703,sr_pds,sr_pds,"[('cubic', 0, 1), ('log', 2, None)]","[('cubic', 0, 1), ('int', 3, 4), ('sq', 0, None)]","[('cubic', 0, 1), ('log', 2, None)]","[('cubic', 0, 1), ('int', 3, 4)]","{('cubic', 0, 1): 5.1141568541585345, ('log', 2, None): -4.9032274038751815}","{('cubic', 0, 1): 5.1141568541585345, ('int', 3, 4): 3.1843291555022653}",dgp7,sr_pds,NL + severe NL conf.,SR-PDS,0.5
138,False,1.3743596407251542,0.08452595034313118,1.208688778052617,1.5400305033976913,sr_pds,sr_pds,"[('cubic', 0, 1)]",[],"[('cubic', 0, 1)]",[],"{('cubic', 0, 1): 3.04446404460012}",{},dgp7,sr_pds,NL + severe NL conf.,SR-PDS,0.5
139,False,0.5311981958983991,0.05017396724475247,0.43285722009868427,0.6295391716981139,sr_pds,sr_pds,"[('cubic', 0, 1), ('log', 2, None)]","[('cubic', 0, 1), ('int', 3, 4)]","[('cubic', 0, 1), ('log', 2, None)]","[('cubic', 0, 1), ('int', 3, 4)]","{('cubic', 0, 1): 4.914459558824418, ('log', 2, None): -4.99752589778935}","{('cubic', 0, 1): 4.914459558824418, ('int', 3, 4): 2.889575260699847}",dgp7,sr_pds,NL + severe NL conf.,SR-PDS,0.5
140,False,0.4123053121440899,0.10074521516745832,0.21484469041587156,0.6097659338723083,sr_pds,sr_pds,"[('cubic', 0, 1), ('sqrt', 2, None)]","[('cubic', 0, 1), ('int', 3, 4)]","[('cubic', 0, 1), ('sqrt', 2, None)]","[('cubic', 0, 1), ('int', 3, 4)]","{('cubic', 0, 1): 5.215061110786734, ('sqrt', 2, None): -14.463441296081209}","{('cubic', 0, 1): 5.215061110786734, ('int', 3, 4): 3.152665075588569}",dgp7,sr_pds,NL + severe NL conf.,SR-PDS,0.5
141,False,0.4204644975640251,0.24082666648264034,-0.05155576874194995,0.8924847638700002,sr_pds,sr_pds,"[('cubic', 0, 1)]","[('cubic', 0, 1), ('int', 3, 4)]","[('cubic', 0, 1)]","[('cubic', 0, 1), ('int', 3, 4)]","{('cubic', 0, 1): 5.013491562989004}","{('cubic', 0, 1): 5.013491562989004, ('int', 3, 4): 3.3423408951607794}",dgp7,sr_pds,NL + severe NL conf.,SR-PDS,0.5
142,False,0.43470805997108275,0.2801728418177351,-0.11443070999167804,0.9838468299338435,sr_pds,sr_pds,"[('cubic', 0, 1)]","[('int', 3, 4)]","[('cubic', 0, 1)]","[('int', 3, 4)]","{('cubic', 0, 1): 5.346076962726071}","{('int', 3, 4): 3.731379307371593}",dgp7,sr_pds,NL + severe NL conf.,SR-PDS,0.5
143,False,0.5412119347159641,0.044492728977783245,0.4540061859195089,0.6284176835124192,sr_pds,sr_pds,"[('cubic', 0, 1), ('log', 2, None)]","[('cubic', 0, 1), ('int', 3, 4)]","[('cubic', 0, 1), ('log', 2, None)]","[('cubic', 0, 1), ('int', 3, 4)]","{('cubic', 0, 1): 4.9287110835840915, ('log', 2, None): -5.093192640780097}","{('cubic', 0, 1): 4.9287110835840915, ('int', 3, 4): 2.8954242688620107}",dgp7,sr_pds,NL + severe NL conf.,SR-PDS,0.5
144,False,1.4200256411282834,0.02070272617944375,1.3794482978165736,1.4606029844399933,sr_pds,sr_pds,"[('cubic', 0, 1), ('log', 2, None)]","[('cubic', 0, 1)]","[('cubic', 0, 1), ('log', 2, None)]","[('cubic', 0, 1)]","{('cubic', 0, 1): 3.1486184423358754, ('log', 2, None): -5.007222158371634}","{('cubic', 0, 1): 3.1486184423358754}",dgp7,sr_pds,NL + severe NL conf.,SR-PDS,0.5
145,False,0.4834622989919575,0.2649529304721899,-0.03584544473353468,1.0027700427174495,sr_pds,sr_pds,"[('cubic', 0, 1)]","[('cubic', 0, 1), ('int', 3, 4), ('sq', 0, None)]","[('cubic', 0, 1)]","[('cubic', 0, 1), ('int', 3, 4), ('sq', 0, None)]","{('cubic', 0, 1): 5.150958557185746}","{('cubic', 0, 1): 5.150958557185746, ('int', 3, 4): 2.887981557866993, ('sq', 0, None): -0.09502475582142653}",dgp7,sr_pds,NL + severe NL conf.,SR-PDS,0.5
146,False,0.5344232518178492,0.23882694477090136,0.0663224400668826,1.0025240635688157,sr_pds,sr_pds,"[('cubic', 0, 1)]","[('cubic', 0, 1), ('int', 3, 4)]","[('cubic', 0, 1)]","[('cubic', 0, 1), ('int', 3, 4)]","{('cubic', 0, 1): 4.892968255504061}","{('cubic', 0, 1): 4.892968255504061, ('int', 3, 4): 2.9310701820324745}",dgp7,sr_pds,NL + severe NL conf.,SR-PDS,0.5
147,False,0.3303056560065698,0.10096689883669473,0.13241053428664815,0.5282007777264914,sr_pds,sr_pds,"[('cubic', 0, 1), ('sqrt', 2, None)]","[('cubic', 0, 1), ('int', 3, 4)]","[('cubic', 0, 1), ('sqrt', 2, None)]","[('cubic', 0, 1), ('int', 3, 4)]","{('cubic', 0, 1): 5.410786719566358, ('sqrt', 2, None): -15.097985326135909}","{('cubic', 0, 1): 5.410786719566358, ('int', 3, 4): 3.502264878600646}",dgp7,sr_pds,NL + severe NL conf.,SR-PDS,0.5
148,False,0.43546900380347414,0.10692668401454647,0.22589270313496307,0.6450453044719853,sr_pds,sr_pds,"[('cubic', 0, 1), ('sqrt', 2, None)]","[('cubic', 0, 1), ('int', 3, 4)]","[('cubic', 0, 1), ('sqrt', 2, None)]","[('cubic', 0, 1), ('int', 3, 4)]","{('cubic', 0, 1): 5.110136983195628, ('sqrt', 2, None): -15.217444987863296}","{('cubic', 0, 1): 5.110136983195628, ('int', 3, 4): 3.2823789802910763}",dgp7,sr_pds,NL + severe NL conf.,SR-PDS,0.5
149,False,0.509887020040215,0.047518612710413875,0.4167505391278038,0.6030235009526262,sr_pds,sr_pds,"[('cubic', 0, 1), ('log', 2, None)]","[('cubic', 0, 1), ('int', 3, 4)]","[('cubic', 0, 1), ('log', 2, None)]","[('cubic', 0, 1), ('int', 3, 4)]","{('cubic', 0, 1): 4.988074408539773, ('log', 2, None): -5.013742309330538}","{('cubic', 0, 1): 4.988074408539773, ('int', 3, 4): 3.013631613473305}",dgp7,sr_pds,NL + severe NL conf.,SR-PDS,0.5
150,False,0.32120569161908374,0.23541827036394822,-0.14021411829425473,0.7826255015324222,sr_pds,sr_pds,"[('cubic', 0, 1)]","[('cubic', 0, 1), ('int', 3, 4)]","[('cubic', 0, 1)]","[('cubic', 0, 1), ('int', 3, 4)]","{('cubic', 0, 1): 5.388642071395897}","{('cubic', 0, 1): 5.388642071395897, ('int', 3, 4): 3.7904954340575263}",dgp7,sr_pds,NL + severe NL conf.,SR-PDS,0.5
151,False,0.4923802828882095,0.04538586648005874,0.4034239845872944,0.5813365811891247,sr_pds,sr_pds,"[('cubic', 0, 1), ('log', 2, None)]","[('cubic', 0, 1), ('int', 3, 4)]","[('cubic', 0, 1), ('log', 2, None)]","[('cubic', 0, 1), ('int', 3, 4)]","{('cubic', 0, 1): 5.082168425963248, ('log', 2, None): -4.946277834355742}","{('cubic', 0, 1): 5.082168425963248, ('int', 3, 4): 3.0472334145067017}",dgp7,sr_pds,NL + severe NL conf.,SR-PDS,0.5
152,False,0.47437598288036065,0.2641239849988373,-0.0433070277173605,0.9920589934780818,sr_pds,sr_pds,"[('cubic', 0, 1)]","[('cubic', 0, 1), ('int', 0, 3), ('int', 3, 4)]","[('cubic', 0, 1)]","[('cubic', 0, 1), ('int', 3, 4)]","{('cubic', 0, 1): 5.087437091809599}","{('cubic', 0, 1): 5.087437091809599, ('int', 3, 4): 2.6304586498209477}",dgp7,sr_pds,NL + severe NL conf.,SR-PDS,0.5
153,False,0.4943718884151116,0.04328492701828001,0.4095334314592828,0.5792103453709404,sr_pds,sr_pds,"[('cubic', 0, 1), ('log', 2, None)]","[('cubic', 0, 1), ('int', 3, 4)]","[('cubic', 0, 1), ('log', 2, None)]","[('cubic', 0, 1), ('int', 3, 4)]","{('cubic', 0, 1): 5.015481258503592, ('log', 2, None): -5.019641873470827}","{('cubic', 0, 1): 5.015481258503592, ('int', 3, 4): 2.953010416651567}",dgp7,sr_pds,NL + severe NL conf.,SR-PDS,0.5
154,False,0.4680017948213104,0.0413228308443003,0.3870090463664818,0.548994543276139,sr_pds,sr_pds,"[('cubic', 0, 1), ('log', 2, None)]","[('cubic', 0, 1), ('int', 3, 4)]","[('cubic', 0, 1), ('log', 2, None)]","[('cubic', 0, 1), ('int', 3, 4)]","{('cubic', 0, 1): 5.078473268529789, ('log', 2, None): -4.957181204956631}","{('cubic', 0, 1): 5.078473268529789, ('int', 3, 4): 3.0321971823137077}",dgp7,sr_pds,NL + severe NL conf.,SR-PDS,0.5
155,False,0.48154384830061264,0.04632543741526251,0.39074599096669815,0.5723417056345271,sr_pds,sr_pds,"[('cubic', 0, 1), ('log', 2, None)]","[('cubic', 0, 1), ('int', 3, 4)]","[('cubic', 0, 1), ('log', 2, None)]","[('cubic', 0, 1), ('int', 3, 4)]","{('cubic', 0, 1): 5.056836383435486, ('log', 2, None): -4.976331277756357}","{('cubic', 0, 1): 5.056836383435486, ('int', 3, 4): 2.9876172244440338}",dgp7,sr_pds,NL + severe NL conf.,SR-PDS,0.5
156,False,0.08668670571114263,0.22061322657595386,-0.34571521837772695,0.5190886298000122,sr_pds,sr_pds,"[('cubic', 0, 1)]","[('cubic', 0, 1), ('int', 3, 4)]","[('cubic', 0, 1)]","[('cubic', 0, 1), ('int', 3, 4)]","{('cubic', 0, 1): 5.942057010484222}","{('cubic', 0, 1): 5.942057010484222, ('int', 3, 4): 4.2145622045504085}",dgp7,sr_pds,NL + severe NL conf.,SR-PDS,0.5
157,False,0.6493156644941913,0.23124130269218768,0.19608271121750348,1.1025486177708792,sr_pds,sr_pds,"[('cubic', 0, 1), ('int', 3, 4)]","[('cubic', 0, 1)]","[('cubic', 0, 1), ('int', 3, 4)]","[('cubic', 0, 1)]","{('cubic', 0, 1): 4.687677207157278, ('int', 3, 4): 2.4948263089586207}","{('cubic', 0, 1): 4.687677207157278}",dgp7,sr_pds,NL + severe NL conf.,SR-PDS,0.5
158,False,0.5698750012628239,0.04616996131401662,0.4793818770873513,0.6603681254382965,sr_pds,sr_pds,"[('cubic', 0, 1), ('log', 2, None)]","[('cubic', 0, 1), ('int', 3, 4)]","[('cubic', 0, 1), ('log', 2, None)]","[('cubic', 0, 1), ('int', 3, 4)]","{('cubic', 0, 1): 4.883592774975354, ('log', 2, None): -5.030090181846233}","{('cubic', 0, 1): 4.883592774975354, ('int', 3, 4): 2.7990230990417904}",dgp7,sr_pds,NL + severe NL conf.,SR-PDS,0.5
159,False,1.4267354838220119,0.07786656891491396,1.2741170087487805,1.5793539588952432,sr_pds,sr_pds,"[('cubic', 0, 1)]","[('cubic', 0, 1)]","[('cubic', 0, 1)]","[('cubic', 0, 1)]","{('cubic', 0, 1): 3.079329925367923}","{('cubic', 0, 1): 3.079329925367923}",dgp7,sr_pds,NL + severe NL conf.,SR-PDS,0.5
160,False,0.44206985945239513,0.2542945468557434,-0.056347452384861885,0.9404871712896521,sr_pds,sr_pds,"[('cubic', 0, 1), ('int', 3, 4), ('int', 3, 5)]","[('cubic', 0, 1), ('int', 3, 4)]","[('cubic', 0, 1), ('int', 3, 4), ('int', 3, 5)]","[('cubic', 0, 1), ('int', 3, 4)]","{('cubic', 0, 1): 4.774962854103405, ('int', 3, 4): 3.422770641057328, ('int', 3, 5): -0.27871248848737995}","{('cubic', 0, 1): 4.774962854103405, ('int', 3, 4): 3.422770641057328}",dgp7,sr_pds,NL + severe NL conf.,SR-PDS,0.5
161,False,0.7098698563099384,0.24942294804319448,0.2210008781452772,1.1987388344745995,sr_pds,sr_pds,"[('cubic', 0, 1)]","[('int', 3, 4)]","[('cubic', 0, 1)]","[('int', 3, 4)]","{('cubic', 0, 1): 4.794246192349878}","{('int', 3, 4): 2.425447468382773}",dgp7,sr_pds,NL + severe NL conf.,SR-PDS,0.5
162,False,0.44022110231552813,0.04437529340379774,0.35324552724408453,0.5271966773869717,sr_pds,sr_pds,"[('cubic', 0, 1), ('int', 3, 4), ('log', 2, None)]","[('cubic', 0, 1), ('int', 3, 4)]","[('cubic', 0, 1), ('int', 3, 4), ('log', 2, None)]","[('cubic', 0, 1), ('int', 3, 4)]","{('cubic', 0, 1): 5.096292294101165, ('int', 3, 4): 3.20056730071753, ('log', 2, None): -4.992915996538549}","{('cubic', 0, 1): 5.096292294101165, ('int', 3, 4): 3.20056730071753}",dgp7,sr_pds,NL + severe NL conf.,SR-PDS,0.5
163,False,0.2648461326006187,0.22807292916369665,-0.18217680856022672,0.7118690737614641,sr_pds,sr_pds,"[('cubic', 0, 1)]","[('cubic', 0, 1), ('int', 3, 4)]","[('cubic', 0, 1)]","[('cubic', 0, 1), ('int', 3, 4)]","{('cubic', 0, 1): 5.438727798215754}","{('cubic', 0, 1): 5.438727798215754, ('int', 3, 4): 3.5645608852086945}",dgp7,sr_pds,NL + severe NL conf.,SR-PDS,0.5
164,False,0.3876711873282486,0.04484242062451573,0.2997800429041978,0.47556233175229945,sr_pds,sr_pds,"[('cubic', 0, 1), ('log', 2, None)]","[('cubic', 0, 1), ('int', 3, 4)]","[('cubic', 0, 1), ('log', 2, None)]","[('cubic', 0, 1), ('int', 3, 4)]","{('cubic', 0, 1): 5.249044580804041, ('log', 2, None): -4.966614336322267}","{('cubic', 0, 1): 5.249044580804041, ('int', 3, 4): 3.288428443211011}",dgp7,sr_pds,NL + severe NL conf.,SR-PDS,0.5
165,False,0.4932598086626336,0.04251685586846519,0.4099267711604418,0.5765928461648253,sr_pds,sr_pds,"[('cubic', 0, 1), ('log', 2, None)]","[('cubic', 0, 1), ('int', 3, 4)]","[('cubic', 0, 1), ('log', 2, None)]","[('cubic', 0, 1), ('int', 3, 4)]","{('cubic', 0, 1): 4.89931395275785, ('log', 2, None): -4.912381507983076}","{('cubic', 0, 1): 4.89931395275785, ('int', 3, 4): 3.0661195447972367}",dgp7,sr_pds,NL + severe NL conf.,SR-PDS,0.5
166,False,-0.2092466786695689,0.25965670738247754,-0.7181738251392249,0.29968046780008706,sr_pds,sr_pds,"[('cubic', 0, 1)]","[('cubic', 0, 1), ('int', 3, 4)]","[('cubic', 0, 1)]","[('cubic', 0, 1), ('int', 3, 4)]","{('cubic', 0, 1): 6.526110525684589}","{('cubic', 0, 1): 6.526110525684589, ('int', 3, 4): 5.191251970254976}",dgp7,sr_pds,NL + severe NL conf.,SR-PDS,0.5
167,False,0.2447899717573927,0.2634595373532718,-0.27159072145502006,0.7611706649698055,sr_pds,sr_pds,"[('cubic', 0, 1)]","[('cubic', 0, 1), ('int', 0, 1), ('int', 3, 4)]","[('cubic', 0, 1)]","[('cubic', 0, 1), ('int', 3, 4)]","{('cubic', 0, 1): 5.494684455799975}","{('cubic', 0, 1): 5.494684455799975, ('int', 3, 4): 4.106556768734216}",dgp7,sr_pds,NL + severe NL conf.,SR-PDS,0.5
168,False,0.43189270957475184,0.07994136754365844,0.2752076291891813,0.5885777899603224,sr_pds,sr_pds,"[('cubic', 0, 1), ('sqrt', 2, None)]","[('cubic', 0, 1), ('int', 3, 4)]","[('cubic', 0, 1), ('sqrt', 2, None)]","[('cubic', 0, 1), ('int', 3, 4)]","{('cubic', 0, 1): 5.1113255941208315, ('sqrt', 2, None): -13.864208846083233}","{('cubic', 0, 1): 5.1113255941208315, ('int', 3, 4): 3.0537874180786835}",dgp7,sr_pds,NL + severe NL conf.,SR-PDS,0.5
169,False,0.5054362013557263,0.04793204372019864,0.411489395664137,0.5993830070473156,sr_pds,sr_pds,"[('cubic', 0, 1), ('log', 2, None)]","[('cubic', 0, 1), ('int', 3, 4)]","[('cubic', 0, 1), ('log', 2, None)]","[('cubic', 0, 1), ('int', 3, 4)]","{('cubic', 0, 1): 4.948079038890889, ('log', 2, None): -5.026083174111039}","{('cubic', 0, 1): 4.948079038890889, ('int', 3, 4): 3.0578632631250358}",dgp7,sr_pds,NL + severe NL conf.,SR-PDS,0.5
170,False,0.20173713876665003,0.23003275887177682,-0.24912706862203252,0.6526013461553326,sr_pds,sr_pds,"[('cubic', 0, 1)]","[('cubic', 0, 1), ('int', 3, 4)]","[('cubic', 0, 1)]","[('cubic', 0, 1), ('int', 3, 4)]","{('cubic', 0, 1): 5.941979834618591}","{('cubic', 0, 1): 5.941979834618591, ('int', 3, 4): 3.4507884551697408}",dgp7,sr_pds,NL + severe NL conf.,SR-PDS,0.5
171,False,0.41859273497209637,0.07186730287021016,0.27773282134648447,0.5594526485977083,sr_pds,sr_pds,"[('cubic', 0, 1), ('sqrt', 2, None)]","[('cubic', 0, 1), ('int', 3, 4)]","[('cubic', 0, 1), ('sqrt', 2, None)]","[('cubic', 0, 1), ('int', 3, 4)]","{('cubic', 0, 1): 5.181382840515258, ('sqrt', 2, None): -13.924601830116561}","{('cubic', 0, 1): 5.181382840515258, ('int', 3, 4): 3.159651318368901}",dgp7,sr_pds,NL + severe NL conf.,SR-PDS,0.5
172,False,0.41896548344059625,0.23091149083354698,-0.033621038593155794,0.8715520054743483,sr_pds,sr_pds,"[('cubic', 0, 1)]","[('int', 3, 4)]","[('cubic', 0, 1)]","[('int', 3, 4)]","{('cubic', 0, 1): 5.290246755202923}","{('int', 3, 4): 3.19385292123528}",dgp7,sr_pds,NL + severe NL conf.,SR-PDS,0.5
173,False,0.4655455542811724,0.04715779685519433,0.3731162724449915,0.5579748361173533,sr_pds,sr_pds,"[('cubic', 0, 1), ('log', 2, None)]","[('cubic', 0, 1), ('int', 3, 4)]","[('cubic', 0, 1), ('log', 2, None)]","[('cubic', 0, 1), ('int', 3, 4)]","{('cubic', 0, 1): 5.085312067634707, ('log', 2, None): -5.017976296292696}","{('cubic', 0, 1): 5.085312067634707, ('int', 3, 4): 3.0708145322796696}",dgp7,sr_pds,NL + severe NL conf.,SR-PDS,0.5
174,False,1.1611902133360539,0.2650623883211427,0.6416679322266142,1.6807124944454936,sr_pds,sr_pds,"[('cubic', 0, 1)]","[('cubic', 0, 1), ('int', 3, 4)]","[('cubic', 0, 1)]","[('cubic', 0, 1), ('int', 3, 4)]","{('cubic', 0, 1): 3.4675583885758234}","{('cubic', 0, 1): 3.4675583885758234, ('int', 3, 4): 1.4916596392670007}",dgp7,sr_pds,NL + severe NL conf.,SR-PDS,0.5
175,False,0.5612518732726192,0.04282579017533902,0.4773133245289547,0.6451904220162836,sr_pds,sr_pds,"[('cubic', 0, 1), ('log', 2, None)]","[('cubic', 0, 1), ('int', 3, 4)]","[('cubic', 0, 1), ('log', 2, None)]","[('cubic', 0, 1), ('int', 3, 4)]","{('cubic', 0, 1): 4.876546277689888, ('log', 2, None): -5.009029211009682}","{('cubic', 0, 1): 4.876546277689888, ('int', 3, 4): 2.7878545061022155}",dgp7,sr_pds,NL + severe NL conf.,SR-PDS,0.5
176,False,0.46115730832585294,0.23997636386971932,-0.009196364858796935,0.9315109815105028,sr_pds,sr_pds,"[('cubic', 0, 1)]","[('cubic', 0, 1), ('int', 3, 4)]","[('cubic', 0, 1)]","[('cubic', 0, 1), ('int', 3, 4)]","{('cubic', 0, 1): 5.027112334894836}","{('cubic', 0, 1): 5.027112334894836, ('int', 3, 4): 3.4037415040393544}",dgp7,sr_pds,NL + severe NL conf.,SR-PDS,0.5
177,False,1.1774463072942816,0.07700543340814156,1.0265156578143242,1.328376956774239,sr_pds,sr_pds,"[('cubic', 0, 1)]","[('cubic', 0, 1)]","[('cubic', 0, 1)]","[('cubic', 0, 1)]","{('cubic', 0, 1): 3.536477433632017}","{('cubic', 0, 1): 3.536477433632017}",dgp7,sr_pds,NL + severe NL conf.,SR-PDS,0.5
178,False,1.3105974763574053,0.08202821119653084,1.1498221824122048,1.4713727703026058,sr_pds,sr_pds,"[('cubic', 0, 1)]","[('cubic', 0, 1)]","[('cubic', 0, 1)]","[('cubic', 0, 1)]","{('cubic', 0, 1): 3.443273405560803}","{('cubic', 0, 1): 3.443273405560803}",dgp7,sr_pds,NL + severe NL conf.,SR-PDS,0.5
179,False,0.33451458047448934,0.26373687688611025,-0.1824096982222867,0.8514388591712654,sr_pds,sr_pds,"[('cubic', 0, 1), ('int', 3, 4)]","[('cubic', 0, 1), ('int', 3, 4)]","[('cubic', 0, 1), ('int', 3, 4)]","[('cubic', 0, 1), ('int', 3, 4)]","{('cubic', 0, 1): 5.278356906756018, ('int', 3, 4): 3.661667104927078}","{('cubic', 0, 1): 5.278356906756018, ('int', 3, 4): 3.661667104927078}",dgp7,sr_pds,NL + severe NL conf.,SR-PDS,0.5
180,False,0.45967795876950024,0.05000858211849156,0.3616611378172568,0.5576947797217437,sr_pds,sr_pds,"[('cubic', 0, 1), ('log', 2, None)]","[('cubic', 0, 1), ('int', 3, 4)]","[('cubic', 0, 1), ('log', 2, None)]","[('cubic', 0, 1), ('int', 3, 4)]","{('cubic', 0, 1): 5.063140951803323, ('log', 2, None): -5.038970240449335}","{('cubic', 0, 1): 5.063140951803323, ('int', 3, 4): 3.1408298615447214}",dgp7,sr_pds,NL + severe NL conf.,SR-PDS,0.5
181,False,0.541896010555375,0.04923131202635696,0.44540263898371535,0.6383893821270346,sr_pds,sr_pds,"[('cubic', 0, 1), ('log', 2, None)]","[('cubic', 0, 1), ('int', 3, 4)]","[('cubic', 0, 1), ('log', 2, None)]","[('cubic', 0, 1), ('int', 3, 4)]","{('cubic', 0, 1): 4.948849246939447, ('log', 2, None): -4.950687279194258}","{('cubic', 0, 1): 4.948849246939447, ('int', 3, 4): 2.745419007452012}",dgp7,sr_pds,NL + severe NL conf.,SR-PDS,0.5
182,False,0.5380989343469205,0.2682212016753799,0.012385379063175939,1.0638124896306649,sr_pds,sr_pds,"[('cubic', 0, 1)]","[('cubic', 0, 1), ('int', 3, 4)]","[('cubic', 0, 1)]","[('cubic', 0, 1), ('int', 3, 4)]","{('cubic', 0, 1): 5.21457575506277}","{('cubic', 0, 1): 5.21457575506277, ('int', 3, 4): 2.9617974910351488}",dgp7,sr_pds,NL + severe NL conf.,SR-PDS,0.5
183,False,0.8496945339518476,0.24774737711667305,0.3641096748031684,1.3352793931005267,sr_pds,sr_pds,"[('cubic', 0, 1)]","[('cubic', 0, 1), ('int', 3, 4)]","[('cubic', 0, 1)]","[('cubic', 0, 1), ('int', 3, 4)]","{('cubic', 0, 1): 3.9138257443828377}","{('cubic', 0, 1): 3.9138257443828377, ('int', 3, 4): 1.7632240791733422}",dgp7,sr_pds,NL + severe NL conf.,SR-PDS,0.5
184,False,0.4622346436171642,0.0397464849722757,0.3843315330715038,0.5401377541628246,sr_pds,sr_pds,"[('cubic', 0, 1), ('log', 2, None)]","[('cubic', 0, 1), ('int', 3, 4)]","[('cubic', 0, 1), ('log', 2, None)]","[('cubic', 0, 1), ('int', 3, 4)]","{('cubic', 0, 1): 5.087245918972228, ('log', 2, None): -5.0393244641720125}","{('cubic', 0, 1): 5.087245918972228, ('int', 3, 4): 3.0831139642146383}",dgp7,sr_pds,NL + severe NL conf.,SR-PDS,0.5
185,False,0.582140659047066,0.2503930418785832,0.09137029696504301,1.072911021129089,sr_pds,sr_pds,[],"[('cubic', 0, 1), ('int', 3, 4)]",[],"[('cubic', 0, 1), ('int', 3, 4)]",{},"{('cubic', 0, 1): 4.669436120751484, ('int', 3, 4): 2.6194450051790725}",dgp7,sr_pds,NL + severe NL conf.,SR-PDS,0.5
186,False,0.4998456164512091,0.04113538147505256,0.4192202687601061,0.5804709641423121,sr_pds,sr_pds,"[('cubic', 0, 1), ('log', 2, None)]","[('cubic', 0, 1), ('int', 3, 4)]","[('cubic', 0, 1), ('log', 2, None)]","[('cubic', 0, 1), ('int', 3, 4)]","{('cubic', 0, 1): 5.022915508306258, ('log', 2, None): -5.003066336947641}","{('cubic', 0, 1): 5.022915508306258, ('int', 3, 4): 2.9115817459616022}",dgp7,sr_pds,NL + severe NL conf.,SR-PDS,0.5
187,False,0.36144331290583875,0.23601236944618095,-0.1011409312086759,0.8240275570203535,sr_pds,sr_pds,"[('cubic', 0, 1)]","[('cubic', 0, 1), ('int', 3, 4)]","[('cubic', 0, 1)]","[('cubic', 0, 1), ('int', 3, 4)]","{('cubic', 0, 1): 5.162669531395894}","{('cubic', 0, 1): 5.162669531395894, ('int', 3, 4): 3.732113042278002}",dgp7,sr_pds,NL + severe NL conf.,SR-PDS,0.5
188,False,0.5101283074723609,0.04714348592343005,0.41772707506243806,0.6025295398822839,sr_pds,sr_pds,"[('cubic', 0, 1), ('log', 2, None)]","[('cubic', 0, 1), ('int', 3, 4)]","[('cubic', 0, 1), ('log', 2, None)]","[('cubic', 0, 1), ('int', 3, 4)]","{('cubic', 0, 1): 4.959662534413596, ('log', 2, None): -5.008646407137753}","{('cubic', 0, 1): 4.959662534413596, ('int', 3, 4): 2.9987837760817913}",dgp7,sr_pds,NL + severe NL conf.,SR-PDS,0.5
189,False,0.5189625891653691,0.046546039353177644,0.4277323520331409,0.6101928262975973,sr_pds,sr_pds,"[('cubic', 0, 1), ('log', 2, None)]","[('cubic', 0, 1), ('int', 3, 4)]","[('cubic', 0, 1), ('log', 2, None)]","[('cubic', 0, 1), ('int', 3, 4)]","{('cubic', 0, 1): 4.9527770409240865, ('log', 2, None): -4.990970704815369}","{('cubic', 0, 1): 4.9527770409240865, ('int', 3, 4): 2.9464072369237275}",dgp7,sr_pds,NL + severe NL conf.,SR-PDS,0.5
190,False,0.26827232384192545,0.2823758270742316,-0.2851842972235684,0.8217289449074193,sr_pds,sr_pds,"[('cubic', 0, 1)]","[('cubic', 0, 1), ('int', 3, 4)]","[('cubic', 0, 1)]","[('cubic', 0, 1), ('int', 3, 4)]","{('cubic', 0, 1): 5.461921612868335}","{('cubic', 0, 1): 5.461921612868335, ('int', 3, 4): 3.7475941457456963}",dgp7,sr_pds,NL + severe NL conf.,SR-PDS,0.5
191,False,0.45288991247738963,0.039988704831541065,0.3745120510075691,0.5312677739472101,sr_pds,sr_pds,"[('cubic', 0, 1), ('log', 2, None)]","[('int', 3, 4)]","[('cubic', 0, 1), ('log', 2, None)]","[('int', 3, 4)]","{('cubic', 0, 1): 5.051071177842388, ('log', 2, None): -4.974488121911431}","{('int', 3, 4): 3.211270235075228}",dgp7,sr_pds,NL + severe NL conf.,SR-PDS,0.5
192,False,0.6870175531745887,0.2258809623549577,0.2442908669588716,1.1297442393903059,sr_pds,sr_pds,"[('cubic', 0, 1)]","[('cubic', 0, 1), ('int', 3, 4)]","[('cubic', 0, 1)]","[('cubic', 0, 1), ('int', 3, 4)]","{('cubic', 0, 1): 4.745362291728406}","{('cubic', 0, 1): 4.745362291728406, ('int', 3, 4): 2.174925194804315}",dgp7,sr_pds,NL + severe NL conf.,SR-PDS,0.5
193,False,0.4382126827961798,0.04587869909684542,0.3482904325663628,0.5281349330259968,sr_pds,sr_pds,"[('cubic', 0, 1), ('log', 2, None)]","[('cubic', 0, 1), ('int', 3, 4)]","[('cubic', 0, 1), ('log', 2, None)]","[('cubic', 0, 1), ('int', 3, 4)]","{('cubic', 0, 1): 5.096949923389901, ('log', 2, None): -5.030097088464215}","{('cubic', 0, 1): 5.096949923389901, ('int', 3, 4): 3.2618382196689857}",dgp7,sr_pds,NL + severe NL conf.,SR-PDS,0.5
194,False,0.41137349631447856,0.26757962614686664,-0.11308257093338009,0.9358295635623373,sr_pds,sr_pds,"[('cubic', 0, 1)]","[('cubic', 0, 1), ('int', 3, 4)]","[('cubic', 0, 1)]","[('cubic', 0, 1), ('int', 3, 4)]","{('cubic', 0, 1): 5.455317715323802}","{('cubic', 0, 1): 5.455317715323802, ('int', 3, 4): 3.5533449857445563}",dgp7,sr_pds,NL + severe NL conf.,SR-PDS,0.5
195,False,0.46333289314921455,0.042700689865255194,0.3796395410133144,0.5470262452851147,sr_pds,sr_pds,"[('cubic', 0, 1), ('log', 2, None)]","[('cubic', 0, 1), ('int', 3, 4)]","[('cubic', 0, 1), ('log', 2, None)]","[('cubic', 0, 1), ('int', 3, 4)]","{('cubic', 0, 1): 5.04303417602693, ('log', 2, None): -4.984161074360218}","{('cubic', 0, 1): 5.04303417602693, ('int', 3, 4): 3.0294801078690754}",dgp7,sr_pds,NL + severe NL conf.,SR-PDS,0.5
196,False,0.5181905813200541,0.04271585463602355,0.434467506233448,0.6019136564066603,sr_pds,sr_pds,"[('cubic', 0, 1), ('log', 2, None)]","[('cubic', 0, 1), ('int', 3, 4)]","[('cubic', 0, 1), ('log', 2, None)]","[('cubic', 0, 1), ('int', 3, 4)]","{('cubic', 0, 1): 4.94736370023389, ('log', 2, None): -5.0318620032866175}","{('cubic', 0, 1): 4.94736370023389, ('int', 3, 4): 2.9660790969039703}",dgp7,sr_pds,NL + severe NL conf.,SR-PDS,0.5
197,False,1.0333764887341335,0.20826532702887154,0.6251764477575452,1.4415765297107217,sr_pds,sr_pds,"[('cubic', 0, 1)]","[('cubic', 0, 1), ('int', 3, 4)]","[('cubic', 0, 1)]","[('cubic', 0, 1), ('int', 3, 4)]","{('cubic', 0, 1): 3.8986232871172377}","{('cubic', 0, 1): 3.8986232871172377, ('int', 3, 4): 1.230864182829293}",dgp7,sr_pds,NL + severe NL conf.,SR-PDS,0.5
198,False,1.3409945121219544,0.08499776500032458,1.1743988927213183,1.5075901315225906,sr_pds,sr_pds,"[('cubic', 0, 1)]","[('cubic', 0, 1)]","[('cubic', 0, 1)]","[('cubic', 0, 1)]","{('cubic', 0, 1): 3.515209505636207}","{('cubic', 0, 1): 3.515209505636207}",dgp7,sr_pds,NL + severe NL conf.,SR-PDS,0.5
199,False,1.3438769944525577,0.022598580084456327,1.2995837774870234,1.388170211418092,sr_pds,sr_pds,"[('cubic', 0, 1), ('log', 2, None)]","[('cubic', 0, 1)]","[('cubic', 0, 1), ('log', 2, None)]","[('cubic', 0, 1)]","{('cubic', 0, 1): 3.235720808514215, ('log', 2, None): -5.044734270581919}","{('cubic', 0, 1): 3.235720808514215}",dgp7,sr_pds,NL + severe NL conf.,SR-PDS,0.5
200,False,0.48598282468597137,0.04889158773637076,0.39015531272268467,0.5818103366492581,sr_pds,sr_pds,"[('cubic', 0, 1), ('log', 2, None)]","[('cubic', 0, 1), ('int', 3, 4)]","[('cubic', 0, 1), ('log', 2, None)]","[('cubic', 0, 1), ('int', 3, 4)]","{('cubic', 0, 1): 5.026591853539785, ('log', 2, None): -4.953964928164802}","{('cubic', 0, 1): 5.026591853539785, ('int', 3, 4): 3.022696172394843}",dgp7,sr_pds,NL + severe NL conf.,SR-PDS,0.5
201,False,0.49418565183650276,0.04558271823371354,0.4048435240984242,0.5835277795745812,sr_pds,sr_pds,"[('cubic', 0, 1), ('log', 2, None)]","[('cubic', 0, 1), ('int', 3, 4)]","[('cubic', 0, 1), ('log', 2, None)]","[('cubic', 0, 1), ('int', 3, 4)]","{('cubic', 0, 1): 4.991426267149751, ('log', 2, None): -4.966098950407483}","{('cubic', 0, 1): 4.991426267149751, ('int', 3, 4): 2.9572935898248445}",dgp7,sr_pds,NL + severe NL conf.,SR-PDS,0.5
202,False,0.4253861550239514,0.04172135539486348,0.34361229845001895,0.5071600115978838,sr_pds,sr_pds,"[('cubic', 0, 1), ('log', 2, None)]","[('cubic', 0, 1), ('int', 3, 4)]","[('cubic', 0, 1), ('log', 2, None)]","[('cubic', 0, 1), ('int', 3, 4)]","{('cubic', 0, 1): 5.160073655691299, ('log', 2, None): -4.999098418377159}","{('cubic', 0, 1): 5.160073655691299, ('int', 3, 4): 3.15638877779251}",dgp7,sr_pds,NL + severe NL conf.,SR-PDS,0.5
203,False,0.5184899940440924,0.20478187910352408,0.11711751100118517,0.9198624770869995,sr_pds,sr_pds,"[('cubic', 0, 1)]","[('cubic', 0, 1), ('int', 3, 4)]","[('cubic', 0, 1)]","[('cubic', 0, 1), ('int', 3, 4)]","{('cubic', 0, 1): 4.860869466428104}","{('cubic', 0, 1): 4.860869466428104, ('int', 3, 4): 3.1635213497541756}",dgp7,sr_pds,NL + severe NL conf.,SR-PDS,0.5
204,False,0.5327720994884833,0.10035336890336158,0.3360794964378946,0.7294647025390719,sr_pds,sr_pds,"[('cubic', 0, 1), ('sqrt', 2, None)]","[('cubic', 0, 1), ('int', 3, 4)]","[('cubic', 0, 1), ('sqrt', 2, None)]","[('cubic', 0, 1), ('int', 3, 4)]","{('cubic', 0, 1): 5.051619878059209, ('sqrt', 2, None): -15.559124496182896}","{('cubic', 0, 1): 5.051619878059209, ('int', 3, 4): 2.7674073078546884}",dgp7,sr_pds,NL + severe NL conf.,SR-PDS,0.5
205,False,0.606919709306885,0.23761461229187966,0.14119506921480085,1.0726443493989692,sr_pds,sr_pds,"[('cubic', 0, 1), ('int', 3, 4)]","[('cubic', 0, 1), ('int', 3, 4)]","[('cubic', 0, 1), ('int', 3, 4)]","[('cubic', 0, 1), ('int', 3, 4)]","{('cubic', 0, 1): 4.7692936774226835, ('int', 3, 4): 2.7208828628197708}","{('cubic', 0, 1): 4.7692936774226835, ('int', 3, 4): 2.7208828628197708}",dgp7,sr_pds,NL + severe NL conf.,SR-PDS,0.5
206,False,1.1058830432634064,0.28388732818482015,0.5494638800211589,1.6623022065056539,sr_pds,sr_pds,"[('cubic', 0, 1)]","[('cubic', 0, 1), ('int', 0, 1), ('int', 3, 4)]","[('cubic', 0, 1)]","[('cubic', 0, 1), ('int', 0, 1), ('int', 3, 4)]","{('cubic', 0, 1): 3.972924414684328}","{('cubic', 0, 1): 3.972924414684328, ('int', 0, 1): 0.08745288253859093, ('int', 3, 4): 1.0946180834862638}",dgp7,sr_pds,NL + severe NL conf.,SR-PDS,0.5
207,False,0.9951562665241689,0.23119136323712303,0.5420211945794078,1.44829133846893,sr_pds,sr_pds,"[('cubic', 0, 1)]","[('cubic', 0, 1), ('int', 3, 4)]","[('cubic', 0, 1)]","[('cubic', 0, 1), ('int', 3, 4)]","{('cubic', 0, 1): 4.109775565211117}","{('cubic', 0, 1): 4.109775565211117, ('int', 3, 4): 1.4613045880475075}",dgp7,sr_pds,NL + severe NL conf.,SR-PDS,0.5
208,False,0.14445767730553405,0.24511836681760493,-0.3359743216569716,0.6248896762680397,sr_pds,sr_pds,"[('cubic', 0, 1)]","[('cubic', 0, 1), ('int', 3, 4)]","[('cubic', 0, 1)]","[('cubic', 0, 1), ('int', 3, 4)]","{('cubic', 0, 1): 5.895187880310153}","{('cubic', 0, 1): 5.895187880310153, ('int', 3, 4): 4.016832085322881}",dgp7,sr_pds,NL + severe NL conf.,SR-PDS,0.5
209,False,0.4454537178493794,0.24882543099809007,-0.04224412690687712,0.9331515626056359,sr_pds,sr_pds,"[('cubic', 0, 1)]","[('int', 3, 4)]","[('cubic', 0, 1)]","[('int', 3, 4)]","{('cubic', 0, 1): 4.980616434301}","{('int', 3, 4): 3.176673097751638}",dgp7,sr_pds,NL + severe NL conf.,SR-PDS,0.5
210,False,0.6239294109520261,0.24715405302486226,0.13950746702329614,1.1083513548807562,sr_pds,sr_pds,"[('cubic', 0, 1), ('int', 3, 4)]","[('cubic', 0, 1), ('int', 3, 4)]","[('cubic', 0, 1), ('int', 3, 4)]","[('cubic', 0, 1), ('int', 3, 4)]","{('cubic', 0, 1): 4.344626903918468, ('int', 3, 4): 2.59574557124671}","{('cubic', 0, 1): 4.344626903918468, ('int', 3, 4): 2.59574557124671}",dgp7,sr_pds,NL + severe NL conf.,SR-PDS,0.5
211,False,0.589301760037818,0.2384175556037459,0.12200335105447602,1.05660016902116,sr_pds,sr_pds,"[('cubic', 0, 1)]","[('cubic', 0, 1), ('int', 3, 4)]","[('cubic', 0, 1)]","[('cubic', 0, 1), ('int', 3, 4)]","{('cubic', 0, 1): 4.71703913231309}","{('cubic', 0, 1): 4.71703913231309, ('int', 3, 4): 2.7213897787750962}",dgp7,sr_pds,NL + severe NL conf.,SR-PDS,0.5
212,False,0.8323429689676659,0.24117118586604416,0.35964744467021936,1.3050384932651125,sr_pds,sr_pds,"[('cubic', 0, 1)]","[('cubic', 0, 1), ('int', 3, 4)]","[('cubic', 0, 1)]","[('cubic', 0, 1), ('int', 3, 4)]","{('cubic', 0, 1): 4.7387539235831175}","{('cubic', 0, 1): 4.7387539235831175, ('int', 3, 4): 2.5594008538750765}",dgp7,sr_pds,NL + severe NL conf.,SR-PDS,0.5
213,False,0.5672880227665764,0.2841765866476227,0.010301912937235924,1.124274132595917,sr_pds,sr_pds,"[('cubic', 0, 1)]","[('cubic', 0, 1), ('int', 3, 4)]","[('cubic', 0, 1)]","[('cubic', 0, 1), ('int', 3, 4)]","{('cubic', 0, 1): 4.8939193635431835}","{('cubic', 0, 1): 4.8939193635431835, ('int', 3, 4): 2.6138848674980086}",dgp7,sr_pds,NL + severe NL conf.,SR-PDS,0.5
214,False,0.5553710917754622,0.04435408629685108,0.46843708263363404,0.6423051009172903,sr_pds,sr_pds,"[('cubic', 0, 1), ('log', 2, None)]","[('cubic', 0, 1), ('int', 3, 4)]","[('cubic', 0, 1), ('log', 2, None)]","[('cubic', 0, 1), ('int', 3, 4)]","{('cubic', 0, 1): 4.92167481100737, ('log', 2, None): -5.004967207069184}","{('cubic', 0, 1): 4.92167481100737, ('int', 3, 4): 2.8018868441072304}",dgp7,sr_pds,NL + severe NL conf.,SR-PDS,0.5
215,False,0.37870100555834774,0.22942753259833734,-0.07097695833439344,0.8283789694510889,sr_pds,sr_pds,"[('cubic', 0, 1)]","[('cubic', 0, 1), ('int', 3, 4)]","[('cubic', 0, 1)]","[('cubic', 0, 1), ('int', 3, 4)]","{('cubic', 0, 1): 5.267313424969627}","{('cubic', 0, 1): 5.267313424969627, ('int', 3, 4): 3.1453035856089606}",dgp7,sr_pds,NL + severe NL conf.,SR-PDS,0.5
216,False,0.44933524994349494,0.2616892332022249,-0.0635756471328659,0.9622461470198558,sr_pds,sr_pds,"[('cubic', 0, 1)]","[('cubic', 0, 1), ('int', 3, 4)]","[('cubic', 0, 1)]","[('cubic', 0, 1), ('int', 3, 4)]","{('cubic', 0, 1): 5.484526741419911}","{('cubic', 0, 1): 5.484526741419911, ('int', 3, 4): 3.0174175560935756}",dgp7,sr_pds,NL + severe NL conf.,SR-PDS,0.5
217,False,0.5523457761865562,0.042182887918381234,0.469667315866529,0.6350242365065835,sr_pds,sr_pds,"[('cubic', 0, 1), ('log', 2, None)]","[('cubic', 0, 1), ('int', 3, 4)]","[('cubic', 0, 1), ('log', 2, None)]","[('cubic', 0, 1), ('int', 3, 4)]","{('cubic', 0, 1): 4.912825279561872, ('log', 2, None): -4.977953984772389}","{('cubic', 0, 1): 4.912825279561872, ('int', 3, 4): 2.859818349558223}",dgp7,sr_pds,NL + severe NL conf.,SR-PDS,0.5
218,False,0.7004243920057299,0.26413617345378076,0.1827174920363196,1.2181312919751401,sr_pds,sr_pds,"[('int', 3, 4)]","[('cubic', 0, 1), ('int', 3, 4)]","[('int', 3, 4)]","[('cubic', 0, 1), ('int', 3, 4)]","{('int', 3, 4): 2.642907451023409}","{('cubic', 0, 1): 4.801715725477771, ('int', 3, 4): 2.642907451023409}",dgp7,sr_pds,NL + severe NL conf.,SR-PDS,0.5
219,False,0.4600135407565248,0.256213486376762,-0.04216489254192868,0.9621919740549782,sr_pds,sr_pds,"[('cubic', 0, 1)]","[('cubic', 0, 1), ('int', 3, 4)]","[('cubic', 0, 1)]","[('cubic', 0, 1), ('int', 3, 4)]","{('cubic', 0, 1): 4.563041000544667}","{('cubic', 0, 1): 4.563041000544667, ('int', 3, 4): 3.398346082458897}",dgp7,sr_pds,NL + severe NL conf.,SR-PDS,0.5
220,False,0.7438684878318491,0.2401883228619671,0.2730993750223936,1.2146376006413047,sr_pds,sr_pds,"[('cubic', 0, 1), ('int', 3, 4)]","[('cubic', 0, 1), ('int', 3, 4)]","[('cubic', 0, 1), ('int', 3, 4)]","[('cubic', 0, 1), ('int', 3, 4)]","{('cubic', 0, 1): 4.1575407089567875, ('int', 3, 4): 1.8969496155353762}","{('cubic', 0, 1): 4.1575407089567875, ('int', 3, 4): 1.8969496155353762}",dgp7,sr_pds,NL + severe NL conf.,SR-PDS,0.5
221,False,0.49856651503591776,0.04634738314989465,0.40772564406212425,0.5894073860097113,sr_pds,sr_pds,"[('cubic', 0, 1), ('log', 2, None)]","[('cubic', 0, 1), ('int', 3, 4)]","[('cubic', 0, 1), ('log', 2, None)]","[('cubic', 0, 1), ('int', 3, 4)]","{('cubic', 0, 1): 4.975627542020529, ('log', 2, None): -4.968693402880038}","{('cubic', 0, 1): 4.975627542020529, ('int', 3, 4): 2.9974413586566193}",dgp7,sr_pds,NL + severe NL conf.,SR-PDS,0.5
222,False,0.5244772380509684,0.21860963172282824,0.09600235987422501,0.9529521162277117,sr_pds,sr_pds,"[('cubic', 0, 1)]","[('cubic', 0, 1), ('int', 3, 4)]","[('cubic', 0, 1)]","[('cubic', 0, 1), ('int', 3, 4)]","{('cubic', 0, 1): 4.812061811704601}","{('cubic', 0, 1): 4.812061811704601, ('int', 3, 4): 3.094178160162549}",dgp7,sr_pds,NL + severe NL conf.,SR-PDS,0.5
223,False,0.9088069008892602,0.24030108811214304,0.43781676818945986,1.3797970335890606,sr_pds,sr_pds,"[('cubic', 0, 1)]","[('cubic', 0, 1), ('int', 0, 1), ('int', 0, 48), ('int', 3, 4)]","[('cubic', 0, 1)]","[('cubic', 0, 1), ('int', 0, 48), ('int', 3, 4)]","{('cubic', 0, 1): 4.239741930879164}","{('cubic', 0, 1): 4.239741930879164, ('int', 0, 48): 0.16751567264287248, ('int', 3, 4): 1.6291053338438017}",dgp7,sr_pds,NL + severe NL conf.,SR-PDS,0.5
224,False,0.1336286785298295,0.255173073800889,-0.36651054611991285,0.6337679031795719,sr_pds,sr_pds,"[('cubic', 0, 1)]","[('cubic', 0, 1), ('int', 3, 4)]","[('cubic', 0, 1)]","[('cubic', 0, 1), ('int', 3, 4)]","{('cubic', 0, 1): 5.465683404345618}","{('cubic', 0, 1): 5.465683404345618, ('int', 3, 4): 4.080532534204754}",dgp7,sr_pds,NL + severe NL conf.,SR-PDS,0.5
225,False,0.3475108152138741,0.23849779159496315,-0.11994485631225366,0.8149664867400019,sr_pds,sr_pds,"[('cubic', 0, 1)]","[('cubic', 0, 1), ('int', 3, 4)]","[('cubic', 0, 1)]","[('cubic', 0, 1), ('int', 3, 4)]","{('cubic', 0, 1): 5.116292588660404}","{('cubic', 0, 1): 5.116292588660404, ('int', 3, 4): 3.574278105312788}",dgp7,sr_pds,NL + severe NL conf.,SR-PDS,0.5
226,False,0.48673886033182884,0.21745940843884085,0.060518419791700806,0.9129593008719569,sr_pds,sr_pds,"[('cubic', 0, 1)]","[('cubic', 0, 1), ('int', 3, 4)]","[('cubic', 0, 1)]","[('cubic', 0, 1), ('int', 3, 4)]","{('cubic', 0, 1): 4.979807762262028}","{('cubic', 0, 1): 4.979807762262028, ('int', 3, 4): 3.211191903628134}",dgp7,sr_pds,NL + severe NL conf.,SR-PDS,0.5
227,False,0.5163905072330032,0.04799643744891314,0.42231748983313344,0.6104635246328729,sr_pds,sr_pds,"[('cubic', 0, 1), ('log', 2, None)]","[('cubic', 0, 1), ('int', 3, 4)]","[('cubic', 0, 1), ('log', 2, None)]","[('cubic', 0, 1), ('int', 3, 4)]","{('cubic', 0, 1): 4.949317833073045, ('log', 2, None): -5.071974429490204}","{('cubic', 0, 1): 4.949317833073045, ('int', 3, 4): 2.886363584570466}",dgp7,sr_pds,NL + severe NL conf.,SR-PDS,0.5
228,False,0.8425802265023523,0.23095270681671468,0.38991292114159154,1.2952475318631131,sr_pds,sr_pds,"[('cubic', 0, 1)]","[('cubic', 0, 1), ('int', 3, 4)]","[('cubic', 0, 1)]","[('cubic', 0, 1), ('int', 3, 4)]","{('cubic', 0, 1): 4.28184777191379}","{('cubic', 0, 1): 4.28184777191379, ('int', 3, 4): 2.071495108542066}",dgp7,sr_pds,NL + severe NL conf.,SR-PDS,0.5
229,False,0.23739242076488454,0.2568723295712585,-0.2660773451947821,0.7408621867245512,sr_pds,sr_pds,"[('cubic', 0, 1)]","[('cubic', 0, 1), ('int', 3, 4)]","[('cubic', 0, 1)]","[('cubic', 0, 1), ('int', 3, 4)]","{('cubic', 0, 1): 5.554308474423268}","{('cubic', 0, 1): 5.554308474423268, ('int', 3, 4): 3.6704492366961574}",dgp7,sr_pds,NL + severe NL conf.,SR-PDS,0.5
230,False,0.45529053807946734,0.04774334363058604,0.3617135845635187,0.5488674915954159,sr_pds,sr_pds,"[('cubic', 0, 1), ('log', 2, None)]","[('cubic', 0, 1), ('int', 3, 4)]","[('cubic', 0, 1), ('log', 2, None)]","[('cubic', 0, 1), ('int', 3, 4)]","{('cubic', 0, 1): 5.062693314431765, ('log', 2, None): -5.001967702038309}","{('cubic', 0, 1): 5.062693314431765, ('int', 3, 4): 3.088048536125523}",dgp7,sr_pds,NL + severe NL conf.,SR-PDS,0.5
231,False,0.4626042801651852,0.04526926244864744,0.3738765257658362,0.5513320345645342,sr_pds,sr_pds,"[('cubic', 0, 1), ('int', 0, 1), ('log', 2, None)]","[('cubic', 0, 1), ('int', 3, 4)]","[('cubic', 0, 1), ('log', 2, None)]","[('cubic', 0, 1), ('int', 3, 4)]","{('cubic', 0, 1): 5.057263530842555, ('log', 2, None): -4.99232893296979}","{('cubic', 0, 1): 5.057263530842555, ('int', 3, 4): 3.088813026955353}",dgp7,sr_pds,NL + severe NL conf.,SR-PDS,0.5
232,False,0.3684761682907504,0.3141073750060394,-0.24717428672108682,0.9841266233025876,sr_pds,sr_pds,"[('cubic', 0, 1)]","[('cubic', 0, 1), ('int', 3, 4)]","[('cubic', 0, 1)]","[('cubic', 0, 1), ('int', 3, 4)]","{('cubic', 0, 1): 5.8317455711353094}","{('cubic', 0, 1): 5.8317455711353094, ('int', 3, 4): 3.054078736021893}",dgp7,sr_pds,NL + severe NL conf.,SR-PDS,0.5
233,False,0.3818697876936489,0.24938168584963574,-0.1069183165716372,0.870657891958935,sr_pds,sr_pds,"[('cubic', 0, 1)]","[('cubic', 0, 1), ('int', 3, 4)]","[('cubic', 0, 1)]","[('cubic', 0, 1), ('int', 3, 4)]","{('cubic', 0, 1): 5.059964541092854}","{('cubic', 0, 1): 5.059964541092854, ('int', 3, 4): 3.617407566572261}",dgp7,sr_pds,NL + severe NL conf.,SR-PDS,0.5
234,False,1.3641295594244338,0.021392619667631757,1.3222000248758756,1.406059093972992,sr_pds,sr_pds,"[('cubic', 0, 1), ('log', 2, None)]","[('cubic', 0, 1)]","[('cubic', 0, 1), ('log', 2, None)]","[('cubic', 0, 1)]","{('cubic', 0, 1): 3.256443639988749, ('log', 2, None): -5.1321150893341665}","{('cubic', 0, 1): 3.256443639988749}",dgp7,sr_pds,NL + severe NL conf.,SR-PDS,0.5
235,False,0.3087535816569606,0.2711332906233405,-0.22266766796478682,0.8401748312787081,sr_pds,sr_pds,"[('cubic', 0, 1)]","[('cubic', 0, 1), ('int', 3, 4)]","[('cubic', 0, 1)]","[('cubic', 0, 1), ('int', 3, 4)]","{('cubic', 0, 1): 5.181418498945586}","{('cubic', 0, 1): 5.181418498945586, ('int', 3, 4): 3.769718311896023}",dgp7,sr_pds,NL + severe NL conf.,SR-PDS,0.5
236,False,0.4626184616612207,0.047374269643788984,0.3697648931593943,0.5554720301630471,sr_pds,sr_pds,"[('cubic', 0, 1), ('log', 2, None)]","[('cubic', 0, 1), ('int', 3, 4)]","[('cubic', 0, 1), ('log', 2, None)]","[('cubic', 0, 1), ('int', 3, 4)]","{('cubic', 0, 1): 5.060773648851828, ('log', 2, None): -4.991659395386253}","{('cubic', 0, 1): 5.060773648851828, ('int', 3, 4): 3.0734343807156232}",dgp7,sr_pds,NL + severe NL conf.,SR-PDS,0.5
237,False,0.9742836573830566,0.2250853833232941,0.5331163060694001,1.4154510086967131,sr_pds,sr_pds,"[('cubic', 0, 1)]","[('cubic', 0, 1), ('int', 0, 11), ('int', 3, 4)]","[('cubic', 0, 1)]","[('cubic', 0, 1), ('int', 0, 11), ('int', 3, 4)]","{('cubic', 0, 1): 4.065781566049685}","{('cubic', 0, 1): 4.065781566049685, ('int', 0, 11): -0.22637074992222717, ('int', 3, 4): 1.5118529928937283}",dgp7,sr_pds,NL + severe NL conf.,SR-PDS,0.5
238,False,0.4994926232975121,0.04724659707813569,0.40688929302436616,0.592095953570658,sr_pds,sr_pds,"[('cubic', 0, 1), ('log', 2, None)]","[('cubic', 0, 1), ('int', 0, 1), ('int', 3, 4)]","[('cubic', 0, 1), ('log', 2, None)]","[('cubic', 0, 1), ('int', 3, 4)]","{('cubic', 0, 1): 5.002802416382264, ('log', 2, None): -5.0501147668291075}","{('cubic', 0, 1): 5.002802416382264, ('int', 3, 4): 3.0168721554730853}",dgp7,sr_pds,NL + severe NL conf.,SR-PDS,0.5
239,False,0.7263303272294983,0.2673175015539849,0.20238802418368784,1.2502726302753087,sr_pds,sr_pds,"[('cubic', 0, 1)]","[('cubic', 0, 1), ('int', 3, 4)]","[('cubic', 0, 1)]","[('cubic', 0, 1), ('int', 3, 4)]","{('cubic', 0, 1): 4.1200597151399725}","{('cubic', 0, 1): 4.1200597151399725, ('int', 3, 4): 1.7505230657707493}",dgp7,sr_pds,NL + severe NL conf.,SR-PDS,0.5
240,False,0.701279398080547,0.23026058970191232,0.2499686422647988,1.152590153896295,sr_pds,sr_pds,"[('cubic', 0, 1)]","[('cubic', 0, 1), ('int', 3, 4)]","[('cubic', 0, 1)]","[('cubic', 0, 1), ('int', 3, 4)]","{('cubic', 0, 1): 4.38724752094918}","{('cubic', 0, 1): 4.38724752094918, ('int', 3, 4): 2.394831253685525}",dgp7,sr_pds,NL + severe NL conf.,SR-PDS,0.5
241,False,0.1266090546690641,0.2865265239321384,-0.43498293223792717,0.6882010415760554,sr_pds,sr_pds,[],"[('cubic', 0, 1), ('int', 3, 4)]",[],"[('cubic', 0, 1), ('int', 3, 4)]",{},"{('cubic', 0, 1): 6.004122046160808, ('int', 3, 4): 3.7165396236591977}",dgp7,sr_pds,NL + severe NL conf.,SR-PDS,0.5
242,False,-0.0026864165842860124,0.22541738228434982,-0.4445044858616117,0.4391316526930396,sr_pds,sr_pds,"[('cubic', 0, 1)]","[('int', 3, 4)]","[('cubic', 0, 1)]","[('int', 3, 4)]","{('cubic', 0, 1): 6.193344176854281}","{('int', 3, 4): 4.487674924009979}",dgp7,sr_pds,NL + severe NL conf.,SR-PDS,0.5
243,False,0.16886749680111549,0.3271302605826275,-0.47230781394083443,0.8100428075430653,sr_pds,sr_pds,"[('cubic', 0, 1)]","[('cubic', 0, 1), ('int', 3, 4)]","[('cubic', 0, 1)]","[('cubic', 0, 1), ('int', 3, 4)]","{('cubic', 0, 1): 5.861504712624215}","{('cubic', 0, 1): 5.861504712624215, ('int', 3, 4): 3.361498224972338}",dgp7,sr_pds,NL + severe NL conf.,SR-PDS,0.5
244,False,0.9778339375266859,0.23951094911629578,0.5083924772587463,1.4472753977946256,sr_pds,sr_pds,"[('cubic', 0, 1)]","[('cubic', 0, 1), ('int', 3, 4)]","[('cubic', 0, 1)]","[('cubic', 0, 1), ('int', 3, 4)]","{('cubic', 0, 1): 4.171607882367934}","{('cubic', 0, 1): 4.171607882367934, ('int', 3, 4): 1.2756654671646768}",dgp7,sr_pds,NL + severe NL conf.,SR-PDS,0.5
245,False,0.5294105974060651,0.24380517653639547,0.051552451394730026,1.0072687434174001,sr_pds,sr_pds,"[('cubic', 0, 1)]","[('cubic', 0, 1), ('int', 0, 1), ('int', 3, 4)]","[('cubic', 0, 1)]","[('cubic', 0, 1), ('int', 3, 4)]","{('cubic', 0, 1): 4.92219954179}","{('cubic', 0, 1): 4.92219954179, ('int', 3, 4): 2.8611708653976287}",dgp7,sr_pds,NL + severe NL conf.,SR-PDS,0.5
246,False,2.7638422647806253,0.10184035084427204,2.5642351771258522,2.9634493524353984,sr_pds,sr_pds,[],"[('int', 3, 4)]",[],"[('int', 3, 4)]",{},"{('int', 3, 4): -3.9068456436640346}",dgp7,sr_pds,NL + severe NL conf.,SR-PDS,0.5
247,False,0.450991216744243,0.045333047016971696,0.36213844459097844,0.5398439888975075,sr_pds,sr_pds,"[('cubic', 0, 1), ('log', 2, None)]","[('cubic', 0, 1), ('int', 3, 4)]","[('cubic', 0, 1), ('log', 2, None)]","[('cubic', 0, 1), ('int', 3, 4)]","{('cubic', 0, 1): 5.07628749606375, ('log', 2, None): -5.032793638811777}","{('cubic', 0, 1): 5.07628749606375, ('int', 3, 4): 3.1535306199704762}",dgp7,sr_pds,NL + severe NL conf.,SR-PDS,0.5
248,False,0.6761674486395375,0.27071382316957276,0.14556835522717493,1.2067665420519,sr_pds,sr_pds,"[('cubic', 0, 1)]","[('cubic', 0, 1), ('int', 3, 4)]","[('cubic', 0, 1)]","[('cubic', 0, 1), ('int', 3, 4)]","{('cubic', 0, 1): 4.3572811764647446}","{('cubic', 0, 1): 4.3572811764647446, ('int', 3, 4): 2.3949002318808}",dgp7,sr_pds,NL + severe NL conf.,SR-PDS,0.5
249,False,2.8397634859658103,0.0996949982388179,2.644361289417727,3.0351656825138935,sr_pds,sr_pds,[],"[('int', 3, 4)]",[],"[('int', 3, 4)]",{},"{('int', 3, 4): -4.630192750069971}",dgp7,sr_pds,NL + severe NL conf.,SR-PDS,0.5
250,False,0.44680676884978127,0.25637399386551024,-0.05568625912661879,0.9492997968261814,sr_pds,sr_pds,"[('cubic', 0, 1)]","[('cubic', 0, 1), ('int', 3, 4)]","[('cubic', 0, 1)]","[('cubic', 0, 1), ('int', 3, 4)]","{('cubic', 0, 1): 4.922519276008157}","{('cubic', 0, 1): 4.922519276008157, ('int', 3, 4): 3.097365986405773}",dgp7,sr_pds,NL + severe NL conf.,SR-PDS,0.5
251,False,0.6211835350997821,0.25543912064656443,0.12052285863251577,1.1218442115670484,sr_pds,sr_pds,"[('cubic', 0, 1)]","[('cubic', 0, 1), ('int', 3, 4)]","[('cubic', 0, 1)]","[('cubic', 0, 1), ('int', 3, 4)]","{('cubic', 0, 1): 4.8282485664555965}","{('cubic', 0, 1): 4.8282485664555965, ('int', 3, 4): 2.376610321974964}",dgp7,sr_pds,NL + severe NL conf.,SR-PDS,0.5
252,False,0.5127284587436044,0.04425081404347018,0.42599686321840285,0.599460054268806,sr_pds,sr_pds,"[('cubic', 0, 1), ('log', 2, None)]","[('cubic', 0, 1), ('int', 3, 4)]","[('cubic', 0, 1), ('log', 2, None)]","[('cubic', 0, 1), ('int', 3, 4)]","{('cubic', 0, 1): 4.988220917666125, ('log', 2, None): -5.02147962295832}","{('cubic', 0, 1): 4.988220917666125, ('int', 3, 4): 2.910365524339772}",dgp7,sr_pds,NL + severe NL conf.,SR-PDS,0.5
253,False,0.5517705566906667,0.043888628340324906,0.46574884514362985,0.6377922682377035,sr_pds,sr_pds,"[('cubic', 0, 1), ('log', 2, None)]","[('cubic', 0, 1), ('int', 3, 4)]","[('cubic', 0, 1), ('log', 2, None)]","[('cubic', 0, 1), ('int', 3, 4)]","{('cubic', 0, 1): 4.968238095296169, ('log', 2, None): -4.96818492830536}","{('cubic', 0, 1): 4.968238095296169, ('int', 3, 4): 2.9015565742582057}",dgp7,sr_pds,NL + severe NL conf.,SR-PDS,0.5
254,False,0.08511940296361178,0.25195214545255123,-0.4087068021233886,0.5789456080506122,sr_pds,sr_pds,"[('cubic', 0, 1)]","[('cubic', 0, 1), ('int', 3, 4)]","[('cubic', 0, 1)]","[('cubic', 0, 1), ('int', 3, 4)]","{('cubic', 0, 1): 5.633491365922793}","{('cubic', 0, 1): 5.633491365922793, ('int', 3, 4): 4.179720354219132}",dgp7,sr_pds,NL + severe NL conf.,SR-PDS,0.5
255,False,0.582981309048461,0.23108176388409415,0.1300610518356365,1.0359015662612856,sr_pds,sr_pds,"[('cubic', 0, 1), ('int', 3, 4)]","[('cubic', 0, 1), ('int', 3, 4)]","[('cubic', 0, 1), ('int', 3, 4)]","[('cubic', 0, 1), ('int', 3, 4)]","{('cubic', 0, 1): 4.724651689943311, ('int', 3, 4): 2.661254189413728}","{('cubic', 0, 1): 4.724651689943311, ('int', 3, 4): 2.661254189413728}",dgp7,sr_pds,NL + severe NL conf.,SR-PDS,0.5
256,False,0.6626065427559902,0.21754121560609269,0.23622576016804853,1.0889873253439317,sr_pds,sr_pds,"[('cubic', 0, 1)]","[('cubic', 0, 1), ('int', 3, 4)]","[('cubic', 0, 1)]","[('cubic', 0, 1), ('int', 3, 4)]","{('cubic', 0, 1): 4.645811943741879}","{('cubic', 0, 1): 4.645811943741879, ('int', 3, 4): 1.8885387952441448}",dgp7,sr_pds,NL + severe NL conf.,SR-PDS,0.5
257,False,1.424894566328647,0.07962124312893697,1.2688369297959305,1.5809522028613634,sr_pds,sr_pds,"[('cubic', 0, 1)]","[('cubic', 0, 1)]","[('cubic', 0, 1)]","[('cubic', 0, 1)]","{('cubic', 0, 1): 3.1153637133823}","{('cubic', 0, 1): 3.1153637133823}",dgp7,sr_pds,NL + severe NL conf.,SR-PDS,0.5
258,False,0.5163400571461055,0.2543030704007055,0.01790603916072281,1.0147740751314882,sr_pds,sr_pds,"[('cubic', 0, 1)]","[('cubic', 0, 1), ('int', 3, 4)]","[('cubic', 0, 1)]","[('cubic', 0, 1), ('int', 3, 4)]","{('cubic', 0, 1): 4.729317555042937}","{('cubic', 0, 1): 4.729317555042937, ('int', 3, 4): 3.106238209712868}",dgp7,sr_pds,NL + severe NL conf.,SR-PDS,0.5
259,False,0.43210221767643014,0.2859641885028148,-0.12838759178908682,0.992592027141947,sr_pds,sr_pds,"[('cubic', 0, 1)]","[('cubic', 0, 1), ('int', 3, 4)]","[('cubic', 0, 1)]","[('cubic', 0, 1), ('int', 3, 4)]","{('cubic', 0, 1): 5.089463205602757}","{('cubic', 0, 1): 5.089463205602757, ('int', 3, 4): 2.884275400105687}",dgp7,sr_pds,NL + severe NL conf.,SR-PDS,0.5
260,False,1.4423331354221762,0.08878104781036436,1.268322281713862,1.6163439891304905,sr_pds,sr_pds,"[('cubic', 0, 1)]","[('cubic', 0, 1)]","[('cubic', 0, 1)]","[('cubic', 0, 1)]","{('cubic', 0, 1): 3.1566459089777865}","{('cubic', 0, 1): 3.1566459089777865}",dgp7,sr_pds,NL + severe NL conf.,SR-PDS,0.5
261,False,0.4710481061285978,0.2826817713184486,-0.08300816565556146,1.025104377912757,sr_pds,sr_pds,"[('cubic', 0, 1)]","[('cubic', 0, 1), ('int', 3, 4)]","[('cubic', 0, 1)]","[('cubic', 0, 1), ('int', 3, 4)]","{('cubic', 0, 1): 5.273879887146639}","{('cubic', 0, 1): 5.273879887146639, ('int', 3, 4): 3.712125358067659}",dgp7,sr_pds,NL + severe NL conf.,SR-PDS,0.5
262,False,0.5428032747021824,0.04600686548146937,0.4526298183585024,0.6329767310458624,sr_pds,sr_pds,"[('cubic', 0, 1), ('log', 2, None)]","[('cubic', 0, 1), ('int', 3, 4)]","[('cubic', 0, 1), ('log', 2, None)]","[('cubic', 0, 1), ('int', 3, 4)]","{('cubic', 0, 1): 4.924229354537992, ('log', 2, None): -4.98382630224776}","{('cubic', 0, 1): 4.924229354537992, ('int', 3, 4): 2.821106576729881}",dgp7,sr_pds,NL + severe NL conf.,SR-PDS,0.5
263,False,0.11295961559490632,0.26126655177434954,-0.3991228258828188,0.6250420570726314,sr_pds,sr_pds,"[('cubic', 0, 1)]","[('cubic', 0, 1), ('int', 3, 4)]","[('cubic', 0, 1)]","[('cubic', 0, 1), ('int', 3, 4)]","{('cubic', 0, 1): 5.792095148025451}","{('cubic', 0, 1): 5.792095148025451, ('int', 3, 4): 4.037801391138038}",dgp7,sr_pds,NL + severe NL conf.,SR-PDS,0.5
264,False,0.4958597307068547,0.048284856516705,0.40122141193411287,0.5904980494795965,sr_pds,sr_pds,"[('cubic', 0, 1), ('log', 2, None)]","[('cubic', 0, 1), ('int', 3, 4)]","[('cubic', 0, 1), ('log', 2, None)]","[('cubic', 0, 1), ('int', 3, 4)]","{('cubic', 0, 1): 5.020332617281315, ('log', 2, None): -4.950292647060314}","{('cubic', 0, 1): 5.020332617281315, ('int', 3, 4): 3.0961582254538222}",dgp7,sr_pds,NL + severe NL conf.,SR-PDS,0.5
265,False,0.7783773065116575,0.21500696237020964,0.3569636602660466,1.1997909527572683,sr_pds,sr_pds,"[('cubic', 0, 1)]","[('int', 3, 4)]","[('cubic', 0, 1)]","[('int', 3, 4)]","{('cubic', 0, 1): 4.125588492353561}","{('int', 3, 4): 2.3846549477428773}",dgp7,sr_pds,NL + severe NL conf.,SR-PDS,0.5
266,False,0.5314903904897026,0.04255149022203039,0.448089469654523,0.6148913113248822,sr_pds,sr_pds,"[('cubic', 0, 1), ('log', 2, None)]","[('cubic', 0, 1), ('int', 3, 4)]","[('cubic', 0, 1), ('log', 2, None)]","[('cubic', 0, 1), ('int', 3, 4)]","{('cubic', 0, 1): 4.938713974528536, ('log', 2, None): -5.041254118770813}","{('cubic', 0, 1): 4.938713974528536, ('int', 3, 4): 2.9026395623534103}",dgp7,sr_pds,NL + severe NL conf.,SR-PDS,0.5
267,False,1.5318879445871236,0.10881576172440413,1.3186090516072915,1.7451668375669558,sr_pds,sr_pds,"[('cubic', 0, 1)]","[('cubic', 0, 1)]","[('cubic', 0, 1)]","[('cubic', 0, 1)]","{('cubic', 0, 1): 2.759968210360337}","{('cubic', 0, 1): 2.759968210360337}",dgp7,sr_pds,NL + severe NL conf.,SR-PDS,0.5
268,False,1.3711196198423965,0.074894998862798,1.2243254220713125,1.5179138176134805,sr_pds,sr_pds,"[('cubic', 0, 1)]","[('cubic', 0, 1)]","[('cubic', 0, 1)]","[('cubic', 0, 1)]","{('cubic', 0, 1): 3.382831689309288}","{('cubic', 0, 1): 3.382831689309288}",dgp7,sr_pds,NL + severe NL conf.,SR-PDS,0.5
269,False,0.5554697182633576,0.04731277036480357,0.4627366883483426,0.6482027481783725,sr_pds,sr_pds,"[('cubic', 0, 1), ('log', 2, None)]","[('cubic', 0, 1), ('int', 3, 4)]","[('cubic', 0, 1), ('log', 2, None)]","[('cubic', 0, 1), ('int', 3, 4)]","{('cubic', 0, 1): 4.885200557461989, ('log', 2, None): -4.9951291700127864}","{('cubic', 0, 1): 4.885200557461989, ('int', 3, 4): 2.792392997642446}",dgp7,sr_pds,NL + severe NL conf.,SR-PDS,0.5
270,False,0.2948566500242548,0.27247972642185714,-0.2392036137625852,0.8289169138110948,sr_pds,sr_pds,"[('cubic', 0, 1)]","[('cubic', 0, 1), ('int', 3, 4)]","[('cubic', 0, 1)]","[('cubic', 0, 1), ('int', 3, 4)]","{('cubic', 0, 1): 5.473229580744214}","{('cubic', 0, 1): 5.473229580744214, ('int', 3, 4): 3.785729160337425}",dgp7,sr_pds,NL + severe NL conf.,SR-PDS,0.5
271,False,0.8420203119715539,0.23723305752626372,0.377043519220077,1.3069971047230309,sr_pds,sr_pds,"[('cubic', 0, 1)]","[('cubic', 0, 1), ('int', 3, 4)]","[('cubic', 0, 1)]","[('cubic', 0, 1), ('int', 3, 4)]","{('cubic', 0, 1): 4.336747399062502}","{('cubic', 0, 1): 4.336747399062502, ('int', 3, 4): 2.0677586922086277}",dgp7,sr_pds,NL + severe NL conf.,SR-PDS,0.5
272,False,1.0630642271497939,0.24323536794087974,0.5863229059856696,1.5398055483139181,sr_pds,sr_pds,"[('cubic', 0, 1), ('int', 0, 1)]","[('cubic', 0, 1), ('int', 3, 4)]","[('cubic', 0, 1)]","[('cubic', 0, 1), ('int', 3, 4)]","{('cubic', 0, 1): 3.999008938514773}","{('cubic', 0, 1): 3.999008938514773, ('int', 3, 4): 0.6858033783865285}",dgp7,sr_pds,NL + severe NL conf.,SR-PDS,0.5
273,False,0.5409653580707349,0.2325758118024086,0.08511676693801401,0.9968139492034558,sr_pds,sr_pds,"[('cubic', 0, 1)]","[('int', 3, 4)]","[('cubic', 0, 1)]","[('int', 3, 4)]","{('cubic', 0, 1): 5.179682032151884}","{('int', 3, 4): 2.9620320928707398}",dgp7,sr_pds,NL + severe NL conf.,SR-PDS,0.5
274,False,0.4482418052645363,0.29903321536388566,-0.1378632968486796,1.0343469073777523,sr_pds,sr_pds,"[('cubic', 0, 1)]","[('cubic', 0, 1), ('int', 3, 4)]","[('cubic', 0, 1)]","[('cubic', 0, 1), ('int', 3, 4)]","{('cubic', 0, 1): 5.107702272069878}","{('cubic', 0, 1): 5.107702272069878, ('int', 3, 4): 2.844464981169646}",dgp7,sr_pds,NL + severe NL conf.,SR-PDS,0.5
275,False,1.3905727485209094,0.08530450033009106,1.223375927873931,1.557769569167888,sr_pds,sr_pds,"[('cubic', 0, 1)]","[('cubic', 0, 1)]","[('cubic', 0, 1)]","[('cubic', 0, 1)]","{('cubic', 0, 1): 2.9480496745067875}","{('cubic', 0, 1): 2.9480496745067875}",dgp7,sr_pds,NL + severe NL conf.,SR-PDS,0.5
276,False,0.4813597356596799,0.042948371407155704,0.3971809277016547,0.5655385436177051,sr_pds,sr_pds,"[('cubic', 0, 1), ('log', 2, None)]","[('cubic', 0, 1), ('int', 3, 4)]","[('cubic', 0, 1), ('log', 2, None)]","[('cubic', 0, 1), ('int', 3, 4)]","{('cubic', 0, 1): 4.95788095808104, ('log', 2, None): -4.968566254868558}","{('cubic', 0, 1): 4.95788095808104, ('int', 3, 4): 3.0916388622587343}",dgp7,sr_pds,NL + severe NL conf.,SR-PDS,0.5
277,False,0.2658953192221,0.2410302034010735,-0.20652387944400402,0.738314517888204,sr_pds,sr_pds,"[('cubic', 0, 1)]","[('cubic', 0, 1), ('int', 3, 4)]","[('cubic', 0, 1)]","[('cubic', 0, 1), ('int', 3, 4)]","{('cubic', 0, 1): 5.599798804285558}","{('cubic', 0, 1): 5.599798804285558, ('int', 3, 4): 3.6539806066213205}",dgp7,sr_pds,NL + severe NL conf.,SR-PDS,0.5
278,False,0.46288936493063215,0.21035316935667525,0.050597152991548655,0.8751815768697156,sr_pds,sr_pds,"[('cubic', 0, 1)]","[('cubic', 0, 1), ('int', 3, 4)]","[('cubic', 0, 1)]","[('cubic', 0, 1), ('int', 3, 4)]","{('cubic', 0, 1): 4.916853639053607}","{('cubic', 0, 1): 4.916853639053607, ('int', 3, 4): 3.6083456416014763}",dgp7,sr_pds,NL + severe NL conf.,SR-PDS,0.5
279,False,0.3931144336719436,0.2488484413693293,-0.09462851141194178,0.8808573787558289,sr_pds,sr_pds,"[('cubic', 0, 1)]","[('cubic', 0, 1), ('int', 3, 4)]","[('cubic', 0, 1)]","[('cubic', 0, 1), ('int', 3, 4)]","{('cubic', 0, 1): 5.430116158988991}","{('cubic', 0, 1): 5.430116158988991, ('int', 3, 4): 3.5526297563767617}",dgp7,sr_pds,NL + severe NL conf.,SR-PDS,0.5
280,False,0.5401730769536786,0.04685949691424546,0.44832846300175744,0.6320176909055997,sr_pds,sr_pds,"[('cubic', 0, 1), ('log', 2, None)]","[('cubic', 0, 1), ('int', 3, 4)]","[('cubic', 0, 1), ('log', 2, None)]","[('cubic', 0, 1), ('int', 3, 4)]","{('cubic', 0, 1): 4.932720781707686, ('log', 2, None): -4.9883474884517405}","{('cubic', 0, 1): 4.932720781707686, ('int', 3, 4): 2.932580924793162}",dgp7,sr_pds,NL + severe NL conf.,SR-PDS,0.5
281,False,0.6299049584034326,0.21157093180302478,0.21522593206950408,1.0445839847373612,sr_pds,sr_pds,"[('cubic', 0, 1)]","[('cubic', 0, 1), ('int', 3, 4)]","[('cubic', 0, 1)]","[('cubic', 0, 1), ('int', 3, 4)]","{('cubic', 0, 1): 4.928277064527324}","{('cubic', 0, 1): 4.928277064527324, ('int', 3, 4): 2.7260962848900157}",dgp7,sr_pds,NL + severe NL conf.,SR-PDS,0.5
282,False,0.46008437961989074,0.26096786478619394,-0.0514126353610494,0.9715813946008309,sr_pds,sr_pds,"[('cubic', 0, 1)]","[('cubic', 0, 1), ('int', 3, 4)]","[('cubic', 0, 1)]","[('cubic', 0, 1), ('int', 3, 4)]","{('cubic', 0, 1): 5.248791665940033}","{('cubic', 0, 1): 5.248791665940033, ('int', 3, 4): 3.438945267259732}",dgp7,sr_pds,NL + severe NL conf.,SR-PDS,0.5
283,False,0.5342090760862142,0.042013496983539414,0.45186262199847693,0.6165555301739514,sr_pds,sr_pds,"[('cubic', 0, 1), ('log', 2, None)]","[('cubic', 0, 1), ('int', 3, 4)]","[('cubic', 0, 1), ('log', 2, None)]","[('cubic', 0, 1), ('int', 3, 4)]","{('cubic', 0, 1): 4.896116822537087, ('log', 2, None): -4.896218148182611}","{('cubic', 0, 1): 4.896116822537087, ('int', 3, 4): 2.9246655727611732}",dgp7,sr_pds,NL + severe NL conf.,SR-PDS,0.5
284,False,0.4517730917135392,0.044832370213990315,0.3639016460941182,0.5396445373329603,sr_pds,sr_pds,"[('cubic', 0, 1), ('log', 2, None)]","[('cubic', 0, 1), ('int', 3, 4)]","[('cubic', 0, 1), ('log', 2, None)]","[('cubic', 0, 1), ('int', 3, 4)]","{('cubic', 0, 1): 5.104235356624654, ('log', 2, None): -4.973069002738453}","{('cubic', 0, 1): 5.104235356624654, ('int', 3, 4): 3.1723545297099163}",dgp7,sr_pds,NL + severe NL conf.,SR-PDS,0.5
285,False,0.4948908875126558,0.04530111041073412,0.4061007111076169,0.5836810639176947,sr_pds,sr_pds,"[('cubic', 0, 1), ('log', 2, None), ('sq', 0, None)]","[('cubic', 0, 1), ('int', 3, 4)]","[('cubic', 0, 1), ('log', 2, None), ('sq', 0, None)]","[('cubic', 0, 1), ('int', 3, 4)]","{('cubic', 0, 1): 5.031387134680105, ('log', 2, None): -5.001539463605421, ('sq', 0, None): -0.0959002030777521}","{('cubic', 0, 1): 5.031387134680105, ('int', 3, 4): 3.0784617665043212}",dgp7,sr_pds,NL + severe NL conf.,SR-PDS,0.5
286,False,1.294165829024722,0.08110765716450147,1.135194820982299,1.453136837067145,sr_pds,sr_pds,"[('cubic', 0, 1)]","[('cubic', 0, 1)]","[('cubic', 0, 1)]","[('cubic', 0, 1)]","{('cubic', 0, 1): 3.4797778384184195}","{('cubic', 0, 1): 3.4797778384184195}",dgp7,sr_pds,NL + severe NL conf.,SR-PDS,0.5
287,False,1.4107729047438087,0.10135739320705771,1.2121124140579755,1.6094333954296418,sr_pds,sr_pds,"[('cubic', 0, 1), ('int', 0, 1)]","[('cubic', 0, 1)]","[('cubic', 0, 1)]","[('cubic', 0, 1)]","{('cubic', 0, 1): 3.3168250956802985}","{('cubic', 0, 1): 3.3168250956802985}",dgp7,sr_pds,NL + severe NL conf.,SR-PDS,0.5
288,False,0.49643408455891347,0.2410012730453611,0.024071589390005754,0.9687965797278212,sr_pds,sr_pds,"[('cubic', 0, 1)]","[('cubic', 0, 1), ('int', 3, 4)]","[('cubic', 0, 1)]","[('cubic', 0, 1), ('int', 3, 4)]","{('cubic', 0, 1): 4.965160335375567}","{('cubic', 0, 1): 4.965160335375567, ('int', 3, 4): 2.8387126785390198}",dgp7,sr_pds,NL + severe NL conf.,SR-PDS,0.5
289,False,1.3992559006457348,0.06108985108540971,1.2795197925183317,1.518992008773138,sr_pds,sr_pds,"[('cubic', 0, 1), ('sq', 2, None)]","[('cubic', 0, 1)]","[('cubic', 0, 1), ('sq', 2, None)]","[('cubic', 0, 1)]","{('cubic', 0, 1): 3.1923892047028697, ('sq', 2, None): -2.1182568722211266}","{('cubic', 0, 1): 3.1923892047028697}",dgp7,sr_pds,NL + severe NL conf.,SR-PDS,0.5
290,False,0.43763238989928793,0.04391469493223444,0.35155958783210844,0.5237051919664675,sr_pds,sr_pds,"[('cubic', 0, 1), ('log', 2, None)]","[('cubic', 0, 1), ('int', 3, 4)]","[('cubic', 0, 1), ('log', 2, None)]","[('cubic', 0, 1), ('int', 3, 4)]","{('cubic', 0, 1): 5.012410630552624, ('log', 2, None): -4.976333862227845}","{('cubic', 0, 1): 5.012410630552624, ('int', 3, 4): 3.104370045719119}",dgp7,sr_pds,NL + severe NL conf.,SR-PDS,0.5
291,False,0.5698644755625217,0.11498728790050503,0.34448939127753186,0.7952395598475116,sr_pds,sr_pds,"[('cubic', 0, 1), ('sqrt', 2, None)]","[('cubic', 0, 1), ('int', 3, 4)]","[('cubic', 0, 1), ('sqrt', 2, None)]","[('cubic', 0, 1), ('int', 3, 4)]","{('cubic', 0, 1): 4.811922916294612, ('sqrt', 2, None): -15.316329680133766}","{('cubic', 0, 1): 4.811922916294612, ('int', 3, 4): 2.7436638506913296}",dgp7,sr_pds,NL + severe NL conf.,SR-PDS,0.5
292,False,0.44608170997521646,0.26400590386910117,-0.07136986160822179,0.9635332815586547,sr_pds,sr_pds,"[('cubic', 0, 1)]","[('cubic', 0, 1), ('int', 3, 4)]","[('cubic', 0, 1)]","[('cubic', 0, 1), ('int', 3, 4)]","{('cubic', 0, 1): 4.750682705460059}","{('cubic', 0, 1): 4.750682705460059, ('int', 3, 4): 2.96287591429172}",dgp7,sr_pds,NL + severe NL conf.,SR-PDS,0.5
293,False,0.5227463848430274,0.04440973993306512,0.43570329457421975,0.609789475111835,sr_pds,sr_pds,"[('cubic', 0, 1), ('log', 2, None)]","[('cubic', 0, 1), ('int', 3, 4)]","[('cubic', 0, 1), ('log', 2, None)]","[('cubic', 0, 1), ('int', 3, 4)]","{('cubic', 0, 1): 4.9259619679418085, ('log', 2, None): -4.976668581057562}","{('cubic', 0, 1): 4.9259619679418085, ('int', 3, 4): 2.8606163337383768}",dgp7,sr_pds,NL + severe NL conf.,SR-PDS,0.5
294,False,0.13937547579094695,0.21795333445890436,-0.2878130597485056,0.5665640113303995,sr_pds,sr_pds,[],"[('cubic', 0, 1), ('int', 3, 4)]",[],"[('cubic', 0, 1), ('int', 3, 4)]",{},"{('cubic', 0, 1): 5.775883655699798, ('int', 3, 4): 4.19514965849687}",dgp7,sr_pds,NL + severe NL conf.,SR-PDS,0.5
295,False,0.5058196272140331,0.046699920134445023,0.41428778375052083,0.5973514706775453,sr_pds,sr_pds,"[('cubic', 0, 1), ('log', 2, None)]","[('cubic', 0, 1), ('int', 3, 4)]","[('cubic', 0, 1), ('log', 2, None)]","[('cubic', 0, 1), ('int', 3, 4)]","{('cubic', 0, 1): 4.963018847403914, ('log', 2, None): -4.983693134804787}","{('cubic', 0, 1): 4.963018847403914, ('int', 3, 4): 3.003561440918778}",dgp7,sr_pds,NL + severe NL conf.,SR-PDS,0.5
296,False,0.8273332770393864,0.26637859378428436,0.30523123322218904,1.3494353208565837,sr_pds,sr_pds,"[('cubic', 0, 1)]","[('cubic', 0, 1), ('int', 3, 4)]","[('cubic', 0, 1)]","[('cubic', 0, 1), ('int', 3, 4)]","{('cubic', 0, 1): 4.119172067481876}","{('cubic', 0, 1): 4.119172067481876, ('int', 3, 4): 1.656908766348702}",dgp7,sr_pds,NL + severe NL conf.,SR-PDS,0.5
297,False,0.46751109215072734,0.04738503469928069,0.3746364241401372,0.5603857601613175,sr_pds,sr_pds,"[('cubic', 0, 1), ('log', 2, None)]","[('cubic', 0, 1), ('int', 3, 4)]","[('cubic', 0, 1), ('log', 2, None)]","[('cubic', 0, 1), ('int', 3, 4)]","{('cubic', 0, 1): 5.098417022627713, ('log', 2, None): -4.9885204043956}","{('cubic', 0, 1): 5.098417022627713, ('int', 3, 4): 3.175652623686662}",dgp7,sr_pds,NL + severe NL conf.,SR-PDS,0.5
298,False,0.37146475253218086,0.26961044811570534,-0.15697172577460156,0.8999012308389633,sr_pds,sr_pds,"[('cubic', 0, 1)]","[('cubic', 0, 1), ('int', 3, 4)]","[('cubic', 0, 1)]","[('cubic', 0, 1), ('int', 3, 4)]","{('cubic', 0, 1): 5.216473122937328}","{('cubic', 0, 1): 5.216473122937328, ('int', 3, 4): 3.6462842670738973}",dgp7,sr_pds,NL + severe NL conf.,SR-PDS,0.5
299,False,0.4367185414710333,0.043549093282507084,0.35136231863731937,0.5220747643047472,sr_pds,sr_pds,"[('cubic', 0, 1), ('log', 2, None)]","[('cubic', 0, 1), ('int', 3, 4)]","[('cubic', 0, 1), ('log', 2, None)]","[('cubic', 0, 1), ('int', 3, 4)]","{('cubic', 0, 1): 5.130133852868902, ('log', 2, None): -5.0187052014702065}","{('cubic', 0, 1): 5.130133852868902, ('int', 3, 4): 3.253697486951434}",dgp7,sr_pds,NL + severe NL conf.,SR-PDS,0.5
300,False,0.5064155664509277,0.24492177851662725,0.026368880558338248,0.9864622523435171,sr_pds,sr_pds,"[('cubic', 0, 1)]","[('cubic', 0, 1), ('int', 3, 4)]","[('cubic', 0, 1)]","[('cubic', 0, 1), ('int', 3, 4)]","{('cubic', 0, 1): 4.788550192087272}","{('cubic', 0, 1): 4.788550192087272, ('int', 3, 4): 2.5072554352995855}",dgp7,sr_pds,NL + severe NL conf.,SR-PDS,0.5
301,False,0.5508638734102163,0.04251190183452595,0.4675405458145454,0.6341872010058871,sr_pds,sr_pds,"[('cubic', 0, 1), ('log', 2, None)]","[('cubic', 0, 1), ('int', 3, 4)]","[('cubic', 0, 1), ('log', 2, None)]","[('cubic', 0, 1), ('int', 3, 4)]","{('cubic', 0, 1): 4.93996115888615, ('log', 2, None): -4.96995092761955}","{('cubic', 0, 1): 4.93996115888615, ('int', 3, 4): 2.915458481920452}",dgp7,sr_pds,NL + severe NL conf.,SR-PDS,0.5
302,False,0.47401738767667095,0.04464901495129651,0.3865053183721298,0.5615294569812121,sr_pds,sr_pds,"[('cubic', 0, 1), ('log', 2, None)]","[('cubic', 0, 1), ('int', 3, 4)]","[('cubic', 0, 1), ('log', 2, None)]","[('cubic', 0, 1), ('int', 3, 4)]","{('cubic', 0, 1): 5.049864362497669, ('log', 2, None): -5.02822884178215}","{('cubic', 0, 1): 5.049864362497669, ('int', 3, 4): 3.0679454933926915}",dgp7,sr_pds,NL + severe NL conf.,SR-PDS,0.5
303,False,0.30835515028586136,0.24632484998347723,-0.174441555681754,0.7911518562534767,sr_pds,sr_pds,[],"[('cubic', 0, 1), ('int', 3, 4)]",[],"[('cubic', 0, 1), ('int', 3, 4)]",{},"{('cubic', 0, 1): 5.656255132122381, ('int', 3, 4): 3.9883723244882745}",dgp7,sr_pds,NL + severe NL conf.,SR-PDS,0.5
304,False,1.3620010930215805,0.021707832701928616,1.3194537409258005,1.4045484451173604,sr_pds,sr_pds,"[('cubic', 0, 1), ('log', 2, None)]","[('cubic', 0, 1)]","[('cubic', 0, 1), ('log', 2, None)]","[('cubic', 0, 1)]","{('cubic', 0, 1): 3.324773181862745, ('log', 2, None): -4.874002093071424}","{('cubic', 0, 1): 3.324773181862745}",dgp7,sr_pds,NL + severe NL conf.,SR-PDS,0.5
305,False,0.15950625952209888,0.25555520763446293,-0.34138194744144845,0.6603944664856461,sr_pds,sr_pds,"[('cubic', 0, 1)]","[('cubic', 0, 1), ('int', 3, 4)]","[('cubic', 0, 1)]","[('cubic', 0, 1), ('int', 3, 4)]","{('cubic', 0, 1): 5.213234829401946}","{('cubic', 0, 1): 5.213234829401946, ('int', 3, 4): 4.237162717945582}",dgp7,sr_pds,NL + severe NL conf.,SR-PDS,0.5
306,False,0.48140000658086735,0.04446523005622134,0.3942481556706735,0.5685518574910612,sr_pds,sr_pds,"[('cubic', 0, 1), ('log', 2, None)]","[('cubic', 0, 1), ('int', 3, 4)]","[('cubic', 0, 1), ('log', 2, None)]","[('cubic', 0, 1), ('int', 3, 4)]","{('cubic', 0, 1): 4.983909890415691, ('log', 2, None): -5.015703887453329}","{('cubic', 0, 1): 4.983909890415691, ('int', 3, 4): 3.0160000459290464}",dgp7,sr_pds,NL + severe NL conf.,SR-PDS,0.5
307,False,1.4462472283865209,0.08717071987034412,1.2753926174406465,1.6171018393323953,sr_pds,sr_pds,"[('cubic', 0, 1)]","[('cubic', 0, 1)]","[('cubic', 0, 1)]","[('cubic', 0, 1)]","{('cubic', 0, 1): 2.9288323945703465}","{('cubic', 0, 1): 2.9288323945703465}",dgp7,sr_pds,NL + severe NL conf.,SR-PDS,0.5
308,False,0.21263893780848603,0.25612817161387436,-0.28937227855470765,0.7146501541716797,sr_pds,sr_pds,"[('cubic', 0, 1), ('int', 3, 4)]","[('cubic', 0, 1), ('int', 3, 4)]","[('cubic', 0, 1), ('int', 3, 4)]","[('cubic', 0, 1), ('int', 3, 4)]","{('cubic', 0, 1): 5.454798463120424, ('int', 3, 4): 3.224029142507978}","{('cubic', 0, 1): 5.454798463120424, ('int', 3, 4): 3.224029142507978}",dgp7,sr_pds,NL + severe NL conf.,SR-PDS,0.5
309,False,-0.13600827201582466,0.28232129999966177,-0.6893580200151617,0.41734147598351234,sr_pds,sr_pds,"[('cubic', 0, 1), ('int', 3, 4)]","[('cubic', 0, 1), ('int', 3, 4)]","[('cubic', 0, 1), ('int', 3, 4)]","[('cubic', 0, 1), ('int', 3, 4)]","{('cubic', 0, 1): 6.173390252936599, ('int', 3, 4): 4.371819588146555}","{('cubic', 0, 1): 6.173390252936599, ('int', 3, 4): 4.371819588146555}",dgp7,sr_pds,NL + severe NL conf.,SR-PDS,0.5
310,False,0.37167803236792496,0.25190758648680245,-0.12206083714620786,0.8654169018820578,sr_pds,sr_pds,"[('cubic', 0, 1)]","[('cubic', 0, 1), ('int', 3, 4)]","[('cubic', 0, 1)]","[('cubic', 0, 1), ('int', 3, 4)]","{('cubic', 0, 1): 5.630112557945891}","{('cubic', 0, 1): 5.630112557945891, ('int', 3, 4): 3.1093753117340888}",dgp7,sr_pds,NL + severe NL conf.,SR-PDS,0.5
311,False,0.39444220820674897,0.23382639423930854,-0.06385752450229576,0.8527419409157937,sr_pds,sr_pds,"[('cubic', 0, 1), ('int', 0, 1)]","[('cubic', 0, 1), ('int', 3, 4)]","[('cubic', 0, 1)]","[('cubic', 0, 1), ('int', 3, 4)]","{('cubic', 0, 1): 5.196584178273604}","{('cubic', 0, 1): 5.196584178273604, ('int', 3, 4): 3.316532013703563}",dgp7,sr_pds,NL + severe NL conf.,SR-PDS,0.5
312,False,0.5987563633531754,0.22681865095260176,0.15419180748607597,1.0433209192202748,sr_pds,sr_pds,"[('cubic', 0, 1), ('int', 3, 4)]","[('cubic', 0, 1), ('int', 3, 4)]","[('cubic', 0, 1), ('int', 3, 4)]","[('cubic', 0, 1), ('int', 3, 4)]","{('cubic', 0, 1): 4.762275436629119, ('int', 3, 4): 2.654575400996557}","{('cubic', 0, 1): 4.762275436629119, ('int', 3, 4): 2.654575400996557}",dgp7,sr_pds,NL + severe NL conf.,SR-PDS,0.5
313,False,1.2253897828184062,0.08184321776199435,1.0649770760048973,1.385802489631915,sr_pds,sr_pds,"[('cubic', 0, 1)]","[('cubic', 0, 1)]","[('cubic', 0, 1)]","[('cubic', 0, 1)]","{('cubic', 0, 1): 3.584210212887018}","{('cubic', 0, 1): 3.584210212887018}",dgp7,sr_pds,NL + severe NL conf.,SR-PDS,0.5
314,False,0.8118864488304024,0.25141963056627525,0.3191039729205029,1.3046689247403018,sr_pds,sr_pds,"[('cubic', 0, 1)]","[('cubic', 0, 1), ('int', 3, 4)]","[('cubic', 0, 1)]","[('cubic', 0, 1), ('int', 3, 4)]","{('cubic', 0, 1): 4.167032654738518}","{('cubic', 0, 1): 4.167032654738518, ('int', 3, 4): 2.231523864717527}",dgp7,sr_pds,NL + severe NL conf.,SR-PDS,0.5
315,False,0.5041894857916515,0.045014653481058486,0.4159607649687768,0.592418206614526,sr_pds,sr_pds,"[('log', 2, None)]","[('cubic', 0, 1), ('int', 3, 4)]","[('log', 2, None)]","[('cubic', 0, 1), ('int', 3, 4)]","{('log', 2, None): -5.086768389272369}","{('cubic', 0, 1): 4.994073995044533, ('int', 3, 4): 2.962910931596469}",dgp7,sr_pds,NL + severe NL conf.,SR-PDS,0.5
316,False,1.3683764010217265,0.020454913546275433,1.3282847704710268,1.4084680315724263,sr_pds,sr_pds,"[('cubic', 0, 1), ('log', 2, None)]","[('cubic', 0, 1)]","[('cubic', 0, 1), ('log', 2, None)]","[('cubic', 0, 1)]","{('cubic', 0, 1): 3.2830843612174485, ('log', 2, None): -4.9705401962098}","{('cubic', 0, 1): 3.2830843612174485}",dgp7,sr_pds,NL + severe NL conf.,SR-PDS,0.5
317,False,0.46178462291087113,0.254161197126153,-0.036371323456388716,0.959940569278131,sr_pds,sr_pds,"[('cubic', 0, 1)]","[('cubic', 0, 1), ('int', 3, 4)]","[('cubic', 0, 1)]","[('cubic', 0, 1), ('int', 3, 4)]","{('cubic', 0, 1): 5.296770625591766}","{('cubic', 0, 1): 5.296770625591766, ('int', 3, 4): 2.789425715738491}",dgp7,sr_pds,NL + severe NL conf.,SR-PDS,0.5
318,False,0.44428946997724605,0.25377230637439036,-0.05310425051655904,0.9416831904710512,sr_pds,sr_pds,"[('cubic', 0, 1)]","[('cubic', 0, 1), ('int', 3, 4)]","[('cubic', 0, 1)]","[('cubic', 0, 1), ('int', 3, 4)]","{('cubic', 0, 1): 4.9596263167105485}","{('cubic', 0, 1): 4.9596263167105485, ('int', 3, 4): 2.8656124623111108}",dgp7,sr_pds,NL + severe NL conf.,SR-PDS,0.5
319,False,0.5065615315155247,0.049991856467225815,0.40857749283976214,0.6045455701912873,sr_pds,sr_pds,"[('cubic', 0, 1), ('log', 2, None)]","[('cubic', 0, 1), ('int', 3, 4)]","[('cubic', 0, 1), ('log', 2, None)]","[('cubic', 0, 1), ('int', 3, 4)]","{('cubic', 0, 1): 5.004956175904524, ('log', 2, None): -4.957255777897856}","{('cubic', 0, 1): 5.004956175904524, ('int', 3, 4): 2.9455632424138836}",dgp7,sr_pds,NL + severe NL conf.,SR-PDS,0.5
320,False,0.5146239406050998,0.04520388691667933,0.42602432224840825,0.6032235589617913,sr_pds,sr_pds,"[('cubic', 0, 1), ('log', 2, None)]","[('int', 3, 4)]","[('cubic', 0, 1), ('log', 2, None)]","[('int', 3, 4)]","{('cubic', 0, 1): 4.985389806368325, ('log', 2, None): -5.025927634373328}","{('int', 3, 4): 2.9888267706327007}",dgp7,sr_pds,NL + severe NL conf.,SR-PDS,0.5
321,False,2.7945548059517877,0.11610890105907667,2.5669813598759976,3.022128252027578,sr_pds,sr_pds,[],"[('int', 3, 4)]",[],"[('int', 3, 4)]",{},"{('int', 3, 4): -3.2020661829047117}",dgp7,sr_pds,NL + severe NL conf.,SR-PDS,0.5
322,False,1.4454700811190806,0.0805436862795689,1.2876044560111255,1.6033357062270357,sr_pds,sr_pds,"[('cubic', 0, 1)]","[('cubic', 0, 1)]","[('cubic', 0, 1)]","[('cubic', 0, 1)]","{('cubic', 0, 1): 3.27633283711493}","{('cubic', 0, 1): 3.27633283711493}",dgp7,sr_pds,NL + severe NL conf.,SR-PDS,0.5
323,False,0.4743458537202629,0.04588169374690686,0.38441773397632545,0.5642739734642004,sr_pds,sr_pds,"[('cubic', 0, 1), ('log', 2, None)]","[('cubic', 0, 1), ('int', 3, 4)]","[('cubic', 0, 1), ('log', 2, None)]","[('cubic', 0, 1), ('int', 3, 4)]","{('cubic', 0, 1): 5.058909233530444, ('log', 2, None): -4.969906131062293}","{('cubic', 0, 1): 5.058909233530444, ('int', 3, 4): 3.1177701602920815}",dgp7,sr_pds,NL + severe NL conf.,SR-PDS,0.5
324,False,0.4680088772159966,0.04482022183079218,0.38016124242764393,0.5558565120043493,sr_pds,sr_pds,"[('cubic', 0, 1), ('log', 2, None)]","[('cubic', 0, 1), ('int', 3, 4)]","[('cubic', 0, 1), ('log', 2, None)]","[('cubic', 0, 1), ('int', 3, 4)]","{('cubic', 0, 1): 5.03671593527012, ('log', 2, None): -4.971864660588724}","{('cubic', 0, 1): 5.03671593527012, ('int', 3, 4): 3.1619513513933866}",dgp7,sr_pds,NL + severe NL conf.,SR-PDS,0.5
325,False,0.8403890383265576,0.21894334445695074,0.4112600831909342,1.269517993462181,sr_pds,sr_pds,"[('cubic', 0, 1)]","[('cubic', 0, 1), ('int', 3, 4)]","[('cubic', 0, 1)]","[('cubic', 0, 1), ('int', 3, 4)]","{('cubic', 0, 1): 4.357304047287377}","{('cubic', 0, 1): 4.357304047287377, ('int', 3, 4): 1.2036088973194412}",dgp7,sr_pds,NL + severe NL conf.,SR-PDS,0.5
326,False,0.29841338644861404,0.2597197413891195,-0.21063730667406022,0.8074640795712883,sr_pds,sr_pds,"[('cubic', 0, 1)]","[('cubic', 0, 1), ('int', 3, 4)]","[('cubic', 0, 1)]","[('cubic', 0, 1), ('int', 3, 4)]","{('cubic', 0, 1): 5.265356161595878}","{('cubic', 0, 1): 5.265356161595878, ('int', 3, 4): 3.360653551605243}",dgp7,sr_pds,NL + severe NL conf.,SR-PDS,0.5
327,False,0.6104874728030149,0.04577410815474682,0.5207702208197111,0.7002047247863186,sr_pds,sr_pds,"[('cubic', 0, 1), ('log', 2, None)]","[('cubic', 0, 1), ('int', 3, 4)]","[('cubic', 0, 1), ('log', 2, None)]","[('cubic', 0, 1), ('int', 3, 4)]","{('cubic', 0, 1): 4.7779863553045026, ('log', 2, None): -5.019302946423394}","{('cubic', 0, 1): 4.7779863553045026, ('int', 3, 4): 2.6968001842114746}",dgp7,sr_pds,NL + severe NL conf.,SR-PDS,0.5
328,False,0.6155405071472425,0.24860161566191613,0.12828134044988693,1.102799673844598,sr_pds,sr_pds,"[('cubic', 0, 1)]","[('cubic', 0, 1), ('int', 3, 4)]","[('cubic', 0, 1)]","[('cubic', 0, 1), ('int', 3, 4)]","{('cubic', 0, 1): 4.782352058048037}","{('cubic', 0, 1): 4.782352058048037, ('int', 3, 4): 2.3138846196923977}",dgp7,sr_pds,NL + severe NL conf.,SR-PDS,0.5
329,False,0.6420946268494507,0.2403408146413205,0.17102663015246256,1.113162623546439,sr_pds,sr_pds,"[('cubic', 0, 1)]","[('cubic', 0, 1), ('int', 3, 4)]","[('cubic', 0, 1)]","[('cubic', 0, 1), ('int', 3, 4)]","{('cubic', 0, 1): 4.550068893211833}","{('cubic', 0, 1): 4.550068893211833, ('int', 3, 4): 2.681384113056237}",dgp7,sr_pds,NL + severe NL conf.,SR-PDS,0.5
330,False,0.2127327310791479,0.2513991423461067,-0.28000958791922126,0.7054750500775171,sr_pds,sr_pds,"[('cubic', 0, 1)]","[('cubic', 0, 1), ('int', 3, 4)]","[('cubic', 0, 1)]","[('cubic', 0, 1), ('int', 3, 4)]","{('cubic', 0, 1): 5.65360509454169}","{('cubic', 0, 1): 5.65360509454169, ('int', 3, 4): 3.6216966933260895}",dgp7,sr_pds,NL + severe NL conf.,SR-PDS,0.5
331,False,0.467755904606962,0.04347420315343411,0.38254646642623114,0.5529653427876928,sr_pds,sr_pds,"[('cubic', 0, 1), ('log', 2, None)]","[('cubic', 0, 1), ('int', 3, 4)]","[('cubic', 0, 1), ('log', 2, None)]","[('cubic', 0, 1), ('int', 3, 4)]","{('cubic', 0, 1): 5.1211622566323225, ('log', 2, None): -4.94819649144614}","{('cubic', 0, 1): 5.1211622566323225, ('int', 3, 4): 3.088148588325204}",dgp7,sr_pds,NL + severe NL conf.,SR-PDS,0.5
332,False,0.6661328733362416,0.14749607565017742,0.3770405650618939,0.9552251816105893,sr_pds,sr_pds,"[('cubic', 0, 1), ('sq', 2, None)]","[('cubic', 0, 1), ('int', 3, 4)]","[('cubic', 0, 1), ('sq', 2, None)]","[('cubic', 0, 1), ('int', 3, 4)]","{('cubic', 0, 1): 4.463652149879282, ('sq', 2, None): -2.201385355278019}","{('cubic', 0, 1): 4.463652149879282, ('int', 3, 4): 2.464699916178616}",dgp7,sr_pds,NL + severe NL conf.,SR-PDS,0.5
333,False,0.5319122523844964,0.03947373142008738,0.4545437388011251,0.6092807659678676,sr_pds,sr_pds,"[('cubic', 0, 1), ('log', 2, None)]","[('cubic', 0, 1), ('int', 3, 4)]","[('cubic', 0, 1), ('log', 2, None)]","[('cubic', 0, 1), ('int', 3, 4)]","{('cubic', 0, 1): 4.954145816845233, ('log', 2, None): -5.018640343342977}","{('cubic', 0, 1): 4.954145816845233, ('int', 3, 4): 2.908339226113372}",dgp7,sr_pds,NL + severe NL conf.,SR-PDS,0.5
334,False,0.006936783060805075,0.28548854839081755,-0.5526207717851974,0.5664943379068075,sr_pds,sr_pds,"[('cubic', 0, 1)]","[('cubic', 0, 1), ('int', 3, 4)]","[('cubic', 0, 1)]","[('cubic', 0, 1), ('int', 3, 4)]","{('cubic', 0, 1): 6.075549152693064}","{('cubic', 0, 1): 6.075549152693064, ('int', 3, 4): 4.5468805471379765}",dgp7,sr_pds,NL + severe NL conf.,SR-PDS,0.5
335,False,0.2932182956490974,0.2390157979360868,-0.1752526683056327,0.7616892596038275,sr_pds,sr_pds,"[('cubic', 0, 1), ('int', 3, 4)]","[('cubic', 0, 1), ('int', 3, 4)]","[('cubic', 0, 1), ('int', 3, 4)]","[('cubic', 0, 1), ('int', 3, 4)]","{('cubic', 0, 1): 5.35459494804379, ('int', 3, 4): 3.235186607511317}","{('cubic', 0, 1): 5.35459494804379, ('int', 3, 4): 3.235186607511317}",dgp7,sr_pds,NL + severe NL conf.,SR-PDS,0.5
336,False,0.470161184486251,0.27911044824141246,-0.07689529406691742,1.0172176630394194,sr_pds,sr_pds,"[('cubic', 0, 1)]","[('int', 3, 4)]","[('cubic', 0, 1)]","[('int', 3, 4)]","{('cubic', 0, 1): 5.168652374455411}","{('int', 3, 4): 2.8903859232160056}",dgp7,sr_pds,NL + severe NL conf.,SR-PDS,0.5
337,False,0.11074948168186771,0.24436877071914945,-0.3682133089276652,0.5897122722914006,sr_pds,sr_pds,"[('cubic', 0, 1)]","[('cubic', 0, 1), ('int', 3, 4)]","[('cubic', 0, 1)]","[('cubic', 0, 1), ('int', 3, 4)]","{('cubic', 0, 1): 5.719721579049761}","{('cubic', 0, 1): 5.719721579049761, ('int', 3, 4): 4.2695198070871845}",dgp7,sr_pds,NL + severe NL conf.,SR-PDS,0.5
338,False,0.5846981889252962,0.24699758658555082,0.10058291921761664,1.0688134586329758,sr_pds,sr_pds,"[('cubic', 0, 1), ('int', 3, 4)]","[('cubic', 0, 1), ('int', 3, 4)]","[('cubic', 0, 1), ('int', 3, 4)]","[('cubic', 0, 1), ('int', 3, 4)]","{('cubic', 0, 1): 4.785593501255876, ('int', 3, 4): 2.600152556666114}","{('cubic', 0, 1): 4.785593501255876, ('int', 3, 4): 2.600152556666114}",dgp7,sr_pds,NL + severe NL conf.,SR-PDS,0.5
339,False,0.5089881783390137,0.04384955634194982,0.423043047908792,0.5949333087692353,sr_pds,sr_pds,"[('cubic', 0, 1), ('log', 2, None)]","[('cubic', 0, 1), ('int', 3, 4)]","[('cubic', 0, 1), ('log', 2, None)]","[('cubic', 0, 1), ('int', 3, 4)]","{('cubic', 0, 1): 4.995502819470016, ('log', 2, None): -5.019510158316343}","{('cubic', 0, 1): 4.995502819470016, ('int', 3, 4): 2.9218263499656105}",dgp7,sr_pds,NL + severe NL conf.,SR-PDS,0.5
340,False,1.3892443217456807,0.05813797187761134,1.2752938968655625,1.5031947466257989,sr_pds,sr_pds,"[('cubic', 0, 1), ('int', 4, 5), ('sq', 2, None)]","[('cubic', 0, 1)]","[('cubic', 0, 1), ('int', 4, 5), ('sq', 2, None)]","[('cubic', 0, 1)]","{('cubic', 0, 1): 3.163023875919195, ('int', 4, 5): -0.1581069474696433, ('sq', 2, None): -2.6048008775542657}","{('cubic', 0, 1): 3.163023875919195}",dgp7,sr_pds,NL + severe NL conf.,SR-PDS,0.5
341,False,1.3927032709429579,0.024190766338964727,1.345289368918587,1.4401171729673288,sr_pds,sr_pds,"[('cubic', 0, 1), ('log', 2, None)]","[('cubic', 0, 1)]","[('cubic', 0, 1), ('log', 2, None)]","[('cubic', 0, 1)]","{('cubic', 0, 1): 3.19005190785877, ('log', 2, None): -4.953183755455422}","{('cubic', 0, 1): 3.19005190785877}",dgp7,sr_pds,NL + severe NL conf.,SR-PDS,0.5
342,False,0.45814115105190373,0.04736545058350555,0.36530486790823286,0.5509774341955747,sr_pds,sr_pds,"[('cubic', 0, 1), ('log', 2, None)]","[('cubic', 0, 1), ('int', 3, 4)]","[('cubic', 0, 1), ('log', 2, None)]","[('cubic', 0, 1), ('int', 3, 4)]","{('cubic', 0, 1): 5.093219609553932, ('log', 2, None): -4.968546985268103}","{('cubic', 0, 1): 5.093219609553932, ('int', 3, 4): 3.0955977258703045}",dgp7,sr_pds,NL + severe NL conf.,SR-PDS,0.5
343,False,0.1031661704698193,0.2883362715634889,-0.46197292179461896,0.6683052627342576,sr_pds,sr_pds,"[('cubic', 0, 1)]","[('cubic', 0, 1), ('int', 3, 4)]","[('cubic', 0, 1)]","[('cubic', 0, 1), ('int', 3, 4)]","{('cubic', 0, 1): 6.050044768621435}","{('cubic', 0, 1): 6.050044768621435, ('int', 3, 4): 4.166091726017081}",dgp7,sr_pds,NL + severe NL conf.,SR-PDS,0.5
344,False,0.5429240181009691,0.04553035703816003,0.45368451830617545,0.6321635178957627,sr_pds,sr_pds,"[('cubic', 0, 1), ('log', 2, None)]","[('cubic', 0, 1), ('int', 3, 4)]","[('cubic', 0, 1), ('log', 2, None)]","[('cubic', 0, 1), ('int', 3, 4)]","{('cubic', 0, 1): 4.89828080768364, ('log', 2, None): -4.922271225858663}","{('cubic', 0, 1): 4.89828080768364, ('int', 3, 4): 2.898380245378964}",dgp7,sr_pds,NL + severe NL conf.,SR-PDS,0.5
345,False,0.47566860099987973,0.23913185847141064,0.006970158395914916,0.9443670436038445,sr_pds,sr_pds,"[('cubic', 0, 1)]","[('cubic', 0, 1), ('int', 3, 4)]","[('cubic', 0, 1)]","[('cubic', 0, 1), ('int', 3, 4)]","{('cubic', 0, 1): 4.876339453020183}","{('cubic', 0, 1): 4.876339453020183, ('int', 3, 4): 3.0885274946043086}",dgp7,sr_pds,NL + severe NL conf.,SR-PDS,0.5
346,False,0.009530569007606278,0.2503548344965716,-0.481164906605674,0.5002260446208866,sr_pds,sr_pds,"[('cubic', 0, 1)]","[('int', 3, 4)]","[('cubic', 0, 1)]","[('int', 3, 4)]","{('cubic', 0, 1): 5.650917459268518}","{('int', 3, 4): 4.205856805176108}",dgp7,sr_pds,NL + severe NL conf.,SR-PDS,0.5
347,False,0.5396366781734132,0.2403007253617123,0.06864725646445713,1.0106260998823693,sr_pds,sr_pds,"[('cubic', 0, 1), ('int', 3, 4)]","[('cubic', 0, 1), ('int', 3, 4)]","[('cubic', 0, 1), ('int', 3, 4)]","[('cubic', 0, 1), ('int', 3, 4)]","{('cubic', 0, 1): 5.095314946740466, ('int', 3, 4): 3.030283912857464}","{('cubic', 0, 1): 5.095314946740466, ('int', 3, 4): 3.030283912857464}",dgp7,sr_pds,NL + severe NL conf.,SR-PDS,0.5
348,False,8.967407962168328e-05,0.22675876266541117,-0.4443575007445842,0.44453684890382755,sr_pds,sr_pds,"[('cubic', 0, 1)]","[('cubic', 0, 1), ('int', 3, 4)]","[('cubic', 0, 1)]","[('cubic', 0, 1), ('int', 3, 4)]","{('cubic', 0, 1): 5.819858693992238}","{('cubic', 0, 1): 5.819858693992238, ('int', 3, 4): 4.510837202612906}",dgp7,sr_pds,NL + severe NL conf.,SR-PDS,0.5
349,False,0.5395409816235248,0.04249716917241385,0.4562465300455937,0.622835433201456,sr_pds,sr_pds,"[('cubic', 0, 1), ('log', 2, None)]","[('cubic', 0, 1), ('int', 3, 4)]","[('cubic', 0, 1), ('log', 2, None)]","[('cubic', 0, 1), ('int', 3, 4)]","{('cubic', 0, 1): 4.958339108452376, ('log', 2, None): -4.973965084648319}","{('cubic', 0, 1): 4.958339108452376, ('int', 3, 4): 2.833574829784963}",dgp7,sr_pds,NL + severe NL conf.,SR-PDS,0.5
350,False,2.697015658940554,0.11835593089147928,2.4650380343932548,2.9289932834878534,sr_pds,sr_pds,[],"[('int', 3, 4)]",[],"[('int', 3, 4)]",{},"{('int', 3, 4): -3.6346821529921525}",dgp7,sr_pds,NL + severe NL conf.,SR-PDS,0.5
351,False,1.413980374379682,0.07539815764004013,1.2661999854052033,1.5617607633541606,sr_pds,sr_pds,"[('cubic', 0, 1)]","[('cubic', 0, 1)]","[('cubic', 0, 1)]","[('cubic', 0, 1)]","{('cubic', 0, 1): 3.2308369499562173}","{('cubic', 0, 1): 3.2308369499562173}",dgp7,sr_pds,NL + severe NL conf.,SR-PDS,0.5
352,False,0.46898333742648357,0.04527335009006248,0.3802475712499611,0.557719103603006,sr_pds,sr_pds,"[('cubic', 0, 1), ('log', 2, None)]","[('cubic', 0, 1), ('int', 3, 4)]","[('cubic', 0, 1), ('log', 2, None)]","[('cubic', 0, 1), ('int', 3, 4)]","{('cubic', 0, 1): 5.032877758232173, ('log', 2, None): -4.946620271042249}","{('cubic', 0, 1): 5.032877758232173, ('int', 3, 4): 3.04254278005743}",dgp7,sr_pds,NL + severe NL conf.,SR-PDS,0.5
353,False,0.443710096729456,0.2783738446569202,-0.10190263879810763,0.9893228322570196,sr_pds,sr_pds,"[('cubic', 0, 1)]","[('cubic', 0, 1), ('int', 3, 4)]","[('cubic', 0, 1)]","[('cubic', 0, 1), ('int', 3, 4)]","{('cubic', 0, 1): 5.275436923425717}","{('cubic', 0, 1): 5.275436923425717, ('int', 3, 4): 2.7083382005994268}",dgp7,sr_pds,NL + severe NL conf.,SR-PDS,0.5
354,False,0.47196929967232165,0.042186200190675344,0.38928434729859795,0.5546542520460453,sr_pds,sr_pds,"[('cubic', 0, 1), ('log', 2, None)]","[('cubic', 0, 1), ('int', 3, 4)]","[('cubic', 0, 1), ('log', 2, None)]","[('cubic', 0, 1), ('int', 3, 4)]","{('cubic', 0, 1): 5.08544690742392, ('log', 2, None): -4.933825560487356}","{('cubic', 0, 1): 5.08544690742392, ('int', 3, 4): 3.1022992642635145}",dgp7,sr_pds,NL + severe NL conf.,SR-PDS,0.5
355,False,0.3450807346193468,0.25566378409453966,-0.15602028220595093,0.8461817514446446,sr_pds,sr_pds,"[('cubic', 0, 1), ('int', 3, 4), ('int', 5, 34)]","[('cubic', 0, 1), ('int', 3, 4)]","[('cubic', 0, 1), ('int', 3, 4), ('int', 5, 34)]","[('cubic', 0, 1), ('int', 3, 4)]","{('cubic', 0, 1): 5.160497280656125, ('int', 3, 4): 3.3292377018796557, ('int', 5, 34): -0.5379164670447592}","{('cubic', 0, 1): 5.160497280656125, ('int', 3, 4): 3.3292377018796557}",dgp7,sr_pds,NL + severe NL conf.,SR-PDS,0.5
356,False,0.46206976556734825,0.04459886424918738,0.374655991638941,0.5494835394957556,sr_pds,sr_pds,"[('cubic', 0, 1), ('log', 2, None)]","[('cubic', 0, 1), ('int', 3, 4)]","[('cubic', 0, 1), ('log', 2, None)]","[('cubic', 0, 1), ('int', 3, 4)]","{('cubic', 0, 1): 5.072236194508004, ('log', 2, None): -5.013159765017698}","{('cubic', 0, 1): 5.072236194508004, ('int', 3, 4): 3.169288338631164}",dgp7,sr_pds,NL + severe NL conf.,SR-PDS,0.5
357,False,0.5095171202243448,0.25415912471487073,0.011365235783198202,1.0076690046654915,sr_pds,sr_pds,"[('cubic', 0, 1)]","[('cubic', 0, 1), ('int', 3, 4)]","[('cubic', 0, 1)]","[('cubic', 0, 1), ('int', 3, 4)]","{('cubic', 0, 1): 4.604423333666451}","{('cubic', 0, 1): 4.604423333666451, ('int', 3, 4): 2.678971277367499}",dgp7,sr_pds,NL + severe NL conf.,SR-PDS,0.5
358,False,0.16284443839457122,0.24221956101113928,-0.3119059011872618,0.6375947779764042,sr_pds,sr_pds,"[('cubic', 0, 1), ('sq', 0, None)]","[('int', 3, 4)]","[('cubic', 0, 1), ('sq', 0, None)]","[('int', 3, 4)]","{('cubic', 0, 1): 5.6442771702872205, ('sq', 0, None): 0.22805764349565782}","{('int', 3, 4): 3.3469364925559097}",dgp7,sr_pds,NL + severe NL conf.,SR-PDS,0.5
359,False,1.3608302055081878,0.09641949697685855,1.1718479914335451,1.5498124195828304,sr_pds,sr_pds,"[('cubic', 0, 1)]","[('cubic', 0, 1)]","[('cubic', 0, 1)]","[('cubic', 0, 1)]","{('cubic', 0, 1): 3.2757186878428746}","{('cubic', 0, 1): 3.2757186878428746}",dgp7,sr_pds,NL + severe NL conf.,SR-PDS,0.5
360,False,0.8594120505628671,0.25555282249935346,0.35852851846413425,1.3602955826616,sr_pds,sr_pds,"[('cubic', 0, 1)]","[('int', 3, 4)]","[('cubic', 0, 1)]","[('int', 3, 4)]","{('cubic', 0, 1): 4.502145616438964}","{('int', 3, 4): 1.855035436842378}",dgp7,sr_pds,NL + severe NL conf.,SR-PDS,0.5
361,False,0.27463128612875626,0.22315301759443287,-0.1627486283563322,0.7120112006138447,sr_pds,sr_pds,"[('cubic', 0, 1)]","[('int', 3, 4)]","[('cubic', 0, 1)]","[('int', 3, 4)]","{('cubic', 0, 1): 5.4903831165935815}","{('int', 3, 4): 3.5050646180573417}",dgp7,sr_pds,NL + severe NL conf.,SR-PDS,0.5
362,False,0.5573463577548022,0.039984153207436555,0.4789774174682266,0.6357152980413778,sr_pds,sr_pds,"[('cubic', 0, 1), ('log', 2, None)]","[('cubic', 0, 1), ('int', 3, 4)]","[('cubic', 0, 1), ('log', 2, None)]","[('cubic', 0, 1), ('int', 3, 4)]","{('cubic', 0, 1): 4.902985789846783, ('log', 2, None): -5.059724309302815}","{('cubic', 0, 1): 4.902985789846783, ('int', 3, 4): 2.742481439811135}",dgp7,sr_pds,NL + severe NL conf.,SR-PDS,0.5
363,False,0.3369173925325277,0.2610716952325503,-0.17478313012327085,0.8486179151883263,sr_pds,sr_pds,"[('cubic', 0, 1)]","[('cubic', 0, 1), ('int', 3, 4)]","[('cubic', 0, 1)]","[('cubic', 0, 1), ('int', 3, 4)]","{('cubic', 0, 1): 5.198753546865415}","{('cubic', 0, 1): 5.198753546865415, ('int', 3, 4): 3.975246234019101}",dgp7,sr_pds,NL + severe NL conf.,SR-PDS,0.5
364,False,0.7661055232372392,0.28764516779565,0.20232099435776518,1.3298900521167134,sr_pds,sr_pds,"[('cubic', 0, 1), ('int', 3, 4)]","[('cubic', 0, 1), ('int', 3, 4)]","[('cubic', 0, 1), ('int', 3, 4)]","[('cubic', 0, 1), ('int', 3, 4)]","{('cubic', 0, 1): 4.35391639953299, ('int', 3, 4): 1.7877376729831052}","{('cubic', 0, 1): 4.35391639953299, ('int', 3, 4): 1.7877376729831052}",dgp7,sr_pds,NL + severe NL conf.,SR-PDS,0.5
365,False,0.5370768850823014,0.039678791901214275,0.4593064529559215,0.6148473172086815,sr_pds,sr_pds,"[('cubic', 0, 1), ('log', 2, None)]","[('cubic', 0, 1), ('int', 3, 4)]","[('cubic', 0, 1), ('log', 2, None)]","[('cubic', 0, 1), ('int', 3, 4)]","{('cubic', 0, 1): 4.920248047367903, ('log', 2, None): -5.034459076400556}","{('cubic', 0, 1): 4.920248047367903, ('int', 3, 4): 2.8835982840120273}",dgp7,sr_pds,NL + severe NL conf.,SR-PDS,0.5
366,False,0.6060129049700099,0.04414877850537319,0.5194812990994785,0.6925445108405414,sr_pds,sr_pds,"[('cubic', 0, 1), ('log', 2, None)]","[('cubic', 0, 1), ('int', 3, 4)]","[('cubic', 0, 1), ('log', 2, None)]","[('cubic', 0, 1), ('int', 3, 4)]","{('cubic', 0, 1): 4.854873598273363, ('log', 2, None): -5.008061668702444}","{('cubic', 0, 1): 4.854873598273363, ('int', 3, 4): 2.689923390544837}",dgp7,sr_pds,NL + severe NL conf.,SR-PDS,0.5
367,False,0.4579726610416138,0.2782534600518536,-0.08740412066001924,1.003349442743247,sr_pds,sr_pds,"[('cubic', 0, 1)]","[('int', 3, 4)]","[('cubic', 0, 1)]","[('int', 3, 4)]","{('cubic', 0, 1): 5.154326302866869}","{('int', 3, 4): 3.7280248959921116}",dgp7,sr_pds,NL + severe NL conf.,SR-PDS,0.5
368,False,0.5751334275623473,0.040482475828041,0.49578777493938697,0.6544790801853076,sr_pds,sr_pds,"[('cubic', 0, 1), ('log', 2, None)]","[('cubic', 0, 1), ('int', 3, 4)]","[('cubic', 0, 1), ('log', 2, None)]","[('cubic', 0, 1), ('int', 3, 4)]","{('cubic', 0, 1): 4.868431390415549, ('log', 2, None): -4.945915148813974}","{('cubic', 0, 1): 4.868431390415549, ('int', 3, 4): 2.7247651294523654}",dgp7,sr_pds,NL + severe NL conf.,SR-PDS,0.5
369,False,0.6026309286557539,0.24806456978858124,0.1164243718701346,1.0888374854413732,sr_pds,sr_pds,"[('cubic', 0, 1)]","[('int', 3, 4)]","[('cubic', 0, 1)]","[('int', 3, 4)]","{('cubic', 0, 1): 4.938140698490965}","{('int', 3, 4): 2.695092576930448}",dgp7,sr_pds,NL + severe NL conf.,SR-PDS,0.5
370,False,0.47190597721200034,0.04500615851441793,0.3836939065237412,0.5601180479002594,sr_pds,sr_pds,"[('cubic', 0, 1), ('log', 2, None)]","[('cubic', 0, 1), ('int', 3, 4)]","[('cubic', 0, 1), ('log', 2, None)]","[('cubic', 0, 1), ('int', 3, 4)]","{('cubic', 0, 1): 5.0414534766191474, ('log', 2, None): -5.055950607684345}","{('cubic', 0, 1): 5.0414534766191474, ('int', 3, 4): 3.03505682653054}",dgp7,sr_pds,NL + severe NL conf.,SR-PDS,0.5
371,False,0.5150943908659412,0.039558412585609014,0.43755990219814755,0.5926288795337349,sr_pds,sr_pds,"[('cubic', 0, 1), ('log', 2, None)]","[('cubic', 0, 1), ('int', 3, 4)]","[('cubic', 0, 1), ('log', 2, None)]","[('cubic', 0, 1), ('int', 3, 4)]","{('cubic', 0, 1): 4.938908279920961, ('log', 2, None): -4.998062362746132}","{('cubic', 0, 1): 4.938908279920961, ('int', 3, 4): 2.977544089369865}",dgp7,sr_pds,NL + severe NL conf.,SR-PDS,0.5
372,False,0.662181961789086,0.2729263623265601,0.12724629162902823,1.1971176319491437,sr_pds,sr_pds,"[('cubic', 0, 1), ('int', 3, 4)]","[('cubic', 0, 1), ('int', 3, 4)]","[('cubic', 0, 1), ('int', 3, 4)]","[('cubic', 0, 1), ('int', 3, 4)]","{('cubic', 0, 1): 4.73283342054852, ('int', 3, 4): 2.507191411918475}","{('cubic', 0, 1): 4.73283342054852, ('int', 3, 4): 2.507191411918475}",dgp7,sr_pds,NL + severe NL conf.,SR-PDS,0.5
373,False,0.462488691357064,0.05050144902881491,0.36350585126058677,0.5614715314535412,sr_pds,sr_pds,"[('log', 2, None)]","[('cubic', 0, 1), ('int', 3, 4)]","[('log', 2, None)]","[('cubic', 0, 1), ('int', 3, 4)]","{('log', 2, None): -5.008172700095877}","{('cubic', 0, 1): 5.111963680693627, ('int', 3, 4): 3.1379269047491327}",dgp7,sr_pds,NL + severe NL conf.,SR-PDS,0.5
374,False,0.26696225457142364,0.2488140357804963,-0.2207132555583491,0.7546377647011964,sr_pds,sr_pds,[],"[('cubic', 0, 1), ('int', 3, 4)]",[],"[('cubic', 0, 1), ('int', 3, 4)]",{},"{('cubic', 0, 1): 5.571591632413104, ('int', 3, 4): 4.070606484931332}",dgp7,sr_pds,NL + severe NL conf.,SR-PDS,0.5
375,False,0.4857758744795437,0.26742801231757835,-0.03838302966290991,1.0099347786219972,sr_pds,sr_pds,"[('cubic', 0, 1)]","[('cubic', 0, 1), ('int', 3, 4)]","[('cubic', 0, 1)]","[('cubic', 0, 1), ('int', 3, 4)]","{('cubic', 0, 1): 4.912098563497649}","{('cubic', 0, 1): 4.912098563497649, ('int', 3, 4): 3.1796839012997227}",dgp7,sr_pds,NL + severe NL conf.,SR-PDS,0.5
376,False,0.5351714871301385,0.2463457129431712,0.05233388976152298,1.018009084498754,sr_pds,sr_pds,"[('cubic', 0, 1)]","[('cubic', 0, 1), ('int', 3, 4)]","[('cubic', 0, 1)]","[('cubic', 0, 1), ('int', 3, 4)]","{('cubic', 0, 1): 4.623981936534848}","{('cubic', 0, 1): 4.623981936534848, ('int', 3, 4): 3.044890561159437}",dgp7,sr_pds,NL + severe NL conf.,SR-PDS,0.5
377,False,1.3909626140723117,0.07993931334531285,1.2342815599154986,1.5476436682291248,sr_pds,sr_pds,"[('cubic', 0, 1)]","[('cubic', 0, 1)]","[('cubic', 0, 1)]","[('cubic', 0, 1)]","{('cubic', 0, 1): 3.135146133547108}","{('cubic', 0, 1): 3.135146133547108}",dgp7,sr_pds,NL + severe NL conf.,SR-PDS,0.5
378,False,-0.07656035464745778,0.25643641167848297,-0.5791757215372844,0.42605501224236875,sr_pds,sr_pds,"[('cubic', 0, 1)]","[('cubic', 0, 1), ('int', 3, 4)]","[('cubic', 0, 1)]","[('cubic', 0, 1), ('int', 3, 4)]","{('cubic', 0, 1): 6.4166503991721395}","{('cubic', 0, 1): 6.4166503991721395, ('int', 3, 4): 4.437851605061423}",dgp7,sr_pds,NL + severe NL conf.,SR-PDS,0.5
379,False,0.08972331657501376,0.256961187430076,-0.4139206107879352,0.5933672439379627,sr_pds,sr_pds,"[('cubic', 0, 1)]","[('cubic', 0, 1), ('int', 3, 4)]","[('cubic', 0, 1)]","[('cubic', 0, 1), ('int', 3, 4)]","{('cubic', 0, 1): 5.919114409776609}","{('cubic', 0, 1): 5.919114409776609, ('int', 3, 4): 4.161320953926599}",dgp7,sr_pds,NL + severe NL conf.,SR-PDS,0.5
380,False,0.356939086651744,0.2456010865238047,-0.1244390429349132,0.8383172162384012,sr_pds,sr_pds,"[('cubic', 0, 1)]","[('cubic', 0, 1), ('int', 3, 4)]","[('cubic', 0, 1)]","[('cubic', 0, 1), ('int', 3, 4)]","{('cubic', 0, 1): 5.452630648438653}","{('cubic', 0, 1): 5.452630648438653, ('int', 3, 4): 3.3452365963725224}",dgp7,sr_pds,NL + severe NL conf.,SR-PDS,0.5
381,False,0.5660694540367575,0.0437102665238272,0.48039733165005616,0.6517415764234588,sr_pds,sr_pds,"[('log', 2, None)]","[('cubic', 0, 1), ('int', 3, 4)]","[('log', 2, None)]","[('cubic', 0, 1), ('int', 3, 4)]","{('log', 2, None): -4.999909509780611}","{('cubic', 0, 1): 4.87432572625719, ('int', 3, 4): 2.7426430958098544}",dgp7,sr_pds,NL + severe NL conf.,SR-PDS,0.5
382,False,0.6122753705171037,0.24258164981682495,0.1368153368761268,1.0877354041580807,sr_pds,sr_pds,"[('cubic', 0, 1)]","[('cubic', 0, 1), ('int', 3, 4)]","[('cubic', 0, 1)]","[('cubic', 0, 1), ('int', 3, 4)]","{('cubic', 0, 1): 4.954541811151006}","{('cubic', 0, 1): 4.954541811151006, ('int', 3, 4): 2.462433343946968}",dgp7,sr_pds,NL + severe NL conf.,SR-PDS,0.5
383,False,0.5862864366517282,0.0407560331113276,0.5064046117535261,0.6661682615499303,sr_pds,sr_pds,"[('cubic', 0, 1), ('log', 2, None)]","[('cubic', 0, 1), ('int', 0, 1), ('int', 3, 4)]","[('cubic', 0, 1), ('log', 2, None)]","[('cubic', 0, 1), ('int', 3, 4)]","{('cubic', 0, 1): 4.829724222245496, ('log', 2, None): -5.0229991523391}","{('cubic', 0, 1): 4.829724222245496, ('int', 3, 4): 2.7693083386242896}",dgp7,sr_pds,NL + severe NL conf.,SR-PDS,0.5
384,False,1.3801658157651822,0.023445131196304512,1.3342133586204252,1.426118272909939,sr_pds,sr_pds,"[('cubic', 0, 1), ('log', 2, None)]","[('cubic', 0, 1)]","[('cubic', 0, 1), ('log', 2, None)]","[('cubic', 0, 1)]","{('cubic', 0, 1): 3.269199080991427, ('log', 2, None): -5.055264598919643}","{('cubic', 0, 1): 3.269199080991427}",dgp7,sr_pds,NL + severe NL conf.,SR-PDS,0.5
385,False,0.35312136679658046,0.316089427624245,-0.2664139113469398,0.9726566449401007,sr_pds,sr_pds,"[('cubic', 0, 1)]","[('cubic', 0, 1), ('int', 3, 4)]","[('cubic', 0, 1)]","[('cubic', 0, 1), ('int', 3, 4)]","{('cubic', 0, 1): 5.033945214878138}","{('cubic', 0, 1): 5.033945214878138, ('int', 3, 4): 3.5784936905818285}",dgp7,sr_pds,NL + severe NL conf.,SR-PDS,0.5
386,False,0.43390387269525965,0.04879071992106697,0.3382740616499684,0.5295336837405509,sr_pds,sr_pds,"[('cubic', 0, 1), ('log', 2, None)]","[('cubic', 0, 1), ('int', 3, 4)]","[('cubic', 0, 1), ('log', 2, None)]","[('cubic', 0, 1), ('int', 3, 4)]","{('cubic', 0, 1): 5.112696798837003, ('log', 2, None): -4.960456745133205}","{('cubic', 0, 1): 5.112696798837003, ('int', 3, 4): 3.15187823085253}",dgp7,sr_pds,NL + severe NL conf.,SR-PDS,0.5
387,False,0.5044543995345748,0.04938355608095712,0.4076626296158989,0.6012461694532508,sr_pds,sr_pds,"[('cubic', 0, 1), ('log', 2, None)]","[('cubic', 0, 1), ('int', 3, 4)]","[('cubic', 0, 1), ('log', 2, None)]","[('cubic', 0, 1), ('int', 3, 4)]","{('cubic', 0, 1): 5.0142654649295535, ('log', 2, None): -4.994806045585246}","{('cubic', 0, 1): 5.0142654649295535, ('int', 3, 4): 2.982299094810328}",dgp7,sr_pds,NL + severe NL conf.,SR-PDS,0.5
388,False,0.42881916301177675,0.2619224305257349,-0.08454880081866362,0.9421871268422171,sr_pds,sr_pds,"[('cubic', 0, 1)]","[('cubic', 0, 1), ('int', 3, 4)]","[('cubic', 0, 1)]","[('cubic', 0, 1), ('int', 3, 4)]","{('cubic', 0, 1): 4.952751145156167}","{('cubic', 0, 1): 4.952751145156167, ('int', 3, 4): 3.349838843250027}",dgp7,sr_pds,NL + severe NL conf.,SR-PDS,0.5
389,False,0.2887075320708418,0.2723317477058653,-0.24506269343265424,0.8224777575743378,sr_pds,sr_pds,"[('cubic', 0, 1)]","[('cubic', 0, 1), ('int', 3, 4)]","[('cubic', 0, 1)]","[('cubic', 0, 1), ('int', 3, 4)]","{('cubic', 0, 1): 5.230723579538564}","{('cubic', 0, 1): 5.230723579538564, ('int', 3, 4): 3.817123555183291}",dgp7,sr_pds,NL + severe NL conf.,SR-PDS,0.5
390,False,0.5494671360366666,0.22302905703035125,0.11233018425717817,0.986604087816155,sr_pds,sr_pds,"[('cubic', 0, 1)]","[('cubic', 0, 1), ('int', 3, 4)]","[('cubic', 0, 1)]","[('cubic', 0, 1), ('int', 3, 4)]","{('cubic', 0, 1): 5.08397387787018}","{('cubic', 0, 1): 5.08397387787018, ('int', 3, 4): 2.95618128447015}",dgp7,sr_pds,NL + severe NL conf.,SR-PDS,0.5
391,False,0.5365644402619368,0.2459760755644191,0.05445133215567538,1.0186775483681982,sr_pds,sr_pds,"[('cubic', 0, 1)]","[('cubic', 0, 1), ('int', 3, 4)]","[('cubic', 0, 1)]","[('cubic', 0, 1), ('int', 3, 4)]","{('cubic', 0, 1): 4.934767792424187}","{('cubic', 0, 1): 4.934767792424187, ('int', 3, 4): 2.8669118121067085}",dgp7,sr_pds,NL + severe NL conf.,SR-PDS,0.5
392,False,0.38354882738954194,0.26669506508959195,-0.13917350018605829,0.9062711549651421,sr_pds,sr_pds,"[('cubic', 0, 1)]","[('cubic', 0, 1), ('int', 3, 4)]","[('cubic', 0, 1)]","[('cubic', 0, 1), ('int', 3, 4)]","{('cubic', 0, 1): 5.460029396692333}","{('cubic', 0, 1): 5.460029396692333, ('int', 3, 4): 2.9272755208079917}",dgp7,sr_pds,NL + severe NL conf.,SR-PDS,0.5
393,False,0.49928419847674965,0.04257805288239689,0.4158312148272517,0.5827371821262476,sr_pds,sr_pds,"[('cubic', 0, 1), ('log', 2, None)]","[('cubic', 0, 1), ('int', 3, 4)]","[('cubic', 0, 1), ('log', 2, None)]","[('cubic', 0, 1), ('int', 3, 4)]","{('cubic', 0, 1): 5.003720543491219, ('log', 2, None): -5.015611681108258}","{('cubic', 0, 1): 5.003720543491219, ('int', 3, 4): 3.016910841449327}",dgp7,sr_pds,NL + severe NL conf.,SR-PDS,0.5
394,False,0.759643387299875,0.26738858567190615,0.235561759382939,1.283725015216811,sr_pds,sr_pds,"[('cubic', 0, 1), ('int', 3, 4)]","[('cubic', 0, 1), ('int', 3, 4)]","[('cubic', 0, 1), ('int', 3, 4)]","[('cubic', 0, 1), ('int', 3, 4)]","{('cubic', 0, 1): 4.488750184281004, ('int', 3, 4): 2.211848083421832}","{('cubic', 0, 1): 4.488750184281004, ('int', 3, 4): 2.211848083421832}",dgp7,sr_pds,NL + severe NL conf.,SR-PDS,0.5
395,False,0.45673249847731373,0.10093188701815009,0.25890599992173957,0.6545589970328879,sr_pds,sr_pds,"[('cubic', 0, 1), ('sqrt', 2, None)]","[('cubic', 0, 1), ('int', 3, 4)]","[('cubic', 0, 1), ('sqrt', 2, None)]","[('cubic', 0, 1), ('int', 3, 4)]","{('cubic', 0, 1): 5.047654916968706, ('sqrt', 2, None): -16.279907994999647}","{('cubic', 0, 1): 5.047654916968706, ('int', 3, 4): 3.0553132083660985}",dgp7,sr_pds,NL + severe NL conf.,SR-PDS,0.5
396,False,0.3309048933523624,0.10765563176165124,0.11989985509952597,0.5419099316051988,sr_pds,sr_pds,"[('cubic', 0, 1), ('sqrt', 2, None)]","[('cubic', 0, 1), ('int', 0, 1), ('int', 3, 4)]","[('cubic', 0, 1), ('sqrt', 2, None)]","[('cubic', 0, 1), ('int', 3, 4)]","{('cubic', 0, 1): 5.294953936746853, ('sqrt', 2, None): -15.044179298339806}","{('cubic', 0, 1): 5.294953936746853, ('int', 3, 4): 3.6334129520382934}",dgp7,sr_pds,NL + severe NL conf.,SR-PDS,0.5
397,False,0.5683285451454743,0.04472349978067323,0.48067048557535474,0.6559866047155938,sr_pds,sr_pds,"[('cubic', 0, 1), ('log', 2, None)]","[('cubic', 0, 1), ('int', 3, 4)]","[('cubic', 0, 1), ('log', 2, None)]","[('cubic', 0, 1), ('int', 3, 4)]","{('cubic', 0, 1): 4.8460291644991, ('log', 2, None): -4.994862668684997}","{('cubic', 0, 1): 4.8460291644991, ('int', 3, 4): 2.829864236638599}",dgp7,sr_pds,NL + severe NL conf.,SR-PDS,0.5
398,False,0.474809068398617,0.21827859851790063,0.04698301530353177,0.9026351214937022,sr_pds,sr_pds,"[('cubic', 0, 1), ('int', 3, 4)]","[('cubic', 0, 1), ('int', 3, 4)]","[('cubic', 0, 1), ('int', 3, 4)]","[('cubic', 0, 1), ('int', 3, 4)]","{('cubic', 0, 1): 4.890650452309068, ('int', 3, 4): 3.2048662077196424}","{('cubic', 0, 1): 4.890650452309068, ('int', 3, 4): 3.2048662077196424}",dgp7,sr_pds,NL + severe NL conf.,SR-PDS,0.5
399,False,0.30658195917261877,0.2345942152597419,-0.1532227027364753,0.7663866210817128,sr_pds,sr_pds,"[('cubic', 0, 1)]","[('cubic', 0, 1), ('int', 3, 4)]","[('cubic', 0, 1)]","[('cubic', 0, 1), ('int', 3, 4)]","{('cubic', 0, 1): 5.289080645634235}","{('cubic', 0, 1): 5.289080645634235, ('int', 3, 4): 3.765301656701047}",dgp7,sr_pds,NL + severe NL conf.,SR-PDS,0.5
400,False,0.391180387710829,0.1004201426639474,0.19435690808949213,0.5880038673321659,sr_pds,sr_pds,"[('cubic', 0, 1), ('sqrt', 2, None)]","[('cubic', 0, 1), ('int', 3, 4)]","[('cubic', 0, 1), ('sqrt', 2, None)]","[('cubic', 0, 1), ('int', 3, 4)]","{('cubic', 0, 1): 5.177484010921277, ('sqrt', 2, None): -14.974392450612513}","{('cubic', 0, 1): 5.177484010921277, ('int', 3, 4): 3.2309334654048576}",dgp7,sr_pds,NL + severe NL conf.,SR-PDS,0.5
401,False,0.3687694105571866,0.21202832264638957,-0.046806101829736935,0.7843449229441102,sr_pds,sr_pds,"[('cubic', 0, 1)]","[('cubic', 0, 1), ('int', 3, 4)]","[('cubic', 0, 1)]","[('cubic', 0, 1), ('int', 3, 4)]","{('cubic', 0, 1): 5.021096528984293}","{('cubic', 0, 1): 5.021096528984293, ('int', 3, 4): 3.346723584035938}",dgp7,sr_pds,NL + severe NL conf.,SR-PDS,0.5
402,False,0.16940156310218754,0.2322028376215148,-0.2857159986359815,0.6245191248403565,sr_pds,sr_pds,"[('cubic', 0, 1), ('int', 0, 1)]","[('cubic', 0, 1), ('int', 3, 4)]","[('cubic', 0, 1)]","[('cubic', 0, 1), ('int', 3, 4)]","{('cubic', 0, 1): 5.710031279695709}","{('cubic', 0, 1): 5.710031279695709, ('int', 3, 4): 3.7785864780390237}",dgp7,sr_pds,NL + severe NL conf.,SR-PDS,0.5
403,False,0.5052033946683234,0.04430413441246946,0.41836729121988325,0.5920394981167636,sr_pds,sr_pds,"[('cubic', 0, 1), ('int', 3, 4), ('log', 2, None)]","[('cubic', 0, 1)]","[('cubic', 0, 1), ('int', 3, 4), ('log', 2, None)]","[('cubic', 0, 1)]","{('cubic', 0, 1): 4.990573078187527, ('int', 3, 4): 2.989373353441182, ('log', 2, None): -5.045768780119336}","{('cubic', 0, 1): 4.990573078187527}",dgp7,sr_pds,NL + severe NL conf.,SR-PDS,0.5
404,False,0.5830213726974949,0.040230944819485366,0.5041687208513036,0.6618740245436862,sr_pds,sr_pds,"[('cubic', 0, 1), ('log', 2, None)]","[('cubic', 0, 1), ('int', 3, 4)]","[('cubic', 0, 1), ('log', 2, None)]","[('cubic', 0, 1), ('int', 3, 4)]","{('cubic', 0, 1): 4.87729485939198, ('log', 2, None): -5.025348382785062}","{('cubic', 0, 1): 4.87729485939198, ('int', 3, 4): 2.6971709630690794}",dgp7,sr_pds,NL + severe NL conf.,SR-PDS,0.5
405,False,0.7907724686532034,0.25459379701507306,0.2917686265036602,1.2897763108027465,sr_pds,sr_pds,"[('cubic', 0, 1)]","[('int', 3, 4)]","[('cubic', 0, 1)]","[('int', 3, 4)]","{('cubic', 0, 1): 4.651046451240869}","{('int', 3, 4): 2.0158891844192106}",dgp7,sr_pds,NL + severe NL conf.,SR-PDS,0.5
406,False,0.7495415398293749,0.24478055022110215,0.26977166139601466,1.2293114182627352,sr_pds,sr_pds,"[('cubic', 0, 1)]","[('cubic', 0, 1), ('int', 3, 4)]","[('cubic', 0, 1)]","[('cubic', 0, 1), ('int', 3, 4)]","{('cubic', 0, 1): 4.23382501311787}","{('cubic', 0, 1): 4.23382501311787, ('int', 3, 4): 2.2032085594715567}",dgp7,sr_pds,NL + severe NL conf.,SR-PDS,0.5
407,False,0.4303927556064627,0.04886662398012203,0.3346141726054235,0.5261713386075019,sr_pds,sr_pds,"[('cubic', 0, 1), ('log', 2, None)]","[('cubic', 0, 1), ('int', 3, 4)]","[('cubic', 0, 1), ('log', 2, None)]","[('cubic', 0, 1), ('int', 3, 4)]","{('cubic', 0, 1): 5.183118636009035, ('log', 2, None): -5.015232323461863}","{('cubic', 0, 1): 5.183118636009035, ('int', 3, 4): 3.2292360002826728}",dgp7,sr_pds,NL + severe NL conf.,SR-PDS,0.5
408,False,0.3861947385554087,0.22188011062133692,-0.048690278262411624,0.821079755373229,sr_pds,sr_pds,"[('cubic', 0, 1), ('int', 3, 4)]","[('cubic', 0, 1), ('int', 0, 1), ('int', 3, 4)]","[('cubic', 0, 1), ('int', 3, 4)]","[('cubic', 0, 1), ('int', 3, 4)]","{('cubic', 0, 1): 5.42738090573184, ('int', 3, 4): 2.878065827565917}","{('cubic', 0, 1): 5.42738090573184, ('int', 3, 4): 2.878065827565917}",dgp7,sr_pds,NL + severe NL conf.,SR-PDS,0.5
409,False,0.7829456075781662,0.2621929069770351,0.2690475099031774,1.296843705253155,sr_pds,sr_pds,"[('cubic', 0, 1)]","[('cubic', 0, 1), ('int', 3, 4)]","[('cubic', 0, 1)]","[('cubic', 0, 1), ('int', 3, 4)]","{('cubic', 0, 1): 4.667006121217864}","{('cubic', 0, 1): 4.667006121217864, ('int', 3, 4): 2.4274597616477287}",dgp7,sr_pds,NL + severe NL conf.,SR-PDS,0.5
410,False,0.288949089854549,0.2484373023062517,-0.1979880226657043,0.7758862023748023,sr_pds,sr_pds,"[('cubic', 0, 1)]","[('cubic', 0, 1), ('int', 3, 4)]","[('cubic', 0, 1)]","[('cubic', 0, 1), ('int', 3, 4)]","{('cubic', 0, 1): 5.737946510743715}","{('cubic', 0, 1): 5.737946510743715, ('int', 3, 4): 3.5106552670903994}",dgp7,sr_pds,NL + severe NL conf.,SR-PDS,0.5
411,False,0.3361895181232149,0.23164510238773026,-0.11783488255673641,0.7902139188031663,sr_pds,sr_pds,"[('cubic', 0, 1)]","[('int', 3, 4)]","[('cubic', 0, 1)]","[('int', 3, 4)]","{('cubic', 0, 1): 5.399116209600991}","{('int', 3, 4): 3.243615761230495}",dgp7,sr_pds,NL + severe NL conf.,SR-PDS,0.5
412,False,0.2237929736721048,0.24347062242154136,-0.2534094462741162,0.7009953936183259,sr_pds,sr_pds,[],"[('cubic', 0, 1), ('int', 3, 4)]",[],"[('cubic', 0, 1), ('int', 3, 4)]",{},"{('cubic', 0, 1): 5.439673749040718, ('int', 3, 4): 3.5962915991762614}",dgp7,sr_pds,NL + severe NL conf.,SR-PDS,0.5
413,False,0.24838221031836155,0.2621218780305022,-0.26537667062142273,0.7621410912581459,sr_pds,sr_pds,"[('cubic', 0, 1)]","[('cubic', 0, 1), ('int', 3, 4)]","[('cubic', 0, 1)]","[('cubic', 0, 1), ('int', 3, 4)]","{('cubic', 0, 1): 5.489341417319682}","{('cubic', 0, 1): 5.489341417319682, ('int', 3, 4): 3.3589030065481515}",dgp7,sr_pds,NL + severe NL conf.,SR-PDS,0.5
414,False,0.2670478757719806,0.2499733550993808,-0.22289990022280576,0.7569956517667669,sr_pds,sr_pds,"[('cubic', 0, 1)]","[('cubic', 0, 1), ('int', 3, 4)]","[('cubic', 0, 1)]","[('cubic', 0, 1), ('int', 3, 4)]","{('cubic', 0, 1): 5.536267477300887}","{('cubic', 0, 1): 5.536267477300887, ('int', 3, 4): 3.888368245699337}",dgp7,sr_pds,NL + severe NL conf.,SR-PDS,0.5
415,False,1.3877103460545117,0.09129541100768333,1.2087713404794524,1.566649351629571,sr_pds,sr_pds,"[('cubic', 0, 1)]","[('cubic', 0, 1)]","[('cubic', 0, 1)]","[('cubic', 0, 1)]","{('cubic', 0, 1): 2.9545876294334716}","{('cubic', 0, 1): 2.9545876294334716}",dgp7,sr_pds,NL + severe NL conf.,SR-PDS,0.5
416,False,1.4145466822529804,0.022807476105424267,1.369844029086349,1.4592493354196119,sr_pds,sr_pds,"[('cubic', 0, 1), ('log', 2, None)]","[('cubic', 0, 1)]","[('cubic', 0, 1), ('log', 2, None)]","[('cubic', 0, 1)]","{('cubic', 0, 1): 3.146926452223134, ('log', 2, None): -5.031524132902989}","{('cubic', 0, 1): 3.146926452223134}",dgp7,sr_pds,NL + severe NL conf.,SR-PDS,0.5
417,False,2.6660153363038037,0.14962757054651987,2.372745298032625,2.9592853745749825,sr_pds,sr_pds,[],"[('int', 3, 4)]",[],"[('int', 3, 4)]",{},"{('int', 3, 4): -3.3374792264634974}",dgp7,sr_pds,NL + severe NL conf.,SR-PDS,0.5
418,False,0.5362153942780458,0.24211721863971922,0.061665645744196085,1.0107651428118953,sr_pds,sr_pds,"[('cubic', 0, 1)]","[('cubic', 0, 1), ('int', 3, 4)]","[('cubic', 0, 1)]","[('cubic', 0, 1), ('int', 3, 4)]","{('cubic', 0, 1): 5.559322842857255}","{('cubic', 0, 1): 5.559322842857255, ('int', 3, 4): 3.08599201172167}",dgp7,sr_pds,NL + severe NL conf.,SR-PDS,0.5
419,False,1.4143891451903303,0.022350147723216085,1.3705828556528268,1.4581954347278339,sr_pds,sr_pds,"[('cubic', 0, 1), ('log', 2, None)]","[('cubic', 0, 1)]","[('cubic', 0, 1), ('log', 2, None)]","[('cubic', 0, 1)]","{('cubic', 0, 1): 3.147616539333025, ('log', 2, None): -4.95094008942169}","{('cubic', 0, 1): 3.147616539333025}",dgp7,sr_pds,NL + severe NL conf.,SR-PDS,0.5
420,False,0.5398706466128769,0.2506581307473797,0.0485807103480127,1.031160582877741,sr_pds,sr_pds,"[('cubic', 0, 1)]","[('cubic', 0, 1), ('int', 3, 4)]","[('cubic', 0, 1)]","[('cubic', 0, 1), ('int', 3, 4)]","{('cubic', 0, 1): 4.462540267770411}","{('cubic', 0, 1): 4.462540267770411, ('int', 3, 4): 2.507515264319816}",dgp7,sr_pds,NL + severe NL conf.,SR-PDS,0.5
421,False,0.05793251224169108,0.2574708081094546,-0.4467102716528399,0.562575296136222,sr_pds,sr_pds,"[('cubic', 0, 1), ('int', 0, 48)]","[('cubic', 0, 1), ('int', 3, 4)]","[('cubic', 0, 1), ('int', 0, 48)]","[('cubic', 0, 1), ('int', 3, 4)]","{('cubic', 0, 1): 5.850634119403969, ('int', 0, 48): 0.35638129535932034}","{('cubic', 0, 1): 5.850634119403969, ('int', 3, 4): 4.3477540585641705}",dgp7,sr_pds,NL + severe NL conf.,SR-PDS,0.5
422,False,0.6138054589026538,0.10198670298060333,0.4139115210606713,0.8136993967446363,sr_pds,sr_pds,"[('cubic', 0, 1), ('sqrt', 2, None)]","[('cubic', 0, 1), ('int', 3, 4)]","[('cubic', 0, 1), ('sqrt', 2, None)]","[('cubic', 0, 1), ('int', 3, 4)]","{('cubic', 0, 1): 4.945896761356037, ('sqrt', 2, None): -15.652379739193766}","{('cubic', 0, 1): 4.945896761356037, ('int', 3, 4): 2.820175824897491}",dgp7,sr_pds,NL + severe NL conf.,SR-PDS,0.5
423,False,1.366273893403634,0.026285292675270203,1.3147547197601044,1.4177930670471637,sr_pds,sr_pds,"[('cubic', 0, 1), ('log', 2, None)]","[('cubic', 0, 1)]","[('cubic', 0, 1), ('log', 2, None)]","[('cubic', 0, 1)]","{('cubic', 0, 1): 3.2513701358832594, ('log', 2, None): -4.939109152579546}","{('cubic', 0, 1): 3.2513701358832594}",dgp7,sr_pds,NL + severe NL conf.,SR-PDS,0.5
424,False,0.9089658062593521,0.23665872575330482,0.44511470378287465,1.3728169087358295,sr_pds,sr_pds,[],"[('cubic', 0, 1), ('int', 3, 4)]",[],"[('cubic', 0, 1), ('int', 3, 4)]",{},"{('cubic', 0, 1): 4.165047106922186, ('int', 3, 4): 1.880768837971438}",dgp7,sr_pds,NL + severe NL conf.,SR-PDS,0.5
425,False,0.49821212995642444,0.04730812014096453,0.40548821448013395,0.5909360454327149,sr_pds,sr_pds,"[('cubic', 0, 1), ('log', 2, None)]","[('cubic', 0, 1), ('int', 3, 4)]","[('cubic', 0, 1), ('log', 2, None)]","[('cubic', 0, 1), ('int', 3, 4)]","{('cubic', 0, 1): 4.96562525684124, ('log', 2, None): -4.93036979990383}","{('cubic', 0, 1): 4.96562525684124, ('int', 3, 4): 3.0487714261138805}",dgp7,sr_pds,NL + severe NL conf.,SR-PDS,0.5
426,False,0.420128523906094,0.22238126766705982,-0.015738760721343226,0.8559958085335313,sr_pds,sr_pds,"[('cubic', 0, 1)]","[('cubic', 0, 1), ('int', 3, 4)]","[('cubic', 0, 1)]","[('cubic', 0, 1), ('int', 3, 4)]","{('cubic', 0, 1): 5.1616350034061504}","{('cubic', 0, 1): 5.1616350034061504, ('int', 3, 4): 2.8834030278435017}",dgp7,sr_pds,NL + severe NL conf.,SR-PDS,0.5
427,False,0.4631353945508266,0.23683207826560482,-0.001055478849758873,0.927326267951412,sr_pds,sr_pds,"[('cubic', 0, 1)]","[('cubic', 0, 1), ('int', 3, 4)]","[('cubic', 0, 1)]","[('cubic', 0, 1), ('int', 3, 4)]","{('cubic', 0, 1): 5.120514740391809}","{('cubic', 0, 1): 5.120514740391809, ('int', 3, 4): 2.498167686987443}",dgp7,sr_pds,NL + severe NL conf.,SR-PDS,0.5
428,False,0.35892317389067246,0.2411043681897918,-0.11364138776131949,0.8314877355426644,sr_pds,sr_pds,"[('cubic', 0, 1)]","[('cubic', 0, 1), ('int', 3, 4)]","[('cubic', 0, 1)]","[('cubic', 0, 1), ('int', 3, 4)]","{('cubic', 0, 1): 5.432373992281511}","{('cubic', 0, 1): 5.432373992281511, ('int', 3, 4): 3.357599492504781}",dgp7,sr_pds,NL + severe NL conf.,SR-PDS,0.5
429,False,0.6974352426036187,0.2287924344270852,0.24900207112653172,1.1458684140807056,sr_pds,sr_pds,"[('cubic', 0, 1)]","[('cubic', 0, 1), ('int', 3, 4)]","[('cubic', 0, 1)]","[('cubic', 0, 1), ('int', 3, 4)]","{('cubic', 0, 1): 4.713913235853875}","{('cubic', 0, 1): 4.713913235853875, ('int', 3, 4): 2.5107871189056112}",dgp7,sr_pds,NL + severe NL conf.,SR-PDS,0.5
430,False,0.4829897482446547,0.2616724293123743,-0.029888213207598935,0.9958677096969083,sr_pds,sr_pds,"[('cubic', 0, 1)]","[('cubic', 0, 1), ('int', 3, 4)]","[('cubic', 0, 1)]","[('cubic', 0, 1), ('int', 3, 4)]","{('cubic', 0, 1): 5.149381678832156}","{('cubic', 0, 1): 5.149381678832156, ('int', 3, 4): 2.6345064577708746}",dgp7,sr_pds,NL + severe NL conf.,SR-PDS,0.5
431,False,0.642950495158194,0.2579000769636831,0.1374663443093751,1.148434646007013,sr_pds,sr_pds,"[('cubic', 0, 1)]","[('cubic', 0, 1), ('int', 3, 4)]","[('cubic', 0, 1)]","[('cubic', 0, 1), ('int', 3, 4)]","{('cubic', 0, 1): 4.612967117896683}","{('cubic', 0, 1): 4.612967117896683, ('int', 3, 4): 2.3707167397688504}",dgp7,sr_pds,NL + severe NL conf.,SR-PDS,0.5
432,False,0.43553199220945743,0.04249846201979553,0.3522350066506582,0.5188289777682566,sr_pds,sr_pds,"[('cubic', 0, 1), ('log', 2, None)]","[('cubic', 0, 1), ('int', 3, 4)]","[('cubic', 0, 1), ('log', 2, None)]","[('cubic', 0, 1), ('int', 3, 4)]","{('cubic', 0, 1): 5.1447436252726515, ('log', 2, None): -4.991699413699242}","{('cubic', 0, 1): 5.1447436252726515, ('int', 3, 4): 3.203290631277271}",dgp7,sr_pds,NL + severe NL conf.,SR-PDS,0.5
433,False,0.7426801542991753,0.26906958505154027,0.2153037675981564,1.2700565410001943,sr_pds,sr_pds,"[('cubic', 0, 1)]","[('cubic', 0, 1), ('int', 3, 4)]","[('cubic', 0, 1)]","[('cubic', 0, 1), ('int', 3, 4)]","{('cubic', 0, 1): 4.350231821303529}","{('cubic', 0, 1): 4.350231821303529, ('int', 3, 4): 2.215604392164541}",dgp7,sr_pds,NL + severe NL conf.,SR-PDS,0.5
434,False,0.3633314286582241,0.24947461490308256,-0.12563881655181774,0.8523016738682659,sr_pds,sr_pds,"[('cubic', 0, 1)]","[('cubic', 0, 1), ('int', 3, 4)]","[('cubic', 0, 1)]","[('cubic', 0, 1), ('int', 3, 4)]","{('cubic', 0, 1): 5.448481532860911}","{('cubic', 0, 1): 5.448481532860911, ('int', 3, 4): 3.1012516850947867}",dgp7,sr_pds,NL + severe NL conf.,SR-PDS,0.5
435,False,0.5412022708725348,0.04463059902121244,0.45372629679095844,0.6286782449541112,sr_pds,sr_pds,"[('cubic', 0, 1), ('log', 2, None)]","[('cubic', 0, 1), ('int', 3, 4)]","[('cubic', 0, 1), ('log', 2, None)]","[('cubic', 0, 1), ('int', 3, 4)]","{('cubic', 0, 1): 4.925069594800545, ('log', 2, None): -4.98686730186694}","{('cubic', 0, 1): 4.925069594800545, ('int', 3, 4): 2.8605889919154266}",dgp7,sr_pds,NL + severe NL conf.,SR-PDS,0.5
436,False,0.5427935608506885,0.04675615733719742,0.4511514924697816,0.6344356292315955,sr_pds,sr_pds,"[('cubic', 0, 1), ('log', 2, None)]","[('cubic', 0, 1), ('int', 3, 4)]","[('cubic', 0, 1), ('log', 2, None)]","[('cubic', 0, 1), ('int', 3, 4)]","{('cubic', 0, 1): 4.899911776329402, ('log', 2, None): -5.015496831597785}","{('cubic', 0, 1): 4.899911776329402, ('int', 3, 4): 2.900447370202575}",dgp7,sr_pds,NL + severe NL conf.,SR-PDS,0.5
437,False,0.5034964097315373,0.2423882280134137,0.028415482825246474,0.9785773366378281,sr_pds,sr_pds,"[('cubic', 0, 1)]","[('cubic', 0, 1), ('int', 3, 4)]","[('cubic', 0, 1)]","[('cubic', 0, 1), ('int', 3, 4)]","{('cubic', 0, 1): 4.838005504088814}","{('cubic', 0, 1): 4.838005504088814, ('int', 3, 4): 2.7146144574439512}",dgp7,sr_pds,NL + severe NL conf.,SR-PDS,0.5
438,False,1.397502170358651,0.021374839932274146,1.3556074840913936,1.4393968566259083,sr_pds,sr_pds,"[('cubic', 0, 1), ('log', 2, None)]","[('cubic', 0, 1)]","[('cubic', 0, 1), ('log', 2, None)]","[('cubic', 0, 1)]","{('cubic', 0, 1): 3.2000840134511135, ('log', 2, None): -5.021716862801219}","{('cubic', 0, 1): 3.2000840134511135}",dgp7,sr_pds,NL + severe NL conf.,SR-PDS,0.5
439,False,0.5084188983654929,0.04948625482131616,0.41142583891571327,0.6054119578152726,sr_pds,sr_pds,"[('cubic', 0, 1), ('log', 2, None)]","[('cubic', 0, 1), ('int', 0, 1), ('int', 3, 4)]","[('cubic', 0, 1), ('log', 2, None)]","[('cubic', 0, 1), ('int', 3, 4)]","{('cubic', 0, 1): 4.996612691833329, ('log', 2, None): -4.9397784455493605}","{('cubic', 0, 1): 4.996612691833329, ('int', 3, 4): 2.9216901243025646}",dgp7,sr_pds,NL + severe NL conf.,SR-PDS,0.5
440,False,0.3740231792850764,0.2408742360745171,-0.09809032342097712,0.8461366819911299,sr_pds,sr_pds,"[('cubic', 0, 1)]","[('cubic', 0, 1), ('int', 3, 4)]","[('cubic', 0, 1)]","[('cubic', 0, 1), ('int', 3, 4)]","{('cubic', 0, 1): 5.222165922578711}","{('cubic', 0, 1): 5.222165922578711, ('int', 3, 4): 3.1226555488569527}",dgp7,sr_pds,NL + severe NL conf.,SR-PDS,0.5
441,False,0.7424382682720642,0.23723191894026044,0.2774637071491537,1.2074128293949746,sr_pds,sr_pds,"[('cubic', 0, 1)]","[('cubic', 0, 1), ('int', 3, 4)]","[('cubic', 0, 1)]","[('cubic', 0, 1), ('int', 3, 4)]","{('cubic', 0, 1): 4.438551449143918}","{('cubic', 0, 1): 4.438551449143918, ('int', 3, 4): 1.8936274691965282}",dgp7,sr_pds,NL + severe NL conf.,SR-PDS,0.5
442,False,0.5047548606700522,0.043313522195650836,0.41986035716657655,0.5896493641735278,sr_pds,sr_pds,"[('cubic', 0, 1), ('log', 2, None)]","[('cubic', 0, 1), ('int', 3, 4)]","[('cubic', 0, 1), ('log', 2, None)]","[('cubic', 0, 1), ('int', 3, 4)]","{('cubic', 0, 1): 4.987810583219472, ('log', 2, None): -4.978099687311771}","{('cubic', 0, 1): 4.987810583219472, ('int', 3, 4): 2.9933213922417465}",dgp7,sr_pds,NL + severe NL conf.,SR-PDS,0.5
443,False,0.5189369800689257,0.04292615070282004,0.43480172469139844,0.603072235446453,sr_pds,sr_pds,"[('cubic', 0, 1), ('log', 2, None)]","[('cubic', 0, 1), ('int', 3, 4)]","[('cubic', 0, 1), ('log', 2, None)]","[('cubic', 0, 1), ('int', 3, 4)]","{('cubic', 0, 1): 4.883633868959146, ('log', 2, None): -5.016917313832218}","{('cubic', 0, 1): 4.883633868959146, ('int', 3, 4): 2.8459565324987075}",dgp7,sr_pds,NL + severe NL conf.,SR-PDS,0.5
444,False,0.45896759128104686,0.047068217834835516,0.36671388432476926,0.5512212982373245,sr_pds,sr_pds,"[('cubic', 0, 1), ('log', 2, None)]","[('cubic', 0, 1), ('int', 3, 4)]","[('cubic', 0, 1), ('log', 2, None)]","[('cubic', 0, 1), ('int', 3, 4)]","{('cubic', 0, 1): 5.068008010905867, ('log', 2, None): -5.002183162435799}","{('cubic', 0, 1): 5.068008010905867, ('int', 3, 4): 3.131405205130459}",dgp7,sr_pds,NL + severe NL conf.,SR-PDS,0.5
445,False,0.9127861676904491,0.2797126052576067,0.3645494613855399,1.4610228739953581,sr_pds,sr_pds,"[('cubic', 0, 1)]","[('cubic', 0, 1), ('int', 3, 4)]","[('cubic', 0, 1)]","[('cubic', 0, 1), ('int', 3, 4)]","{('cubic', 0, 1): 4.378633022617369}","{('cubic', 0, 1): 4.378633022617369, ('int', 3, 4): 1.6073424418911666}",dgp7,sr_pds,NL + severe NL conf.,SR-PDS,0.5
446,False,1.3043080367986826,0.07459608742524527,1.1580997054452018,1.4505163681521633,sr_pds,sr_pds,"[('cubic', 0, 1)]","[('cubic', 0, 1)]","[('cubic', 0, 1)]","[('cubic', 0, 1)]","{('cubic', 0, 1): 3.3044562131358384}","{('cubic', 0, 1): 3.3044562131358384}",dgp7,sr_pds,NL + severe NL conf.,SR-PDS,0.5
447,False,0.4012177926827503,0.2506125938685199,-0.08998289129954873,0.8924184766650494,sr_pds,sr_pds,"[('cubic', 0, 1)]","[('cubic', 0, 1), ('int', 3, 4)]","[('cubic', 0, 1)]","[('cubic', 0, 1), ('int', 3, 4)]","{('cubic', 0, 1): 5.01188029237035}","{('cubic', 0, 1): 5.01188029237035, ('int', 3, 4): 3.2475055014251355}",dgp7,sr_pds,NL + severe NL conf.,SR-PDS,0.5
448,False,0.8440935269788479,0.2574560095658489,0.339479748229784,1.3487073057279118,sr_pds,sr_pds,"[('cubic', 0, 1)]","[('cubic', 0, 1), ('int', 3, 4)]","[('cubic', 0, 1)]","[('cubic', 0, 1), ('int', 3, 4)]","{('cubic', 0, 1): 4.416786361181976}","{('cubic', 0, 1): 4.416786361181976, ('int', 3, 4): 2.09960737692594}",dgp7,sr_pds,NL + severe NL conf.,SR-PDS,0.5
449,False,0.6624199461509731,0.2709862191488673,0.1312869566191932,1.193552935682753,sr_pds,sr_pds,"[('cubic', 0, 1)]","[('cubic', 0, 1), ('int', 3, 4)]","[('cubic', 0, 1)]","[('cubic', 0, 1), ('int', 3, 4)]","{('cubic', 0, 1): 4.465379965687379}","{('cubic', 0, 1): 4.465379965687379, ('int', 3, 4): 2.6193519467789828}",dgp7,sr_pds,NL + severe NL conf.,SR-PDS,0.5
450,False,1.364082357453182,0.021221886637618842,1.322487459643449,1.4056772552629149,sr_pds,sr_pds,"[('cubic', 0, 1), ('log', 2, None)]","[('cubic', 0, 1)]","[('cubic', 0, 1), ('log', 2, None)]","[('cubic', 0, 1)]","{('cubic', 0, 1): 3.2572186731943815, ('log', 2, None): -4.935784137070236}","{('cubic', 0, 1): 3.2572186731943815}",dgp7,sr_pds,NL + severe NL conf.,SR-PDS,0.5
451,False,0.80578131676567,0.22393420173084028,0.3668702813732231,1.244692352158117,sr_pds,sr_pds,"[('cubic', 0, 1), ('int', 3, 4)]",[],"[('cubic', 0, 1), ('int', 3, 4)]",[],"{('cubic', 0, 1): 4.223249705293157, ('int', 3, 4): 1.8529086015982101}",{},dgp7,sr_pds,NL + severe NL conf.,SR-PDS,0.5
452,False,0.5563219541970834,0.25596594400288525,0.05462870395142838,1.0580152044427384,sr_pds,sr_pds,"[('cubic', 0, 1), ('int', 3, 4)]","[('int', 3, 4)]","[('cubic', 0, 1), ('int', 3, 4)]","[('int', 3, 4)]","{('cubic', 0, 1): 4.964419488388357, ('int', 3, 4): 2.7864224419824595}","{('int', 3, 4): 2.7864224419824595}",dgp7,sr_pds,NL + severe NL conf.,SR-PDS,0.5
453,False,0.3686541645150121,0.24172632653629594,-0.10512943549612797,0.8424377645261522,sr_pds,sr_pds,"[('cubic', 0, 1)]","[('cubic', 0, 1), ('int', 3, 4)]","[('cubic', 0, 1)]","[('cubic', 0, 1), ('int', 3, 4)]","{('cubic', 0, 1): 5.201114610883778}","{('cubic', 0, 1): 5.201114610883778, ('int', 3, 4): 3.076160986925915}",dgp7,sr_pds,NL + severe NL conf.,SR-PDS,0.5
454,False,0.5404007516526381,0.04427757303089237,0.4536167085120891,0.6271847947931872,sr_pds,sr_pds,"[('cubic', 0, 1), ('log', 2, None)]","[('cubic', 0, 1), ('int', 3, 4)]","[('cubic', 0, 1), ('log', 2, None)]","[('cubic', 0, 1), ('int', 3, 4)]","{('cubic', 0, 1): 4.912548254411336, ('log', 2, None): -4.999677272349126}","{('cubic', 0, 1): 4.912548254411336, ('int', 3, 4): 2.838216522049362}",dgp7,sr_pds,NL + severe NL conf.,SR-PDS,0.5
455,False,0.5080896284884089,0.04615546754583793,0.41762491209856656,0.5985543448782512,sr_pds,sr_pds,"[('cubic', 0, 1), ('log', 2, None)]","[('int', 3, 4)]","[('cubic', 0, 1), ('log', 2, None)]","[('int', 3, 4)]","{('cubic', 0, 1): 5.012555326263314, ('log', 2, None): -4.990751046767136}","{('int', 3, 4): 3.0339209603783215}",dgp7,sr_pds,NL + severe NL conf.,SR-PDS,0.5
456,False,0.6881997462538928,0.2246725933943108,0.2478414632010436,1.1285580293067419,sr_pds,sr_pds,"[('int', 0, 1), ('int', 3, 4)]","[('cubic', 0, 1), ('int', 3, 4)]","[('int', 0, 1), ('int', 3, 4)]","[('cubic', 0, 1), ('int', 3, 4)]","{('int', 0, 1): -0.5130345954569098, ('int', 3, 4): 2.403736366823939}","{('cubic', 0, 1): 5.213601381409552, ('int', 3, 4): 2.403736366823939}",dgp7,sr_pds,NL + severe NL conf.,SR-PDS,0.5
457,False,0.7138384362545493,0.24089190575386762,0.2416903009769688,1.1859865715321298,sr_pds,sr_pds,"[('cubic', 0, 1)]","[('cubic', 0, 1), ('int', 3, 4)]","[('cubic', 0, 1)]","[('cubic', 0, 1), ('int', 3, 4)]","{('cubic', 0, 1): 4.465531238906009}","{('cubic', 0, 1): 4.465531238906009, ('int', 3, 4): 2.513187146118682}",dgp7,sr_pds,NL + severe NL conf.,SR-PDS,0.5
458,False,0.23732940212077677,0.2418853522554388,-0.2367658882998833,0.7114246925414368,sr_pds,sr_pds,"[('cubic', 0, 1)]","[('cubic', 0, 1), ('int', 3, 4)]","[('cubic', 0, 1)]","[('cubic', 0, 1), ('int', 3, 4)]","{('cubic', 0, 1): 5.489785724537822}","{('cubic', 0, 1): 5.489785724537822, ('int', 3, 4): 3.845885661152492}",dgp7,sr_pds,NL + severe NL conf.,SR-PDS,0.5
459,False,0.44019853990858926,0.04178090816654096,0.35830795990216896,0.5220891199150095,sr_pds,sr_pds,"[('log', 2, None)]","[('cubic', 0, 1), ('int', 3, 4)]","[('log', 2, None)]","[('cubic', 0, 1), ('int', 3, 4)]","{('log', 2, None): -5.004727549598952}","{('cubic', 0, 1): 5.076771690189473, ('int', 3, 4): 3.1922153528090216}",dgp7,sr_pds,NL + severe NL conf.,SR-PDS,0.5
460,False,0.5151428675476439,0.04168412491821747,0.4334419827079377,0.5968437523873502,sr_pds,sr_pds,"[('cubic', 0, 1), ('log', 2, None)]","[('cubic', 0, 1), ('int', 3, 4)]","[('cubic', 0, 1), ('log', 2, None)]","[('cubic', 0, 1), ('int', 3, 4)]","{('cubic', 0, 1): 4.9731790191705745, ('log', 2, None): -4.970861700476611}","{('cubic', 0, 1): 4.9731790191705745, ('int', 3, 4): 2.9123690101000115}",dgp7,sr_pds,NL + severe NL conf.,SR-PDS,0.5
461,False,0.4855464819381974,0.046317905750170335,0.39476338666786354,0.5763295772085313,sr_pds,sr_pds,"[('cubic', 0, 1), ('log', 2, None)]","[('cubic', 0, 1), ('int', 3, 4)]","[('cubic', 0, 1), ('log', 2, None)]","[('cubic', 0, 1), ('int', 3, 4)]","{('cubic', 0, 1): 4.991471891942664, ('log', 2, None): -5.011665084868957}","{('cubic', 0, 1): 4.991471891942664, ('int', 3, 4): 2.9782691094908644}",dgp7,sr_pds,NL + severe NL conf.,SR-PDS,0.5
462,False,1.4314610244512613,0.024951711593893356,1.3825556697272303,1.4803663791752923,sr_pds,sr_pds,"[('cubic', 0, 1), ('log', 2, None)]","[('cubic', 0, 1)]","[('cubic', 0, 1), ('log', 2, None)]","[('cubic', 0, 1)]","{('cubic', 0, 1): 3.1272700719948237, ('log', 2, None): -4.918011358773743}","{('cubic', 0, 1): 3.1272700719948237}",dgp7,sr_pds,NL + severe NL conf.,SR-PDS,0.5
463,False,0.49698007263574945,0.04504168290201676,0.4086983741477966,0.5852617711237023,sr_pds,sr_pds,"[('cubic', 0, 1), ('log', 2, None)]","[('int', 3, 4)]","[('cubic', 0, 1), ('log', 2, None)]","[('int', 3, 4)]","{('cubic', 0, 1): 5.014476722210792, ('log', 2, None): -4.989752773179823}","{('int', 3, 4): 2.973531208576926}",dgp7,sr_pds,NL + severe NL conf.,SR-PDS,0.5
464,False,0.5257929435515732,0.26362238432030544,0.009093070283774596,1.042492816819372,sr_pds,sr_pds,[],"[('cubic', 0, 1), ('int', 3, 4)]",[],"[('cubic', 0, 1), ('int', 3, 4)]",{},"{('cubic', 0, 1): 4.790618757740981, ('int', 3, 4): 3.024112176121815}",dgp7,sr_pds,NL + severe NL conf.,SR-PDS,0.5
465,False,1.4247502082084662,0.10250566394025729,1.2238391068855619,1.6256613095313706,sr_pds,sr_pds,"[('cubic', 0, 1)]","[('cubic', 0, 1)]","[('cubic', 0, 1)]","[('cubic', 0, 1)]","{('cubic', 0, 1): 3.2686104262743316}","{('cubic', 0, 1): 3.2686104262743316}",dgp7,sr_pds,NL + severe NL conf.,SR-PDS,0.5
466,False,0.7280313930160418,0.25439406595283126,0.22941902374849255,1.226643762283591,sr_pds,sr_pds,"[('cubic', 0, 1)]","[('cubic', 0, 1), ('int', 3, 4)]","[('cubic', 0, 1)]","[('cubic', 0, 1), ('int', 3, 4)]","{('cubic', 0, 1): 4.538965212572211}","{('cubic', 0, 1): 4.538965212572211, ('int', 3, 4): 2.12561125201756}",dgp7,sr_pds,NL + severe NL conf.,SR-PDS,0.5
467,False,0.5724083024220137,0.1905318972930357,0.19896578372766371,0.9458508211163636,sr_pds,sr_pds,"[('cubic', 0, 1), ('sq', 2, None)]","[('cubic', 0, 1), ('int', 0, 1), ('int', 3, 4)]","[('cubic', 0, 1), ('sq', 2, None)]","[('cubic', 0, 1), ('int', 3, 4)]","{('cubic', 0, 1): 4.701915096526938, ('sq', 2, None): -2.351660891316948}","{('cubic', 0, 1): 4.701915096526938, ('int', 3, 4): 2.896870643048781}",dgp7,sr_pds,NL + severe NL conf.,SR-PDS,0.5
468,False,0.8987780672742879,0.22985988301616525,0.448252696562604,1.3493034379859719,sr_pds,sr_pds,"[('cubic', 0, 1)]","[('cubic', 0, 1), ('int', 3, 4)]","[('cubic', 0, 1)]","[('cubic', 0, 1), ('int', 3, 4)]","{('cubic', 0, 1): 3.983780646798054}","{('cubic', 0, 1): 3.983780646798054, ('int', 3, 4): 2.0754819358450525}",dgp7,sr_pds,NL + severe NL conf.,SR-PDS,0.5
469,False,0.4742527664936405,0.08000449337185413,0.3174439594848064,0.6310615735024746,sr_pds,sr_pds,"[('cubic', 0, 1), ('int', 3, 4), ('sqrt', 2, None)]","[('cubic', 0, 1), ('int', 3, 4)]","[('cubic', 0, 1), ('int', 3, 4), ('sqrt', 2, None)]","[('cubic', 0, 1), ('int', 3, 4)]","{('cubic', 0, 1): 5.104920238302043, ('int', 3, 4): 3.1106178457320515, ('sqrt', 2, None): -13.829882429696402}","{('cubic', 0, 1): 5.104920238302043, ('int', 3, 4): 3.1106178457320515}",dgp7,sr_pds,NL + severe NL conf.,SR-PDS,0.5
470,False,0.5774768880495414,0.24869861011950944,0.09002761221530292,1.06492616388378,sr_pds,sr_pds,"[('cubic', 0, 1)]","[('cubic', 0, 1), ('int', 0, 1), ('int', 3, 4)]","[('cubic', 0, 1)]","[('cubic', 0, 1), ('int', 0, 1), ('int', 3, 4)]","{('cubic', 0, 1): 4.78088570131084}","{('cubic', 0, 1): 4.78088570131084, ('int', 0, 1): -0.2043330601388329, ('int', 3, 4): 2.841861341633162}",dgp7,sr_pds,NL + severe NL conf.,SR-PDS,0.5
471,False,0.44946494254243863,0.2382986915413285,-0.017600492878565188,0.9165303779634424,sr_pds,sr_pds,[],"[('cubic', 0, 1), ('int', 3, 4)]",[],"[('cubic', 0, 1), ('int', 3, 4)]",{},"{('cubic', 0, 1): 4.805953322717003, ('int', 3, 4): 3.2207181468630033}",dgp7,sr_pds,NL + severe NL conf.,SR-PDS,0.5
472,False,0.47147757427752257,0.266521863208001,-0.05090527761015928,0.9938604261652044,sr_pds,sr_pds,"[('cubic', 0, 1)]","[('int', 3, 4)]","[('cubic', 0, 1)]","[('int', 3, 4)]","{('cubic', 0, 1): 5.174147540897725}","{('int', 3, 4): 3.1029757827184623}",dgp7,sr_pds,NL + severe NL conf.,SR-PDS,0.5
473,False,0.5862048971801495,0.04383386869631502,0.500290514535372,0.6721192798249269,sr_pds,sr_pds,"[('cubic', 0, 1), ('log', 2, None)]","[('cubic', 0, 1), ('int', 3, 4)]","[('cubic', 0, 1), ('log', 2, None)]","[('cubic', 0, 1), ('int', 3, 4)]","{('cubic', 0, 1): 4.837617768001409, ('log', 2, None): -4.947745745024351}","{('cubic', 0, 1): 4.837617768001409, ('int', 3, 4): 2.7452309593284716}",dgp7,sr_pds,NL + severe NL conf.,SR-PDS,0.5
474,False,0.47483816904041753,0.23510331603024348,0.014035669621140334,0.9356406684596947,sr_pds,sr_pds,"[('cubic', 0, 1)]","[('cubic', 0, 1), ('int', 3, 4)]","[('cubic', 0, 1)]","[('cubic', 0, 1), ('int', 3, 4)]","{('cubic', 0, 1): 4.772904949620498}","{('cubic', 0, 1): 4.772904949620498, ('int', 3, 4): 3.4156861789306774}",dgp7,sr_pds,NL + severe NL conf.,SR-PDS,0.5
475,False,0.8510419343911199,0.256972185828656,0.34737645016695406,1.3547074186152857,sr_pds,sr_pds,"[('cubic', 0, 1)]","[('cubic', 0, 1), ('int', 3, 4)]","[('cubic', 0, 1)]","[('cubic', 0, 1), ('int', 3, 4)]","{('cubic', 0, 1): 4.112813912452504}","{('cubic', 0, 1): 4.112813912452504, ('int', 3, 4): 2.051665402329204}",dgp7,sr_pds,NL + severe NL conf.,SR-PDS,0.5
476,False,0.5078682691728742,0.044326546163106884,0.4209882386931847,0.5947482996525637,sr_pds,sr_pds,"[('cubic', 0, 1), ('log', 2, None)]","[('cubic', 0, 1), ('int', 3, 4)]","[('cubic', 0, 1), ('log', 2, None)]","[('cubic', 0, 1), ('int', 3, 4)]","{('cubic', 0, 1): 4.977353980873614, ('log', 2, None): -5.033176188701912}","{('cubic', 0, 1): 4.977353980873614, ('int', 3, 4): 3.0185871954039145}",dgp7,sr_pds,NL + severe NL conf.,SR-PDS,0.5
477,False,0.5654890286839158,0.08063128082652914,0.4074517182639187,0.723526339103913,sr_pds,sr_pds,"[('cubic', 0, 1), ('sqrt', 2, None)]","[('cubic', 0, 1), ('int', 3, 4)]","[('cubic', 0, 1), ('sqrt', 2, None)]","[('cubic', 0, 1), ('int', 3, 4)]","{('cubic', 0, 1): 4.892183911080565, ('sqrt', 2, None): -14.36693077899876}","{('cubic', 0, 1): 4.892183911080565, ('int', 3, 4): 2.8326694570383273}",dgp7,sr_pds,NL + severe NL conf.,SR-PDS,0.5
478,False,0.5092597069021766,0.040810671203564484,0.4292707913431902,0.5892486224611629,sr_pds,sr_pds,"[('cubic', 0, 1), ('log', 2, None)]","[('cubic', 0, 1), ('int', 3, 4)]","[('cubic', 0, 1), ('log', 2, None)]","[('cubic', 0, 1), ('int', 3, 4)]","{('cubic', 0, 1): 4.971286407278947, ('log', 2, None): -5.043512962044724}","{('cubic', 0, 1): 4.971286407278947, ('int', 3, 4): 3.022113999316464}",dgp7,sr_pds,NL + severe NL conf.,SR-PDS,0.5
479,False,0.5449515170659153,0.04720816857158191,0.4524235066656147,0.6374795274662158,sr_pds,sr_pds,"[('cubic', 0, 1), ('log', 2, None)]","[('cubic', 0, 1), ('int', 3, 4)]","[('cubic', 0, 1), ('log', 2, None)]","[('cubic', 0, 1), ('int', 3, 4)]","{('cubic', 0, 1): 4.896164504421953, ('log', 2, None): -5.05952662817925}","{('cubic', 0, 1): 4.896164504421953, ('int', 3, 4): 2.929596217211997}",dgp7,sr_pds,NL + severe NL conf.,SR-PDS,0.5
480,False,0.49452313830387795,0.04423520970210309,0.4078221272877559,0.58122414932,sr_pds,sr_pds,"[('cubic', 0, 1), ('log', 2, None)]","[('cubic', 0, 1), ('int', 3, 4)]","[('cubic', 0, 1), ('log', 2, None)]","[('cubic', 0, 1), ('int', 3, 4)]","{('cubic', 0, 1): 5.028014785208305, ('log', 2, None): -4.909809447966283}","{('cubic', 0, 1): 5.028014785208305, ('int', 3, 4): 3.1081883734572204}",dgp7,sr_pds,NL + severe NL conf.,SR-PDS,0.5
481,False,0.4959023654895425,0.03858317302262661,0.4202793463651943,0.5715253846138906,sr_pds,sr_pds,"[('cubic', 0, 1), ('log', 2, None)]","[('cubic', 0, 1), ('int', 3, 4)]","[('cubic', 0, 1), ('log', 2, None)]","[('cubic', 0, 1), ('int', 3, 4)]","{('cubic', 0, 1): 4.977941906461324, ('log', 2, None): -5.019594926725648}","{('cubic', 0, 1): 4.977941906461324, ('int', 3, 4): 2.980683026548032}",dgp7,sr_pds,NL + severe NL conf.,SR-PDS,0.5
482,False,0.5228220610351753,0.046961895119922006,0.4307767466001281,0.6148673754702224,sr_pds,sr_pds,"[('cubic', 0, 1), ('log', 2, None)]","[('cubic', 0, 1), ('int', 3, 4)]","[('cubic', 0, 1), ('log', 2, None)]","[('cubic', 0, 1), ('int', 3, 4)]","{('cubic', 0, 1): 4.9182897090386595, ('log', 2, None): -5.013080473327108}","{('cubic', 0, 1): 4.9182897090386595, ('int', 3, 4): 2.935883364568943}",dgp7,sr_pds,NL + severe NL conf.,SR-PDS,0.5
483,False,0.22965213619494995,0.23719812790896172,-0.235256194506615,0.6945604668965148,sr_pds,sr_pds,"[('cubic', 0, 1)]","[('cubic', 0, 1), ('int', 3, 4)]","[('cubic', 0, 1)]","[('cubic', 0, 1), ('int', 3, 4)]","{('cubic', 0, 1): 5.376417683192677}","{('cubic', 0, 1): 5.376417683192677, ('int', 3, 4): 3.7026896475503697}",dgp7,sr_pds,NL + severe NL conf.,SR-PDS,0.5
484,False,0.45621725648739564,0.04404903143934652,0.3698811548662765,0.5425533581085148,sr_pds,sr_pds,"[('cubic', 0, 1), ('log', 2, None)]","[('cubic', 0, 1), ('int', 3, 4)]","[('cubic', 0, 1), ('log', 2, None)]","[('cubic', 0, 1), ('int', 3, 4)]","{('cubic', 0, 1): 5.086887402585944, ('log', 2, None): -5.116113354652779}","{('cubic', 0, 1): 5.086887402585944, ('int', 3, 4): 3.1711036339327414}",dgp7,sr_pds,NL + severe NL conf.,SR-PDS,0.5
485,False,0.8559273214309729,0.23739295010183828,0.39063713923136995,1.321217503630576,sr_pds,sr_pds,"[('cubic', 0, 1)]","[('cubic', 0, 1), ('int', 3, 4)]","[('cubic', 0, 1)]","[('cubic', 0, 1), ('int', 3, 4)]","{('cubic', 0, 1): 4.173142702611747}","{('cubic', 0, 1): 4.173142702611747, ('int', 3, 4): 2.005288519071186}",dgp7,sr_pds,NL + severe NL conf.,SR-PDS,0.5
486,False,0.014853145466048184,0.25657969426390864,-0.4880430552912127,0.5177493462233091,sr_pds,sr_pds,"[('cubic', 0, 1)]","[('cubic', 0, 1), ('int', 3, 4)]","[('cubic', 0, 1)]","[('cubic', 0, 1), ('int', 3, 4)]","{('cubic', 0, 1): 6.155803334830447}","{('cubic', 0, 1): 6.155803334830447, ('int', 3, 4): 4.7407025598786445}",dgp7,sr_pds,NL + severe NL conf.,SR-PDS,0.5
487,False,1.4312734228291684,0.10114480619503646,1.233029602686897,1.6295172429714397,sr_pds,sr_pds,"[('cubic', 0, 1)]",[],"[('cubic', 0, 1)]",[],"{('cubic', 0, 1): 3.1349478099489207}",{},dgp7,sr_pds,NL + severe NL conf.,SR-PDS,0.5
488,False,0.6057042366119576,0.23227584835365336,0.15044357383879703,1.0609648993851182,sr_pds,sr_pds,"[('cubic', 0, 1)]","[('cubic', 0, 1), ('int', 3, 4)]","[('cubic', 0, 1)]","[('cubic', 0, 1), ('int', 3, 4)]","{('cubic', 0, 1): 4.940062110687039}","{('cubic', 0, 1): 4.940062110687039, ('int', 3, 4): 2.6022223934000923}",dgp7,sr_pds,NL + severe NL conf.,SR-PDS,0.5
489,False,0.47002595648559986,0.10061144672620809,0.272827520902232,0.6672243920689678,sr_pds,sr_pds,"[('cubic', 0, 1), ('sqrt', 2, None)]","[('cubic', 0, 1), ('int', 3, 4)]","[('cubic', 0, 1), ('sqrt', 2, None)]","[('cubic', 0, 1), ('int', 3, 4)]","{('cubic', 0, 1): 5.119433060308024, ('sqrt', 2, None): -14.929195385136953}","{('cubic', 0, 1): 5.119433060308024, ('int', 3, 4): 3.1207507134830115}",dgp7,sr_pds,NL + severe NL conf.,SR-PDS,0.5
490,False,0.5268307514370412,0.24178371290236314,0.05293467414840941,1.000726828725673,sr_pds,sr_pds,"[('cubic', 0, 1)]","[('cubic', 0, 1), ('int', 3, 4)]","[('cubic', 0, 1)]","[('cubic', 0, 1), ('int', 3, 4)]","{('cubic', 0, 1): 4.776502555893838}","{('cubic', 0, 1): 4.776502555893838, ('int', 3, 4): 3.317890749857858}",dgp7,sr_pds,NL + severe NL conf.,SR-PDS,0.5
491,False,0.37458378325590846,0.2270329275463028,-0.07040075473484503,0.819568321246662,sr_pds,sr_pds,"[('cubic', 0, 1)]","[('cubic', 0, 1), ('int', 3, 4)]","[('cubic', 0, 1)]","[('cubic', 0, 1), ('int', 3, 4)]","{('cubic', 0, 1): 4.935267468939166}","{('cubic', 0, 1): 4.935267468939166, ('int', 3, 4): 3.6084743457103103}",dgp7,sr_pds,NL + severe NL conf.,SR-PDS,0.5
492,False,0.44649452889299535,0.2627631798155604,-0.06852130354550301,0.9615103613314937,sr_pds,sr_pds,"[('cubic', 0, 1)]","[('cubic', 0, 1), ('int', 3, 4)]","[('cubic', 0, 1)]","[('cubic', 0, 1), ('int', 3, 4)]","{('cubic', 0, 1): 5.301817999910994}","{('cubic', 0, 1): 5.301817999910994, ('int', 3, 4): 2.7126311392689773}",dgp7,sr_pds,NL + severe NL conf.,SR-PDS,0.5
493,False,1.4104937297811344,0.11577120532433266,1.1835821673454423,1.6374052922168265,sr_pds,sr_pds,"[('cubic', 0, 1)]","[('cubic', 0, 1)]","[('cubic', 0, 1)]","[('cubic', 0, 1)]","{('cubic', 0, 1): 3.1838124000465227}","{('cubic', 0, 1): 3.1838124000465227}",dgp7,sr_pds,NL + severe NL conf.,SR-PDS,0.5
494,False,0.5161048373573203,0.24837124182896847,0.029297203372542102,1.0029124713420985,sr_pds,sr_pds,"[('cubic', 0, 1)]","[('cubic', 0, 1), ('int', 3, 4)]","[('cubic', 0, 1)]","[('cubic', 0, 1), ('int', 3, 4)]","{('cubic', 0, 1): 5.230775019752102}","{('cubic', 0, 1): 5.230775019752102, ('int', 3, 4): 2.6646856890247608}",dgp7,sr_pds,NL + severe NL conf.,SR-PDS,0.5
495,False,1.40565403151372,0.021052189264244722,1.3643917405558004,1.4469163224716397,sr_pds,sr_pds,"[('cubic', 0, 1), ('log', 2, None)]","[('cubic', 0, 1)]","[('cubic', 0, 1), ('log', 2, None)]","[('cubic', 0, 1)]","{('cubic', 0, 1): 3.195929591578421, ('log', 2, None): -5.077829080202099}","{('cubic', 0, 1): 3.195929591578421}",dgp7,sr_pds,NL + severe NL conf.,SR-PDS,0.5
496,False,1.5401723454829022,0.07945065447001735,1.3844490627216681,1.6958956282441362,sr_pds,sr_pds,"[('cubic', 0, 1)]","[('cubic', 0, 1)]","[('cubic', 0, 1)]","[('cubic', 0, 1)]","{('cubic', 0, 1): 2.9084052387263672}","{('cubic', 0, 1): 2.9084052387263672}",dgp7,sr_pds,NL + severe NL conf.,SR-PDS,0.5
497,False,0.3483975754442009,0.2651501942344745,-0.17129680525536906,0.8680919561437709,sr_pds,sr_pds,"[('cubic', 0, 1), ('int', 3, 4)]","[('cubic', 0, 1), ('int', 3, 4)]","[('cubic', 0, 1), ('int', 3, 4)]","[('cubic', 0, 1), ('int', 3, 4)]","{('cubic', 0, 1): 5.193725483468548, ('int', 3, 4): 3.552935523836704}","{('cubic', 0, 1): 5.193725483468548, ('int', 3, 4): 3.552935523836704}",dgp7,sr_pds,NL + severe NL conf.,SR-PDS,0.5
498,False,0.8116916930805956,0.259811680519445,0.3024607992624835,1.3209225868987078,sr_pds,sr_pds,"[('cubic', 0, 1)]","[('cubic', 0, 1), ('int', 3, 4)]","[('cubic', 0, 1)]","[('cubic', 0, 1), ('int', 3, 4)]","{('cubic', 0, 1): 4.226583743184249}","{('cubic', 0, 1): 4.226583743184249, ('int', 3, 4): 2.5637559364939313}",dgp7,sr_pds,NL + severe NL conf.,SR-PDS,0.5
499,False,0.6310535308748371,0.24528203193314016,0.15030074828588236,1.1118063134637919,sr_pds,sr_pds,"[('cubic', 0, 1)]","[('cubic', 0, 1), ('int', 3, 4)]","[('cubic', 0, 1)]","[('cubic', 0, 1), ('int', 3, 4)]","{('cubic', 0, 1): 4.498748161222731}","{('cubic', 0, 1): 4.498748161222731, ('int', 3, 4): 2.3730655090299573}",dgp7,sr_pds,NL + severe NL conf.,SR-PDS,0.5
