seed,failed,beta_hat,se,ci_low,ci_high,sr_pds_variant,epds_variant,pre_lasso_terms_y,pre_lasso_terms_d,post_lasso_terms_y,post_lasso_terms_d,term_coefs_y,term_coefs_d,dgp,estimator,dgp_label,est_label,beta0
0,False,0.6169933046405893,0.29179453874678124,0.045076008696898096,1.1889106005842804,sr_pds,sr_pds,"[('cubic', 0, 1)]","[('int', 0, 38), ('int', 3, 6), ('int', 3, 17), ('int', 3, 24), ('int', 6, 24), ('int', 17, 24), ('sq', 24, None)]","[('cubic', 0, 1)]","[('int', 0, 38), ('int', 3, 6), ('int', 6, 24), ('int', 17, 24), ('sq', 24, None)]","{('cubic', 0, 1): 4.690336192500927}","{('int', 0, 38): -0.3543178591874308, ('int', 3, 6): 2.0716478242885534, ('int', 6, 24): -0.3400714645348992, ('int', 17, 24): 0.36981708908002264, ('sq', 24, None): -0.1523902147430838}",dgp8,sr_pds,Weak NL conf. (dummies),SR-PDS,0.5
1,False,0.8475907232354294,0.2886898156836945,0.2817586844953882,1.4134227619754705,sr_pds,sr_pds,"[('cubic', 0, 1)]","[('int', 3, 6)]","[('cubic', 0, 1)]","[('int', 3, 6)]","{('cubic', 0, 1): 4.982557787143705}","{('int', 3, 6): 1.8446007540700737}",dgp8,sr_pds,Weak NL conf. (dummies),SR-PDS,0.5
2,False,0.7684637420961651,0.15269709229125197,0.46917744120531124,1.067750042987019,sr_pds,sr_pds,"[('cubic', 0, 1), ('log', 2, None)]","[('int', 3, 6)]","[('cubic', 0, 1), ('log', 2, None)]","[('int', 3, 6)]","{('cubic', 0, 1): 4.995943936570781, ('log', 2, None): -4.998510179704913}","{('int', 3, 6): 1.5873756437679616}",dgp8,sr_pds,Weak NL conf. (dummies),SR-PDS,0.5
3,False,0.34456854359211264,0.31055832901699304,-0.2641257812811937,0.953262868465419,sr_pds,sr_pds,"[('cubic', 0, 1)]","[('int', 3, 6)]","[('cubic', 0, 1)]","[('int', 3, 6)]","{('cubic', 0, 1): 5.179288916042805}","{('int', 3, 6): 1.3020639115366055}",dgp8,sr_pds,Weak NL conf. (dummies),SR-PDS,0.5
4,False,1.0419803691910394,0.2965754796315515,0.4606924291131985,1.6232683092688802,sr_pds,sr_pds,"[('cubic', 0, 1), ('sq', 0, None)]","[('int', 3, 6)]","[('cubic', 0, 1), ('sq', 0, None)]","[('int', 3, 6)]","{('cubic', 0, 1): 4.980305848014182, ('sq', 0, None): -0.14030450625645793}","{('int', 3, 6): 1.2555359621055104}",dgp8,sr_pds,Weak NL conf. (dummies),SR-PDS,0.5
5,False,0.5202558469004017,0.24286560661295717,0.04423925793900568,0.9962724358617978,sr_pds,sr_pds,"[('cubic', 0, 1), ('int', 3, 4)]","[('int', 3, 6)]","[('cubic', 0, 1), ('int', 3, 4)]","[('int', 3, 6)]","{('cubic', 0, 1): 4.9082427886863496, ('int', 3, 4): 3.359418146650429}","{('int', 3, 6): 1.6934466728837678}",dgp8,sr_pds,Weak NL conf. (dummies),SR-PDS,0.5
6,False,0.3427158593599197,0.26896613823527965,-0.1844577715812284,0.8698894903010679,sr_pds,sr_pds,"[('cubic', 0, 1)]","[('int', 3, 6)]","[('cubic', 0, 1)]","[('int', 3, 6)]","{('cubic', 0, 1): 5.471778082079303}","{('int', 3, 6): 1.5193041919043166}",dgp8,sr_pds,Weak NL conf. (dummies),SR-PDS,0.5
7,False,0.8712690126836613,0.28182364588346254,0.3188946667520748,1.423643358615248,sr_pds,sr_pds,"[('cubic', 0, 1)]","[('int', 3, 6)]","[('cubic', 0, 1)]","[('int', 3, 6)]","{('cubic', 0, 1): 4.847874738091592}","{('int', 3, 6): 2.1767026360597503}",dgp8,sr_pds,Weak NL conf. (dummies),SR-PDS,0.5
8,False,0.6785702679149281,0.17924748652356864,0.3272451943287336,1.0298953415011227,sr_pds,sr_pds,"[('cubic', 0, 1), ('sqrt', 2, None)]","[('int', 3, 6)]","[('cubic', 0, 1), ('sqrt', 2, None)]","[('int', 3, 6)]","{('cubic', 0, 1): 4.899072617308064, ('sqrt', 2, None): -14.724278182125385}","{('int', 3, 6): 1.6323591776722708}",dgp8,sr_pds,Weak NL conf. (dummies),SR-PDS,0.5
9,False,0.08318996379394251,0.26560158495748565,-0.43738914272272933,0.6037690703106143,sr_pds,sr_pds,"[('cubic', 0, 1)]","[('int', 3, 6)]","[('cubic', 0, 1)]","[('int', 3, 6)]","{('cubic', 0, 1): 4.943707704188359}","{('int', 3, 6): 1.5794331427731307}",dgp8,sr_pds,Weak NL conf. (dummies),SR-PDS,0.5
10,False,0.21146386417580917,0.15493721702429977,-0.0922130811918184,0.5151408095434368,sr_pds,sr_pds,"[('cubic', 0, 1), ('sqrt', 2, None)]","[('int', 3, 6)]","[('cubic', 0, 1), ('sqrt', 2, None)]","[('int', 3, 6)]","{('cubic', 0, 1): 5.06922120725934, ('sqrt', 2, None): -15.578483872842483}","{('int', 3, 6): 2.2709743349723457}",dgp8,sr_pds,Weak NL conf. (dummies),SR-PDS,0.5
11,False,0.5082431293668279,0.15127339928688374,0.2117472667645358,0.80473899196912,sr_pds,sr_pds,"[('cubic', 0, 1), ('log', 2, None)]","[('int', 3, 6)]","[('cubic', 0, 1), ('log', 2, None)]","[('int', 3, 6)]","{('cubic', 0, 1): 5.046234981450787, ('log', 2, None): -4.758651905697279}","{('int', 3, 6): 2.1406968177132697}",dgp8,sr_pds,Weak NL conf. (dummies),SR-PDS,0.5
12,False,-0.0023535076752969728,0.27269608892978786,-0.5368378419776811,0.5321308266270872,sr_pds,sr_pds,"[('cubic', 0, 1)]","[('int', 3, 6)]","[('cubic', 0, 1)]","[('int', 3, 6)]","{('cubic', 0, 1): 4.812956959313769}","{('int', 3, 6): 2.243564546981914}",dgp8,sr_pds,Weak NL conf. (dummies),SR-PDS,0.5
13,False,0.4420894482517031,0.286853372669073,-0.12014316217967996,1.004322058683086,sr_pds,sr_pds,"[('cubic', 0, 1), ('int', 3, 6)]","[('int', 3, 6)]","[('cubic', 0, 1), ('int', 3, 6)]","[('int', 3, 6)]","{('cubic', 0, 1): 4.991589255416446, ('int', 3, 6): 2.3955465860877947}","{('int', 3, 6): 2.3955465860877947}",dgp8,sr_pds,Weak NL conf. (dummies),SR-PDS,0.5
14,False,0.4683768341080734,0.28714521320120173,-0.09442778376628203,1.031181451982429,sr_pds,sr_pds,"[('cubic', 0, 1)]","[('int', 3, 6)]","[('cubic', 0, 1)]","[('int', 3, 6)]","{('cubic', 0, 1): 4.878952532363838}","{('int', 3, 6): 1.8631033613178403}",dgp8,sr_pds,Weak NL conf. (dummies),SR-PDS,0.5
15,False,0.4274170135443971,0.11490181533723443,0.20220945548341762,0.6526245716053766,sr_pds,sr_pds,"[('cubic', 0, 1), ('log', 2, None)]","[('int', 3, 6)]","[('cubic', 0, 1), ('log', 2, None)]","[('int', 3, 6)]","{('cubic', 0, 1): 5.139254374961716, ('log', 2, None): -4.933696527688226}","{('int', 3, 6): 1.6707095682106214}",dgp8,sr_pds,Weak NL conf. (dummies),SR-PDS,0.5
16,False,0.05963964730474223,0.2727077800426328,-0.474867601578818,0.5941468961883025,sr_pds,sr_pds,"[('cubic', 0, 1)]","[('int', 3, 6)]","[('cubic', 0, 1)]","[('int', 3, 6)]","{('cubic', 0, 1): 4.907110856548994}","{('int', 3, 6): 2.4379691710657516}",dgp8,sr_pds,Weak NL conf. (dummies),SR-PDS,0.5
17,False,1.0031626900547663,0.2559761578550906,0.5014494206587887,1.504875959450744,sr_pds,sr_pds,"[('cubic', 0, 1)]","[('int', 3, 6)]","[('cubic', 0, 1)]","[('int', 3, 6)]","{('cubic', 0, 1): 5.057167586655528}","{('int', 3, 6): 1.8043783751151317}",dgp8,sr_pds,Weak NL conf. (dummies),SR-PDS,0.5
18,False,0.8185060408448066,0.30490226177352975,0.22089760776868828,1.416114473920925,sr_pds,sr_pds,"[('cubic', 0, 1)]","[('int', 3, 6)]","[('cubic', 0, 1)]","[('int', 3, 6)]","{('cubic', 0, 1): 4.7180771123115335}","{('int', 3, 6): 1.8488644925972442}",dgp8,sr_pds,Weak NL conf. (dummies),SR-PDS,0.5
19,False,0.42437165131234816,0.3765456297802126,-0.3136577830568686,1.162401085681565,sr_pds,sr_pds,[],"[('int', 3, 6)]",[],"[('int', 3, 6)]",{},"{('int', 3, 6): 1.5016370784499817}",dgp8,sr_pds,Weak NL conf. (dummies),SR-PDS,0.5
20,False,0.42278965813727926,0.4081658920027754,-0.37721549018816053,1.222794806462719,sr_pds,sr_pds,[],"[('int', 3, 6)]",[],"[('int', 3, 6)]",{},"{('int', 3, 6): 2.371890478569471}",dgp8,sr_pds,Weak NL conf. (dummies),SR-PDS,0.5
21,False,0.1901897188761573,0.2579211062826707,-0.3153356494378772,0.6957150871901918,sr_pds,sr_pds,"[('cubic', 0, 1)]","[('int', 3, 6)]","[('cubic', 0, 1)]","[('int', 3, 6)]","{('cubic', 0, 1): 5.015165816161819}","{('int', 3, 6): 1.4171197682195946}",dgp8,sr_pds,Weak NL conf. (dummies),SR-PDS,0.5
22,False,0.8026262066414978,0.27772415196632283,0.25828686878750506,1.3469655444954904,sr_pds,sr_pds,"[('cubic', 0, 1)]","[('int', 3, 6)]","[('cubic', 0, 1)]","[('int', 3, 6)]","{('cubic', 0, 1): 4.889730181953206}","{('int', 3, 6): 1.6914851583127075}",dgp8,sr_pds,Weak NL conf. (dummies),SR-PDS,0.5
23,False,0.5153504833111383,0.15827505280788715,0.20513137980767948,0.8255695868145971,sr_pds,sr_pds,"[('cubic', 0, 1), ('log', 2, None)]","[('int', 3, 6)]","[('cubic', 0, 1), ('log', 2, None)]","[('int', 3, 6)]","{('cubic', 0, 1): 4.923104999349273, ('log', 2, None): -4.9117870466736795}","{('int', 3, 6): 2.15606485173315}",dgp8,sr_pds,Weak NL conf. (dummies),SR-PDS,0.5
24,False,0.3983829746423058,0.15320772821179282,0.09809582734719191,0.6986701219374197,sr_pds,sr_pds,"[('cubic', 0, 1), ('log', 2, None)]","[('int', 3, 6)]","[('cubic', 0, 1), ('log', 2, None)]","[('int', 3, 6)]","{('cubic', 0, 1): 5.232578273107474, ('log', 2, None): -5.08237277539151}","{('int', 3, 6): 2.4664013584295574}",dgp8,sr_pds,Weak NL conf. (dummies),SR-PDS,0.5
25,False,1.017801673154338,0.2765086183824046,0.475844781124825,1.559758565183851,sr_pds,sr_pds,"[('cubic', 0, 1)]","[('int', 3, 6)]","[('cubic', 0, 1)]","[('int', 3, 6)]","{('cubic', 0, 1): 5.081791289683347}","{('int', 3, 6): 1.2606042139519194}",dgp8,sr_pds,Weak NL conf. (dummies),SR-PDS,0.5
26,False,0.4384148198387496,0.1386175269706585,0.16672446697625892,0.7101051727012402,sr_pds,sr_pds,"[('cubic', 0, 1), ('log', 2, None)]","[('int', 3, 6)]","[('cubic', 0, 1), ('log', 2, None)]","[('int', 3, 6)]","{('cubic', 0, 1): 4.865236410032992, ('log', 2, None): -5.294607377556298}","{('int', 3, 6): 1.7899389697523929}",dgp8,sr_pds,Weak NL conf. (dummies),SR-PDS,0.5
27,False,0.5451198884841519,0.3060806056172626,-0.05479809852568274,1.1450378754939865,sr_pds,sr_pds,"[('cubic', 0, 1)]","[('int', 3, 6)]","[('cubic', 0, 1)]","[('int', 3, 6)]","{('cubic', 0, 1): 5.331960544280928}","{('int', 3, 6): 1.8191857974111423}",dgp8,sr_pds,Weak NL conf. (dummies),SR-PDS,0.5
28,False,0.5031537196352593,0.166026156795413,0.1777424523162499,0.8285649869542688,sr_pds,sr_pds,"[('cubic', 0, 1), ('log', 2, None)]","[('int', 3, 6)]","[('cubic', 0, 1), ('log', 2, None)]","[('int', 3, 6)]","{('cubic', 0, 1): 4.933278733627024, ('log', 2, None): -5.174913957784233}","{('int', 3, 6): 1.7226792554481127}",dgp8,sr_pds,Weak NL conf. (dummies),SR-PDS,0.5
29,False,0.41846530480021565,0.1288415659758043,0.16593583548763924,0.6709947741127921,sr_pds,sr_pds,"[('cubic', 0, 1), ('log', 2, None)]","[('int', 3, 6)]","[('cubic', 0, 1), ('log', 2, None)]","[('int', 3, 6)]","{('cubic', 0, 1): 4.996776746275699, ('log', 2, None): -5.296854851182402}","{('int', 3, 6): 2.2028212585534166}",dgp8,sr_pds,Weak NL conf. (dummies),SR-PDS,0.5
30,False,0.6519011846966887,0.14394629867671704,0.36976643929032327,0.9340359301030541,sr_pds,sr_pds,"[('cubic', 0, 1), ('int', 3, 6), ('log', 2, None)]","[('int', 3, 6)]","[('cubic', 0, 1), ('int', 3, 6), ('log', 2, None)]","[('int', 3, 6)]","{('cubic', 0, 1): 5.023446887894415, ('int', 3, 6): 1.7991291111127135, ('log', 2, None): -4.91481597165358}","{('int', 3, 6): 1.7991291111127135}",dgp8,sr_pds,Weak NL conf. (dummies),SR-PDS,0.5
31,False,0.2726579127035323,0.13978064053522463,-0.0013121427455079493,0.5466279681525725,sr_pds,sr_pds,"[('cubic', 0, 1), ('log', 2, None)]","[('int', 3, 6)]","[('cubic', 0, 1), ('log', 2, None)]","[('int', 3, 6)]","{('cubic', 0, 1): 5.101780462846665, ('log', 2, None): -5.135703401212213}","{('int', 3, 6): 1.970513701453862}",dgp8,sr_pds,Weak NL conf. (dummies),SR-PDS,0.5
32,False,0.08100343891801758,0.30092460247825664,-0.5088087819393655,0.6708156597754006,sr_pds,sr_pds,"[('cubic', 0, 1)]","[('int', 3, 6)]","[('cubic', 0, 1)]","[('int', 3, 6)]","{('cubic', 0, 1): 4.888842227691284}","{('int', 3, 6): 1.7385370562156004}",dgp8,sr_pds,Weak NL conf. (dummies),SR-PDS,0.5
33,False,0.7929860601627661,0.1372915300084856,0.5238946613461344,1.0620774589793978,sr_pds,sr_pds,"[('cubic', 0, 1), ('log', 2, None)]","[('int', 3, 6)]","[('cubic', 0, 1), ('log', 2, None)]","[('int', 3, 6)]","{('cubic', 0, 1): 5.013011388777007, ('log', 2, None): -5.094731108477352}","{('int', 3, 6): 1.918799951694873}",dgp8,sr_pds,Weak NL conf. (dummies),SR-PDS,0.5
34,False,0.6703302701692553,0.22129745163355072,0.23658726496749588,1.1040732753710147,sr_pds,sr_pds,"[('cubic', 0, 1), ('int', 3, 4), ('int', 3, 6)]","[('int', 3, 6)]","[('cubic', 0, 1), ('int', 3, 4), ('int', 3, 6)]","[('int', 3, 6)]","{('cubic', 0, 1): 4.594974858414234, ('int', 3, 4): 2.617808508423214, ('int', 3, 6): 1.9439265296466852}","{('int', 3, 6): 1.9439265296466852}",dgp8,sr_pds,Weak NL conf. (dummies),SR-PDS,0.5
35,False,0.3203833723697754,0.3442470675236991,-0.3543408799766749,0.9951076247162256,sr_pds,sr_pds,"[('log', 2, None)]","[('int', 3, 6)]","[('log', 2, None)]","[('int', 3, 6)]","{('log', 2, None): -4.698403083689964}","{('int', 3, 6): 2.6328303782360174}",dgp8,sr_pds,Weak NL conf. (dummies),SR-PDS,0.5
36,False,1.0034484483103991,0.2670340182509887,0.4800617725384613,1.526835124082337,sr_pds,sr_pds,"[('cubic', 0, 1)]","[('int', 3, 6)]","[('cubic', 0, 1)]","[('int', 3, 6)]","{('cubic', 0, 1): 4.72758116350752}","{('int', 3, 6): 1.8856554556128147}",dgp8,sr_pds,Weak NL conf. (dummies),SR-PDS,0.5
37,False,0.868184422289714,0.3033002307126283,0.27371597009296256,1.4626528744864655,sr_pds,sr_pds,"[('cubic', 0, 1)]","[('int', 3, 6)]","[('cubic', 0, 1)]","[('int', 3, 6)]","{('cubic', 0, 1): 5.062911880974733}","{('int', 3, 6): 2.3973395158805233}",dgp8,sr_pds,Weak NL conf. (dummies),SR-PDS,0.5
38,False,0.558956673167647,0.14692618190525814,0.27098135663334105,0.8469319897019529,sr_pds,sr_pds,"[('cubic', 0, 1), ('log', 2, None)]","[('int', 3, 6)]","[('cubic', 0, 1), ('log', 2, None)]","[('int', 3, 6)]","{('cubic', 0, 1): 5.037631916483938, ('log', 2, None): -4.973530878846548}","{('int', 3, 6): 1.9608448594838443}",dgp8,sr_pds,Weak NL conf. (dummies),SR-PDS,0.5
39,False,1.3943945989178608,0.25738140947142146,0.8899270363538747,1.8988621614818468,sr_pds,sr_pds,"[('log', 2, None)]",[],"[('log', 2, None)]",[],"{('log', 2, None): -4.77983400432085}",{},dgp8,sr_pds,Weak NL conf. (dummies),SR-PDS,0.5
40,False,0.2675648360941406,0.11950905761015611,0.03332708317823466,0.5018025890100466,sr_pds,sr_pds,"[('cubic', 0, 1), ('int', 3, 6), ('log', 2, None)]","[('int', 3, 6)]","[('cubic', 0, 1), ('int', 3, 6), ('log', 2, None)]","[('int', 3, 6)]","{('cubic', 0, 1): 4.959908511276654, ('int', 3, 6): 2.0929868162361243, ('log', 2, None): -5.15974338401015}","{('int', 3, 6): 2.0929868162361243}",dgp8,sr_pds,Weak NL conf. (dummies),SR-PDS,0.5
41,False,1.573892463161355,0.26905555326655956,1.0465435787588981,2.1012413475638114,sr_pds,sr_pds,"[('cubic', 0, 1)]","[('int', 2, 14)]","[('cubic', 0, 1)]","[('int', 2, 14)]","{('cubic', 0, 1): 4.898678532002616}","{('int', 2, 14): -0.032963511609503206}",dgp8,sr_pds,Weak NL conf. (dummies),SR-PDS,0.5
42,False,0.32638214355125317,0.24698095873971967,-0.15770053557859737,0.8104648226811038,sr_pds,sr_pds,"[('cubic', 0, 1)]","[('int', 3, 6)]","[('cubic', 0, 1)]","[('int', 3, 6)]","{('cubic', 0, 1): 5.2070077056362525}","{('int', 3, 6): 1.6841871888754565}",dgp8,sr_pds,Weak NL conf. (dummies),SR-PDS,0.5
43,False,0.40263119869886815,0.28808006242684087,-0.16200572365773996,0.9672681210554763,sr_pds,sr_pds,"[('cubic', 0, 1)]","[('int', 3, 6)]","[('cubic', 0, 1)]","[('int', 3, 6)]","{('cubic', 0, 1): 4.59935116825675}","{('int', 3, 6): 1.8942187581569419}",dgp8,sr_pds,Weak NL conf. (dummies),SR-PDS,0.5
44,False,1.1192438760202952,0.30417704397532347,0.5230568698286612,1.7154308822119293,sr_pds,sr_pds,"[('cubic', 0, 1)]","[('int', 3, 6)]","[('cubic', 0, 1)]","[('int', 3, 6)]","{('cubic', 0, 1): 4.990443223194947}","{('int', 3, 6): 1.5584750779347059}",dgp8,sr_pds,Weak NL conf. (dummies),SR-PDS,0.5
45,False,0.4598775603314767,0.14166603750797124,0.18221212681585308,0.7375429938471003,sr_pds,sr_pds,"[('cubic', 0, 1), ('int', 3, 6), ('log', 2, None)]","[('int', 3, 6)]","[('cubic', 0, 1), ('int', 3, 6), ('log', 2, None)]","[('int', 3, 6)]","{('cubic', 0, 1): 4.958195046162046, ('int', 3, 6): 2.164067720065239, ('log', 2, None): -5.113875001409127}","{('int', 3, 6): 2.164067720065239}",dgp8,sr_pds,Weak NL conf. (dummies),SR-PDS,0.5
46,False,0.8412723887109832,0.2740857378908945,0.30406434244482994,1.3784804349771365,sr_pds,sr_pds,"[('cubic', 0, 1)]","[('int', 3, 6)]","[('cubic', 0, 1)]","[('int', 3, 6)]","{('cubic', 0, 1): 5.120858315576671}","{('int', 3, 6): 1.6328609375938166}",dgp8,sr_pds,Weak NL conf. (dummies),SR-PDS,0.5
47,False,0.05962701626027257,0.3071331480564553,-0.5423539539303799,0.661607986450925,sr_pds,sr_pds,"[('cubic', 0, 1)]","[('int', 3, 6)]","[('cubic', 0, 1)]","[('int', 3, 6)]","{('cubic', 0, 1): 4.727345801242418}","{('int', 3, 6): 2.969774964539834}",dgp8,sr_pds,Weak NL conf. (dummies),SR-PDS,0.5
48,False,0.48630920892130913,0.14109565928524084,0.2097617167222371,0.7628567011203812,sr_pds,sr_pds,"[('cubic', 0, 1), ('log', 2, None)]","[('int', 3, 6)]","[('cubic', 0, 1), ('log', 2, None)]","[('int', 3, 6)]","{('cubic', 0, 1): 5.071477096440224, ('log', 2, None): -4.7232841688804506}","{('int', 3, 6): 2.041117635280872}",dgp8,sr_pds,Weak NL conf. (dummies),SR-PDS,0.5
49,False,0.5602482075220491,0.13919341568389001,0.28742911278162464,0.8330673022624735,sr_pds,sr_pds,"[('cubic', 0, 1), ('log', 2, None)]","[('int', 3, 6)]","[('cubic', 0, 1), ('log', 2, None)]","[('int', 3, 6)]","{('cubic', 0, 1): 4.903718742835515, ('log', 2, None): -4.988894640008181}","{('int', 3, 6): 1.802315857300074}",dgp8,sr_pds,Weak NL conf. (dummies),SR-PDS,0.5
50,False,0.15288960980778818,0.27238681108171603,-0.38098853991237525,0.6867677595279517,sr_pds,sr_pds,"[('cubic', 0, 1)]","[('int', 3, 6)]","[('cubic', 0, 1)]","[('int', 3, 6)]","{('cubic', 0, 1): 5.054709592566451}","{('int', 3, 6): 2.2422795639617936}",dgp8,sr_pds,Weak NL conf. (dummies),SR-PDS,0.5
51,False,0.41913696311009163,0.2996853849218833,-0.16824639133679964,1.006520317556983,sr_pds,sr_pds,"[('log', 2, None)]","[('int', 3, 6)]","[('log', 2, None)]","[('int', 3, 6)]","{('log', 2, None): -4.855753519604057}","{('int', 3, 6): 1.7594714232138884}",dgp8,sr_pds,Weak NL conf. (dummies),SR-PDS,0.5
52,False,0.687501326708614,0.13883559301504905,0.41538356439911783,0.9596190890181101,sr_pds,sr_pds,"[('cubic', 0, 1), ('log', 2, None)]","[('int', 3, 6)]","[('cubic', 0, 1), ('log', 2, None)]","[('int', 3, 6)]","{('cubic', 0, 1): 5.005791619031005, ('log', 2, None): -5.069512500353148}","{('int', 3, 6): 2.1006942434009286}",dgp8,sr_pds,Weak NL conf. (dummies),SR-PDS,0.5
53,False,0.4380573234570472,0.2865248387338663,-0.12353136046133073,0.9996460073754251,sr_pds,sr_pds,"[('cubic', 0, 1)]","[('int', 3, 6)]","[('cubic', 0, 1)]","[('int', 3, 6)]","{('cubic', 0, 1): 4.554903770143422}","{('int', 3, 6): 1.889774622995032}",dgp8,sr_pds,Weak NL conf. (dummies),SR-PDS,0.5
54,False,-0.004038258462206818,0.27060826227375245,-0.5344304525187616,0.526353935594348,sr_pds,sr_pds,"[('log', 2, None)]","[('int', 3, 6)]","[('log', 2, None)]","[('int', 3, 6)]","{('log', 2, None): -4.729776436637439}","{('int', 3, 6): 1.899383423964204}",dgp8,sr_pds,Weak NL conf. (dummies),SR-PDS,0.5
55,False,0.4609248762240214,0.14582070293347324,0.17511629847441385,0.746733453973629,sr_pds,sr_pds,"[('cubic', 0, 1), ('log', 2, None)]","[('int', 3, 6)]","[('cubic', 0, 1), ('log', 2, None)]","[('int', 3, 6)]","{('cubic', 0, 1): 5.046765836529569, ('log', 2, None): -5.0275004899016515}","{('int', 3, 6): 2.0743404886588275}",dgp8,sr_pds,Weak NL conf. (dummies),SR-PDS,0.5
56,False,0.4133544157201908,0.24844293233210038,-0.07359373165072591,0.9003025630911076,sr_pds,sr_pds,"[('cubic', 0, 1)]","[('int', 3, 6)]","[('cubic', 0, 1)]","[('int', 3, 6)]","{('cubic', 0, 1): 5.269448785923738}","{('int', 3, 6): 1.7588022888082457}",dgp8,sr_pds,Weak NL conf. (dummies),SR-PDS,0.5
57,False,0.17153552798728863,0.2575618430515673,-0.33328568439378325,0.6763567403683606,sr_pds,sr_pds,"[('cubic', 0, 1)]","[('int', 3, 6)]","[('cubic', 0, 1)]","[('int', 3, 6)]","{('cubic', 0, 1): 4.918784217578678}","{('int', 3, 6): 2.3928092357850033}",dgp8,sr_pds,Weak NL conf. (dummies),SR-PDS,0.5
58,False,0.7368752918738112,0.2784653006397198,0.19108330261996043,1.282667281127662,sr_pds,sr_pds,"[('cubic', 0, 1), ('sq', 0, None)]","[('int', 3, 6)]","[('cubic', 0, 1), ('sq', 0, None)]","[('int', 3, 6)]","{('cubic', 0, 1): 4.880740609539299, ('sq', 0, None): 0.2658580321233255}","{('int', 3, 6): 1.4302456968908124}",dgp8,sr_pds,Weak NL conf. (dummies),SR-PDS,0.5
59,False,1.3045829952677719,0.28697581532949207,0.7421103972219675,1.8670555933135762,sr_pds,sr_pds,"[('cubic', 0, 1)]",[],"[('cubic', 0, 1)]",[],"{('cubic', 0, 1): 5.195684625837163}",{},dgp8,sr_pds,Weak NL conf. (dummies),SR-PDS,0.5
60,False,0.5129498198677039,0.11221662503561466,0.2930052347978992,0.7328944049375087,sr_pds,sr_pds,"[('cubic', 0, 1), ('int', 0, 1), ('log', 2, None)]","[('int', 3, 6)]","[('cubic', 0, 1), ('log', 2, None)]","[('int', 3, 6)]","{('cubic', 0, 1): 5.079187182455686, ('log', 2, None): -4.973880819998898}","{('int', 3, 6): 1.732461156052777}",dgp8,sr_pds,Weak NL conf. (dummies),SR-PDS,0.5
61,False,0.5944480280187199,0.16243728604933325,0.2760709473620267,0.9128251086754131,sr_pds,sr_pds,"[('cubic', 0, 1), ('log', 2, None)]","[('int', 3, 6)]","[('cubic', 0, 1), ('log', 2, None)]","[('int', 3, 6)]","{('cubic', 0, 1): 4.960796302198943, ('log', 2, None): -4.837133881193426}","{('int', 3, 6): 2.2865950034912044}",dgp8,sr_pds,Weak NL conf. (dummies),SR-PDS,0.5
62,False,1.2606879385879117,0.26264493992383964,0.745903856337186,1.7754720208386374,sr_pds,sr_pds,"[('cubic', 0, 1)]",[],"[('cubic', 0, 1)]",[],"{('cubic', 0, 1): 4.651937451061692}",{},dgp8,sr_pds,Weak NL conf. (dummies),SR-PDS,0.5
63,False,0.3519294492130986,0.1333511607057371,0.09056117422985388,0.6132977241963433,sr_pds,sr_pds,"[('cubic', 0, 1), ('log', 2, None)]","[('int', 3, 6)]","[('cubic', 0, 1), ('log', 2, None)]","[('int', 3, 6)]","{('cubic', 0, 1): 4.981693825658597, ('log', 2, None): -5.087376869876483}","{('int', 3, 6): 2.0077046578400344}",dgp8,sr_pds,Weak NL conf. (dummies),SR-PDS,0.5
64,False,0.5885698976036716,0.13489903830731834,0.32416778252132766,0.8529720126860156,sr_pds,sr_pds,"[('cubic', 0, 1), ('log', 2, None)]","[('int', 3, 6)]","[('cubic', 0, 1), ('log', 2, None)]","[('int', 3, 6)]","{('cubic', 0, 1): 5.039486047438569, ('log', 2, None): -4.776973367340308}","{('int', 3, 6): 1.6474135331242123}",dgp8,sr_pds,Weak NL conf. (dummies),SR-PDS,0.5
65,False,1.349281840257631,0.315822859699036,0.7302690352475204,1.9682946452677417,sr_pds,sr_pds,"[('cubic', 0, 1)]","[('int', 0, 15), ('int', 2, 18), ('int', 2, 36), ('int', 15, 18), ('int', 15, 36)]","[('cubic', 0, 1)]","[('int', 2, 36), ('int', 15, 18), ('int', 15, 36)]","{('cubic', 0, 1): 4.749272245847662}","{('int', 2, 36): -0.20810751028776345, ('int', 15, 18): -0.9457402022161642, ('int', 15, 36): 0.35980933194036474}",dgp8,sr_pds,Weak NL conf. (dummies),SR-PDS,0.5
66,False,0.673607334404535,0.28643300330102045,0.11219864793453493,1.235016020874535,sr_pds,sr_pds,"[('cubic', 0, 1)]","[('int', 3, 6)]","[('cubic', 0, 1)]","[('int', 3, 6)]","{('cubic', 0, 1): 5.368201848278402}","{('int', 3, 6): 2.1209643161017917}",dgp8,sr_pds,Weak NL conf. (dummies),SR-PDS,0.5
67,False,0.45865366890616277,0.2811926518535206,-0.09248392872673761,1.0097912665390631,sr_pds,sr_pds,"[('cubic', 0, 1)]","[('int', 3, 6)]","[('cubic', 0, 1)]","[('int', 3, 6)]","{('cubic', 0, 1): 4.997034089563047}","{('int', 3, 6): 1.931974406821078}",dgp8,sr_pds,Weak NL conf. (dummies),SR-PDS,0.5
68,False,0.4444962299294059,0.33361848348020373,-0.20939599769179335,1.098388457550605,sr_pds,sr_pds,"[('cubic', 0, 1)]","[('int', 3, 6)]","[('cubic', 0, 1)]","[('int', 3, 6)]","{('cubic', 0, 1): 4.914957671409724}","{('int', 3, 6): 1.8798619494684154}",dgp8,sr_pds,Weak NL conf. (dummies),SR-PDS,0.5
69,False,0.5004708126188803,0.2543481796070157,0.0019483805891294392,0.9989932446486312,sr_pds,sr_pds,"[('cubic', 0, 1)]","[('int', 3, 6)]","[('cubic', 0, 1)]","[('int', 3, 6)]","{('cubic', 0, 1): 5.069891212004591}","{('int', 3, 6): 2.3411535288713594}",dgp8,sr_pds,Weak NL conf. (dummies),SR-PDS,0.5
70,False,0.6481075640945486,0.19865370362948745,0.25874630498075324,1.037468823208344,sr_pds,sr_pds,"[('cubic', 0, 1), ('sqrt', 2, None)]","[('int', 3, 6)]","[('cubic', 0, 1), ('sqrt', 2, None)]","[('int', 3, 6)]","{('cubic', 0, 1): 5.253251165891105, ('sqrt', 2, None): -16.096339904718267}","{('int', 3, 6): 1.9108513248103416}",dgp8,sr_pds,Weak NL conf. (dummies),SR-PDS,0.5
71,False,0.35846113841556687,0.2847788988116664,-0.1997055032552993,0.9166277800864331,sr_pds,sr_pds,"[('cubic', 0, 1)]","[('int', 3, 6)]","[('cubic', 0, 1)]","[('int', 3, 6)]","{('cubic', 0, 1): 4.952089049737457}","{('int', 3, 6): 2.0231463832799363}",dgp8,sr_pds,Weak NL conf. (dummies),SR-PDS,0.5
72,False,0.3249277941780257,0.13361647208207253,0.06303950889716353,0.5868160794588879,sr_pds,sr_pds,"[('cubic', 0, 1), ('log', 2, None)]","[('int', 3, 6)]","[('cubic', 0, 1), ('log', 2, None)]","[('int', 3, 6)]","{('cubic', 0, 1): 5.085163807277298, ('log', 2, None): -4.76174672307344}","{('int', 3, 6): 1.8179077286535061}",dgp8,sr_pds,Weak NL conf. (dummies),SR-PDS,0.5
73,False,0.3489534239323383,0.27608552610488585,-0.19217420723323797,0.8900810550979146,sr_pds,sr_pds,"[('cubic', 0, 1), ('int', 0, 1)]","[('int', 3, 6)]","[('cubic', 0, 1), ('int', 0, 1)]","[('int', 3, 6)]","{('cubic', 0, 1): 4.902092952246848, ('int', 0, 1): -0.3313793268218691}","{('int', 3, 6): 1.7996341019724558}",dgp8,sr_pds,Weak NL conf. (dummies),SR-PDS,0.5
74,False,0.4653703150294712,0.47107332342797353,-0.45793339888935697,1.3886740289482993,sr_pds,sr_pds,"[('sqrt', 2, None)]","[('int', 3, 6)]","[('sqrt', 2, None)]","[('int', 3, 6)]","{('sqrt', 2, None): -12.597721583209507}","{('int', 3, 6): 2.1661009181469537}",dgp8,sr_pds,Weak NL conf. (dummies),SR-PDS,0.5
75,False,0.6557961744451114,0.15751999097534408,0.347056992133437,0.9645353567567858,sr_pds,sr_pds,"[('cubic', 0, 1), ('sqrt', 2, None)]","[('int', 3, 6)]","[('cubic', 0, 1), ('sqrt', 2, None)]","[('int', 3, 6)]","{('cubic', 0, 1): 5.011688125080206, ('sqrt', 2, None): -13.447240982171126}","{('int', 3, 6): 1.870710361334863}",dgp8,sr_pds,Weak NL conf. (dummies),SR-PDS,0.5
76,False,0.4071699119768396,0.2890085083761257,-0.1592867644403667,0.9736265883940459,sr_pds,sr_pds,"[('cubic', 0, 1)]","[('int', 3, 6)]","[('cubic', 0, 1)]","[('int', 3, 6)]","{('cubic', 0, 1): 5.259853126737269}","{('int', 3, 6): 2.066625048310961}",dgp8,sr_pds,Weak NL conf. (dummies),SR-PDS,0.5
77,False,0.40339839762325524,0.28942398236774985,-0.16387260781753443,0.9706694030640449,sr_pds,sr_pds,"[('cubic', 0, 1)]","[('int', 3, 6)]","[('cubic', 0, 1)]","[('int', 3, 6)]","{('cubic', 0, 1): 5.141582762522884}","{('int', 3, 6): 1.9957059872978924}",dgp8,sr_pds,Weak NL conf. (dummies),SR-PDS,0.5
78,False,0.7329923520269096,0.2748838515097783,0.19422000306774412,1.271764700986075,sr_pds,sr_pds,"[('cubic', 0, 1)]","[('int', 3, 6)]","[('cubic', 0, 1)]","[('int', 3, 6)]","{('cubic', 0, 1): 5.4709781884294255}","{('int', 3, 6): 1.781448799496488}",dgp8,sr_pds,Weak NL conf. (dummies),SR-PDS,0.5
79,False,0.4365118386348153,0.28720193193872007,-0.12640394796507598,0.9994276252347065,sr_pds,sr_pds,"[('log', 2, None)]","[('int', 3, 6)]","[('log', 2, None)]","[('int', 3, 6)]","{('log', 2, None): -5.255015374075161}","{('int', 3, 6): 1.6340847363770623}",dgp8,sr_pds,Weak NL conf. (dummies),SR-PDS,0.5
80,False,0.30944105030973595,0.2999700925923311,-0.278500331171233,0.8973824317907049,sr_pds,sr_pds,"[('cubic', 0, 1)]","[('int', 3, 6)]","[('cubic', 0, 1)]","[('int', 3, 6)]","{('cubic', 0, 1): 5.174877214753498}","{('int', 3, 6): 1.9121044130859102}",dgp8,sr_pds,Weak NL conf. (dummies),SR-PDS,0.5
81,False,0.5169406648701675,0.29034010882640887,-0.05212594842959384,1.0860072781699288,sr_pds,sr_pds,"[('cubic', 0, 1)]","[('int', 3, 6)]","[('cubic', 0, 1)]","[('int', 3, 6)]","{('cubic', 0, 1): 5.23429517113001}","{('int', 3, 6): 1.4772397579441665}",dgp8,sr_pds,Weak NL conf. (dummies),SR-PDS,0.5
82,False,0.35802671615582177,0.1453168807193427,0.07320562994591007,0.6428478023657335,sr_pds,sr_pds,"[('cubic', 0, 1), ('log', 2, None)]","[('int', 3, 6)]","[('cubic', 0, 1), ('log', 2, None)]","[('int', 3, 6)]","{('cubic', 0, 1): 4.944962379391042, ('log', 2, None): -5.026095675762889}","{('int', 3, 6): 2.199866460307427}",dgp8,sr_pds,Weak NL conf. (dummies),SR-PDS,0.5
83,False,1.2460093640756875,0.2545179809573495,0.7471541213992825,1.7448646067520925,sr_pds,sr_pds,"[('cubic', 0, 1)]","[('cubic', 38, 15)]","[('cubic', 0, 1)]","[('cubic', 38, 15)]","{('cubic', 0, 1): 5.083486240372548}","{('cubic', 38, 15): 0.2100813021727084}",dgp8,sr_pds,Weak NL conf. (dummies),SR-PDS,0.5
84,False,0.23611258452444217,0.1463530948415392,-0.05073948136497464,0.522964650413859,sr_pds,sr_pds,"[('cubic', 0, 1), ('log', 2, None)]","[('int', 3, 6)]","[('cubic', 0, 1), ('log', 2, None)]","[('int', 3, 6)]","{('cubic', 0, 1): 4.987604978053051, ('log', 2, None): -4.796302098114353}","{('int', 3, 6): 2.129815319926668}",dgp8,sr_pds,Weak NL conf. (dummies),SR-PDS,0.5
85,False,-0.006406018150355792,0.3193716010828088,-0.632374356272661,0.6195623199719494,sr_pds,sr_pds,"[('cubic', 0, 1)]","[('int', 3, 6)]","[('cubic', 0, 1)]","[('int', 3, 6)]","{('cubic', 0, 1): 4.990575737052883}","{('int', 3, 6): 1.89817804554569}",dgp8,sr_pds,Weak NL conf. (dummies),SR-PDS,0.5
86,False,0.82739432906994,0.42799078224099624,-0.011467604122412545,1.6662562622622925,sr_pds,sr_pds,[],"[('int', 3, 6)]",[],"[('int', 3, 6)]",{},"{('int', 3, 6): 1.7130368901180952}",dgp8,sr_pds,Weak NL conf. (dummies),SR-PDS,0.5
87,False,0.6862478567436903,0.30516994142414156,0.0881147715523728,1.2843809419350078,sr_pds,sr_pds,"[('log', 2, None)]","[('int', 3, 6)]","[('log', 2, None)]","[('int', 3, 6)]","{('log', 2, None): -5.047930230643551}","{('int', 3, 6): 1.076076683865666}",dgp8,sr_pds,Weak NL conf. (dummies),SR-PDS,0.5
88,False,1.9495743475326583,0.354089795789381,1.2555583477854717,2.643590347279845,sr_pds,sr_pds,"[('cubic', 0, 1)]","[('int', 15, 41)]","[('cubic', 0, 1)]","[('int', 15, 41)]","{('cubic', 0, 1): 5.121225526073729}","{('int', 15, 41): 0.41749095731716446}",dgp8,sr_pds,Weak NL conf. (dummies),SR-PDS,0.5
89,False,-0.11788324067975645,0.2850649423625345,-0.676610527710324,0.4408440463508112,sr_pds,sr_pds,"[('cubic', 0, 1), ('int', 3, 4)]","[('int', 3, 6)]","[('cubic', 0, 1), ('int', 3, 4)]","[('int', 3, 6)]","{('cubic', 0, 1): 4.8265542809819415, ('int', 3, 4): 3.091300183646016}","{('int', 3, 6): 2.0407379889641803}",dgp8,sr_pds,Weak NL conf. (dummies),SR-PDS,0.5
90,False,0.17290185642541922,0.2177522130780796,-0.25389248120761676,0.5996961940584552,sr_pds,sr_pds,"[('cubic', 0, 1)]","[('int', 3, 6)]","[('cubic', 0, 1)]","[('int', 3, 6)]","{('cubic', 0, 1): 4.738479968758615}","{('int', 3, 6): 2.2247982312747983}",dgp8,sr_pds,Weak NL conf. (dummies),SR-PDS,0.5
91,False,0.7422299898603621,0.30472893987866884,0.1449612676981712,1.3394987120225532,sr_pds,sr_pds,"[('cubic', 0, 1)]","[('int', 3, 6)]","[('cubic', 0, 1)]","[('int', 3, 6)]","{('cubic', 0, 1): 4.829303804848545}","{('int', 3, 6): 1.6259798118166}",dgp8,sr_pds,Weak NL conf. (dummies),SR-PDS,0.5
92,False,0.6371135523354703,0.25404887032682344,0.13917776649489638,1.1350493381760443,sr_pds,sr_pds,"[('cubic', 0, 1)]","[('int', 3, 6)]","[('cubic', 0, 1)]","[('int', 3, 6)]","{('cubic', 0, 1): 4.86164034040969}","{('int', 3, 6): 2.006135436294958}",dgp8,sr_pds,Weak NL conf. (dummies),SR-PDS,0.5
93,False,1.3575464006144788,0.14782335491417492,1.067812624982696,1.6472801762462617,sr_pds,sr_pds,"[('cubic', 0, 1), ('log', 2, None)]","[('int', 1, 12), ('int', 1, 38), ('int', 12, 42), ('int', 38, 42)]","[('cubic', 0, 1), ('log', 2, None)]","[('int', 1, 12), ('int', 1, 38), ('int', 38, 42)]","{('cubic', 0, 1): 5.1003873977223915, ('log', 2, None): -5.16348154793491}","{('int', 1, 12): -0.3352583318455985, ('int', 1, 38): 0.189511745068454, ('int', 38, 42): 0.08374433887449172}",dgp8,sr_pds,Weak NL conf. (dummies),SR-PDS,0.5
94,False,0.9210734780974309,0.31733308849248076,0.2991006246521686,1.5430463315426932,sr_pds,sr_pds,"[('cubic', 0, 1)]","[('int', 3, 6)]","[('cubic', 0, 1)]","[('int', 3, 6)]","{('cubic', 0, 1): 5.244763522979279}","{('int', 3, 6): 1.278627638316956}",dgp8,sr_pds,Weak NL conf. (dummies),SR-PDS,0.5
95,False,0.3822160462290991,0.12996039939173024,0.12749366342130786,0.6369384290368904,sr_pds,sr_pds,"[('cubic', 0, 1), ('log', 2, None)]","[('int', 3, 6)]","[('cubic', 0, 1), ('log', 2, None)]","[('int', 3, 6)]","{('cubic', 0, 1): 5.037616570865577, ('log', 2, None): -4.9968378137811476}","{('int', 3, 6): 1.9346607675591712}",dgp8,sr_pds,Weak NL conf. (dummies),SR-PDS,0.5
96,False,1.0248168161512612,0.1580939939000839,0.7149525881070967,1.3346810441954258,sr_pds,sr_pds,"[('cubic', 0, 1), ('sqrt', 2, None)]",[],"[('cubic', 0, 1), ('sqrt', 2, None)]",[],"{('cubic', 0, 1): 4.803599668751151, ('sqrt', 2, None): -14.680238160245436}",{},dgp8,sr_pds,Weak NL conf. (dummies),SR-PDS,0.5
97,False,0.6173570482919988,0.28355619607408084,0.061586903986800334,1.1731271925971973,sr_pds,sr_pds,"[('cubic', 0, 1)]","[('int', 3, 6)]","[('cubic', 0, 1)]","[('int', 3, 6)]","{('cubic', 0, 1): 4.677421777574514}","{('int', 3, 6): 1.288398152685012}",dgp8,sr_pds,Weak NL conf. (dummies),SR-PDS,0.5
98,False,0.6058992105901129,0.1460783538569283,0.3195856370305334,0.8922127841496923,sr_pds,sr_pds,"[('cubic', 0, 1), ('log', 2, None)]","[('int', 3, 6)]","[('cubic', 0, 1), ('log', 2, None)]","[('int', 3, 6)]","{('cubic', 0, 1): 4.943219988809838, ('log', 2, None): -4.8340394714190955}","{('int', 3, 6): 2.573422014859694}",dgp8,sr_pds,Weak NL conf. (dummies),SR-PDS,0.5
99,False,0.5182364287789528,0.261121844777259,0.006437613015525145,1.0300352445423804,sr_pds,sr_pds,"[('cubic', 0, 1)]","[('int', 3, 6)]","[('cubic', 0, 1)]","[('int', 3, 6)]","{('cubic', 0, 1): 5.214556194346013}","{('int', 3, 6): 2.9727197610474985}",dgp8,sr_pds,Weak NL conf. (dummies),SR-PDS,0.5
100,False,-0.3939568893074553,0.380166614269546,-1.1390834532757654,0.3511696746608548,sr_pds,sr_pds,[],"[('int', 3, 6)]",[],"[('int', 3, 6)]",{},"{('int', 3, 6): 2.4105204013159613}",dgp8,sr_pds,Weak NL conf. (dummies),SR-PDS,0.5
101,False,0.6815713940854639,0.14235429961747448,0.40255696683521386,0.9605858213357139,sr_pds,sr_pds,"[('cubic', 0, 1), ('log', 2, None)]","[('int', 3, 6)]","[('cubic', 0, 1), ('log', 2, None)]","[('int', 3, 6)]","{('cubic', 0, 1): 5.1547543534911275, ('log', 2, None): -4.901119598596852}","{('int', 3, 6): 1.5829996461078104}",dgp8,sr_pds,Weak NL conf. (dummies),SR-PDS,0.5
102,False,0.0701130993918655,0.23726838504143885,-0.39493293528935464,0.5351591340730857,sr_pds,sr_pds,"[('int', 3, 4), ('log', 2, None)]","[('int', 3, 6)]","[('int', 3, 4), ('log', 2, None)]","[('int', 3, 6)]","{('int', 3, 4): 3.3518933164729785, ('log', 2, None): -5.5128333889777865}","{('int', 3, 6): 1.959802065480957}",dgp8,sr_pds,Weak NL conf. (dummies),SR-PDS,0.5
103,False,0.7918411998549516,0.24761374504681533,0.30651825956319356,1.2771641401467098,sr_pds,sr_pds,"[('cubic', 0, 1), ('int', 3, 6)]","[('int', 3, 6)]","[('cubic', 0, 1), ('int', 3, 6)]","[('int', 3, 6)]","{('cubic', 0, 1): 4.820292283823787, ('int', 3, 6): 1.7283816769521951}","{('int', 3, 6): 1.7283816769521951}",dgp8,sr_pds,Weak NL conf. (dummies),SR-PDS,0.5
104,False,0.661501438931603,0.2859344162195936,0.10106998314119953,1.2219328947220065,sr_pds,sr_pds,"[('cubic', 0, 1)]","[('int', 3, 6)]","[('cubic', 0, 1)]","[('int', 3, 6)]","{('cubic', 0, 1): 5.134729170447333}","{('int', 3, 6): 1.5611433264923866}",dgp8,sr_pds,Weak NL conf. (dummies),SR-PDS,0.5
105,False,0.38910211942921064,0.13115153971301155,0.13204510159170801,0.6461591372667133,sr_pds,sr_pds,"[('cubic', 0, 1), ('log', 2, None)]","[('int', 3, 6)]","[('cubic', 0, 1), ('log', 2, None)]","[('int', 3, 6)]","{('cubic', 0, 1): 5.062829396078364, ('log', 2, None): -4.94470673893935}","{('int', 3, 6): 2.106988665444834}",dgp8,sr_pds,Weak NL conf. (dummies),SR-PDS,0.5
106,False,0.19632899365830936,0.31663710026164155,-0.4242797228545081,0.8169377101711268,sr_pds,sr_pds,"[('cubic', 0, 1)]","[('int', 3, 6)]","[('cubic', 0, 1)]","[('int', 3, 6)]","{('cubic', 0, 1): 4.802975979537857}","{('int', 3, 6): 1.7273301553866591}",dgp8,sr_pds,Weak NL conf. (dummies),SR-PDS,0.5
107,False,0.09225503729512939,0.2673448877202836,-0.43174094263662643,0.6162510172268852,sr_pds,sr_pds,"[('cubic', 0, 1), ('int', 3, 4), ('int', 3, 6)]","[('int', 3, 6)]","[('cubic', 0, 1), ('int', 3, 4), ('int', 3, 6)]","[('int', 3, 6)]","{('cubic', 0, 1): 5.174328893084045, ('int', 3, 4): 2.7050591681320424, ('int', 3, 6): 2.012243454349434}","{('int', 3, 6): 2.012243454349434}",dgp8,sr_pds,Weak NL conf. (dummies),SR-PDS,0.5
108,False,0.485623781660561,0.13987717238101602,0.21146452379376962,0.7597830395273524,sr_pds,sr_pds,"[('cubic', 0, 1), ('int', 3, 6), ('log', 2, None)]","[('int', 3, 6)]","[('cubic', 0, 1), ('int', 3, 6), ('log', 2, None)]","[('int', 3, 6)]","{('cubic', 0, 1): 4.99802106474125, ('int', 3, 6): 2.2424685864936706, ('log', 2, None): -4.813271507277425}","{('int', 3, 6): 2.2424685864936706}",dgp8,sr_pds,Weak NL conf. (dummies),SR-PDS,0.5
109,False,0.21608195555110593,0.1281113579606707,-0.03501630605180861,0.46718021715402047,sr_pds,sr_pds,"[('cubic', 0, 1), ('log', 2, None), ('sq', 0, None)]","[('int', 3, 6)]","[('cubic', 0, 1), ('log', 2, None), ('sq', 0, None)]","[('int', 3, 6)]","{('cubic', 0, 1): 5.0568945916913215, ('log', 2, None): -5.123096113812778, ('sq', 0, None): -0.1651157859982315}","{('int', 3, 6): 1.9903540780203017}",dgp8,sr_pds,Weak NL conf. (dummies),SR-PDS,0.5
110,False,0.4450733356650632,0.1225548505696621,0.20486582854852547,0.6852808427816008,sr_pds,sr_pds,"[('cubic', 0, 1), ('log', 2, None)]","[('int', 3, 6)]","[('cubic', 0, 1), ('log', 2, None)]","[('int', 3, 6)]","{('cubic', 0, 1): 4.957473564072869, ('log', 2, None): -5.12647328073202}","{('int', 3, 6): 2.540333523971314}",dgp8,sr_pds,Weak NL conf. (dummies),SR-PDS,0.5
111,False,0.5767534434415296,0.12533736480890556,0.3310922084160747,0.8224146784669845,sr_pds,sr_pds,"[('cubic', 0, 1), ('log', 2, None)]","[('int', 3, 6)]","[('cubic', 0, 1), ('log', 2, None)]","[('int', 3, 6)]","{('cubic', 0, 1): 4.9056720180107085, ('log', 2, None): -5.006323979342407}","{('int', 3, 6): 2.4065714431252503}",dgp8,sr_pds,Weak NL conf. (dummies),SR-PDS,0.5
112,False,0.3356001320630591,0.2782222610559772,-0.2097154996066562,0.8809157637327745,sr_pds,sr_pds,"[('cubic', 0, 1)]","[('int', 3, 6)]","[('cubic', 0, 1)]","[('int', 3, 6)]","{('cubic', 0, 1): 4.986748261548787}","{('int', 3, 6): 2.4397702231265743}",dgp8,sr_pds,Weak NL conf. (dummies),SR-PDS,0.5
113,False,0.5626013417074003,0.34592054388220933,-0.11540292430173005,1.2406056077165306,sr_pds,sr_pds,"[('log', 2, None)]","[('int', 3, 6)]","[('log', 2, None)]","[('int', 3, 6)]","{('log', 2, None): -5.070161572747155}","{('int', 3, 6): 2.438411187953241}",dgp8,sr_pds,Weak NL conf. (dummies),SR-PDS,0.5
114,False,0.7621588393406826,0.2607369035092778,0.25111450846249816,1.273203170218867,sr_pds,sr_pds,"[('cubic', 0, 1)]","[('int', 3, 6)]","[('cubic', 0, 1)]","[('int', 3, 6)]","{('cubic', 0, 1): 4.800190168814694}","{('int', 3, 6): 2.657631608175048}",dgp8,sr_pds,Weak NL conf. (dummies),SR-PDS,0.5
115,False,0.8599157447899964,0.2823366215149151,0.30653596662076277,1.41329552295923,sr_pds,sr_pds,"[('cubic', 0, 1)]","[('int', 3, 6)]","[('cubic', 0, 1)]","[('int', 3, 6)]","{('cubic', 0, 1): 4.898498455406464}","{('int', 3, 6): 2.042117285262393}",dgp8,sr_pds,Weak NL conf. (dummies),SR-PDS,0.5
116,False,0.10189990391475491,0.264934016341743,-0.41737076811506135,0.6211705759445711,sr_pds,sr_pds,"[('cubic', 0, 1)]","[('int', 3, 6)]","[('cubic', 0, 1)]","[('int', 3, 6)]","{('cubic', 0, 1): 5.094972012955437}","{('int', 3, 6): 3.030021725565668}",dgp8,sr_pds,Weak NL conf. (dummies),SR-PDS,0.5
117,False,0.5278619568645346,0.14565599986382977,0.24237619713142827,0.813347716597641,sr_pds,sr_pds,"[('cubic', 0, 1), ('sqrt', 2, None)]","[('int', 3, 6)]","[('cubic', 0, 1), ('sqrt', 2, None)]","[('int', 3, 6)]","{('cubic', 0, 1): 5.050050156115548, ('sqrt', 2, None): -15.182178365417865}","{('int', 3, 6): 2.1350567043500033}",dgp8,sr_pds,Weak NL conf. (dummies),SR-PDS,0.5
118,False,0.7739054852811545,0.25749849210120107,0.2692084407628005,1.2786025297995085,sr_pds,sr_pds,"[('cubic', 0, 1)]","[('int', 3, 6)]","[('cubic', 0, 1)]","[('int', 3, 6)]","{('cubic', 0, 1): 5.2815848831944985}","{('int', 3, 6): 1.8052667620309046}",dgp8,sr_pds,Weak NL conf. (dummies),SR-PDS,0.5
119,False,0.44629471511869306,0.1281412940668259,0.19513777874771432,0.6974516514896718,sr_pds,sr_pds,"[('cubic', 0, 1), ('log', 2, None)]","[('int', 3, 6)]","[('cubic', 0, 1), ('log', 2, None)]","[('int', 3, 6)]","{('cubic', 0, 1): 5.034385829050132, ('log', 2, None): -5.132932706579872}","{('int', 3, 6): 1.9566440106122387}",dgp8,sr_pds,Weak NL conf. (dummies),SR-PDS,0.5
120,False,1.0571835682976887,0.3111407551537309,0.44734768819637605,1.6670194483990013,sr_pds,sr_pds,"[('cubic', 0, 1)]","[('int', 3, 6)]","[('cubic', 0, 1)]","[('int', 3, 6)]","{('cubic', 0, 1): 5.172718051915116}","{('int', 3, 6): 1.3190264068408475}",dgp8,sr_pds,Weak NL conf. (dummies),SR-PDS,0.5
121,False,0.5404655090511038,0.28238575401146826,-0.013010568811373968,1.0939415869135816,sr_pds,sr_pds,"[('cubic', 0, 1)]","[('int', 3, 6)]","[('cubic', 0, 1)]","[('int', 3, 6)]","{('cubic', 0, 1): 5.018750845465711}","{('int', 3, 6): 1.510443162219479}",dgp8,sr_pds,Weak NL conf. (dummies),SR-PDS,0.5
122,False,0.6243217991725075,0.16289074538813497,0.30505593821176297,0.943587660133252,sr_pds,sr_pds,"[('cubic', 0, 1), ('log', 2, None)]","[('int', 3, 6)]","[('cubic', 0, 1), ('log', 2, None)]","[('int', 3, 6)]","{('cubic', 0, 1): 4.983465549743739, ('log', 2, None): -5.139118147930845}","{('int', 3, 6): 2.3829347574937643}",dgp8,sr_pds,Weak NL conf. (dummies),SR-PDS,0.5
123,False,0.12867763899839293,0.2718360776713092,-0.4041210732373731,0.6614763512341589,sr_pds,sr_pds,"[('cubic', 0, 1)]","[('int', 3, 6)]","[('cubic', 0, 1)]","[('int', 3, 6)]","{('cubic', 0, 1): 5.044477791008237}","{('int', 3, 6): 2.372256174327172}",dgp8,sr_pds,Weak NL conf. (dummies),SR-PDS,0.5
124,False,0.6574517300029439,0.27280647921857737,0.1227510307345322,1.1921524292713555,sr_pds,sr_pds,"[('cubic', 0, 1)]","[('int', 3, 6)]","[('cubic', 0, 1)]","[('int', 3, 6)]","{('cubic', 0, 1): 5.020372877662924}","{('int', 3, 6): 1.6898233280841486}",dgp8,sr_pds,Weak NL conf. (dummies),SR-PDS,0.5
125,False,0.33203401336078686,0.3267863904156754,-0.30846731185393694,0.9725353385755107,sr_pds,sr_pds,"[('cubic', 0, 1)]","[('int', 3, 6)]","[('cubic', 0, 1)]","[('int', 3, 6)]","{('cubic', 0, 1): 4.728945133734469}","{('int', 3, 6): 2.157505068719449}",dgp8,sr_pds,Weak NL conf. (dummies),SR-PDS,0.5
126,False,0.5598662495217612,0.37901003046718224,-0.1829934101939159,1.3027259092374384,sr_pds,sr_pds,[],"[('int', 3, 6)]",[],"[('int', 3, 6)]",{},"{('int', 3, 6): 2.0082475316508916}",dgp8,sr_pds,Weak NL conf. (dummies),SR-PDS,0.5
127,False,0.3130590186919937,0.2622057345728509,-0.20086422107079405,0.8269822584547815,sr_pds,sr_pds,"[('cubic', 0, 1)]","[('int', 3, 6)]","[('cubic', 0, 1)]","[('int', 3, 6)]","{('cubic', 0, 1): 5.050656297789614}","{('int', 3, 6): 2.4973907819382934}",dgp8,sr_pds,Weak NL conf. (dummies),SR-PDS,0.5
128,False,1.0269046409973204,0.2600084352090144,0.5172881079876521,1.5365211740069886,sr_pds,sr_pds,"[('log', 2, None)]","[('int', 3, 6)]","[('log', 2, None)]","[('int', 3, 6)]","{('log', 2, None): -4.7859965892555625}","{('int', 3, 6): 2.014485647791213}",dgp8,sr_pds,Weak NL conf. (dummies),SR-PDS,0.5
129,False,0.3001656359744743,0.256887364757898,-0.20333359895100567,0.8036648708999543,sr_pds,sr_pds,"[('cubic', 0, 1)]","[('int', 3, 6)]","[('cubic', 0, 1)]","[('int', 3, 6)]","{('cubic', 0, 1): 4.885047969299546}","{('int', 3, 6): 1.764915045900074}",dgp8,sr_pds,Weak NL conf. (dummies),SR-PDS,0.5
130,False,0.8098408747084779,0.27371904114644446,0.27335155406144673,1.3463301953555091,sr_pds,sr_pds,"[('cubic', 0, 1)]","[('int', 3, 6)]","[('cubic', 0, 1)]","[('int', 3, 6)]","{('cubic', 0, 1): 4.8563607850883015}","{('int', 3, 6): 1.9673382031622964}",dgp8,sr_pds,Weak NL conf. (dummies),SR-PDS,0.5
131,False,0.3226282320350234,0.31896133668064325,-0.3025359878590374,0.9477924519290841,sr_pds,sr_pds,"[('log', 2, None)]","[('int', 3, 6)]","[('log', 2, None)]","[('int', 3, 6)]","{('log', 2, None): -5.012509214956349}","{('int', 3, 6): 1.5826432185079293}",dgp8,sr_pds,Weak NL conf. (dummies),SR-PDS,0.5
132,False,-0.11381219443557397,0.39131269867424023,-0.8807850838370849,0.6531606949659369,sr_pds,sr_pds,[],"[('int', 3, 6)]",[],"[('int', 3, 6)]",{},"{('int', 3, 6): 2.7702802717880886}",dgp8,sr_pds,Weak NL conf. (dummies),SR-PDS,0.5
133,False,0.4502411720586657,0.29224562289749173,-0.1225602488204181,1.0230425929377496,sr_pds,sr_pds,"[('cubic', 0, 1)]","[('int', 3, 6)]","[('cubic', 0, 1)]","[('int', 3, 6)]","{('cubic', 0, 1): 5.021428871507046}","{('int', 3, 6): 1.9873077764190454}",dgp8,sr_pds,Weak NL conf. (dummies),SR-PDS,0.5
134,False,0.5565941033784307,0.14198994867140008,0.2782938039824866,0.8348944027743749,sr_pds,sr_pds,"[('cubic', 0, 1), ('log', 2, None)]","[('int', 3, 6)]","[('cubic', 0, 1), ('log', 2, None)]","[('int', 3, 6)]","{('cubic', 0, 1): 5.005432195810515, ('log', 2, None): -5.087849458219787}","{('int', 3, 6): 1.9274450631480824}",dgp8,sr_pds,Weak NL conf. (dummies),SR-PDS,0.5
135,False,0.8137571161469022,0.203552817880616,0.4147935931008948,1.2127206391929095,sr_pds,sr_pds,"[('cubic', 0, 1), ('sqrt', 2, None)]","[('int', 3, 6)]","[('cubic', 0, 1), ('sqrt', 2, None)]","[('int', 3, 6)]","{('cubic', 0, 1): 4.641192890252205, ('sqrt', 2, None): -15.549642632103014}","{('int', 3, 6): 1.7843636142207744}",dgp8,sr_pds,Weak NL conf. (dummies),SR-PDS,0.5
136,False,0.4561868262202219,0.3005052372546558,-0.13280343879890344,1.0451770912393472,sr_pds,sr_pds,"[('cubic', 0, 1)]","[('int', 3, 6)]","[('cubic', 0, 1)]","[('int', 3, 6)]","{('cubic', 0, 1): 5.07825951473535}","{('int', 3, 6): 2.1404275380760605}",dgp8,sr_pds,Weak NL conf. (dummies),SR-PDS,0.5
137,False,0.5206565442599479,0.46151815307666394,-0.3839190357703134,1.425232124290209,sr_pds,sr_pds,[],"[('int', 3, 6)]",[],"[('int', 3, 6)]",{},"{('int', 3, 6): 1.7865361192512614}",dgp8,sr_pds,Weak NL conf. (dummies),SR-PDS,0.5
138,False,0.9708330735634263,0.27098081240833266,0.4397106812430943,1.5019554658837584,sr_pds,sr_pds,"[('cubic', 0, 1)]","[('int', 3, 6)]","[('cubic', 0, 1)]","[('int', 3, 6)]","{('cubic', 0, 1): 4.803608658919443}","{('int', 3, 6): 1.7348651199248524}",dgp8,sr_pds,Weak NL conf. (dummies),SR-PDS,0.5
139,False,0.3799125447655732,0.14024212591534785,0.10503797797149139,0.654787111559655,sr_pds,sr_pds,"[('cubic', 0, 1), ('log', 2, None)]","[('int', 3, 6)]","[('cubic', 0, 1), ('log', 2, None)]","[('int', 3, 6)]","{('cubic', 0, 1): 4.954061743542905, ('log', 2, None): -5.256257822261283}","{('int', 3, 6): 2.4126077874868765}",dgp8,sr_pds,Weak NL conf. (dummies),SR-PDS,0.5
140,False,0.2262357200258293,0.27974710897994565,-0.3220686135748641,0.7745400536265228,sr_pds,sr_pds,"[('cubic', 0, 1)]","[('int', 3, 6)]","[('cubic', 0, 1)]","[('int', 3, 6)]","{('cubic', 0, 1): 4.698982564218016}","{('int', 3, 6): 2.116359083562688}",dgp8,sr_pds,Weak NL conf. (dummies),SR-PDS,0.5
141,False,0.8367220491738326,0.30257059871393294,0.2436836756945241,1.4297604226531413,sr_pds,sr_pds,"[('cubic', 0, 1)]","[('int', 3, 6)]","[('cubic', 0, 1)]","[('int', 3, 6)]","{('cubic', 0, 1): 4.848518775086138}","{('int', 3, 6): 2.316081898256242}",dgp8,sr_pds,Weak NL conf. (dummies),SR-PDS,0.5
142,False,0.3531764483959095,0.1190311680094673,0.11987535909735361,0.5864775376944654,sr_pds,sr_pds,"[('cubic', 0, 1), ('log', 2, None)]","[('int', 3, 6)]","[('cubic', 0, 1), ('log', 2, None)]","[('int', 3, 6)]","{('cubic', 0, 1): 5.029171196691469, ('log', 2, None): -5.234509113681312}","{('int', 3, 6): 2.024223479107434}",dgp8,sr_pds,Weak NL conf. (dummies),SR-PDS,0.5
143,False,0.4664568749795896,0.14540358618498808,0.18146584605701294,0.7514479039021662,sr_pds,sr_pds,"[('cubic', 0, 1), ('int', 3, 6), ('log', 2, None)]","[('int', 3, 6)]","[('cubic', 0, 1), ('int', 3, 6), ('log', 2, None)]","[('int', 3, 6)]","{('cubic', 0, 1): 5.150935710321628, ('int', 3, 6): 2.2310997571931934, ('log', 2, None): -5.048677990563208}","{('int', 3, 6): 2.2310997571931934}",dgp8,sr_pds,Weak NL conf. (dummies),SR-PDS,0.5
144,False,0.6292249904422477,0.14417297210503507,0.3466459651163789,0.9118040157681164,sr_pds,sr_pds,"[('cubic', 0, 1), ('log', 2, None)]","[('int', 3, 6)]","[('cubic', 0, 1), ('log', 2, None)]","[('int', 3, 6)]","{('cubic', 0, 1): 5.196201167246038, ('log', 2, None): -4.984342976892622}","{('int', 3, 6): 1.8753674231964033}",dgp8,sr_pds,Weak NL conf. (dummies),SR-PDS,0.5
145,False,0.4260213795450796,0.3080769143887185,-0.17780937265680857,1.0298521317469678,sr_pds,sr_pds,"[('cubic', 0, 1)]","[('int', 3, 6)]","[('cubic', 0, 1)]","[('int', 3, 6)]","{('cubic', 0, 1): 5.1604847421582}","{('int', 3, 6): 1.691884186760651}",dgp8,sr_pds,Weak NL conf. (dummies),SR-PDS,0.5
146,False,0.2907464111047515,0.267613140626062,-0.23377534452232995,0.815268166731833,sr_pds,sr_pds,"[('cubic', 0, 1)]","[('int', 3, 6)]","[('cubic', 0, 1)]","[('int', 3, 6)]","{('cubic', 0, 1): 4.873526280920797}","{('int', 3, 6): 2.305837363473348}",dgp8,sr_pds,Weak NL conf. (dummies),SR-PDS,0.5
147,False,-0.10749839029798643,0.5134672989947874,-1.1138942963277698,0.8988975157317969,sr_pds,sr_pds,[],"[('int', 3, 6)]",[],"[('int', 3, 6)]",{},"{('int', 3, 6): 2.795427013192072}",dgp8,sr_pds,Weak NL conf. (dummies),SR-PDS,0.5
148,False,0.32984665387939344,0.2468188123502395,-0.15391821832707597,0.8136115260858628,sr_pds,sr_pds,"[('int', 3, 4), ('log', 2, None)]","[('int', 3, 6)]","[('int', 3, 4), ('log', 2, None)]","[('int', 3, 6)]","{('int', 3, 4): 2.7209111453093637, ('log', 2, None): -5.2541784412523}","{('int', 3, 6): 2.139418257256365}",dgp8,sr_pds,Weak NL conf. (dummies),SR-PDS,0.5
149,False,0.2009881932940027,0.29888180379774065,-0.384820142149569,0.7867965287375744,sr_pds,sr_pds,"[('cubic', 0, 1)]","[('int', 3, 6)]","[('cubic', 0, 1)]","[('int', 3, 6)]","{('cubic', 0, 1): 4.952992734662822}","{('int', 3, 6): 2.5278523313785186}",dgp8,sr_pds,Weak NL conf. (dummies),SR-PDS,0.5
150,False,0.6167037943650354,0.2735936206161506,0.08046029795738019,1.1529472907726905,sr_pds,sr_pds,"[('cubic', 0, 1)]","[('int', 3, 6)]","[('cubic', 0, 1)]","[('int', 3, 6)]","{('cubic', 0, 1): 5.181898119507075}","{('int', 3, 6): 2.248785359983948}",dgp8,sr_pds,Weak NL conf. (dummies),SR-PDS,0.5
151,False,0.3649946476092858,0.28772766915210546,-0.19895158392884094,0.9289408791474125,sr_pds,sr_pds,"[('cubic', 0, 1)]","[('int', 3, 6)]","[('cubic', 0, 1)]","[('int', 3, 6)]","{('cubic', 0, 1): 5.4599192298106045}","{('int', 3, 6): 1.2724602857812366}",dgp8,sr_pds,Weak NL conf. (dummies),SR-PDS,0.5
152,False,0.485995448869056,0.1502388445124694,0.19152731362461595,0.780463584113496,sr_pds,sr_pds,"[('cubic', 0, 1), ('log', 2, None)]","[('int', 3, 6)]","[('cubic', 0, 1), ('log', 2, None)]","[('int', 3, 6)]","{('cubic', 0, 1): 4.912640922988395, ('log', 2, None): -4.726311766427931}","{('int', 3, 6): 2.0095437436688646}",dgp8,sr_pds,Weak NL conf. (dummies),SR-PDS,0.5
153,False,-0.11383958446363361,0.3200618302566532,-0.7411607717666738,0.5134816028394066,sr_pds,sr_pds,"[('cubic', 0, 1)]","[('int', 3, 6)]","[('cubic', 0, 1)]","[('int', 3, 6)]","{('cubic', 0, 1): 5.062828005118823}","{('int', 3, 6): 1.6791137707275934}",dgp8,sr_pds,Weak NL conf. (dummies),SR-PDS,0.5
154,False,0.35988041482849975,0.11151354479746832,0.14131386702546184,0.5784469626315376,sr_pds,sr_pds,"[('cubic', 0, 1), ('log', 2, None)]","[('int', 3, 6)]","[('cubic', 0, 1), ('log', 2, None)]","[('int', 3, 6)]","{('cubic', 0, 1): 5.1159285652035225, ('log', 2, None): -4.948951084845887}","{('int', 3, 6): 1.948345026773839}",dgp8,sr_pds,Weak NL conf. (dummies),SR-PDS,0.5
155,False,0.9694452697192423,0.27424082123669685,0.4319332600953164,1.506957279343168,sr_pds,sr_pds,"[('cubic', 0, 1), ('int', 3, 4)]","[('int', 3, 6)]","[('cubic', 0, 1), ('int', 3, 4)]","[('int', 3, 6)]","{('cubic', 0, 1): 5.155028612444544, ('int', 3, 4): 2.742352307699497}","{('int', 3, 6): 1.5827274487104066}",dgp8,sr_pds,Weak NL conf. (dummies),SR-PDS,0.5
156,False,0.42404060396971927,0.28141418782370425,-0.127531204164741,0.9756124121041796,sr_pds,sr_pds,"[('cubic', 0, 1)]","[('int', 3, 6)]","[('cubic', 0, 1)]","[('int', 3, 6)]","{('cubic', 0, 1): 4.923429307708028}","{('int', 3, 6): 1.6592410327205704}",dgp8,sr_pds,Weak NL conf. (dummies),SR-PDS,0.5
157,False,0.5107828426271979,0.131345560847178,0.253345543366729,0.7682201418876667,sr_pds,sr_pds,"[('cubic', 0, 1), ('log', 2, None)]","[('int', 3, 6)]","[('cubic', 0, 1), ('log', 2, None)]","[('int', 3, 6)]","{('cubic', 0, 1): 5.155827523672158, ('log', 2, None): -5.001009951674162}","{('int', 3, 6): 1.7377060693536477}",dgp8,sr_pds,Weak NL conf. (dummies),SR-PDS,0.5
158,False,0.5365963241513962,0.12651607469984064,0.2886248177397086,0.7845678305630839,sr_pds,sr_pds,"[('cubic', 0, 1), ('log', 2, None)]","[('int', 3, 6)]","[('cubic', 0, 1), ('log', 2, None)]","[('int', 3, 6)]","{('cubic', 0, 1): 5.116146260231452, ('log', 2, None): -4.873371608011052}","{('int', 3, 6): 2.2330184741874257}",dgp8,sr_pds,Weak NL conf. (dummies),SR-PDS,0.5
159,False,0.3009546136881732,0.28382026201607113,-0.2553330998633262,0.8572423272396726,sr_pds,sr_pds,"[('cubic', 0, 1)]","[('int', 3, 6)]","[('cubic', 0, 1)]","[('int', 3, 6)]","{('cubic', 0, 1): 4.838969561693847}","{('int', 3, 6): 1.9890044609262416}",dgp8,sr_pds,Weak NL conf. (dummies),SR-PDS,0.5
160,False,0.34398075662423494,0.32043783403227827,-0.2840773980790305,0.9720389113275003,sr_pds,sr_pds,"[('cubic', 0, 1)]","[('int', 3, 6)]","[('cubic', 0, 1)]","[('int', 3, 6)]","{('cubic', 0, 1): 4.613116641733637}","{('int', 3, 6): 1.868327464918456}",dgp8,sr_pds,Weak NL conf. (dummies),SR-PDS,0.5
161,False,-0.06362719833682673,0.350945541748649,-0.7514804601641788,0.6242260634905253,sr_pds,sr_pds,"[('cubic', 0, 1)]","[('int', 3, 6)]","[('cubic', 0, 1)]","[('int', 3, 6)]","{('cubic', 0, 1): 5.405546059631237}","{('int', 3, 6): 2.3884514271606863}",dgp8,sr_pds,Weak NL conf. (dummies),SR-PDS,0.5
162,False,0.6446451904184253,0.11519287762484846,0.4188671502737223,0.8704232305631283,sr_pds,sr_pds,"[('cubic', 0, 1), ('log', 2, None)]","[('int', 3, 6)]","[('cubic', 0, 1), ('log', 2, None)]","[('int', 3, 6)]","{('cubic', 0, 1): 4.886505928010992, ('log', 2, None): -5.300898653869013}","{('int', 3, 6): 2.5313048592638863}",dgp8,sr_pds,Weak NL conf. (dummies),SR-PDS,0.5
163,False,0.055049736208889345,0.2678067972109437,-0.4698515863245603,0.579951058742339,sr_pds,sr_pds,"[('cubic', 0, 1)]","[('int', 3, 6)]","[('cubic', 0, 1)]","[('int', 3, 6)]","{('cubic', 0, 1): 4.899130199027618}","{('int', 3, 6): 2.155176643035865}",dgp8,sr_pds,Weak NL conf. (dummies),SR-PDS,0.5
164,False,0.6130185308074009,0.38784245276914553,-0.14715267662012432,1.373189738234926,sr_pds,sr_pds,[],"[('int', 3, 6)]",[],"[('int', 3, 6)]",{},"{('int', 3, 6): 2.433988024514045}",dgp8,sr_pds,Weak NL conf. (dummies),SR-PDS,0.5
165,False,0.24233292909049486,0.3147650802651017,-0.3746066282291044,0.8592724864100941,sr_pds,sr_pds,"[('log', 2, None)]","[('int', 3, 6)]","[('log', 2, None)]","[('int', 3, 6)]","{('log', 2, None): -4.85364995704622}","{('int', 3, 6): 1.351313070427024}",dgp8,sr_pds,Weak NL conf. (dummies),SR-PDS,0.5
166,False,0.5104600212640877,0.2607150430680572,-0.0005414631493043665,1.0214615056774798,sr_pds,sr_pds,"[('cubic', 0, 1)]","[('int', 3, 6)]","[('cubic', 0, 1)]","[('int', 3, 6)]","{('cubic', 0, 1): 5.015292777957572}","{('int', 3, 6): 2.6020859654041093}",dgp8,sr_pds,Weak NL conf. (dummies),SR-PDS,0.5
167,False,-0.09350903868393608,0.3150851904896173,-0.7110760120435861,0.5240579346757138,sr_pds,sr_pds,"[('cubic', 0, 1)]","[('int', 3, 6)]","[('cubic', 0, 1)]","[('int', 3, 6)]","{('cubic', 0, 1): 4.978417221216676}","{('int', 3, 6): 2.5723776077243095}",dgp8,sr_pds,Weak NL conf. (dummies),SR-PDS,0.5
168,False,0.652790714972161,0.2618773286168912,0.1395111508830542,1.1660702790612678,sr_pds,sr_pds,"[('cubic', 0, 1)]","[('int', 3, 6)]","[('cubic', 0, 1)]","[('int', 3, 6)]","{('cubic', 0, 1): 4.766307875279896}","{('int', 3, 6): 2.4550203325987447}",dgp8,sr_pds,Weak NL conf. (dummies),SR-PDS,0.5
169,False,1.0297768139028054,0.3080767153966749,0.42594645172532253,1.6336071760802882,sr_pds,sr_pds,"[('cubic', 0, 1)]","[('int', 3, 6)]","[('cubic', 0, 1)]","[('int', 3, 6)]","{('cubic', 0, 1): 5.317239444660197}","{('int', 3, 6): 1.1258953001961554}",dgp8,sr_pds,Weak NL conf. (dummies),SR-PDS,0.5
170,False,0.49830962634694054,0.3035932799315637,-0.09673320231892435,1.0933524550128055,sr_pds,sr_pds,"[('cubic', 0, 1)]","[('int', 3, 6)]","[('cubic', 0, 1)]","[('int', 3, 6)]","{('cubic', 0, 1): 5.387970019288058}","{('int', 3, 6): 2.1027964954554488}",dgp8,sr_pds,Weak NL conf. (dummies),SR-PDS,0.5
171,False,0.30693563805035634,0.158472393163057,-0.0036702525492353644,0.617541528649948,sr_pds,sr_pds,"[('cubic', 0, 1), ('int', 3, 6), ('log', 2, None)]","[('int', 3, 6)]","[('cubic', 0, 1), ('int', 3, 6), ('log', 2, None)]","[('int', 3, 6)]","{('cubic', 0, 1): 4.953897171842105, ('int', 3, 6): 1.8610255787777603, ('log', 2, None): -4.794120235213287}","{('int', 3, 6): 1.8610255787777603}",dgp8,sr_pds,Weak NL conf. (dummies),SR-PDS,0.5
172,False,0.49992943527680184,0.2974222312144262,-0.08301813790347351,1.0828770084570771,sr_pds,sr_pds,"[('cubic', 0, 1)]","[('int', 3, 6)]","[('cubic', 0, 1)]","[('int', 3, 6)]","{('cubic', 0, 1): 5.127358586380968}","{('int', 3, 6): 2.124035102681391}",dgp8,sr_pds,Weak NL conf. (dummies),SR-PDS,0.5
173,False,-0.0566939001897858,0.35775312493195693,-0.7578900250564214,0.6445022246768498,sr_pds,sr_pds,"[('cubic', 0, 1)]","[('int', 3, 6)]","[('cubic', 0, 1)]","[('int', 3, 6)]","{('cubic', 0, 1): 5.126849721291406}","{('int', 3, 6): 1.6411183486332441}",dgp8,sr_pds,Weak NL conf. (dummies),SR-PDS,0.5
174,False,0.8770751337354383,0.29007798405369045,0.30852228499020506,1.4456279824806715,sr_pds,sr_pds,"[('cubic', 0, 1)]","[('int', 3, 6)]","[('cubic', 0, 1)]","[('int', 3, 6)]","{('cubic', 0, 1): 4.993798079931064}","{('int', 3, 6): 1.4040522309151913}",dgp8,sr_pds,Weak NL conf. (dummies),SR-PDS,0.5
175,False,-0.09029169607308188,0.2787240386463258,-0.6365908118198804,0.4560074196737167,sr_pds,sr_pds,"[('cubic', 0, 1)]","[('int', 3, 6)]","[('cubic', 0, 1)]","[('int', 3, 6)]","{('cubic', 0, 1): 5.06299534990121}","{('int', 3, 6): 2.236031816879783}",dgp8,sr_pds,Weak NL conf. (dummies),SR-PDS,0.5
176,False,0.3657128434486156,0.2949742514152273,-0.2124366893252299,0.9438623762224612,sr_pds,sr_pds,"[('cubic', 0, 1)]","[('int', 3, 6)]","[('cubic', 0, 1)]","[('int', 3, 6)]","{('cubic', 0, 1): 4.935066826493974}","{('int', 3, 6): 1.924393217548342}",dgp8,sr_pds,Weak NL conf. (dummies),SR-PDS,0.5
177,False,0.562265126703754,0.2521780091721348,0.06799622872636979,1.056534024681138,sr_pds,sr_pds,"[('cubic', 0, 1)]","[('int', 3, 6)]","[('cubic', 0, 1)]","[('int', 3, 6)]","{('cubic', 0, 1): 4.73334266151335}","{('int', 3, 6): 1.9964866970581971}",dgp8,sr_pds,Weak NL conf. (dummies),SR-PDS,0.5
178,False,0.7688264295173239,0.32189013383352805,0.13792176720360894,1.3997310918310388,sr_pds,sr_pds,"[('cubic', 0, 1)]","[('int', 3, 6)]","[('cubic', 0, 1)]","[('int', 3, 6)]","{('cubic', 0, 1): 4.982452271803065}","{('int', 3, 6): 1.281276790327169}",dgp8,sr_pds,Weak NL conf. (dummies),SR-PDS,0.5
179,False,0.7346908207825859,0.1612770177608258,0.41858786597136727,1.0507937755938044,sr_pds,sr_pds,"[('cubic', 0, 1), ('log', 2, None)]","[('int', 3, 6)]","[('cubic', 0, 1), ('log', 2, None)]","[('int', 3, 6)]","{('cubic', 0, 1): 4.982143128435276, ('log', 2, None): -5.109600509469564}","{('int', 3, 6): 1.6018641400498168}",dgp8,sr_pds,Weak NL conf. (dummies),SR-PDS,0.5
180,False,0.3329721878070786,0.3378796789354023,-0.3292719829063099,0.9952163585204671,sr_pds,sr_pds,"[('cubic', 0, 1)]","[('int', 3, 6)]","[('cubic', 0, 1)]","[('int', 3, 6)]","{('cubic', 0, 1): 4.932019675592049}","{('int', 3, 6): 2.3805480606072993}",dgp8,sr_pds,Weak NL conf. (dummies),SR-PDS,0.5
181,False,0.6534753454722936,0.2650676914902433,0.1339426701514167,1.1730080207931706,sr_pds,sr_pds,"[('cubic', 0, 1)]","[('int', 3, 6)]","[('cubic', 0, 1)]","[('int', 3, 6)]","{('cubic', 0, 1): 4.844765921427554}","{('int', 3, 6): 2.168758446839978}",dgp8,sr_pds,Weak NL conf. (dummies),SR-PDS,0.5
182,False,0.2191934404608734,0.2956515210792739,-0.3602835408545034,0.7986704217762503,sr_pds,sr_pds,"[('cubic', 0, 1)]","[('int', 3, 6)]","[('cubic', 0, 1)]","[('int', 3, 6)]","{('cubic', 0, 1): 5.088937097586478}","{('int', 3, 6): 2.3797932888282824}",dgp8,sr_pds,Weak NL conf. (dummies),SR-PDS,0.5
183,False,0.186687663655627,0.26548760613392364,-0.3336680443668633,0.7070433716781173,sr_pds,sr_pds,"[('cubic', 0, 1)]","[('int', 3, 6)]","[('cubic', 0, 1)]","[('int', 3, 6)]","{('cubic', 0, 1): 4.763347384876665}","{('int', 3, 6): 1.8370779335957024}",dgp8,sr_pds,Weak NL conf. (dummies),SR-PDS,0.5
184,False,0.4472287760538957,0.11276367975811072,0.2262119637279987,0.6682455883797928,sr_pds,sr_pds,"[('cubic', 0, 1), ('log', 2, None)]","[('int', 3, 6)]","[('cubic', 0, 1), ('log', 2, None)]","[('int', 3, 6)]","{('cubic', 0, 1): 5.1124620096094855, ('log', 2, None): -4.962070774298739}","{('int', 3, 6): 2.4109890290213487}",dgp8,sr_pds,Weak NL conf. (dummies),SR-PDS,0.5
185,False,0.5169599820367828,0.26203867134542796,0.0033641861997439904,1.0305557778738217,sr_pds,sr_pds,"[('cubic', 0, 1)]","[('int', 3, 6)]","[('cubic', 0, 1)]","[('int', 3, 6)]","{('cubic', 0, 1): 4.850318208964404}","{('int', 3, 6): 2.259654792603732}",dgp8,sr_pds,Weak NL conf. (dummies),SR-PDS,0.5
186,False,0.2676422397303583,0.14300757468443176,-0.01265260665112794,0.5479370861118444,sr_pds,sr_pds,"[('cubic', 0, 1), ('log', 2, None)]","[('int', 3, 6)]","[('cubic', 0, 1), ('log', 2, None)]","[('int', 3, 6)]","{('cubic', 0, 1): 4.988864562463886, ('log', 2, None): -5.178709144509863}","{('int', 3, 6): 2.3605322479970456}",dgp8,sr_pds,Weak NL conf. (dummies),SR-PDS,0.5
187,False,0.7881615188453518,0.30605052517367226,0.1883024895049542,1.3880205481857493,sr_pds,sr_pds,"[('cubic', 0, 1)]","[('int', 3, 6)]","[('cubic', 0, 1)]","[('int', 3, 6)]","{('cubic', 0, 1): 4.944969273568685}","{('int', 3, 6): 1.6684867846419866}",dgp8,sr_pds,Weak NL conf. (dummies),SR-PDS,0.5
188,False,0.5159924500089571,0.1350531901357937,0.25128819734280144,0.7806967026751128,sr_pds,sr_pds,"[('cubic', 0, 1), ('log', 2, None)]","[('int', 3, 6)]","[('cubic', 0, 1), ('log', 2, None)]","[('int', 3, 6)]","{('cubic', 0, 1): 5.059375108212954, ('log', 2, None): -5.034108253948667}","{('int', 3, 6): 2.051645162127355}",dgp8,sr_pds,Weak NL conf. (dummies),SR-PDS,0.5
189,False,0.8280266662418757,0.1501145365261594,0.5338021746506033,1.1222511578331482,sr_pds,sr_pds,"[('cubic', 0, 1), ('log', 2, None)]","[('int', 3, 6)]","[('cubic', 0, 1), ('log', 2, None)]","[('int', 3, 6)]","{('cubic', 0, 1): 4.8564727946270345, ('log', 2, None): -5.0316629302426215}","{('int', 3, 6): 1.486824773695916}",dgp8,sr_pds,Weak NL conf. (dummies),SR-PDS,0.5
190,False,0.5903617221676405,0.2646316718399861,0.07168364536126781,1.1090397989740133,sr_pds,sr_pds,"[('cubic', 0, 1)]","[('int', 3, 6)]","[('cubic', 0, 1)]","[('int', 3, 6)]","{('cubic', 0, 1): 4.9753581280029335}","{('int', 3, 6): 1.8434309354864722}",dgp8,sr_pds,Weak NL conf. (dummies),SR-PDS,0.5
191,False,0.21490751881448117,0.2694787816497966,-0.3132708932191202,0.7430859308480826,sr_pds,sr_pds,"[('cubic', 0, 1)]","[('int', 3, 6)]","[('cubic', 0, 1)]","[('int', 3, 6)]","{('cubic', 0, 1): 5.023910423388114}","{('int', 3, 6): 1.9829492555854853}",dgp8,sr_pds,Weak NL conf. (dummies),SR-PDS,0.5
192,False,0.6859107605162551,0.15029664721956576,0.3913293319659062,0.9804921890666041,sr_pds,sr_pds,"[('cubic', 0, 1), ('log', 2, None)]","[('int', 3, 6)]","[('cubic', 0, 1), ('log', 2, None)]","[('int', 3, 6)]","{('cubic', 0, 1): 5.072047002707477, ('log', 2, None): -4.853084245381855}","{('int', 3, 6): 1.7848615468814304}",dgp8,sr_pds,Weak NL conf. (dummies),SR-PDS,0.5
193,False,0.5054115216419792,0.299639745984581,-0.0818823804877995,1.092705423771758,sr_pds,sr_pds,"[('cubic', 0, 1)]","[('int', 3, 6)]","[('cubic', 0, 1)]","[('int', 3, 6)]","{('cubic', 0, 1): 5.065710412809926}","{('int', 3, 6): 2.1443490851663185}",dgp8,sr_pds,Weak NL conf. (dummies),SR-PDS,0.5
194,False,1.1617190107392155,0.3200338780979306,0.5344526096672715,1.7889854118111594,sr_pds,sr_pds,"[('log', 2, None)]","[('int', 3, 6)]","[('log', 2, None)]","[('int', 3, 6)]","{('log', 2, None): -5.3366888856539525}","{('int', 3, 6): 1.7286817252833357}",dgp8,sr_pds,Weak NL conf. (dummies),SR-PDS,0.5
195,False,-0.01700904766379274,0.3860235662009612,-0.7736152374176767,0.7395971420900912,sr_pds,sr_pds,[],"[('int', 3, 6)]",[],"[('int', 3, 6)]",{},"{('int', 3, 6): 2.8582190255548436}",dgp8,sr_pds,Weak NL conf. (dummies),SR-PDS,0.5
196,False,0.8886253362237805,0.32803467691208354,0.24567736947609675,1.5315733029714642,sr_pds,sr_pds,"[('cubic', 0, 1)]","[('int', 3, 6)]","[('cubic', 0, 1)]","[('int', 3, 6)]","{('cubic', 0, 1): 5.223203535171206}","{('int', 3, 6): 2.1523639364094866}",dgp8,sr_pds,Weak NL conf. (dummies),SR-PDS,0.5
197,False,0.6116071271158097,0.22196743326892468,0.17655095790871728,1.0466632963229021,sr_pds,sr_pds,"[('cubic', 0, 1)]","[('int', 3, 6)]","[('cubic', 0, 1)]","[('int', 3, 6)]","{('cubic', 0, 1): 4.973936589047251}","{('int', 3, 6): 1.260730550497667}",dgp8,sr_pds,Weak NL conf. (dummies),SR-PDS,0.5
198,False,0.3603621787115071,0.27582709400834887,-0.18025892554485667,0.9009832829678709,sr_pds,sr_pds,"[('cubic', 0, 1), ('sq', 0, None)]","[('int', 3, 6)]","[('cubic', 0, 1), ('sq', 0, None)]","[('int', 3, 6)]","{('cubic', 0, 1): 5.136513436579456, ('sq', 0, None): 0.16696315232026296}","{('int', 3, 6): 2.209396565908367}",dgp8,sr_pds,Weak NL conf. (dummies),SR-PDS,0.5
199,False,0.5271605076484163,0.3184817242588804,-0.09706367189898923,1.1513846871958218,sr_pds,sr_pds,"[('cubic', 0, 1)]","[('int', 3, 6)]","[('cubic', 0, 1)]","[('int', 3, 6)]","{('cubic', 0, 1): 4.6210637233781355}","{('int', 3, 6): 2.046395932281278}",dgp8,sr_pds,Weak NL conf. (dummies),SR-PDS,0.5
200,False,0.2215685666089796,0.4128471041830889,-0.5876117575898746,1.0307488908078337,sr_pds,sr_pds,[],"[('int', 3, 6)]",[],"[('int', 3, 6)]",{},"{('int', 3, 6): 1.471645334160277}",dgp8,sr_pds,Weak NL conf. (dummies),SR-PDS,0.5
201,False,0.8809533668084187,0.25375145745358324,0.3836005101993956,1.378306223417442,sr_pds,sr_pds,"[('cubic', 0, 1)]","[('int', 3, 6)]","[('cubic', 0, 1)]","[('int', 3, 6)]","{('cubic', 0, 1): 4.698522890318738}","{('int', 3, 6): 2.235145591388849}",dgp8,sr_pds,Weak NL conf. (dummies),SR-PDS,0.5
202,False,0.527005719945072,0.2504214004054595,0.036179775150371296,1.0178316647397727,sr_pds,sr_pds,"[('cubic', 0, 1)]","[('int', 3, 6)]","[('cubic', 0, 1)]","[('int', 3, 6)]","{('cubic', 0, 1): 4.983708515711393}","{('int', 3, 6): 1.9763531297990753}",dgp8,sr_pds,Weak NL conf. (dummies),SR-PDS,0.5
203,False,0.6335875933868562,0.28184643778205204,0.08116857533403421,1.1860066114396783,sr_pds,sr_pds,"[('cubic', 0, 1)]","[('int', 3, 6)]","[('cubic', 0, 1)]","[('int', 3, 6)]","{('cubic', 0, 1): 4.834488361216105}","{('int', 3, 6): 1.6759764945578859}",dgp8,sr_pds,Weak NL conf. (dummies),SR-PDS,0.5
204,False,0.5284550456676992,0.15578611449725624,0.22311426125307698,0.8337958300823214,sr_pds,sr_pds,"[('cubic', 0, 1), ('log', 2, None)]","[('int', 3, 6)]","[('cubic', 0, 1), ('log', 2, None)]","[('int', 3, 6)]","{('cubic', 0, 1): 4.995395911395403, ('log', 2, None): -4.685632188906849}","{('int', 3, 6): 1.856527916377232}",dgp8,sr_pds,Weak NL conf. (dummies),SR-PDS,0.5
205,False,0.5077342345430701,0.16015955258000636,0.19382151148625765,0.8216469575998826,sr_pds,sr_pds,"[('cubic', 0, 1), ('log', 2, None)]","[('int', 3, 6)]","[('cubic', 0, 1), ('log', 2, None)]","[('int', 3, 6)]","{('cubic', 0, 1): 5.064637953420489, ('log', 2, None): -5.036375900669665}","{('int', 3, 6): 2.121005024898015}",dgp8,sr_pds,Weak NL conf. (dummies),SR-PDS,0.5
206,False,0.40610906638358574,0.13581612460909387,0.13990946214976174,0.6723086706174097,sr_pds,sr_pds,"[('cubic', 0, 1), ('log', 2, None)]","[('int', 3, 6)]","[('cubic', 0, 1), ('log', 2, None)]","[('int', 3, 6)]","{('cubic', 0, 1): 4.967161683151112, ('log', 2, None): -5.08394725798648}","{('int', 3, 6): 1.8212603035789061}",dgp8,sr_pds,Weak NL conf. (dummies),SR-PDS,0.5
207,False,0.11723454794981301,0.3129107269929196,-0.49607047695630935,0.7305395728559354,sr_pds,sr_pds,"[('cubic', 0, 1)]","[('int', 3, 6)]","[('cubic', 0, 1)]","[('int', 3, 6)]","{('cubic', 0, 1): 5.404783792706745}","{('int', 3, 6): 2.831379938208963}",dgp8,sr_pds,Weak NL conf. (dummies),SR-PDS,0.5
208,False,0.7260952225959532,0.19083809454325854,0.3520525572911664,1.10013788790074,sr_pds,sr_pds,"[('cubic', 0, 1), ('log', 2, None)]","[('int', 3, 6)]","[('cubic', 0, 1), ('log', 2, None)]","[('int', 3, 6)]","{('cubic', 0, 1): 5.154676447113788, ('log', 2, None): -5.00088215662403}","{('int', 3, 6): 1.5194924955765976}",dgp8,sr_pds,Weak NL conf. (dummies),SR-PDS,0.5
209,False,0.24169582885459487,0.14009358692391202,-0.03288760151627271,0.5162792592254625,sr_pds,sr_pds,"[('cubic', 0, 1), ('log', 2, None)]","[('int', 3, 6)]","[('cubic', 0, 1), ('log', 2, None)]","[('int', 3, 6)]","{('cubic', 0, 1): 4.841614313656223, ('log', 2, None): -5.105990043442333}","{('int', 3, 6): 2.0766252260661298}",dgp8,sr_pds,Weak NL conf. (dummies),SR-PDS,0.5
210,False,0.825470528090192,0.291513953178445,0.25410317986043984,1.396837876319944,sr_pds,sr_pds,"[('cubic', 0, 1)]","[('int', 3, 6)]","[('cubic', 0, 1)]","[('int', 3, 6)]","{('cubic', 0, 1): 4.617680499109276}","{('int', 3, 6): 2.103461265842634}",dgp8,sr_pds,Weak NL conf. (dummies),SR-PDS,0.5
211,False,0.5932994096811688,0.2526780324421962,0.09805046609446422,1.0885483532678735,sr_pds,sr_pds,"[('cubic', 0, 1)]","[('int', 3, 6)]","[('cubic', 0, 1)]","[('int', 3, 6)]","{('cubic', 0, 1): 4.775719344555827}","{('int', 3, 6): 1.8394301643238842}",dgp8,sr_pds,Weak NL conf. (dummies),SR-PDS,0.5
212,False,0.3957588113128552,0.26739210133188407,-0.1283297072976376,0.919847329923348,sr_pds,sr_pds,"[('cubic', 0, 1)]","[('int', 3, 6)]","[('cubic', 0, 1)]","[('int', 3, 6)]","{('cubic', 0, 1): 5.160333875510012}","{('int', 3, 6): 2.1167866505555795}",dgp8,sr_pds,Weak NL conf. (dummies),SR-PDS,0.5
213,False,0.39655656550798346,0.2941728540619035,-0.18002222845334748,0.9731353594693144,sr_pds,sr_pds,"[('cubic', 0, 1)]","[('int', 3, 6)]","[('cubic', 0, 1)]","[('int', 3, 6)]","{('cubic', 0, 1): 4.9255560457785155}","{('int', 3, 6): 2.094980460720546}",dgp8,sr_pds,Weak NL conf. (dummies),SR-PDS,0.5
214,False,0.19390175642836222,0.33270556125717626,-0.45820114363570325,0.8460046564924277,sr_pds,sr_pds,"[('log', 2, None)]","[('int', 3, 6)]","[('log', 2, None)]","[('int', 3, 6)]","{('log', 2, None): -5.207853410837507}","{('int', 3, 6): 2.6596926436399486}",dgp8,sr_pds,Weak NL conf. (dummies),SR-PDS,0.5
215,False,0.44620964263254276,0.2566875106467409,-0.056897878235069366,0.9493171635001549,sr_pds,sr_pds,"[('cubic', 0, 1)]","[('int', 3, 6)]","[('cubic', 0, 1)]","[('int', 3, 6)]","{('cubic', 0, 1): 5.085583558130737}","{('int', 3, 6): 2.514273778367638}",dgp8,sr_pds,Weak NL conf. (dummies),SR-PDS,0.5
216,False,0.38154545747778984,0.15002278561185423,0.08750079767855556,0.6755901172770241,sr_pds,sr_pds,"[('cubic', 0, 1), ('sqrt', 2, None)]","[('int', 3, 6)]","[('cubic', 0, 1), ('sqrt', 2, None)]","[('int', 3, 6)]","{('cubic', 0, 1): 5.0102957921501075, ('sqrt', 2, None): -13.724027685794766}","{('int', 3, 6): 2.2704761815035734}",dgp8,sr_pds,Weak NL conf. (dummies),SR-PDS,0.5
217,False,-0.16080945010754014,0.3332253699672831,-0.813931175243415,0.49231227502833474,sr_pds,sr_pds,"[('cubic', 0, 1)]","[('int', 3, 6)]","[('cubic', 0, 1)]","[('int', 3, 6)]","{('cubic', 0, 1): 4.96461619747497}","{('int', 3, 6): 2.4720441688501813}",dgp8,sr_pds,Weak NL conf. (dummies),SR-PDS,0.5
218,False,0.5428750830106973,0.2839618115859071,-0.013690067697680663,1.0994402337190752,sr_pds,sr_pds,"[('cubic', 0, 1)]","[('int', 3, 6)]","[('cubic', 0, 1)]","[('int', 3, 6)]","{('cubic', 0, 1): 4.932913248572741}","{('int', 3, 6): 2.354843136860694}",dgp8,sr_pds,Weak NL conf. (dummies),SR-PDS,0.5
219,False,0.7133218587891003,0.2744916530410073,0.1753182188287259,1.2513254987494746,sr_pds,sr_pds,"[('cubic', 0, 1)]","[('int', 3, 6)]","[('cubic', 0, 1)]","[('int', 3, 6)]","{('cubic', 0, 1): 4.518381990465916}","{('int', 3, 6): 2.200743235943103}",dgp8,sr_pds,Weak NL conf. (dummies),SR-PDS,0.5
220,False,0.9397248640939186,0.2585712578715992,0.4329251986655842,1.446524529522253,sr_pds,sr_pds,"[('cubic', 0, 1)]","[('int', 3, 6)]","[('cubic', 0, 1)]","[('int', 3, 6)]","{('cubic', 0, 1): 4.680336722945902}","{('int', 3, 6): 1.7188539124118738}",dgp8,sr_pds,Weak NL conf. (dummies),SR-PDS,0.5
221,False,-0.044404636422362205,0.2710635330022622,-0.5756891611067961,0.4868798882620717,sr_pds,sr_pds,"[('cubic', 0, 1)]","[('int', 3, 6)]","[('cubic', 0, 1)]","[('int', 3, 6)]","{('cubic', 0, 1): 5.555596665280137}","{('int', 3, 6): 2.6680344727666467}",dgp8,sr_pds,Weak NL conf. (dummies),SR-PDS,0.5
222,False,0.5329251505166184,0.1231897837100248,0.2914731744449698,0.774377126588267,sr_pds,sr_pds,"[('cubic', 0, 1), ('log', 2, None)]","[('int', 3, 6)]","[('cubic', 0, 1), ('log', 2, None)]","[('int', 3, 6)]","{('cubic', 0, 1): 5.0305351701350975, ('log', 2, None): -5.145797104543756}","{('int', 3, 6): 2.001359572952677}",dgp8,sr_pds,Weak NL conf. (dummies),SR-PDS,0.5
223,False,0.7391773180069545,0.4406447777000969,-0.12448644628523542,1.6028410822991446,sr_pds,sr_pds,[],"[('int', 3, 6)]",[],"[('int', 3, 6)]",{},"{('int', 3, 6): 2.4563089115362366}",dgp8,sr_pds,Weak NL conf. (dummies),SR-PDS,0.5
224,False,0.4399113201639897,0.13870273194255597,0.16805396555657998,0.7117686747713994,sr_pds,sr_pds,"[('cubic', 0, 1), ('log', 2, None)]","[('int', 3, 6)]","[('cubic', 0, 1), ('log', 2, None)]","[('int', 3, 6)]","{('cubic', 0, 1): 4.931423466302342, ('log', 2, None): -4.9460710150185125}","{('int', 3, 6): 2.258403254395406}",dgp8,sr_pds,Weak NL conf. (dummies),SR-PDS,0.5
225,False,0.28630132077760073,0.13048480219911074,0.030551108467343713,0.5420515330878577,sr_pds,sr_pds,"[('cubic', 0, 1), ('log', 2, None)]","[('int', 3, 6)]","[('cubic', 0, 1), ('log', 2, None)]","[('int', 3, 6)]","{('cubic', 0, 1): 4.978544348188723, ('log', 2, None): -4.988055643335349}","{('int', 3, 6): 1.733220881850203}",dgp8,sr_pds,Weak NL conf. (dummies),SR-PDS,0.5
226,False,0.520915644643509,0.2703544776493798,-0.008979131549275432,1.0508104208362936,sr_pds,sr_pds,"[('cubic', 0, 1)]","[('int', 3, 6)]","[('cubic', 0, 1)]","[('int', 3, 6)]","{('cubic', 0, 1): 4.9837259309565605}","{('int', 3, 6): 1.988768683830107}",dgp8,sr_pds,Weak NL conf. (dummies),SR-PDS,0.5
227,False,0.12279225356178684,0.2945275811450133,-0.45448180548243927,0.7000663126060129,sr_pds,sr_pds,"[('cubic', 0, 1)]","[('int', 3, 6)]","[('cubic', 0, 1)]","[('int', 3, 6)]","{('cubic', 0, 1): 5.065774335589785}","{('int', 3, 6): 2.2151300166605377}",dgp8,sr_pds,Weak NL conf. (dummies),SR-PDS,0.5
228,False,0.47193070917552976,0.14976053460910863,0.17840006134167685,0.7654613570093827,sr_pds,sr_pds,"[('cubic', 0, 1), ('log', 2, None)]","[('int', 3, 6)]","[('cubic', 0, 1), ('log', 2, None)]","[('int', 3, 6)]","{('cubic', 0, 1): 4.828176759682924, ('log', 2, None): -5.062178469774533}","{('int', 3, 6): 2.110373184628192}",dgp8,sr_pds,Weak NL conf. (dummies),SR-PDS,0.5
229,False,0.43544956061518786,0.1861518385087743,0.07059195713799027,0.8003071640923854,sr_pds,sr_pds,"[('cubic', 0, 1), ('sqrt', 2, None)]","[('int', 3, 6)]","[('cubic', 0, 1), ('sqrt', 2, None)]","[('int', 3, 6)]","{('cubic', 0, 1): 5.077341779381364, ('sqrt', 2, None): -15.688525753119531}","{('int', 3, 6): 2.272565800749566}",dgp8,sr_pds,Weak NL conf. (dummies),SR-PDS,0.5
230,False,0.33717896762877175,0.1217911565108897,0.09846830086742794,0.5758896343901155,sr_pds,sr_pds,"[('cubic', 0, 1), ('log', 2, None)]","[('int', 3, 6)]","[('cubic', 0, 1), ('log', 2, None)]","[('int', 3, 6)]","{('cubic', 0, 1): 4.973335314908547, ('log', 2, None): -4.850931601156779}","{('int', 3, 6): 1.6688164562137613}",dgp8,sr_pds,Weak NL conf. (dummies),SR-PDS,0.5
231,False,-0.3937297624761554,0.28754416555640655,-0.9573163269667122,0.1698568020144014,sr_pds,sr_pds,"[('cubic', 0, 1)]","[('int', 3, 6)]","[('cubic', 0, 1)]","[('int', 3, 6)]","{('cubic', 0, 1): 5.162659151146315}","{('int', 3, 6): 2.5891785648684995}",dgp8,sr_pds,Weak NL conf. (dummies),SR-PDS,0.5
232,False,0.6608841886294621,0.43601777516380136,-0.19371065069158855,1.5154790279505126,sr_pds,sr_pds,[],"[('int', 3, 6)]",[],"[('int', 3, 6)]",{},"{('int', 3, 6): 2.3092315189676627}",dgp8,sr_pds,Weak NL conf. (dummies),SR-PDS,0.5
233,False,0.21130840333348988,0.1214616737896617,-0.026756477294247044,0.4493732839612268,sr_pds,sr_pds,"[('cubic', 0, 1), ('int', 3, 6), ('log', 2, None)]","[('int', 3, 6)]","[('cubic', 0, 1), ('int', 3, 6), ('log', 2, None)]","[('int', 3, 6)]","{('cubic', 0, 1): 4.870523718094599, ('int', 3, 6): 2.338252542108384, ('log', 2, None): -5.055540425308209}","{('int', 3, 6): 2.338252542108384}",dgp8,sr_pds,Weak NL conf. (dummies),SR-PDS,0.5
234,False,0.29295182925986835,0.31038486933019693,-0.31540251462731766,0.9013061731470544,sr_pds,sr_pds,"[('cubic', 0, 1)]","[('int', 3, 6)]","[('cubic', 0, 1)]","[('int', 3, 6)]","{('cubic', 0, 1): 4.759710874740692}","{('int', 3, 6): 1.8341368336288377}",dgp8,sr_pds,Weak NL conf. (dummies),SR-PDS,0.5
235,False,0.4189723357369885,0.3577549572057639,-0.28222738038630873,1.1201720518602858,sr_pds,sr_pds,[],"[('int', 3, 6)]",[],"[('int', 3, 6)]",{},"{('int', 3, 6): 2.052852808670388}",dgp8,sr_pds,Weak NL conf. (dummies),SR-PDS,0.5
236,False,0.5578105957832326,0.2569534422451765,0.05418184898268663,1.0614393425837785,sr_pds,sr_pds,"[('cubic', 0, 1), ('int', 3, 4)]","[('int', 3, 6)]","[('cubic', 0, 1), ('int', 3, 4)]","[('int', 3, 6)]","{('cubic', 0, 1): 4.9386712750065564, ('int', 3, 4): 3.2726941676598975}","{('int', 3, 6): 1.8883767396372997}",dgp8,sr_pds,Weak NL conf. (dummies),SR-PDS,0.5
237,False,0.42655234731766,0.24123103007288413,-0.04626047162519287,0.8993651662605129,sr_pds,sr_pds,"[('cubic', 0, 1)]","[('int', 3, 6)]","[('cubic', 0, 1)]","[('int', 3, 6)]","{('cubic', 0, 1): 4.867353241177153}","{('int', 3, 6): 2.029769691822827}",dgp8,sr_pds,Weak NL conf. (dummies),SR-PDS,0.5
238,False,-0.21470875371279433,0.47350155097431124,-1.1427717936224444,0.7133542861968557,sr_pds,sr_pds,"[('int', 3, 4)]","[('int', 3, 6)]","[('int', 3, 4)]","[('int', 3, 6)]","{('int', 3, 4): 2.9818880755815522}","{('int', 3, 6): 1.6988259887330197}",dgp8,sr_pds,Weak NL conf. (dummies),SR-PDS,0.5
239,False,0.6920410862359879,0.14776586628325478,0.40241998832080855,0.9816621841511672,sr_pds,sr_pds,"[('cubic', 0, 1), ('log', 2, None)]","[('int', 3, 6)]","[('cubic', 0, 1), ('log', 2, None)]","[('int', 3, 6)]","{('cubic', 0, 1): 5.041807994750971, ('log', 2, None): -4.725717197090554}","{('int', 3, 6): 1.4209721603058962}",dgp8,sr_pds,Weak NL conf. (dummies),SR-PDS,0.5
240,False,0.23907791015792912,0.26485606086893115,-0.2800399691451759,0.7581957894610342,sr_pds,sr_pds,"[('cubic', 0, 1)]","[('int', 3, 6)]","[('cubic', 0, 1)]","[('int', 3, 6)]","{('cubic', 0, 1): 4.82903090555522}","{('int', 3, 6): 1.8328553583063438}",dgp8,sr_pds,Weak NL conf. (dummies),SR-PDS,0.5
241,False,0.39534506062244634,0.27028612526757856,-0.13441574490200758,0.9251058661469003,sr_pds,sr_pds,"[('cubic', 0, 1)]","[('int', 3, 6)]","[('cubic', 0, 1)]","[('int', 3, 6)]","{('cubic', 0, 1): 5.355139217342515}","{('int', 3, 6): 2.3372660121373983}",dgp8,sr_pds,Weak NL conf. (dummies),SR-PDS,0.5
242,False,0.38028223886340345,0.1410761759241084,0.10377293405215099,0.6567915436746559,sr_pds,sr_pds,"[('cubic', 0, 1), ('log', 2, None)]","[('int', 3, 6)]","[('cubic', 0, 1), ('log', 2, None)]","[('int', 3, 6)]","{('cubic', 0, 1): 4.9627200717720354, ('log', 2, None): -5.019353690742008}","{('int', 3, 6): 1.8351198607044557}",dgp8,sr_pds,Weak NL conf. (dummies),SR-PDS,0.5
243,False,0.3381762750214816,0.28360808317676794,-0.21769556800498358,0.8940481180479468,sr_pds,sr_pds,"[('cubic', 0, 1)]","[('int', 3, 6)]","[('cubic', 0, 1)]","[('int', 3, 6)]","{('cubic', 0, 1): 5.287196904015863}","{('int', 3, 6): 1.8733524832824544}",dgp8,sr_pds,Weak NL conf. (dummies),SR-PDS,0.5
244,False,0.3472092016716102,0.13947590222243517,0.07383643331563727,0.6205819700275831,sr_pds,sr_pds,"[('cubic', 0, 1), ('int', 0, 1), ('log', 2, None)]","[('int', 3, 6)]","[('cubic', 0, 1), ('log', 2, None)]","[('int', 3, 6)]","{('cubic', 0, 1): 5.057278571769355, ('log', 2, None): -4.906574469034557}","{('int', 3, 6): 1.8624497731536207}",dgp8,sr_pds,Weak NL conf. (dummies),SR-PDS,0.5
245,False,0.09542008600813681,0.27728492674141836,-0.44805837040504315,0.6388985424213167,sr_pds,sr_pds,"[('cubic', 0, 1)]","[('int', 3, 6)]","[('cubic', 0, 1)]","[('int', 3, 6)]","{('cubic', 0, 1): 5.033772418440794}","{('int', 3, 6): 2.464322641723351}",dgp8,sr_pds,Weak NL conf. (dummies),SR-PDS,0.5
246,False,0.5110448875498597,0.3053670917855091,-0.08747461234973808,1.1095643874494574,sr_pds,sr_pds,"[('cubic', 0, 1)]","[('int', 3, 6)]","[('cubic', 0, 1)]","[('int', 3, 6)]","{('cubic', 0, 1): 5.161613689044273}","{('int', 3, 6): 1.8423543172621595}",dgp8,sr_pds,Weak NL conf. (dummies),SR-PDS,0.5
247,False,0.8116614946198482,0.2965153826164505,0.23049134469160515,1.392831644548091,sr_pds,sr_pds,"[('log', 2, None)]","[('int', 3, 6)]","[('log', 2, None)]","[('int', 3, 6)]","{('log', 2, None): -4.7053480560342065}","{('int', 3, 6): 1.5651385926504888}",dgp8,sr_pds,Weak NL conf. (dummies),SR-PDS,0.5
248,False,0.2977935458970837,0.2619745787974135,-0.21567662854584674,0.8112637203400141,sr_pds,sr_pds,"[('cubic', 0, 1)]","[('int', 3, 6)]","[('cubic', 0, 1)]","[('int', 3, 6)]","{('cubic', 0, 1): 4.808040780967364}","{('int', 3, 6): 1.5987709166180688}",dgp8,sr_pds,Weak NL conf. (dummies),SR-PDS,0.5
249,False,0.3101501945951201,0.34303243531159483,-0.3621933786156058,0.9824937678058461,sr_pds,sr_pds,"[('int', 3, 6), ('log', 2, None)]","[('int', 3, 6)]","[('int', 3, 6), ('log', 2, None)]","[('int', 3, 6)]","{('int', 3, 6): 3.272053163647947, ('log', 2, None): -4.996660922811363}","{('int', 3, 6): 3.272053163647947}",dgp8,sr_pds,Weak NL conf. (dummies),SR-PDS,0.5
250,False,0.6436893178520079,0.17855883600808858,0.29371399927615427,0.9936646364278615,sr_pds,sr_pds,"[('cubic', 0, 1), ('sqrt', 2, None)]","[('int', 3, 6)]","[('cubic', 0, 1), ('sqrt', 2, None)]","[('int', 3, 6)]","{('cubic', 0, 1): 4.818648790474379, ('sqrt', 2, None): -14.52541735308305}","{('int', 3, 6): 1.7747369601408312}",dgp8,sr_pds,Weak NL conf. (dummies),SR-PDS,0.5
251,False,0.5861224106044726,0.1339758279178519,0.32352978788548287,0.8487150333234623,sr_pds,sr_pds,"[('cubic', 0, 1), ('log', 2, None)]","[('int', 3, 6)]","[('cubic', 0, 1), ('log', 2, None)]","[('int', 3, 6)]","{('cubic', 0, 1): 4.959520603758653, ('log', 2, None): -4.84728461087782}","{('int', 3, 6): 1.9391121293489437}",dgp8,sr_pds,Weak NL conf. (dummies),SR-PDS,0.5
252,False,0.5586513966735409,0.287861153546666,-0.005556464277924444,1.1228592576250063,sr_pds,sr_pds,"[('cubic', 0, 1)]","[('int', 3, 6)]","[('cubic', 0, 1)]","[('int', 3, 6)]","{('cubic', 0, 1): 5.217471517945979}","{('int', 3, 6): 2.7170284556899498}",dgp8,sr_pds,Weak NL conf. (dummies),SR-PDS,0.5
253,False,0.7307082000433084,0.11810050775932725,0.499231204835027,0.9621851952515899,sr_pds,sr_pds,"[('cubic', 0, 1), ('log', 2, None)]","[('int', 3, 6)]","[('cubic', 0, 1), ('log', 2, None)]","[('int', 3, 6)]","{('cubic', 0, 1): 4.914661723262022, ('log', 2, None): -4.884672347390385}","{('int', 3, 6): 2.072778307862883}",dgp8,sr_pds,Weak NL conf. (dummies),SR-PDS,0.5
254,False,0.23092550237412132,0.26672595834118773,-0.2918573759746066,0.7537083807228493,sr_pds,sr_pds,"[('cubic', 0, 1)]","[('int', 3, 6)]","[('cubic', 0, 1)]","[('int', 3, 6)]","{('cubic', 0, 1): 4.671537526005073}","{('int', 3, 6): 2.0081546525383094}",dgp8,sr_pds,Weak NL conf. (dummies),SR-PDS,0.5
255,False,0.372580540769017,0.28423948926729525,-0.18452885819488168,0.9296899397329157,sr_pds,sr_pds,"[('cubic', 0, 1)]","[('int', 3, 6)]","[('cubic', 0, 1)]","[('int', 3, 6)]","{('cubic', 0, 1): 5.019747246767682}","{('int', 3, 6): 2.3923250780318517}",dgp8,sr_pds,Weak NL conf. (dummies),SR-PDS,0.5
256,False,0.8050999258688286,0.22647260267780608,0.3612136246203287,1.2489862271173284,sr_pds,sr_pds,"[('cubic', 0, 1), ('int', 3, 4), ('int', 3, 6)]","[('int', 3, 6)]","[('cubic', 0, 1), ('int', 3, 4), ('int', 3, 6)]","[('int', 3, 6)]","{('cubic', 0, 1): 4.888490009513715, ('int', 3, 4): 2.4713927064065064, ('int', 3, 6): 1.3034951217713797}","{('int', 3, 6): 1.3034951217713797}",dgp8,sr_pds,Weak NL conf. (dummies),SR-PDS,0.5
257,False,0.5830644350952227,0.26213037767338787,0.06928889485538248,1.0968399753350628,sr_pds,sr_pds,"[('cubic', 0, 1), ('int', 3, 4)]","[('int', 3, 6)]","[('cubic', 0, 1), ('int', 3, 4)]","[('int', 3, 6)]","{('cubic', 0, 1): 4.994081394857502, ('int', 3, 4): 2.9909910969119573}","{('int', 3, 6): 1.9498277270471722}",dgp8,sr_pds,Weak NL conf. (dummies),SR-PDS,0.5
258,False,0.8419041461246146,0.3371240360217194,0.18114103552204452,1.5026672567271846,sr_pds,sr_pds,"[('cubic', 0, 1)]",[],"[('cubic', 0, 1)]",[],"{('cubic', 0, 1): 4.592644234902971}",{},dgp8,sr_pds,Weak NL conf. (dummies),SR-PDS,0.5
259,False,-0.1293943625196652,0.2725618638937965,-0.6636156157515063,0.4048268907121759,sr_pds,sr_pds,"[('cubic', 0, 1)]","[('int', 3, 6)]","[('cubic', 0, 1)]","[('int', 3, 6)]","{('cubic', 0, 1): 4.923844781881906}","{('int', 3, 6): 2.8689921043747058}",dgp8,sr_pds,Weak NL conf. (dummies),SR-PDS,0.5
260,False,-0.13457762108947993,0.31260736949588014,-0.747288065301405,0.4781328231224452,sr_pds,sr_pds,"[('cubic', 0, 1)]","[('int', 3, 6)]","[('cubic', 0, 1)]","[('int', 3, 6)]","{('cubic', 0, 1): 4.976703539452827}","{('int', 3, 6): 2.1533036741113576}",dgp8,sr_pds,Weak NL conf. (dummies),SR-PDS,0.5
261,False,0.7026450649778898,0.30370650138503735,0.10738032226321659,1.297909807692563,sr_pds,sr_pds,"[('cubic', 0, 1)]","[('int', 3, 6)]","[('cubic', 0, 1)]","[('int', 3, 6)]","{('cubic', 0, 1): 5.2477668026974635}","{('int', 3, 6): 2.4665556748748996}",dgp8,sr_pds,Weak NL conf. (dummies),SR-PDS,0.5
262,False,0.6882181464896259,0.1369998732640463,0.4196983948920951,0.9567378980871566,sr_pds,sr_pds,"[('cubic', 0, 1), ('int', 3, 6), ('int', 3, 33), ('log', 2, None)]","[('int', 3, 6)]","[('cubic', 0, 1), ('int', 3, 6), ('int', 3, 33), ('log', 2, None)]","[('int', 3, 6)]","{('cubic', 0, 1): 5.144307641777324, ('int', 3, 6): 1.7948853757931091, ('int', 3, 33): -0.23584219141561524, ('log', 2, None): -5.1000495133484165}","{('int', 3, 6): 1.7948853757931091}",dgp8,sr_pds,Weak NL conf. (dummies),SR-PDS,0.5
263,False,0.5464011454078287,0.13493755062694598,0.28192354617901455,0.8108787446366428,sr_pds,sr_pds,"[('cubic', 0, 1), ('log', 2, None)]","[('int', 3, 6)]","[('cubic', 0, 1), ('log', 2, None)]","[('int', 3, 6)]","{('cubic', 0, 1): 4.851328935187965, ('log', 2, None): -4.923966266960026}","{('int', 3, 6): 2.238486776107626}",dgp8,sr_pds,Weak NL conf. (dummies),SR-PDS,0.5
264,False,0.7743136051669175,0.2584692429525144,0.26771388897998927,1.2809133213538457,sr_pds,sr_pds,"[('cubic', 0, 1)]","[('int', 3, 6)]","[('cubic', 0, 1)]","[('int', 3, 6)]","{('cubic', 0, 1): 5.100676923653531}","{('int', 3, 6): 2.11866875471449}",dgp8,sr_pds,Weak NL conf. (dummies),SR-PDS,0.5
265,False,0.39429960016480176,0.29000843230457957,-0.17411692715217414,0.9627161274817777,sr_pds,sr_pds,"[('cubic', 0, 1)]","[('int', 3, 6)]","[('cubic', 0, 1)]","[('int', 3, 6)]","{('cubic', 0, 1): 4.949616507539413}","{('int', 3, 6): 1.6409968084754447}",dgp8,sr_pds,Weak NL conf. (dummies),SR-PDS,0.5
266,False,0.6372064133473748,0.30151522450623697,0.04623657331515041,1.2281762533795992,sr_pds,sr_pds,"[('cubic', 0, 1)]","[('int', 3, 6)]","[('cubic', 0, 1)]","[('int', 3, 6)]","{('cubic', 0, 1): 4.799821335882239}","{('int', 3, 6): 2.021699113306854}",dgp8,sr_pds,Weak NL conf. (dummies),SR-PDS,0.5
267,False,0.6704250166232852,0.29829277596492376,0.08577117573203463,1.255078857514536,sr_pds,sr_pds,"[('cubic', 0, 1)]","[('int', 3, 6)]","[('cubic', 0, 1)]","[('int', 3, 6)]","{('cubic', 0, 1): 4.746513352890378}","{('int', 3, 6): 1.472867652288982}",dgp8,sr_pds,Weak NL conf. (dummies),SR-PDS,0.5
268,False,0.41732630426291084,0.2747386399199699,-0.12116142998023016,0.9558140385060518,sr_pds,sr_pds,"[('cubic', 0, 1)]","[('int', 3, 6)]","[('cubic', 0, 1)]","[('int', 3, 6)]","{('cubic', 0, 1): 5.244845098875985}","{('int', 3, 6): 2.0950085036929127}",dgp8,sr_pds,Weak NL conf. (dummies),SR-PDS,0.5
269,False,0.6890441809598541,0.284287972073027,0.13183975569672124,1.246248606222987,sr_pds,sr_pds,"[('cubic', 0, 1)]","[('int', 3, 6)]","[('cubic', 0, 1)]","[('int', 3, 6)]","{('cubic', 0, 1): 4.6617770383587285}","{('int', 3, 6): 2.0201909432433616}",dgp8,sr_pds,Weak NL conf. (dummies),SR-PDS,0.5
270,False,0.6148460775681511,0.2987238467939436,0.029347337852021704,1.2003448172842806,sr_pds,sr_pds,"[('cubic', 0, 1)]","[('int', 3, 6)]","[('cubic', 0, 1)]","[('int', 3, 6)]","{('cubic', 0, 1): 5.230648221469229}","{('int', 3, 6): 2.127997390422755}",dgp8,sr_pds,Weak NL conf. (dummies),SR-PDS,0.5
271,False,0.0668387977412674,0.2834340133369177,-0.48869186839909134,0.6223694638816262,sr_pds,sr_pds,"[('cubic', 0, 1)]","[('int', 3, 6)]","[('cubic', 0, 1)]","[('int', 3, 6)]","{('cubic', 0, 1): 5.07027756805653}","{('int', 3, 6): 2.5086771754975357}",dgp8,sr_pds,Weak NL conf. (dummies),SR-PDS,0.5
272,False,0.2558163258581641,0.27158470598579293,-0.27648969787398997,0.7881223495903182,sr_pds,sr_pds,"[('cubic', 0, 1), ('int', 3, 4)]","[('int', 3, 6)]","[('cubic', 0, 1), ('int', 3, 4)]","[('int', 3, 6)]","{('cubic', 0, 1): 5.2115458518471796, ('int', 3, 4): 2.449481747547254}","{('int', 3, 6): 2.0979985146072444}",dgp8,sr_pds,Weak NL conf. (dummies),SR-PDS,0.5
273,False,0.27662290686964097,0.24903207522803147,-0.21147996057730073,0.7647257743165827,sr_pds,sr_pds,"[('cubic', 0, 1)]","[('int', 3, 6)]","[('cubic', 0, 1)]","[('int', 3, 6)]","{('cubic', 0, 1): 5.279346303261207}","{('int', 3, 6): 2.3279816648722615}",dgp8,sr_pds,Weak NL conf. (dummies),SR-PDS,0.5
274,False,0.8605618385083633,0.13288351560684522,0.6001101479189467,1.1210135290977798,sr_pds,sr_pds,"[('cubic', 0, 1), ('log', 2, None)]",[],"[('cubic', 0, 1), ('log', 2, None)]",[],"{('cubic', 0, 1): 5.044002269414257, ('log', 2, None): -4.77275988208572}",{},dgp8,sr_pds,Weak NL conf. (dummies),SR-PDS,0.5
275,False,0.47430272158404024,0.1260268349084496,0.22729012516347905,0.7213153180046015,sr_pds,sr_pds,"[('cubic', 0, 1), ('log', 2, None)]","[('int', 3, 6)]","[('cubic', 0, 1), ('log', 2, None)]","[('int', 3, 6)]","{('cubic', 0, 1): 4.981792127839324, ('log', 2, None): -5.0326477739094955}","{('int', 3, 6): 2.0944039974068}",dgp8,sr_pds,Weak NL conf. (dummies),SR-PDS,0.5
276,False,0.4674059492763116,0.12810912476373953,0.21631206473938214,0.7184998338132411,sr_pds,sr_pds,"[('cubic', 0, 1), ('log', 2, None)]","[('int', 3, 6)]","[('cubic', 0, 1), ('log', 2, None)]","[('int', 3, 6)]","{('cubic', 0, 1): 5.061707959422451, ('log', 2, None): -4.974531798548805}","{('int', 3, 6): 2.303232550143724}",dgp8,sr_pds,Weak NL conf. (dummies),SR-PDS,0.5
277,False,0.3371807891331607,0.12901404409318215,0.0843132627105237,0.5900483155557976,sr_pds,sr_pds,"[('cubic', 0, 1), ('log', 2, None)]","[('int', 3, 6)]","[('cubic', 0, 1), ('log', 2, None)]","[('int', 3, 6)]","{('cubic', 0, 1): 4.968009241833402, ('log', 2, None): -4.942336169898871}","{('int', 3, 6): 2.1339308576730383}",dgp8,sr_pds,Weak NL conf. (dummies),SR-PDS,0.5
278,False,0.58924019998794,0.27886178329752936,0.042671104724782416,1.1358092952510974,sr_pds,sr_pds,"[('cubic', 0, 1)]","[('int', 3, 6)]","[('cubic', 0, 1)]","[('int', 3, 6)]","{('cubic', 0, 1): 4.877259958363269}","{('int', 3, 6): 1.6787960738725223}",dgp8,sr_pds,Weak NL conf. (dummies),SR-PDS,0.5
279,False,0.22677128506465158,0.3079219818636968,-0.37675579938819415,0.8302983695174974,sr_pds,sr_pds,"[('cubic', 0, 1)]","[('int', 3, 6)]","[('cubic', 0, 1)]","[('int', 3, 6)]","{('cubic', 0, 1): 5.33293412013065}","{('int', 3, 6): 1.5437066056469313}",dgp8,sr_pds,Weak NL conf. (dummies),SR-PDS,0.5
280,False,0.2630331821279244,0.14618538973725098,-0.023490181757087503,0.5495565460129364,sr_pds,sr_pds,"[('cubic', 0, 1), ('log', 2, None)]","[('int', 3, 6)]","[('cubic', 0, 1), ('log', 2, None)]","[('int', 3, 6)]","{('cubic', 0, 1): 4.903522329759096, ('log', 2, None): -4.763230610888013}","{('int', 3, 6): 2.0856119296520013}",dgp8,sr_pds,Weak NL conf. (dummies),SR-PDS,0.5
281,False,0.7582526250753335,0.12914263388762887,0.505133062655581,1.011372187495086,sr_pds,sr_pds,"[('cubic', 0, 1), ('log', 2, None)]","[('int', 3, 6)]","[('cubic', 0, 1), ('log', 2, None)]","[('int', 3, 6)]","{('cubic', 0, 1): 4.936479476859631, ('log', 2, None): -5.046550422098379}","{('int', 3, 6): 2.197895297762693}",dgp8,sr_pds,Weak NL conf. (dummies),SR-PDS,0.5
282,False,0.7829093144443059,0.44862312365396645,-0.09639200791746838,1.6622106368060803,sr_pds,sr_pds,[],"[('int', 3, 6)]",[],"[('int', 3, 6)]",{},"{('int', 3, 6): 2.2039169108929175}",dgp8,sr_pds,Weak NL conf. (dummies),SR-PDS,0.5
283,False,0.401505879133022,0.2786454829723229,-0.14463926749273087,0.9476510257587749,sr_pds,sr_pds,"[('cubic', 0, 1)]","[('int', 3, 6)]","[('cubic', 0, 1)]","[('int', 3, 6)]","{('cubic', 0, 1): 5.3826347186627865}","{('int', 3, 6): 2.4290473186240638}",dgp8,sr_pds,Weak NL conf. (dummies),SR-PDS,0.5
284,False,0.27464219536069484,0.2414282051036425,-0.19855708664244442,0.7478414773638341,sr_pds,sr_pds,"[('cubic', 0, 1)]","[('int', 3, 6)]","[('cubic', 0, 1)]","[('int', 3, 6)]","{('cubic', 0, 1): 5.016506841647052}","{('int', 3, 6): 1.5376304414091801}",dgp8,sr_pds,Weak NL conf. (dummies),SR-PDS,0.5
285,False,0.6394548002985196,0.2818264958337741,0.08707486846432244,1.1918347321327167,sr_pds,sr_pds,"[('cubic', 0, 1)]","[('int', 3, 6)]","[('cubic', 0, 1)]","[('int', 3, 6)]","{('cubic', 0, 1): 5.032785153878991}","{('int', 3, 6): 2.10274782214535}",dgp8,sr_pds,Weak NL conf. (dummies),SR-PDS,0.5
286,False,0.22805067573595927,0.2611849346915212,-0.28387179625942227,0.7399731477313408,sr_pds,sr_pds,"[('cubic', 0, 1)]","[('int', 3, 6)]","[('cubic', 0, 1)]","[('int', 3, 6)]","{('cubic', 0, 1): 5.156632571986967}","{('int', 3, 6): 1.9874540887941994}",dgp8,sr_pds,Weak NL conf. (dummies),SR-PDS,0.5
287,False,0.326029274853755,0.2919116311548368,-0.24611752220972516,0.8981760719172351,sr_pds,sr_pds,"[('cubic', 0, 1)]","[('int', 3, 6)]","[('cubic', 0, 1)]","[('int', 3, 6)]","{('cubic', 0, 1): 5.353836709734546}","{('int', 3, 6): 2.1658592644515293}",dgp8,sr_pds,Weak NL conf. (dummies),SR-PDS,0.5
288,False,0.520333689065651,0.305549400764432,-0.07854313643263566,1.1192105145639377,sr_pds,sr_pds,"[('cubic', 0, 1), ('int', 3, 6)]","[('int', 3, 6)]","[('cubic', 0, 1), ('int', 3, 6)]","[('int', 3, 6)]","{('cubic', 0, 1): 4.936692515275623, ('int', 3, 6): 2.0081904080620783}","{('int', 3, 6): 2.0081904080620783}",dgp8,sr_pds,Weak NL conf. (dummies),SR-PDS,0.5
289,False,0.5978420051993157,0.4668713132398996,-0.3172257687508875,1.512909779149519,sr_pds,sr_pds,[],"[('int', 3, 6)]",[],"[('int', 3, 6)]",{},"{('int', 3, 6): 2.044319207500003}",dgp8,sr_pds,Weak NL conf. (dummies),SR-PDS,0.5
290,False,0.394783914692766,0.12457010421385963,0.15062651043360117,0.6389413189519308,sr_pds,sr_pds,"[('cubic', 0, 1), ('log', 2, None)]","[('int', 3, 6)]","[('cubic', 0, 1), ('log', 2, None)]","[('int', 3, 6)]","{('cubic', 0, 1): 4.981925790946317, ('log', 2, None): -4.77230933358574}","{('int', 3, 6): 2.128798994065764}",dgp8,sr_pds,Weak NL conf. (dummies),SR-PDS,0.5
291,False,0.3959614840915277,0.10997188875028886,0.18041658214096154,0.6115063860420938,sr_pds,sr_pds,"[('cubic', 0, 1), ('log', 2, None)]","[('int', 3, 6)]","[('cubic', 0, 1), ('log', 2, None)]","[('int', 3, 6)]","{('cubic', 0, 1): 5.11310051109139, ('log', 2, None): -5.067820336938338}","{('int', 3, 6): 1.9734346921358823}",dgp8,sr_pds,Weak NL conf. (dummies),SR-PDS,0.5
292,False,0.4647237048541803,0.2927436025597563,-0.10905375616294205,1.0385011658713026,sr_pds,sr_pds,"[('cubic', 0, 1)]","[('int', 3, 6)]","[('cubic', 0, 1)]","[('int', 3, 6)]","{('cubic', 0, 1): 4.627836127298483}","{('int', 3, 6): 2.470959496273}",dgp8,sr_pds,Weak NL conf. (dummies),SR-PDS,0.5
293,False,0.3796083053516291,0.27177653033232757,-0.15307369409973298,0.9122903048029911,sr_pds,sr_pds,"[('cubic', 0, 1)]","[('int', 3, 6)]","[('cubic', 0, 1)]","[('int', 3, 6)]","{('cubic', 0, 1): 4.947883755980615}","{('int', 3, 6): 2.109059010646825}",dgp8,sr_pds,Weak NL conf. (dummies),SR-PDS,0.5
294,False,0.5984242014218235,0.2596331711280807,0.08954318601078537,1.1073052168328616,sr_pds,sr_pds,"[('cubic', 0, 1)]","[('int', 3, 6)]","[('cubic', 0, 1)]","[('int', 3, 6)]","{('cubic', 0, 1): 4.910883354364353}","{('int', 3, 6): 1.883488141689744}",dgp8,sr_pds,Weak NL conf. (dummies),SR-PDS,0.5
295,False,0.010490593879471103,0.30898686467294617,-0.5951236608795033,0.6161048486384456,sr_pds,sr_pds,"[('cubic', 0, 1)]","[('int', 3, 6)]","[('cubic', 0, 1)]","[('int', 3, 6)]","{('cubic', 0, 1): 4.748779419050637}","{('int', 3, 6): 1.737428275179299}",dgp8,sr_pds,Weak NL conf. (dummies),SR-PDS,0.5
296,False,0.47169522156386795,0.42206773859323665,-0.35555754607887585,1.2989479892066118,sr_pds,sr_pds,[],"[('int', 3, 6)]",[],"[('int', 3, 6)]",{},"{('int', 3, 6): 1.552025843907119}",dgp8,sr_pds,Weak NL conf. (dummies),SR-PDS,0.5
297,False,0.4649472576171545,0.1374039867348149,0.19563544361691726,0.7342590716173918,sr_pds,sr_pds,"[('cubic', 0, 1), ('log', 2, None)]","[('int', 3, 6)]","[('cubic', 0, 1), ('log', 2, None)]","[('int', 3, 6)]","{('cubic', 0, 1): 4.911858579832261, ('log', 2, None): -5.02685301902444}","{('int', 3, 6): 1.8679399792600238}",dgp8,sr_pds,Weak NL conf. (dummies),SR-PDS,0.5
298,False,-0.050004150172116124,0.2674517797609587,-0.5742096385035952,0.47420133815936294,sr_pds,sr_pds,"[('cubic', 0, 1)]","[('int', 3, 6)]","[('cubic', 0, 1)]","[('int', 3, 6)]","{('cubic', 0, 1): 4.953664997444102}","{('int', 3, 6): 1.7398004380782912}",dgp8,sr_pds,Weak NL conf. (dummies),SR-PDS,0.5
299,False,0.3177474485186119,0.24034793422127176,-0.15333450255508074,0.7888293995923046,sr_pds,sr_pds,"[('cubic', 0, 1), ('sq', 2, None)]","[('int', 3, 6)]","[('cubic', 0, 1), ('sq', 2, None)]","[('int', 3, 6)]","{('cubic', 0, 1): 5.1721470200236626, ('sq', 2, None): -2.3616108944438903}","{('int', 3, 6): 2.190221831898138}",dgp8,sr_pds,Weak NL conf. (dummies),SR-PDS,0.5
300,False,0.5548008250433538,0.13875793145589063,0.2828352793898082,0.8267663706968995,sr_pds,sr_pds,"[('cubic', 0, 1), ('int', 3, 6), ('log', 2, None)]","[('int', 3, 6)]","[('cubic', 0, 1), ('int', 3, 6), ('log', 2, None)]","[('int', 3, 6)]","{('cubic', 0, 1): 5.169156528166074, ('int', 3, 6): 2.16477214128984, ('log', 2, None): -4.805706345153436}","{('int', 3, 6): 2.16477214128984}",dgp8,sr_pds,Weak NL conf. (dummies),SR-PDS,0.5
301,False,0.12489790149484405,0.30834053448557464,-0.4794495460968823,0.7292453490865703,sr_pds,sr_pds,"[('cubic', 0, 1)]","[('int', 3, 6)]","[('cubic', 0, 1)]","[('int', 3, 6)]","{('cubic', 0, 1): 5.312568824962586}","{('int', 3, 6): 1.5191528268680434}",dgp8,sr_pds,Weak NL conf. (dummies),SR-PDS,0.5
302,False,0.5480910408191239,0.15439658389109112,0.24547373639258524,0.8507083452456625,sr_pds,sr_pds,"[('cubic', 0, 1), ('log', 2, None)]","[('int', 3, 6)]","[('cubic', 0, 1), ('log', 2, None)]","[('int', 3, 6)]","{('cubic', 0, 1): 5.2356954710722245, ('log', 2, None): -5.208534241260912}","{('int', 3, 6): 1.772469221234373}",dgp8,sr_pds,Weak NL conf. (dummies),SR-PDS,0.5
303,False,0.3540405720707305,0.2626932829682533,-0.16083826254704592,0.8689194066885069,sr_pds,sr_pds,"[('cubic', 0, 1)]","[('int', 3, 6)]","[('cubic', 0, 1)]","[('int', 3, 6)]","{('cubic', 0, 1): 5.234114095250213}","{('int', 3, 6): 1.9033371026366477}",dgp8,sr_pds,Weak NL conf. (dummies),SR-PDS,0.5
304,False,1.3029245569985002,0.2785869920937252,0.7568940524947988,1.8489550615022017,sr_pds,sr_pds,"[('cubic', 0, 1)]","[('int', 42, 47)]","[('cubic', 0, 1)]",[],"{('cubic', 0, 1): 4.874199373658462}",{},dgp8,sr_pds,Weak NL conf. (dummies),SR-PDS,0.5
305,False,0.39102230431326374,0.1384766989572915,0.1196079743569724,0.6624366342695551,sr_pds,sr_pds,"[('cubic', 0, 1), ('int', 0, 1), ('int', 3, 6), ('log', 2, None)]","[('int', 3, 6)]","[('cubic', 0, 1), ('int', 3, 6), ('log', 2, None)]","[('int', 3, 6)]","{('cubic', 0, 1): 5.027915372437391, ('int', 3, 6): 1.8502929094757523, ('log', 2, None): -5.136460679232303}","{('int', 3, 6): 1.8502929094757523}",dgp8,sr_pds,Weak NL conf. (dummies),SR-PDS,0.5
306,False,0.765649309284145,0.12903112917504778,0.5127482961010513,1.0185503224672385,sr_pds,sr_pds,"[('cubic', 0, 1), ('log', 2, None)]","[('int', 3, 6)]","[('cubic', 0, 1), ('log', 2, None)]","[('int', 3, 6)]","{('cubic', 0, 1): 4.962630790618957, ('log', 2, None): -5.123344389276632}","{('int', 3, 6): 1.384767500546451}",dgp8,sr_pds,Weak NL conf. (dummies),SR-PDS,0.5
307,False,0.6410859479945955,0.25272371954347445,0.14574745768938563,1.1364244382998054,sr_pds,sr_pds,"[('cubic', 0, 1), ('sq', 2, None)]","[('int', 3, 6)]","[('cubic', 0, 1), ('sq', 2, None)]","[('int', 3, 6)]","{('cubic', 0, 1): 4.639465628988011, ('sq', 2, None): -2.381341472124435}","{('int', 3, 6): 1.8785062141183075}",dgp8,sr_pds,Weak NL conf. (dummies),SR-PDS,0.5
308,False,0.5315211480822349,0.14694120076204617,0.24351639458862445,0.8195259015758454,sr_pds,sr_pds,"[('cubic', 0, 1), ('log', 2, None)]","[('int', 3, 6)]","[('cubic', 0, 1), ('log', 2, None)]","[('int', 3, 6)]","{('cubic', 0, 1): 4.995757698583659, ('log', 2, None): -4.760954923096265}","{('int', 3, 6): 1.8590392107492824}",dgp8,sr_pds,Weak NL conf. (dummies),SR-PDS,0.5
309,False,0.5521493087420126,0.28737558683804776,-0.011106841460560957,1.1154054589445863,sr_pds,sr_pds,"[('cubic', 0, 1)]","[('int', 3, 6)]","[('cubic', 0, 1)]","[('int', 3, 6)]","{('cubic', 0, 1): 4.865215785222172}","{('int', 3, 6): 2.4728824201929576}",dgp8,sr_pds,Weak NL conf. (dummies),SR-PDS,0.5
310,False,0.6426099677571967,0.27191280945505064,0.1096608612252975,1.175559074289096,sr_pds,sr_pds,"[('cubic', 0, 1)]","[('int', 3, 6)]","[('cubic', 0, 1)]","[('int', 3, 6)]","{('cubic', 0, 1): 5.495601256548724}","{('int', 3, 6): 1.8973510583849464}",dgp8,sr_pds,Weak NL conf. (dummies),SR-PDS,0.5
311,False,0.6769409135665052,0.2844178345639452,0.11948195782117266,1.2343998693118379,sr_pds,sr_pds,"[('cubic', 0, 1)]","[('int', 3, 6)]","[('cubic', 0, 1)]","[('int', 3, 6)]","{('cubic', 0, 1): 4.907747378741011}","{('int', 3, 6): 2.3558774188413163}",dgp8,sr_pds,Weak NL conf. (dummies),SR-PDS,0.5
312,False,0.43563003640075104,0.5323170359508674,-0.6077113540629491,1.4789714268644512,sr_pds,sr_pds,"[('int', 3, 4)]","[('int', 3, 6)]","[('int', 3, 4)]","[('int', 3, 6)]","{('int', 3, 4): 2.8649714424249666}","{('int', 3, 6): 2.2437115030817347}",dgp8,sr_pds,Weak NL conf. (dummies),SR-PDS,0.5
313,False,0.1414573063377685,0.12532385409660193,-0.10417744769157128,0.3870920603671083,sr_pds,sr_pds,"[('cubic', 0, 1), ('log', 2, None)]","[('int', 3, 6)]","[('cubic', 0, 1), ('log', 2, None)]","[('int', 3, 6)]","{('cubic', 0, 1): 4.948641973806401, ('log', 2, None): -4.747503853228586}","{('int', 3, 6): 1.7483470217333439}",dgp8,sr_pds,Weak NL conf. (dummies),SR-PDS,0.5
314,False,0.6002045092161904,0.2763549416375999,0.058548823606494604,1.1418601948258862,sr_pds,sr_pds,"[('cubic', 0, 1)]","[('int', 3, 6)]","[('cubic', 0, 1)]","[('int', 3, 6)]","{('cubic', 0, 1): 4.564143103665048}","{('int', 3, 6): 1.3110802798242924}",dgp8,sr_pds,Weak NL conf. (dummies),SR-PDS,0.5
315,False,0.8639460688841569,0.2849156650688062,0.3055113653492968,1.4223807724190172,sr_pds,sr_pds,"[('sqrt', 2, None)]","[('int', 3, 6)]","[('sqrt', 2, None)]","[('int', 3, 6)]","{('sqrt', 2, None): -14.839819599323999}","{('int', 3, 6): 2.2935757410227167}",dgp8,sr_pds,Weak NL conf. (dummies),SR-PDS,0.5
316,False,0.20336884667786767,0.1272316634476632,-0.04600521367955221,0.4527429070352875,sr_pds,sr_pds,"[('cubic', 0, 1), ('log', 2, None)]","[('int', 3, 6)]","[('cubic', 0, 1), ('log', 2, None)]","[('int', 3, 6)]","{('cubic', 0, 1): 5.0579454258690655, ('log', 2, None): -4.792851957148519}","{('int', 3, 6): 1.8975202111890803}",dgp8,sr_pds,Weak NL conf. (dummies),SR-PDS,0.5
317,False,0.7699612297767738,0.27560450605668213,0.22977639790567683,1.3101460616478708,sr_pds,sr_pds,"[('cubic', 0, 1)]","[('int', 3, 6)]","[('cubic', 0, 1)]","[('int', 3, 6)]","{('cubic', 0, 1): 5.370778566248606}","{('int', 3, 6): 1.6042766624318086}",dgp8,sr_pds,Weak NL conf. (dummies),SR-PDS,0.5
318,False,-0.08747459444549045,0.2893456154106966,-0.6545920006504558,0.4796428117594749,sr_pds,sr_pds,"[('cubic', 0, 1)]","[('int', 3, 6)]","[('cubic', 0, 1)]","[('int', 3, 6)]","{('cubic', 0, 1): 4.712721573581517}","{('int', 3, 6): 2.0006346673017212}",dgp8,sr_pds,Weak NL conf. (dummies),SR-PDS,0.5
319,False,0.24366732329669105,0.12176803863040749,0.0050019675810923925,0.4823326790122897,sr_pds,sr_pds,"[('cubic', 0, 1), ('log', 2, None)]","[('int', 3, 6)]","[('cubic', 0, 1), ('log', 2, None)]","[('int', 3, 6)]","{('cubic', 0, 1): 4.968941551390849, ('log', 2, None): -4.987416306659645}","{('int', 3, 6): 1.811453379304696}",dgp8,sr_pds,Weak NL conf. (dummies),SR-PDS,0.5
320,False,0.5644175936322686,0.15118444599573408,0.26809607948062986,0.8607391077839074,sr_pds,sr_pds,"[('cubic', 0, 1), ('log', 2, None)]","[('int', 3, 6)]","[('cubic', 0, 1), ('log', 2, None)]","[('int', 3, 6)]","{('cubic', 0, 1): 4.71336428756706, ('log', 2, None): -4.965249090813905}","{('int', 3, 6): 2.276655984696978}",dgp8,sr_pds,Weak NL conf. (dummies),SR-PDS,0.5
321,False,0.3522053761355557,0.12551364515992838,0.10619863162209606,0.5982121206490153,sr_pds,sr_pds,"[('cubic', 0, 1), ('int', 3, 6), ('log', 2, None)]","[('int', 3, 6)]","[('cubic', 0, 1), ('int', 3, 6), ('log', 2, None)]","[('int', 3, 6)]","{('cubic', 0, 1): 4.858183620221357, ('int', 3, 6): 2.1070706706817512, ('log', 2, None): -5.203326188813593}","{('int', 3, 6): 2.1070706706817512}",dgp8,sr_pds,Weak NL conf. (dummies),SR-PDS,0.5
322,False,0.6457686575571228,0.2996947383112752,0.05836697046702344,1.2331703446472222,sr_pds,sr_pds,"[('cubic', 0, 1)]","[('int', 3, 6)]","[('cubic', 0, 1)]","[('int', 3, 6)]","{('cubic', 0, 1): 5.018215730190755}","{('int', 3, 6): 1.2467278953100778}",dgp8,sr_pds,Weak NL conf. (dummies),SR-PDS,0.5
323,False,0.6030579036498319,0.27027174849047025,0.07332527660851018,1.1327905306911537,sr_pds,sr_pds,"[('cubic', 0, 1)]","[('int', 3, 6)]","[('cubic', 0, 1)]","[('int', 3, 6)]","{('cubic', 0, 1): 4.924918837358982}","{('int', 3, 6): 2.4607191218706146}",dgp8,sr_pds,Weak NL conf. (dummies),SR-PDS,0.5
324,False,0.22443674439985725,0.307951937637433,-0.37914905336951144,0.828022542169226,sr_pds,sr_pds,"[('cubic', 0, 1)]","[('int', 3, 6)]","[('cubic', 0, 1)]","[('int', 3, 6)]","{('cubic', 0, 1): 4.8559106737357745}","{('int', 3, 6): 2.1271851383058142}",dgp8,sr_pds,Weak NL conf. (dummies),SR-PDS,0.5
325,False,0.4421161962596677,0.3695997379002155,-0.2822992900247546,1.1665316825440901,sr_pds,sr_pds,"[('log', 2, None)]","[('int', 3, 6)]","[('log', 2, None)]","[('int', 3, 6)]","{('log', 2, None): -4.592568389064656}","{('int', 3, 6): 2.1452249445823446}",dgp8,sr_pds,Weak NL conf. (dummies),SR-PDS,0.5
326,False,0.6731994058778642,0.28977665294921584,0.10523716609740119,1.2411616456583272,sr_pds,sr_pds,"[('cubic', 0, 1)]","[('int', 3, 6)]","[('cubic', 0, 1)]","[('int', 3, 6)]","{('cubic', 0, 1): 5.1205756218714455}","{('int', 3, 6): 1.7588586798249366}",dgp8,sr_pds,Weak NL conf. (dummies),SR-PDS,0.5
327,False,0.5123166604582349,0.049042461230821004,0.41619343644582574,0.608439884470644,sr_pds,sr_pds,"[('cubic', 0, 1), ('int', 3, 4), ('log', 2, None)]","[('int', 3, 6)]","[('cubic', 0, 1), ('int', 3, 4), ('log', 2, None)]","[('int', 3, 6)]","{('cubic', 0, 1): 4.995357595760831, ('int', 3, 4): 2.9729764605562727, ('log', 2, None): -4.992597560868542}","{('int', 3, 6): 2.017546786847622}",dgp8,sr_pds,Weak NL conf. (dummies),SR-PDS,0.5
328,False,-0.21169317316994365,0.4370723796319742,-1.068355037248613,0.6449686909087258,sr_pds,sr_pds,"[('sq', 6, None)]","[('int', 3, 6)]",[],"[('int', 3, 6)]",{},"{('int', 3, 6): 1.7856824634197372}",dgp8,sr_pds,Weak NL conf. (dummies),SR-PDS,0.5
329,False,0.536125346329488,0.28792878533065763,-0.028215072918600925,1.1004657655775771,sr_pds,sr_pds,"[('cubic', 0, 1)]","[('int', 3, 6)]","[('cubic', 0, 1)]","[('int', 3, 6)]","{('cubic', 0, 1): 4.7795705096037215}","{('int', 3, 6): 2.068947233710837}",dgp8,sr_pds,Weak NL conf. (dummies),SR-PDS,0.5
330,False,0.0784905160070761,0.2902596504092272,-0.49041839879500915,0.6473994308091614,sr_pds,sr_pds,"[('cubic', 0, 1)]","[('int', 3, 6)]","[('cubic', 0, 1)]","[('int', 3, 6)]","{('cubic', 0, 1): 5.1094459755033785}","{('int', 3, 6): 2.2882826302733106}",dgp8,sr_pds,Weak NL conf. (dummies),SR-PDS,0.5
331,False,0.39546218745584344,0.1406162493346804,0.1198543387598699,0.6710700361518169,sr_pds,sr_pds,"[('cubic', 0, 1), ('log', 2, None)]","[('int', 3, 6)]","[('cubic', 0, 1), ('log', 2, None)]","[('int', 3, 6)]","{('cubic', 0, 1): 5.145470979613067, ('log', 2, None): -4.775963862579149}","{('int', 3, 6): 2.03201675857383}",dgp8,sr_pds,Weak NL conf. (dummies),SR-PDS,0.5
332,False,0.9098695142518981,0.36698744626595076,0.19057411957063464,1.6291649089331615,sr_pds,sr_pds,[],"[('int', 3, 6)]",[],"[('int', 3, 6)]",{},"{('int', 3, 6): 1.6355622790911173}",dgp8,sr_pds,Weak NL conf. (dummies),SR-PDS,0.5
333,False,0.302138748771807,0.1679432567641704,-0.02703003448596697,0.631307532029581,sr_pds,sr_pds,"[('cubic', 0, 1), ('int', 0, 1), ('sqrt', 2, None)]","[('int', 3, 6)]","[('cubic', 0, 1), ('int', 0, 1), ('sqrt', 2, None)]","[('int', 3, 6)]","{('cubic', 0, 1): 5.191860027314546, ('int', 0, 1): 0.11808520198476825, ('sqrt', 2, None): -13.30705299449607}","{('int', 3, 6): 1.9765627387530484}",dgp8,sr_pds,Weak NL conf. (dummies),SR-PDS,0.5
334,False,0.5007940155254581,0.12142621288703746,0.26279863826686467,0.7387893927840515,sr_pds,sr_pds,"[('cubic', 0, 1), ('int', 3, 6), ('log', 2, None)]","[('int', 3, 6)]","[('cubic', 0, 1), ('int', 3, 6), ('log', 2, None)]","[('int', 3, 6)]","{('cubic', 0, 1): 4.938523586743491, ('int', 3, 6): 2.217352552972792, ('log', 2, None): -5.051093405829101}","{('int', 3, 6): 2.217352552972792}",dgp8,sr_pds,Weak NL conf. (dummies),SR-PDS,0.5
335,False,0.6350791366678658,0.13144669840775933,0.3774436077886575,0.892714665547074,sr_pds,sr_pds,"[('cubic', 0, 1), ('log', 2, None)]","[('int', 3, 6)]","[('cubic', 0, 1), ('log', 2, None)]","[('int', 3, 6)]","{('cubic', 0, 1): 5.021683682360716, ('log', 2, None): -4.865093970164802}","{('int', 3, 6): 2.123910340293521}",dgp8,sr_pds,Weak NL conf. (dummies),SR-PDS,0.5
336,False,0.5312188115845697,0.27515225031608115,-0.008079599034949259,1.0705172222040886,sr_pds,sr_pds,"[('cubic', 0, 1)]","[('int', 3, 6)]","[('cubic', 0, 1)]","[('int', 3, 6)]","{('cubic', 0, 1): 5.117355709619386}","{('int', 3, 6): 1.307307607235595}",dgp8,sr_pds,Weak NL conf. (dummies),SR-PDS,0.5
337,False,0.4316114554343493,0.37594164510579997,-0.3052341689730186,1.1684570798417173,sr_pds,sr_pds,[],"[('int', 3, 6)]",[],"[('int', 3, 6)]",{},"{('int', 3, 6): 1.179955062500823}",dgp8,sr_pds,Weak NL conf. (dummies),SR-PDS,0.5
338,False,0.17587635839300317,0.32749607098293804,-0.46601594073355534,0.8177686575195617,sr_pds,sr_pds,"[('log', 2, None)]","[('int', 3, 6)]","[('log', 2, None)]","[('int', 3, 6)]","{('log', 2, None): -4.826392281525943}","{('int', 3, 6): 2.6070381787013677}",dgp8,sr_pds,Weak NL conf. (dummies),SR-PDS,0.5
339,False,0.15907840001488888,0.14204659857746488,-0.11933293319694227,0.43748973322672,sr_pds,sr_pds,"[('cubic', 0, 1), ('log', 2, None)]","[('int', 3, 6)]","[('cubic', 0, 1), ('log', 2, None)]","[('int', 3, 6)]","{('cubic', 0, 1): 4.808188055065906, ('log', 2, None): -4.996207245063352}","{('int', 3, 6): 2.3691164748061118}",dgp8,sr_pds,Weak NL conf. (dummies),SR-PDS,0.5
340,False,0.6981125701890987,0.13894527360540754,0.4257798339224999,0.9704453064556975,sr_pds,sr_pds,"[('cubic', 0, 1), ('log', 2, None)]","[('int', 3, 6)]","[('cubic', 0, 1), ('log', 2, None)]","[('int', 3, 6)]","{('cubic', 0, 1): 4.9383488873804975, ('log', 2, None): -4.877460103689889}","{('int', 3, 6): 2.0932593218377056}",dgp8,sr_pds,Weak NL conf. (dummies),SR-PDS,0.5
341,False,0.4817378090823334,0.1122328977208755,0.26176132954941744,0.7017142886152493,sr_pds,sr_pds,"[('cubic', 0, 1), ('log', 2, None)]","[('int', 3, 6)]","[('cubic', 0, 1), ('log', 2, None)]","[('int', 3, 6)]","{('cubic', 0, 1): 4.902193684876435, ('log', 2, None): -4.97037617108072}","{('int', 3, 6): 2.2175767630977448}",dgp8,sr_pds,Weak NL conf. (dummies),SR-PDS,0.5
342,False,0.35650710366776267,0.33610144402412223,-0.3022517266195169,1.0152659339550423,sr_pds,sr_pds,[],"[('int', 3, 6)]",[],"[('int', 3, 6)]",{},"{('int', 3, 6): 2.7713923121317188}",dgp8,sr_pds,Weak NL conf. (dummies),SR-PDS,0.5
343,False,0.29378803131876013,0.2823442715331103,-0.25960674088613606,0.8471828035236564,sr_pds,sr_pds,"[('log', 2, None)]","[('int', 3, 6)]","[('log', 2, None)]","[('int', 3, 6)]","{('log', 2, None): -5.314184971643531}","{('int', 3, 6): 1.7459818074078413}",dgp8,sr_pds,Weak NL conf. (dummies),SR-PDS,0.5
344,False,0.45204927211669027,0.26976672662567924,-0.07669351206964109,0.9807920563030217,sr_pds,sr_pds,"[('cubic', 0, 1)]","[('int', 3, 6)]","[('cubic', 0, 1)]","[('int', 3, 6)]","{('cubic', 0, 1): 4.601815915185857}","{('int', 3, 6): 1.716511468283041}",dgp8,sr_pds,Weak NL conf. (dummies),SR-PDS,0.5
345,False,0.6334924560263792,0.29611888997463337,0.053099431676097764,1.2138854803766606,sr_pds,sr_pds,"[('cubic', 0, 1)]","[('int', 3, 6)]","[('cubic', 0, 1)]","[('int', 3, 6)]","{('cubic', 0, 1): 4.738657875682374}","{('int', 3, 6): 2.022900243238401}",dgp8,sr_pds,Weak NL conf. (dummies),SR-PDS,0.5
346,False,0.33782097894639007,0.162084208852832,0.02013592959483934,0.6555060282979408,sr_pds,sr_pds,"[('cubic', 0, 1), ('log', 2, None)]","[('int', 3, 6)]","[('cubic', 0, 1), ('log', 2, None)]","[('int', 3, 6)]","{('cubic', 0, 1): 4.909890978946028, ('log', 2, None): -4.947927256919841}","{('int', 3, 6): 2.3718494307855855}",dgp8,sr_pds,Weak NL conf. (dummies),SR-PDS,0.5
347,False,0.8564083196434155,0.28198565555401495,0.30371643475754617,1.4091002045292846,sr_pds,sr_pds,"[('cubic', 0, 1), ('int', 3, 4), ('int', 3, 6)]","[('int', 3, 6)]","[('cubic', 0, 1), ('int', 3, 4), ('int', 3, 6)]","[('int', 3, 6)]","{('cubic', 0, 1): 5.200844550683742, ('int', 3, 4): 3.145941048127527, ('int', 3, 6): 1.8933309847925188}","{('int', 3, 6): 1.8933309847925188}",dgp8,sr_pds,Weak NL conf. (dummies),SR-PDS,0.5
348,False,0.6022556384354762,0.1546659316431744,0.2991104124148544,0.905400864456098,sr_pds,sr_pds,"[('cubic', 0, 1), ('sqrt', 2, None)]","[('int', 3, 6)]","[('cubic', 0, 1), ('sqrt', 2, None)]","[('int', 3, 6)]","{('cubic', 0, 1): 4.969740573302273, ('sqrt', 2, None): -14.342590501668127}","{('int', 3, 6): 1.9998591978435276}",dgp8,sr_pds,Weak NL conf. (dummies),SR-PDS,0.5
349,False,0.43131305840134504,0.15690913470845372,0.12377115437277575,0.7388549624299143,sr_pds,sr_pds,"[('cubic', 0, 1), ('log', 2, None)]","[('int', 3, 6)]","[('cubic', 0, 1), ('log', 2, None)]","[('int', 3, 6)]","{('cubic', 0, 1): 4.856116398946699, ('log', 2, None): -4.858144484504429}","{('int', 3, 6): 1.5228268275713044}",dgp8,sr_pds,Weak NL conf. (dummies),SR-PDS,0.5
350,False,0.5725784975105536,0.26948310154081917,0.04439161849054796,1.1007653765305592,sr_pds,sr_pds,"[('cubic', 0, 1)]","[('int', 3, 6)]","[('cubic', 0, 1)]","[('int', 3, 6)]","{('cubic', 0, 1): 5.065393186298037}","{('int', 3, 6): 1.2006565687234227}",dgp8,sr_pds,Weak NL conf. (dummies),SR-PDS,0.5
351,False,0.5045856504345786,0.04783621234631641,0.41082667423579844,0.5983446266333587,sr_pds,sr_pds,"[('cubic', 0, 1), ('int', 3, 4), ('log', 2, None)]","[('int', 3, 6)]","[('cubic', 0, 1), ('int', 3, 4), ('log', 2, None)]","[('int', 3, 6)]","{('cubic', 0, 1): 5.011172426470156, ('int', 3, 4): 3.0055333512352296, ('log', 2, None): -4.9772620886872545}","{('int', 3, 6): 2.0278645594218783}",dgp8,sr_pds,Weak NL conf. (dummies),SR-PDS,0.5
352,False,0.45631837242274736,0.2476917978045456,-0.029157551274161975,0.9417942961196567,sr_pds,sr_pds,"[('cubic', 0, 1), ('sq', 2, None)]","[('int', 3, 6)]","[('cubic', 0, 1), ('sq', 2, None)]","[('int', 3, 6)]","{('cubic', 0, 1): 4.960155496704476, ('sq', 2, None): -3.0905531761731844}","{('int', 3, 6): 2.1697845907364455}",dgp8,sr_pds,Weak NL conf. (dummies),SR-PDS,0.5
353,False,1.0155254757047207,0.1390899696316627,0.7429091352266619,1.2881418161827796,sr_pds,sr_pds,"[('cubic', 0, 1), ('log', 2, None)]","[('int', 3, 6)]","[('cubic', 0, 1), ('log', 2, None)]","[('int', 3, 6)]","{('cubic', 0, 1): 5.055187924996566, ('log', 2, None): -4.675394706726609}","{('int', 3, 6): 1.6534625851577778}",dgp8,sr_pds,Weak NL conf. (dummies),SR-PDS,0.5
354,False,0.5239919885796246,0.14697181998368528,0.23592722141160144,0.8120567557476477,sr_pds,sr_pds,"[('cubic', 0, 1), ('log', 2, None)]","[('int', 3, 6)]","[('cubic', 0, 1), ('log', 2, None)]","[('int', 3, 6)]","{('cubic', 0, 1): 5.041556142034206, ('log', 2, None): -4.941746800497046}","{('int', 3, 6): 1.9313298149544125}",dgp8,sr_pds,Weak NL conf. (dummies),SR-PDS,0.5
355,False,0.6123440958250744,0.14022274397623008,0.3375075176316635,0.8871806740184853,sr_pds,sr_pds,"[('cubic', 0, 1), ('log', 2, None)]","[('int', 3, 6)]","[('cubic', 0, 1), ('log', 2, None)]","[('int', 3, 6)]","{('cubic', 0, 1): 4.970644094100765, ('log', 2, None): -5.00260228720577}","{('int', 3, 6): 1.7929273792569096}",dgp8,sr_pds,Weak NL conf. (dummies),SR-PDS,0.5
356,False,-0.5031454282857742,0.467186306323669,-1.4188305886801653,0.41253973210861694,sr_pds,sr_pds,[],"[('int', 3, 6)]",[],"[('int', 3, 6)]",{},"{('int', 3, 6): 2.842373737423123}",dgp8,sr_pds,Weak NL conf. (dummies),SR-PDS,0.5
357,False,0.41132567170044065,0.1370788138466712,0.1426511965609651,0.6800001468399162,sr_pds,sr_pds,"[('cubic', 0, 1), ('log', 2, None)]","[('int', 3, 6)]","[('cubic', 0, 1), ('log', 2, None)]","[('int', 3, 6)]","{('cubic', 0, 1): 4.95238975402384, ('log', 2, None): -4.8317822632581}","{('int', 3, 6): 1.7635276983198716}",dgp8,sr_pds,Weak NL conf. (dummies),SR-PDS,0.5
358,False,0.42910032554332694,0.24970107149194484,-0.06031377458088494,0.9185144256675388,sr_pds,sr_pds,"[('cubic', 0, 1)]","[('int', 3, 6)]","[('cubic', 0, 1)]","[('int', 3, 6)]","{('cubic', 0, 1): 4.958210988089609}","{('int', 3, 6): 2.7279294713948268}",dgp8,sr_pds,Weak NL conf. (dummies),SR-PDS,0.5
359,False,0.28991546969070425,0.14449604607475283,0.006703219384188719,0.5731277199972198,sr_pds,sr_pds,"[('cubic', 0, 1), ('int', 0, 1), ('log', 2, None)]","[('int', 3, 6)]","[('cubic', 0, 1), ('log', 2, None)]","[('int', 3, 6)]","{('cubic', 0, 1): 4.998505039187946, ('log', 2, None): -4.86589169837329}","{('int', 3, 6): 1.9716003245323859}",dgp8,sr_pds,Weak NL conf. (dummies),SR-PDS,0.5
360,False,-0.2197069574809993,0.3304462433486622,-0.8673815944443772,0.42796767948237857,sr_pds,sr_pds,"[('log', 2, None)]","[('int', 3, 6)]","[('log', 2, None)]","[('int', 3, 6)]","{('log', 2, None): -5.282880532849209}","{('int', 3, 6): 1.7007949453418278}",dgp8,sr_pds,Weak NL conf. (dummies),SR-PDS,0.5
361,False,0.242723911982336,0.25875278583157363,-0.26443154824754833,0.7498793722122203,sr_pds,sr_pds,"[('cubic', 0, 1), ('int', 3, 4)]","[('int', 3, 6)]","[('cubic', 0, 1), ('int', 3, 4)]","[('int', 3, 6)]","{('cubic', 0, 1): 5.050468606623861, ('int', 3, 4): 2.859797611733037}","{('int', 3, 6): 2.2990972509951964}",dgp8,sr_pds,Weak NL conf. (dummies),SR-PDS,0.5
362,False,0.9118880651543776,0.3200195452864529,0.28464975639293,1.5391263739158252,sr_pds,sr_pds,"[('cubic', 0, 1)]","[('int', 3, 6)]","[('cubic', 0, 1)]","[('int', 3, 6)]","{('cubic', 0, 1): 4.660043885719014}","{('int', 3, 6): 1.3087895604393638}",dgp8,sr_pds,Weak NL conf. (dummies),SR-PDS,0.5
363,False,0.5787272597774591,0.12731183283075223,0.3291960674291847,0.8282584521257335,sr_pds,sr_pds,"[('cubic', 0, 1), ('log', 2, None)]","[('int', 3, 6)]","[('cubic', 0, 1), ('log', 2, None)]","[('int', 3, 6)]","{('cubic', 0, 1): 5.0309828376882795, ('log', 2, None): -5.168513859056605}","{('int', 3, 6): 1.9311475382803753}",dgp8,sr_pds,Weak NL conf. (dummies),SR-PDS,0.5
364,False,0.4742101015410742,0.2841802012450471,-0.0827830928992182,1.0312032959813666,sr_pds,sr_pds,"[('cubic', 0, 1)]","[('int', 3, 6)]","[('cubic', 0, 1)]","[('int', 3, 6)]","{('cubic', 0, 1): 5.048888442994368}","{('int', 3, 6): 1.7696119618553432}",dgp8,sr_pds,Weak NL conf. (dummies),SR-PDS,0.5
365,False,0.7322154451237938,0.36711292613216406,0.012674109904752262,1.4517567803428353,sr_pds,sr_pds,[],"[('int', 3, 6)]",[],"[('int', 3, 6)]",{},"{('int', 3, 6): 2.190615974525672}",dgp8,sr_pds,Weak NL conf. (dummies),SR-PDS,0.5
366,False,0.4663814635362723,0.12761428555872473,0.21625746384117184,0.7165054632313728,sr_pds,sr_pds,"[('cubic', 0, 1), ('log', 2, None)]","[('int', 3, 6)]","[('cubic', 0, 1), ('log', 2, None)]","[('int', 3, 6)]","{('cubic', 0, 1): 4.979874521989925, ('log', 2, None): -5.1617414334726215}","{('int', 3, 6): 2.14140006358655}",dgp8,sr_pds,Weak NL conf. (dummies),SR-PDS,0.5
367,False,0.6730086428110902,0.3108006456148652,0.06383937740595436,1.2821779082162261,sr_pds,sr_pds,"[('cubic', 0, 1)]","[('int', 3, 6)]","[('cubic', 0, 1)]","[('int', 3, 6)]","{('cubic', 0, 1): 5.0600172731233775}","{('int', 3, 6): 2.0838667786846257}",dgp8,sr_pds,Weak NL conf. (dummies),SR-PDS,0.5
368,False,0.5004581182249047,0.26820742705339895,-0.025228438799757225,1.0261446752495667,sr_pds,sr_pds,"[('cubic', 0, 1)]","[('int', 3, 6)]","[('cubic', 0, 1)]","[('int', 3, 6)]","{('cubic', 0, 1): 5.071766872429443}","{('int', 3, 6): 1.8747838458271744}",dgp8,sr_pds,Weak NL conf. (dummies),SR-PDS,0.5
369,False,0.33756891010534784,0.15818439518202843,0.027527495548572145,0.6476103246621235,sr_pds,sr_pds,"[('cubic', 0, 1), ('log', 2, None)]","[('int', 3, 6)]","[('cubic', 0, 1), ('log', 2, None)]","[('int', 3, 6)]","{('cubic', 0, 1): 4.979596327759851, ('log', 2, None): -5.012119196349166}","{('int', 3, 6): 1.843649946891795}",dgp8,sr_pds,Weak NL conf. (dummies),SR-PDS,0.5
370,False,0.45564385938368324,0.1346309700414926,0.19176715810235773,0.7195205606650088,sr_pds,sr_pds,"[('cubic', 0, 1), ('log', 2, None)]","[('int', 3, 6)]","[('cubic', 0, 1), ('log', 2, None)]","[('int', 3, 6)]","{('cubic', 0, 1): 4.9119732546513655, ('log', 2, None): -5.16428240142637}","{('int', 3, 6): 1.9634990172342384}",dgp8,sr_pds,Weak NL conf. (dummies),SR-PDS,0.5
371,False,0.34089382174827465,0.1580835013919079,0.031050159020135137,0.6507374844764142,sr_pds,sr_pds,"[('cubic', 0, 1), ('log', 2, None)]","[('int', 3, 6)]","[('cubic', 0, 1), ('log', 2, None)]","[('int', 3, 6)]","{('cubic', 0, 1): 4.977145939270188, ('log', 2, None): -5.055389494476666}","{('int', 3, 6): 1.9372652603339788}",dgp8,sr_pds,Weak NL conf. (dummies),SR-PDS,0.5
372,False,0.5988692849754734,0.1349749878289186,0.334318308830793,0.8634202611201538,sr_pds,sr_pds,"[('cubic', 0, 1), ('log', 2, None)]","[('int', 3, 6)]","[('cubic', 0, 1), ('log', 2, None)]","[('int', 3, 6)]","{('cubic', 0, 1): 5.019001496720525, ('log', 2, None): -5.003512051534147}","{('int', 3, 6): 1.7098161652187382}",dgp8,sr_pds,Weak NL conf. (dummies),SR-PDS,0.5
373,False,1.3027255980868984,0.41301440257014616,0.49321736904941194,2.112233827124385,sr_pds,sr_pds,[],"[('int', 3, 6)]",[],"[('int', 3, 6)]",{},"{('int', 3, 6): 0.6161170654700615}",dgp8,sr_pds,Weak NL conf. (dummies),SR-PDS,0.5
374,False,0.7358799393664579,0.3985327674974906,-0.045244284928623646,1.5170041636615395,sr_pds,sr_pds,[],"[('int', 3, 6)]",[],"[('int', 3, 6)]",{},"{('int', 3, 6): 1.4387852911252246}",dgp8,sr_pds,Weak NL conf. (dummies),SR-PDS,0.5
375,False,0.6768347575805707,0.14702920577861478,0.3886575142544857,0.9650120009066556,sr_pds,sr_pds,"[('cubic', 0, 1), ('log', 2, None)]","[('int', 3, 6)]","[('cubic', 0, 1), ('log', 2, None)]","[('int', 3, 6)]","{('cubic', 0, 1): 5.161001719217814, ('log', 2, None): -5.072395577367583}","{('int', 3, 6): 1.679595016752123}",dgp8,sr_pds,Weak NL conf. (dummies),SR-PDS,0.5
376,False,0.2487736637584338,0.26509870957277804,-0.27081980700421115,0.7683671345210787,sr_pds,sr_pds,"[('cubic', 0, 1)]","[('int', 3, 6)]","[('cubic', 0, 1)]","[('int', 3, 6)]","{('cubic', 0, 1): 4.833058339387073}","{('int', 3, 6): 2.305790697062745}",dgp8,sr_pds,Weak NL conf. (dummies),SR-PDS,0.5
377,False,0.46780752711001733,0.2959787431297126,-0.1123108094242194,1.047925863644254,sr_pds,sr_pds,"[('cubic', 0, 1)]","[('int', 3, 6)]","[('cubic', 0, 1)]","[('int', 3, 6)]","{('cubic', 0, 1): 5.110206664889506}","{('int', 3, 6): 2.2086892172412043}",dgp8,sr_pds,Weak NL conf. (dummies),SR-PDS,0.5
378,False,0.6241158103894267,0.29267101996457895,0.05048061125885195,1.1977510095200015,sr_pds,sr_pds,"[('cubic', 0, 1)]","[('int', 3, 6)]","[('cubic', 0, 1)]","[('int', 3, 6)]","{('cubic', 0, 1): 5.360190348567512}","{('int', 3, 6): 1.146092227954717}",dgp8,sr_pds,Weak NL conf. (dummies),SR-PDS,0.5
379,False,0.5324488871670159,0.31034412298906283,-0.0758255938915473,1.140723368225579,sr_pds,sr_pds,"[('cubic', 0, 1)]","[('int', 3, 6)]","[('cubic', 0, 1)]","[('int', 3, 6)]","{('cubic', 0, 1): 5.020280138186252}","{('int', 3, 6): 1.6891733107217428}",dgp8,sr_pds,Weak NL conf. (dummies),SR-PDS,0.5
380,False,0.49278135121347416,0.1398366107003897,0.2187015942407104,0.766861108186238,sr_pds,sr_pds,"[('cubic', 0, 1), ('log', 2, None)]","[('int', 3, 6)]","[('cubic', 0, 1), ('log', 2, None)]","[('int', 3, 6)]","{('cubic', 0, 1): 5.0133040342958, ('log', 2, None): -4.93659697823092}","{('int', 3, 6): 1.7925062876274291}",dgp8,sr_pds,Weak NL conf. (dummies),SR-PDS,0.5
381,False,0.5059854014462233,0.13648070341470758,0.23848322275339645,0.7734875801390502,sr_pds,sr_pds,"[('cubic', 0, 1), ('log', 2, None)]","[('int', 3, 6)]","[('cubic', 0, 1), ('log', 2, None)]","[('int', 3, 6)]","{('cubic', 0, 1): 4.870338949090723, ('log', 2, None): -4.833596363878249}","{('int', 3, 6): 2.1972839342915167}",dgp8,sr_pds,Weak NL conf. (dummies),SR-PDS,0.5
382,False,0.49735175762586986,0.13173908908836737,0.2391431430126698,0.7555603722390699,sr_pds,sr_pds,"[('cubic', 0, 1), ('log', 2, None)]","[('int', 3, 6)]","[('cubic', 0, 1), ('log', 2, None)]","[('int', 3, 6)]","{('cubic', 0, 1): 5.108378662361115, ('log', 2, None): -4.858203323930011}","{('int', 3, 6): 2.2745442675275}",dgp8,sr_pds,Weak NL conf. (dummies),SR-PDS,0.5
383,False,0.5354641307166553,0.12681321531045722,0.2869102287081592,0.7840180327251515,sr_pds,sr_pds,"[('cubic', 0, 1), ('log', 2, None)]","[('int', 3, 6)]","[('cubic', 0, 1), ('log', 2, None)]","[('int', 3, 6)]","{('cubic', 0, 1): 4.924122767281073, ('log', 2, None): -5.085112079841112}","{('int', 3, 6): 2.0009568874784036}",dgp8,sr_pds,Weak NL conf. (dummies),SR-PDS,0.5
384,False,0.49145027304064903,0.30583647132538483,-0.10798921075710521,1.0908897568384033,sr_pds,sr_pds,"[('cubic', 0, 1), ('int', 0, 1), ('int', 3, 6)]","[('int', 12, 47), ('int', 32, 47), ('int', 37, 47)]","[('cubic', 0, 1), ('int', 0, 1), ('int', 3, 6)]","[('int', 37, 47)]","{('cubic', 0, 1): 5.332081096675709, ('int', 0, 1): 0.45465598008280095, ('int', 3, 6): 2.034231866849958}","{('int', 37, 47): -0.30126466681982855}",dgp8,sr_pds,Weak NL conf. (dummies),SR-PDS,0.5
385,False,0.5247360436306037,0.2973415913818402,-0.05805347547780304,1.1075255627390104,sr_pds,sr_pds,"[('cubic', 0, 1)]","[('int', 3, 6)]","[('cubic', 0, 1)]","[('int', 3, 6)]","{('cubic', 0, 1): 4.83264003298201}","{('int', 3, 6): 2.5042173948151834}",dgp8,sr_pds,Weak NL conf. (dummies),SR-PDS,0.5
386,False,0.1015061177198772,0.32818514207520444,-0.5417367607475235,0.7447489961872779,sr_pds,sr_pds,"[('cubic', 0, 1)]","[('int', 3, 6)]","[('cubic', 0, 1)]","[('int', 3, 6)]","{('cubic', 0, 1): 4.88984845690492}","{('int', 3, 6): 2.3996128263848373}",dgp8,sr_pds,Weak NL conf. (dummies),SR-PDS,0.5
387,False,0.46919389873987793,0.1134325782122839,0.24686604544380147,0.6915217520359545,sr_pds,sr_pds,"[('cubic', 0, 1), ('log', 2, None)]","[('int', 3, 6)]","[('cubic', 0, 1), ('log', 2, None)]","[('int', 3, 6)]","{('cubic', 0, 1): 5.00794452723957, ('log', 2, None): -5.048653210207045}","{('int', 3, 6): 1.867631377392357}",dgp8,sr_pds,Weak NL conf. (dummies),SR-PDS,0.5
388,False,0.38404440266057016,0.27175795308948775,-0.1486011853948258,0.9166899907159661,sr_pds,sr_pds,"[('cubic', 0, 1)]","[('int', 3, 6)]","[('cubic', 0, 1)]","[('int', 3, 6)]","{('cubic', 0, 1): 4.769756457448559}","{('int', 3, 6): 1.662027179727409}",dgp8,sr_pds,Weak NL conf. (dummies),SR-PDS,0.5
389,False,-0.07633720410088,0.26079083247442636,-0.5874872357507556,0.4348128275489956,sr_pds,sr_pds,"[('cubic', 0, 1)]","[('int', 3, 6)]","[('cubic', 0, 1)]","[('int', 3, 6)]","{('cubic', 0, 1): 4.719947801901666}","{('int', 3, 6): 2.309435442010657}",dgp8,sr_pds,Weak NL conf. (dummies),SR-PDS,0.5
390,False,0.4131862652220535,0.25835149993951045,-0.09318267465938701,0.919555205103494,sr_pds,sr_pds,"[('cubic', 0, 1), ('sq', 2, None)]","[('int', 3, 6)]","[('cubic', 0, 1), ('sq', 2, None)]","[('int', 3, 6)]","{('cubic', 0, 1): 5.107038710509079, ('sq', 2, None): -2.853808383498605}","{('int', 3, 6): 1.802067667331697}",dgp8,sr_pds,Weak NL conf. (dummies),SR-PDS,0.5
391,False,0.5531503829424073,0.26714704610803724,0.02954217257065428,1.0767585933141604,sr_pds,sr_pds,"[('cubic', 0, 1)]","[('int', 3, 6)]","[('cubic', 0, 1)]","[('int', 3, 6)]","{('cubic', 0, 1): 5.008882057762011}","{('int', 3, 6): 2.1557807491865577}",dgp8,sr_pds,Weak NL conf. (dummies),SR-PDS,0.5
392,False,0.6713756999444874,0.281279527169245,0.12006782669276728,1.2226835731962076,sr_pds,sr_pds,"[('cubic', 0, 1)]","[('int', 3, 6)]","[('cubic', 0, 1)]","[('int', 3, 6)]","{('cubic', 0, 1): 5.2736431307588365}","{('int', 3, 6): 2.0844745682930075}",dgp8,sr_pds,Weak NL conf. (dummies),SR-PDS,0.5
393,False,0.4958680560626983,0.2512470171327215,0.003423902482564134,0.9883122096428325,sr_pds,sr_pds,"[('cubic', 0, 1)]","[('int', 3, 6)]","[('cubic', 0, 1)]","[('int', 3, 6)]","{('cubic', 0, 1): 4.992070377000964}","{('int', 3, 6): 2.09718441616832}",dgp8,sr_pds,Weak NL conf. (dummies),SR-PDS,0.5
394,False,0.7543385348923158,0.2811657697887075,0.20325362610644915,1.3054234436781824,sr_pds,sr_pds,"[('cubic', 0, 1)]","[('int', 3, 6)]","[('cubic', 0, 1)]","[('int', 3, 6)]","{('cubic', 0, 1): 4.941638022650264}","{('int', 3, 6): 2.2401585226985317}",dgp8,sr_pds,Weak NL conf. (dummies),SR-PDS,0.5
395,False,0.45160234349947154,0.15107276663379673,0.15549972089722996,0.7477049661017131,sr_pds,sr_pds,"[('cubic', 0, 1), ('log', 2, None)]","[('int', 3, 6)]","[('cubic', 0, 1), ('log', 2, None)]","[('int', 3, 6)]","{('cubic', 0, 1): 5.017289813623871, ('log', 2, None): -4.8486313782172035}","{('int', 3, 6): 2.343192283363813}",dgp8,sr_pds,Weak NL conf. (dummies),SR-PDS,0.5
396,False,0.46451126044239116,0.046937578072002405,0.37251360742126643,0.5565089134635158,sr_pds,sr_pds,"[('cubic', 0, 1), ('int', 3, 4), ('log', 2, None)]","[('int', 3, 6)]","[('cubic', 0, 1), ('int', 3, 4), ('log', 2, None)]","[('int', 3, 6)]","{('cubic', 0, 1): 4.9900135206786995, ('int', 3, 4): 3.0270698625964365, ('log', 2, None): -4.989629178198222}","{('int', 3, 6): 1.9799000490076646}",dgp8,sr_pds,Weak NL conf. (dummies),SR-PDS,0.5
397,False,0.5885909504219062,0.14242284111345974,0.30944218183952515,0.8677397190042873,sr_pds,sr_pds,"[('cubic', 0, 1), ('log', 2, None)]","[('int', 3, 6)]","[('cubic', 0, 1), ('log', 2, None)]","[('int', 3, 6)]","{('cubic', 0, 1): 5.021630597256387, ('log', 2, None): -5.18487112173055}","{('int', 3, 6): 1.8935411868955874}",dgp8,sr_pds,Weak NL conf. (dummies),SR-PDS,0.5
398,False,0.5192541716014836,0.2726788803106469,-0.015196433807384335,1.0537047770103514,sr_pds,sr_pds,"[('cubic', 0, 1)]","[('int', 3, 6)]","[('cubic', 0, 1)]","[('int', 3, 6)]","{('cubic', 0, 1): 4.892747764203237}","{('int', 3, 6): 1.686359793118164}",dgp8,sr_pds,Weak NL conf. (dummies),SR-PDS,0.5
399,False,0.7068008075190055,0.31628093955506814,0.08689016599107202,1.3267114490469392,sr_pds,sr_pds,"[('cubic', 0, 1)]","[('int', 3, 6)]","[('cubic', 0, 1)]","[('int', 3, 6)]","{('cubic', 0, 1): 4.9349909047111025}","{('int', 3, 6): 1.8295299968221426}",dgp8,sr_pds,Weak NL conf. (dummies),SR-PDS,0.5
400,False,0.44576828455699347,0.30177333276196405,-0.14570744765645605,1.037244016770443,sr_pds,sr_pds,"[('cubic', 0, 1)]","[('int', 3, 6)]","[('cubic', 0, 1)]","[('int', 3, 6)]","{('cubic', 0, 1): 4.846216433316162}","{('int', 3, 6): 2.2393599544775804}",dgp8,sr_pds,Weak NL conf. (dummies),SR-PDS,0.5
401,False,0.0957969190910282,0.3754736455049518,-0.6401314260986773,0.8317252642807337,sr_pds,sr_pds,[],"[('int', 3, 6)]",[],"[('int', 3, 6)]",{},"{('int', 3, 6): 2.5912709050622356}",dgp8,sr_pds,Weak NL conf. (dummies),SR-PDS,0.5
402,False,0.38088115698986996,0.30538281497557984,-0.21766916036226652,0.9794314743420065,sr_pds,sr_pds,"[('cubic', 0, 1)]","[('int', 3, 6)]","[('cubic', 0, 1)]","[('int', 3, 6)]","{('cubic', 0, 1): 5.001351611886617}","{('int', 3, 6): 1.9820288589703368}",dgp8,sr_pds,Weak NL conf. (dummies),SR-PDS,0.5
403,False,0.3259204061881145,0.2585617737057727,-0.18086067027519998,0.832701482651429,sr_pds,sr_pds,"[('cubic', 0, 1)]","[('int', 3, 6)]","[('cubic', 0, 1)]","[('int', 3, 6)]","{('cubic', 0, 1): 5.138699024462743}","{('int', 3, 6): 2.068511105384427}",dgp8,sr_pds,Weak NL conf. (dummies),SR-PDS,0.5
404,False,0.3766591102727939,0.12228463494485027,0.1369812257808874,0.6163369947647004,sr_pds,sr_pds,"[('cubic', 0, 1), ('log', 2, None)]","[('int', 3, 6)]","[('cubic', 0, 1), ('log', 2, None)]","[('int', 3, 6)]","{('cubic', 0, 1): 5.069737145696852, ('log', 2, None): -5.164225688225743}","{('int', 3, 6): 1.707610262123107}",dgp8,sr_pds,Weak NL conf. (dummies),SR-PDS,0.5
405,False,0.6305238680706368,0.13519031510623888,0.36555085046240854,0.895496885678865,sr_pds,sr_pds,"[('cubic', 0, 1), ('log', 2, None)]","[('int', 3, 6)]","[('cubic', 0, 1), ('log', 2, None)]","[('int', 3, 6)]","{('cubic', 0, 1): 5.036115046481838, ('log', 2, None): -4.870428032754562}","{('int', 3, 6): 1.6039521179227045}",dgp8,sr_pds,Weak NL conf. (dummies),SR-PDS,0.5
406,False,0.5824577503635755,0.2942286411931818,0.005769613624939107,1.1591458871022118,sr_pds,sr_pds,"[('cubic', 0, 1)]","[('int', 3, 6)]","[('cubic', 0, 1)]","[('int', 3, 6)]","{('cubic', 0, 1): 4.868140807147815}","{('int', 3, 6): 2.0918653134341607}",dgp8,sr_pds,Weak NL conf. (dummies),SR-PDS,0.5
407,False,0.23828702685132597,0.28323129305961253,-0.31684630754551457,0.7934203612481665,sr_pds,sr_pds,"[('cubic', 0, 1)]","[('int', 3, 6)]","[('cubic', 0, 1)]","[('int', 3, 6)]","{('cubic', 0, 1): 5.370532919124671}","{('int', 3, 6): 1.6771745399384657}",dgp8,sr_pds,Weak NL conf. (dummies),SR-PDS,0.5
408,False,0.4585000082215465,0.041813496016391866,0.37654555602941847,0.5404544604136746,sr_pds,sr_pds,"[('cubic', 0, 1), ('int', 3, 4), ('log', 2, None)]","[('int', 3, 6)]","[('cubic', 0, 1), ('int', 3, 4), ('log', 2, None)]","[('int', 3, 6)]","{('cubic', 0, 1): 5.020928740119951, ('int', 3, 4): 3.0365168046345183, ('log', 2, None): -5.03013975286981}","{('int', 3, 6): 2.09413827789429}",dgp8,sr_pds,Weak NL conf. (dummies),SR-PDS,0.5
409,False,0.7951700721044374,0.2836960334703167,0.2391258465026167,1.351214297706258,sr_pds,sr_pds,"[('cubic', 0, 1), ('int', 0, 1)]","[('int', 3, 6)]","[('cubic', 0, 1), ('int', 0, 1)]","[('int', 3, 6)]","{('cubic', 0, 1): 5.614310288752374, ('int', 0, 1): 0.6041441606070562}","{('int', 3, 6): 1.4160359321005458}",dgp8,sr_pds,Weak NL conf. (dummies),SR-PDS,0.5
410,False,1.145509728444979,0.15548610422147596,0.8407569641708861,1.4502624927190717,sr_pds,sr_pds,"[('cubic', 0, 1), ('log', 2, None)]",[],"[('cubic', 0, 1), ('log', 2, None)]",[],"{('cubic', 0, 1): 4.9717814185158975, ('log', 2, None): -5.045331067824836}",{},dgp8,sr_pds,Weak NL conf. (dummies),SR-PDS,0.5
411,False,0.39244680451027747,0.2565664807083817,-0.11042349767815063,0.8953171066987056,sr_pds,sr_pds,"[('cubic', 0, 1), ('int', 3, 6)]","[('int', 3, 6)]","[('cubic', 0, 1), ('int', 3, 6)]","[('int', 3, 6)]","{('cubic', 0, 1): 5.1602579767411925, ('int', 3, 6): 2.3644108350537323}","{('int', 3, 6): 2.3644108350537323}",dgp8,sr_pds,Weak NL conf. (dummies),SR-PDS,0.5
412,False,0.23531245412847498,0.27309503429168036,-0.29995381308321845,0.7705787213401685,sr_pds,sr_pds,"[('cubic', 0, 1)]","[('int', 3, 6)]","[('cubic', 0, 1)]","[('int', 3, 6)]","{('cubic', 0, 1): 4.816590468616872}","{('int', 3, 6): 1.4503451401234917}",dgp8,sr_pds,Weak NL conf. (dummies),SR-PDS,0.5
413,False,0.5147953367555328,0.147539348983167,0.22561821274852545,0.8039724607625401,sr_pds,sr_pds,"[('cubic', 0, 1), ('log', 2, None)]","[('int', 3, 6)]","[('cubic', 0, 1), ('log', 2, None)]","[('int', 3, 6)]","{('cubic', 0, 1): 4.920079867841249, ('log', 2, None): -4.813167053648321}","{('int', 3, 6): 1.7818108577346303}",dgp8,sr_pds,Weak NL conf. (dummies),SR-PDS,0.5
414,False,-0.13147858995307102,0.31280491068705796,-0.7445762148997046,0.4816190349935625,sr_pds,sr_pds,"[('cubic', 0, 1)]","[('int', 3, 6)]","[('cubic', 0, 1)]","[('int', 3, 6)]","{('cubic', 0, 1): 4.9680083162941395}","{('int', 3, 6): 2.078495725102638}",dgp8,sr_pds,Weak NL conf. (dummies),SR-PDS,0.5
415,False,0.382602906844957,0.1409699315908846,0.10630184092682315,0.6589039727630909,sr_pds,sr_pds,"[('cubic', 0, 1), ('int', 3, 6), ('log', 2, None)]","[('int', 3, 6)]","[('cubic', 0, 1), ('int', 3, 6), ('log', 2, None)]","[('int', 3, 6)]","{('cubic', 0, 1): 5.135523653485951, ('int', 3, 6): 2.0003413642544112, ('log', 2, None): -5.061142553414012}","{('int', 3, 6): 2.0003413642544112}",dgp8,sr_pds,Weak NL conf. (dummies),SR-PDS,0.5
416,False,0.7592582983206289,0.32314117652682234,0.1259015923280571,1.3926150043132006,sr_pds,sr_pds,"[('cubic', 0, 1)]","[('int', 3, 6)]","[('cubic', 0, 1)]","[('int', 3, 6)]","{('cubic', 0, 1): 4.866631329186754}","{('int', 3, 6): 1.9067162941920865}",dgp8,sr_pds,Weak NL conf. (dummies),SR-PDS,0.5
417,False,0.5556442288107262,0.2892565705458118,-0.011298649459064891,1.1225871070805171,sr_pds,sr_pds,"[('cubic', 0, 1)]","[('int', 3, 6)]","[('cubic', 0, 1)]","[('int', 3, 6)]","{('cubic', 0, 1): 4.967355820382352}","{('int', 3, 6): 1.9980623400898214}",dgp8,sr_pds,Weak NL conf. (dummies),SR-PDS,0.5
418,False,0.27277200058403006,0.2730172499653931,-0.26234180934814044,0.8078858105162006,sr_pds,sr_pds,"[('cubic', 0, 1)]","[('int', 3, 6)]","[('cubic', 0, 1)]","[('int', 3, 6)]","{('cubic', 0, 1): 5.4826067501710565}","{('int', 3, 6): 2.477318527419261}",dgp8,sr_pds,Weak NL conf. (dummies),SR-PDS,0.5
419,False,0.4203301207229555,0.30136804292023267,-0.1703512434007005,1.0110114848466116,sr_pds,sr_pds,"[('cubic', 0, 1)]","[('int', 3, 6)]","[('cubic', 0, 1)]","[('int', 3, 6)]","{('cubic', 0, 1): 4.832545163710364}","{('int', 3, 6): 2.075559817605844}",dgp8,sr_pds,Weak NL conf. (dummies),SR-PDS,0.5
420,False,0.42158245608337497,0.30533664605636107,-0.1768773701870927,1.0200422823538426,sr_pds,sr_pds,"[('cubic', 0, 1)]","[('int', 3, 6)]","[('cubic', 0, 1)]","[('int', 3, 6)]","{('cubic', 0, 1): 4.736847081002117}","{('int', 3, 6): 1.7756782708177294}",dgp8,sr_pds,Weak NL conf. (dummies),SR-PDS,0.5
421,False,0.2200499841610763,0.3078571173762231,-0.38334996589632103,0.8234499342184736,sr_pds,sr_pds,"[('cubic', 0, 1), ('sqrt', 7, None)]","[('int', 3, 6)]","[('cubic', 0, 1)]","[('int', 3, 6)]","{('cubic', 0, 1): 5.010738593382903}","{('int', 3, 6): 1.892122175973426}",dgp8,sr_pds,Weak NL conf. (dummies),SR-PDS,0.5
422,False,0.760075004962048,0.19946289015667884,0.36912774025495754,1.1510222696691386,sr_pds,sr_pds,"[('cubic', 0, 1), ('sqrt', 2, None)]","[('int', 3, 6)]","[('cubic', 0, 1), ('sqrt', 2, None)]","[('int', 3, 6)]","{('cubic', 0, 1): 5.2849191266535565, ('sqrt', 2, None): -15.202227773491618}","{('int', 3, 6): 2.1498994492735424}",dgp8,sr_pds,Weak NL conf. (dummies),SR-PDS,0.5
423,False,0.8554730698069262,0.28904085956498377,0.288952985059558,1.4219931545542943,sr_pds,sr_pds,"[('cubic', 0, 1)]","[('int', 3, 6)]","[('cubic', 0, 1)]","[('int', 3, 6)]","{('cubic', 0, 1): 4.974430062998263}","{('int', 3, 6): 2.4816626082590374}",dgp8,sr_pds,Weak NL conf. (dummies),SR-PDS,0.5
424,False,0.14470978779859422,0.28807767474573276,-0.419922454703042,0.7093420303002305,sr_pds,sr_pds,"[('cubic', 0, 1)]","[('int', 3, 6)]","[('cubic', 0, 1)]","[('int', 3, 6)]","{('cubic', 0, 1): 5.0937822886545066}","{('int', 3, 6): 2.34968796576176}",dgp8,sr_pds,Weak NL conf. (dummies),SR-PDS,0.5
425,False,0.35917431115061915,0.13774445472602737,0.0891951798876055,0.6291534424136328,sr_pds,sr_pds,"[('cubic', 0, 1), ('log', 2, None)]","[('int', 3, 6)]","[('cubic', 0, 1), ('log', 2, None)]","[('int', 3, 6)]","{('cubic', 0, 1): 5.128502447615388, ('log', 2, None): -4.925782257523248}","{('int', 3, 6): 1.8453083915876498}",dgp8,sr_pds,Weak NL conf. (dummies),SR-PDS,0.5
426,False,0.9123015023548147,0.22971102504668836,0.4620678932633055,1.3625351114463238,sr_pds,sr_pds,"[('cubic', 0, 1)]","[('int', 3, 6)]","[('cubic', 0, 1)]","[('int', 3, 6)]","{('cubic', 0, 1): 4.992555872807474}","{('int', 3, 6): 2.1448041333552332}",dgp8,sr_pds,Weak NL conf. (dummies),SR-PDS,0.5
427,False,1.1933990414086513,0.1524759209558826,0.8945462363351213,1.4922518464821812,sr_pds,sr_pds,"[('cubic', 0, 1), ('log', 2, None)]",[],"[('cubic', 0, 1), ('log', 2, None)]",[],"{('cubic', 0, 1): 4.942911277104512, ('log', 2, None): -4.720373707774204}",{},dgp8,sr_pds,Weak NL conf. (dummies),SR-PDS,0.5
428,False,0.391918291225583,0.2935586398312617,-0.18345664284368984,0.9672932252948558,sr_pds,sr_pds,"[('cubic', 0, 1)]","[('int', 3, 6)]","[('cubic', 0, 1)]","[('int', 3, 6)]","{('cubic', 0, 1): 5.041515405637984}","{('int', 3, 6): 3.1391694644651547}",dgp8,sr_pds,Weak NL conf. (dummies),SR-PDS,0.5
429,False,0.3203699010160024,0.2830939387752771,-0.23449421898354073,0.8752340210155455,sr_pds,sr_pds,"[('cubic', 0, 1)]","[('int', 3, 6)]","[('cubic', 0, 1)]","[('int', 3, 6)]","{('cubic', 0, 1): 5.172563795060273}","{('int', 3, 6): 1.8650738848068322}",dgp8,sr_pds,Weak NL conf. (dummies),SR-PDS,0.5
430,False,0.2718183767275941,0.18212248766764197,-0.08514169910098413,0.6287784525561724,sr_pds,sr_pds,"[('cubic', 0, 1), ('sqrt', 2, None)]","[('int', 3, 6)]","[('cubic', 0, 1), ('sqrt', 2, None)]","[('int', 3, 6)]","{('cubic', 0, 1): 5.188334807085526, ('sqrt', 2, None): -14.454213675617098}","{('int', 3, 6): 2.2144994921161487}",dgp8,sr_pds,Weak NL conf. (dummies),SR-PDS,0.5
431,False,1.0322160454502483,0.33478508406870017,0.37603728067559594,1.6883948102249007,sr_pds,sr_pds,"[('cubic', 0, 1)]","[('int', 3, 6)]","[('cubic', 0, 1)]","[('int', 3, 6)]","{('cubic', 0, 1): 4.723454236504042}","{('int', 3, 6): 1.9125838691171682}",dgp8,sr_pds,Weak NL conf. (dummies),SR-PDS,0.5
432,False,0.4214913832059516,0.3163784868958827,-0.19861045110997855,1.0415932175218816,sr_pds,sr_pds,"[('cubic', 0, 1)]","[('int', 3, 6)]","[('cubic', 0, 1)]","[('int', 3, 6)]","{('cubic', 0, 1): 4.83650317522213}","{('int', 3, 6): 2.2843431649326154}",dgp8,sr_pds,Weak NL conf. (dummies),SR-PDS,0.5
433,False,0.5543186107530517,0.31910978342386004,-0.07113656475771402,1.1797737862638173,sr_pds,sr_pds,"[('cubic', 0, 1)]","[('int', 3, 6)]","[('cubic', 0, 1)]","[('int', 3, 6)]","{('cubic', 0, 1): 4.853415861736705}","{('int', 3, 6): 1.9342415614579112}",dgp8,sr_pds,Weak NL conf. (dummies),SR-PDS,0.5
434,False,0.5763812041449107,0.2855228760723172,0.016756367043168963,1.1360060412466524,sr_pds,sr_pds,"[('cubic', 0, 1)]","[('int', 3, 6)]","[('cubic', 0, 1)]","[('int', 3, 6)]","{('cubic', 0, 1): 5.076060104712178}","{('int', 3, 6): 1.02830770893826}",dgp8,sr_pds,Weak NL conf. (dummies),SR-PDS,0.5
435,False,0.6306029940470074,0.1365079467713286,0.3630474183752033,0.8981585697188115,sr_pds,sr_pds,"[('cubic', 0, 1), ('log', 2, None)]","[('int', 3, 6)]","[('cubic', 0, 1), ('log', 2, None)]","[('int', 3, 6)]","{('cubic', 0, 1): 5.008816453362353, ('log', 2, None): -4.931642126131303}","{('int', 3, 6): 1.9519373597524396}",dgp8,sr_pds,Weak NL conf. (dummies),SR-PDS,0.5
436,False,0.37144499481475624,0.14329644427998015,0.09058396402599517,0.6523060256035174,sr_pds,sr_pds,"[('cubic', 0, 1), ('int', 3, 6), ('log', 2, None)]","[('int', 3, 6)]","[('cubic', 0, 1), ('int', 3, 6), ('log', 2, None)]","[('int', 3, 6)]","{('cubic', 0, 1): 4.882495384097061, ('int', 3, 6): 1.811488457964239, ('log', 2, None): -5.111055044975358}","{('int', 3, 6): 1.811488457964239}",dgp8,sr_pds,Weak NL conf. (dummies),SR-PDS,0.5
437,False,0.3299937921297033,0.2673635454454253,-0.19403875694333023,0.8540263412027369,sr_pds,sr_pds,"[('cubic', 0, 1), ('sq', 0, None)]","[('int', 3, 6)]","[('cubic', 0, 1), ('sq', 0, None)]","[('int', 3, 6)]","{('cubic', 0, 1): 5.016221797817427, ('sq', 0, None): -0.2124484415787075}","{('int', 3, 6): 1.8228091778608166}",dgp8,sr_pds,Weak NL conf. (dummies),SR-PDS,0.5
438,False,0.3789814446424344,0.13520361151250682,0.113982366077921,0.6439805232069478,sr_pds,sr_pds,"[('cubic', 0, 1), ('int', 3, 6), ('log', 2, None)]","[('int', 3, 6)]","[('cubic', 0, 1), ('int', 3, 6), ('log', 2, None)]","[('int', 3, 6)]","{('cubic', 0, 1): 5.042280044894045, ('int', 3, 6): 1.9000871360678904, ('log', 2, None): -5.213188166896908}","{('int', 3, 6): 1.9000871360678904}",dgp8,sr_pds,Weak NL conf. (dummies),SR-PDS,0.5
439,False,0.6837181188490079,0.28537782529523714,0.12437758127034315,1.2430586564276727,sr_pds,sr_pds,"[('cubic', 0, 1)]","[('int', 3, 6)]","[('cubic', 0, 1)]","[('int', 3, 6)]","{('cubic', 0, 1): 4.825131378321854}","{('int', 3, 6): 1.657500192795301}",dgp8,sr_pds,Weak NL conf. (dummies),SR-PDS,0.5
440,False,0.5469195637443003,0.2888418999256776,-0.019210560110027752,1.1130496875986284,sr_pds,sr_pds,"[('cubic', 0, 1)]","[('int', 3, 6)]","[('cubic', 0, 1)]","[('int', 3, 6)]","{('cubic', 0, 1): 4.997793256283213}","{('int', 3, 6): 1.3139214809472863}",dgp8,sr_pds,Weak NL conf. (dummies),SR-PDS,0.5
441,False,0.3173415411880684,0.15257320576094185,0.018298057896622366,0.6163850244795144,sr_pds,sr_pds,"[('cubic', 0, 1), ('log', 2, None)]","[('int', 3, 6)]","[('cubic', 0, 1), ('log', 2, None)]","[('int', 3, 6)]","{('cubic', 0, 1): 4.901923306373915, ('log', 2, None): -4.813863365436338}","{('int', 3, 6): 1.9640621290211568}",dgp8,sr_pds,Weak NL conf. (dummies),SR-PDS,0.5
442,False,0.7927307690233164,0.3155597795694521,0.17423360106719032,1.4112279369794425,sr_pds,sr_pds,"[('cubic', 0, 1)]","[('int', 3, 6)]","[('cubic', 0, 1)]","[('int', 3, 6)]","{('cubic', 0, 1): 5.032916081579839}","{('int', 3, 6): 2.077945180669653}",dgp8,sr_pds,Weak NL conf. (dummies),SR-PDS,0.5
443,False,0.4302005448652118,0.12789363964982936,0.1795290111515463,0.6808720785788773,sr_pds,sr_pds,"[('cubic', 0, 1), ('log', 2, None)]","[('int', 3, 6)]","[('cubic', 0, 1), ('log', 2, None)]","[('int', 3, 6)]","{('cubic', 0, 1): 4.954582215028222, ('log', 2, None): -5.017991490886315}","{('int', 3, 6): 1.8021469685062579}",dgp8,sr_pds,Weak NL conf. (dummies),SR-PDS,0.5
444,False,0.04140026284697998,0.2923762943044367,-0.531657273989716,0.6144577996836759,sr_pds,sr_pds,"[('cubic', 0, 1)]","[('int', 3, 6)]","[('cubic', 0, 1)]","[('int', 3, 6)]","{('cubic', 0, 1): 4.852451519262412}","{('int', 3, 6): 2.3342913934022884}",dgp8,sr_pds,Weak NL conf. (dummies),SR-PDS,0.5
445,False,0.40677333533515453,0.32014963539165614,-0.2207199500324915,1.0342666207028006,sr_pds,sr_pds,"[('cubic', 0, 1)]","[('int', 3, 6)]","[('cubic', 0, 1)]","[('int', 3, 6)]","{('cubic', 0, 1): 5.092868673119509}","{('int', 3, 6): 2.118878042743998}",dgp8,sr_pds,Weak NL conf. (dummies),SR-PDS,0.5
446,False,0.3817314800093092,0.26580064312723556,-0.13923778052007246,0.9027007405386909,sr_pds,sr_pds,"[('cubic', 0, 1)]","[('int', 3, 6)]","[('cubic', 0, 1)]","[('int', 3, 6)]","{('cubic', 0, 1): 4.857919155464807}","{('int', 3, 6): 2.4028069998336337}",dgp8,sr_pds,Weak NL conf. (dummies),SR-PDS,0.5
447,False,0.34181835182139,0.2813350081924779,-0.2095982642358667,0.8932349678786466,sr_pds,sr_pds,"[('cubic', 0, 1)]","[('int', 3, 6)]","[('cubic', 0, 1)]","[('int', 3, 6)]","{('cubic', 0, 1): 4.711897622515411}","{('int', 3, 6): 1.8506170423775739}",dgp8,sr_pds,Weak NL conf. (dummies),SR-PDS,0.5
448,False,0.3029338418346131,0.3126591781416874,-0.3098781473230942,0.9157458309923203,sr_pds,sr_pds,"[('cubic', 0, 1)]","[('int', 3, 6)]","[('cubic', 0, 1)]","[('int', 3, 6)]","{('cubic', 0, 1): 5.035265664635121}","{('int', 3, 6): 1.8947294983749179}",dgp8,sr_pds,Weak NL conf. (dummies),SR-PDS,0.5
449,False,0.5631263806587923,0.1491971046445895,0.2707000555553969,0.8555527057621877,sr_pds,sr_pds,"[('cubic', 0, 1), ('log', 2, None)]","[('int', 3, 6)]","[('cubic', 0, 1), ('log', 2, None)]","[('int', 3, 6)]","{('cubic', 0, 1): 4.820317264458405, ('log', 2, None): -5.038802557097918}","{('int', 3, 6): 1.5619646835710312}",dgp8,sr_pds,Weak NL conf. (dummies),SR-PDS,0.5
450,False,0.658907911455484,0.14606090293340834,0.3726285417060036,0.9451872812049644,sr_pds,sr_pds,"[('cubic', 0, 1), ('log', 2, None)]","[('int', 3, 6)]","[('cubic', 0, 1), ('log', 2, None)]","[('int', 3, 6)]","{('cubic', 0, 1): 4.975717171681512, ('log', 2, None): -5.047039884553359}","{('int', 3, 6): 1.7094474247452056}",dgp8,sr_pds,Weak NL conf. (dummies),SR-PDS,0.5
451,False,0.19842709888540466,0.25907055922202127,-0.309351197189757,0.7062053949605663,sr_pds,sr_pds,"[('cubic', 0, 1)]","[('int', 3, 6)]","[('cubic', 0, 1)]","[('int', 3, 6)]","{('cubic', 0, 1): 4.6624001054413275}","{('int', 3, 6): 1.9860879856601927}",dgp8,sr_pds,Weak NL conf. (dummies),SR-PDS,0.5
452,False,0.46409929880089756,0.2566266744573168,-0.03888898313544337,0.9670875807372386,sr_pds,sr_pds,"[('cubic', 0, 1)]","[('int', 3, 6)]","[('cubic', 0, 1)]","[('int', 3, 6)]","{('cubic', 0, 1): 5.009138996529552}","{('int', 3, 6): 1.605687444555002}",dgp8,sr_pds,Weak NL conf. (dummies),SR-PDS,0.5
453,False,0.45480096235351936,0.1264974819622508,0.2068658977075078,0.7027360269995309,sr_pds,sr_pds,"[('cubic', 0, 1), ('log', 2, None)]","[('int', 3, 6)]","[('cubic', 0, 1), ('log', 2, None)]","[('int', 3, 6)]","{('cubic', 0, 1): 4.980431966313738, ('log', 2, None): -4.853373711968066}","{('int', 3, 6): 2.4778754298997594}",dgp8,sr_pds,Weak NL conf. (dummies),SR-PDS,0.5
454,False,0.3651487693996014,0.27734015329225514,-0.1784379310532187,0.9087354698524215,sr_pds,sr_pds,"[('cubic', 0, 1)]","[('int', 3, 6)]","[('cubic', 0, 1)]","[('int', 3, 6)]","{('cubic', 0, 1): 4.960555405861406}","{('int', 3, 6): 2.074964698576019}",dgp8,sr_pds,Weak NL conf. (dummies),SR-PDS,0.5
455,False,0.24902263945969577,0.16347792475241457,-0.0713940930550368,0.5694393719744284,sr_pds,sr_pds,"[('cubic', 0, 1), ('log', 2, None)]","[('int', 3, 6)]","[('cubic', 0, 1), ('log', 2, None)]","[('int', 3, 6)]","{('cubic', 0, 1): 4.881889284298865, ('log', 2, None): -5.0887410608387285}","{('int', 3, 6): 1.721924897485001}",dgp8,sr_pds,Weak NL conf. (dummies),SR-PDS,0.5
456,False,0.4982827459204312,0.25341923591709536,0.0015810435229243192,0.9949844483179381,sr_pds,sr_pds,"[('cubic', 0, 1)]","[('int', 3, 6)]","[('cubic', 0, 1)]","[('int', 3, 6)]","{('cubic', 0, 1): 5.469781116047527}","{('int', 3, 6): 1.5874372486554416}",dgp8,sr_pds,Weak NL conf. (dummies),SR-PDS,0.5
457,False,0.6075908730180641,0.13273982188334066,0.34742082212671643,0.8677609239094118,sr_pds,sr_pds,"[('cubic', 0, 1), ('int', 3, 6), ('log', 2, None)]","[('int', 3, 6)]","[('cubic', 0, 1), ('int', 3, 6), ('log', 2, None)]","[('int', 3, 6)]","{('cubic', 0, 1): 5.003335134025881, ('int', 3, 6): 1.8813099383362755, ('log', 2, None): -5.010790480975528}","{('int', 3, 6): 1.8813099383362755}",dgp8,sr_pds,Weak NL conf. (dummies),SR-PDS,0.5
458,False,0.6180433912539716,0.14051647122997118,0.34263110764322807,0.8934556748647151,sr_pds,sr_pds,"[('cubic', 0, 1), ('log', 2, None)]","[('int', 3, 6)]","[('cubic', 0, 1), ('log', 2, None)]","[('int', 3, 6)]","{('cubic', 0, 1): 4.915699514935041, ('log', 2, None): -5.091351973522999}","{('int', 3, 6): 1.8678341570822314}",dgp8,sr_pds,Weak NL conf. (dummies),SR-PDS,0.5
459,False,-0.06327315765349602,0.3088167540080862,-0.668553995509345,0.5420076802023529,sr_pds,sr_pds,"[('cubic', 0, 1)]","[('int', 3, 6)]","[('cubic', 0, 1)]","[('int', 3, 6)]","{('cubic', 0, 1): 4.911022571775782}","{('int', 3, 6): 1.6524203688956132}",dgp8,sr_pds,Weak NL conf. (dummies),SR-PDS,0.5
460,False,0.5878635666969129,0.36828678484656746,-0.1339785316023594,1.3097056649961851,sr_pds,sr_pds,"[('cubic', 0, 1)]","[('int', 3, 6)]","[('cubic', 0, 1)]","[('int', 3, 6)]","{('cubic', 0, 1): 4.548852067114244}","{('int', 3, 6): 1.8273367587999456}",dgp8,sr_pds,Weak NL conf. (dummies),SR-PDS,0.5
461,False,1.254195844618613,0.307294521530002,0.6518985824198091,1.8564931068174169,sr_pds,sr_pds,"[('cubic', 0, 1)]","[('int', 19, 22), ('int', 19, 24)]","[('cubic', 0, 1)]","[('int', 19, 22), ('int', 19, 24)]","{('cubic', 0, 1): 4.779066643037873}","{('int', 19, 22): -0.6176624716159863, ('int', 19, 24): -0.3438179575844711}",dgp8,sr_pds,Weak NL conf. (dummies),SR-PDS,0.5
462,False,0.178863671611399,0.2703023173636531,-0.35092887042136117,0.7086562136441592,sr_pds,sr_pds,"[('cubic', 0, 1)]","[('int', 3, 6)]","[('cubic', 0, 1)]","[('int', 3, 6)]","{('cubic', 0, 1): 4.8828408058165405}","{('int', 3, 6): 2.2505473185925404}",dgp8,sr_pds,Weak NL conf. (dummies),SR-PDS,0.5
463,False,0.3697459129477277,0.13792159756780073,0.09941958171483828,0.640072244180617,sr_pds,sr_pds,"[('cubic', 0, 1), ('log', 2, None)]","[('int', 3, 6)]","[('cubic', 0, 1), ('log', 2, None)]","[('int', 3, 6)]","{('cubic', 0, 1): 4.966828629459382, ('log', 2, None): -5.054960370181375}","{('int', 3, 6): 1.9595902816397204}",dgp8,sr_pds,Weak NL conf. (dummies),SR-PDS,0.5
464,False,0.5727353626544661,0.12405126948975534,0.32959487445454566,0.8158758508543866,sr_pds,sr_pds,"[('cubic', 0, 1), ('log', 2, None)]","[('int', 3, 6)]","[('cubic', 0, 1), ('log', 2, None)]","[('int', 3, 6)]","{('cubic', 0, 1): 4.913607809684753, ('log', 2, None): -4.964088345873119}","{('int', 3, 6): 2.1204490340469664}",dgp8,sr_pds,Weak NL conf. (dummies),SR-PDS,0.5
465,False,-0.17504654668151182,0.3168576470498078,-0.796087534899135,0.4459944415361114,sr_pds,sr_pds,"[('cubic', 0, 1)]","[('int', 3, 6)]","[('cubic', 0, 1)]","[('int', 3, 6)]","{('cubic', 0, 1): 5.193211677043614}","{('int', 3, 6): 2.0608491447357746}",dgp8,sr_pds,Weak NL conf. (dummies),SR-PDS,0.5
466,False,0.6717085143030662,0.32248965026029236,0.03962879979289324,1.3037882288132392,sr_pds,sr_pds,"[('cubic', 0, 1)]","[('int', 3, 6)]","[('cubic', 0, 1)]","[('int', 3, 6)]","{('cubic', 0, 1): 4.982017446306729}","{('int', 3, 6): 2.3431774245540957}",dgp8,sr_pds,Weak NL conf. (dummies),SR-PDS,0.5
467,False,0.21880430351012004,0.2771087440992485,-0.324328834924407,0.7619374419446471,sr_pds,sr_pds,"[('cubic', 0, 1)]","[('int', 3, 6)]","[('cubic', 0, 1)]","[('int', 3, 6)]","{('cubic', 0, 1): 4.8135689344004655}","{('int', 3, 6): 1.8909167271534635}",dgp8,sr_pds,Weak NL conf. (dummies),SR-PDS,0.5
468,False,0.2545112870153499,0.24021855201016568,-0.2163170749245748,0.7253396489552746,sr_pds,sr_pds,"[('cubic', 0, 1)]","[('int', 3, 6)]","[('cubic', 0, 1)]","[('int', 3, 6)]","{('cubic', 0, 1): 4.8113822957764745}","{('int', 3, 6): 2.0106215115601738}",dgp8,sr_pds,Weak NL conf. (dummies),SR-PDS,0.5
469,False,0.17356778571525736,0.25621208744725105,-0.3286079056813547,0.6757434771118693,sr_pds,sr_pds,"[('cubic', 0, 1)]","[('int', 3, 6)]","[('cubic', 0, 1)]","[('int', 3, 6)]","{('cubic', 0, 1): 5.059488371306614}","{('int', 3, 6): 2.2603359419812046}",dgp8,sr_pds,Weak NL conf. (dummies),SR-PDS,0.5
470,False,0.5352897827118857,0.0436189834651689,0.4497965751201546,0.6207829903036167,sr_pds,sr_pds,"[('cubic', 0, 1), ('int', 3, 4), ('log', 2, None)]","[('int', 3, 6)]","[('cubic', 0, 1), ('int', 3, 4), ('log', 2, None)]","[('int', 3, 6)]","{('cubic', 0, 1): 5.028550554373891, ('int', 3, 4): 3.0350627436142226, ('log', 2, None): -4.916675999297711}","{('int', 3, 6): 1.9812093467910645}",dgp8,sr_pds,Weak NL conf. (dummies),SR-PDS,0.5
471,False,0.7445029721082593,0.2597520766157807,0.2353889019413291,1.2536170422751896,sr_pds,sr_pds,"[('cubic', 0, 1)]","[('int', 3, 6)]","[('cubic', 0, 1)]","[('int', 3, 6)]","{('cubic', 0, 1): 4.407050205954842}","{('int', 3, 6): 1.7706048188271448}",dgp8,sr_pds,Weak NL conf. (dummies),SR-PDS,0.5
472,False,0.38267910869011534,0.2535425333686471,-0.11426425671243301,0.8796224740926637,sr_pds,sr_pds,"[('log', 2, None)]","[('int', 3, 6)]","[('log', 2, None)]","[('int', 3, 6)]","{('log', 2, None): -5.111061208951989}","{('int', 3, 6): 2.448632060382437}",dgp8,sr_pds,Weak NL conf. (dummies),SR-PDS,0.5
473,False,0.7749483767433156,0.2123956608438957,0.3586528814892801,1.1912438719973513,sr_pds,sr_pds,"[('int', 3, 4), ('int', 4, 37), ('log', 2, None)]","[('int', 3, 6)]","[('int', 3, 4), ('int', 4, 37), ('log', 2, None)]","[('int', 3, 6)]","{('int', 3, 4): 3.046097384117193, ('int', 4, 37): -0.15993292727888642, ('log', 2, None): -5.029352060394222}","{('int', 3, 6): 1.8236056947439174}",dgp8,sr_pds,Weak NL conf. (dummies),SR-PDS,0.5
474,False,0.9857666491237239,0.2713112450032492,0.4539966089173555,1.5175366893300923,sr_pds,sr_pds,"[('cubic', 0, 1)]","[('int', 3, 6)]","[('cubic', 0, 1)]","[('int', 3, 6)]","{('cubic', 0, 1): 4.770884835036403}","{('int', 3, 6): 1.966049999035214}",dgp8,sr_pds,Weak NL conf. (dummies),SR-PDS,0.5
475,False,0.7300184537940754,0.29223183062217967,0.15724406577460326,1.3027928418135475,sr_pds,sr_pds,"[('cubic', 0, 1)]","[('int', 3, 6)]","[('cubic', 0, 1)]","[('int', 3, 6)]","{('cubic', 0, 1): 4.802830408209128}","{('int', 3, 6): 1.5684554091802756}",dgp8,sr_pds,Weak NL conf. (dummies),SR-PDS,0.5
476,False,0.6438390507518119,0.13426820255061686,0.38067337375260285,0.9070047277510209,sr_pds,sr_pds,"[('cubic', 0, 1), ('log', 2, None)]","[('int', 3, 6)]","[('cubic', 0, 1), ('log', 2, None)]","[('int', 3, 6)]","{('cubic', 0, 1): 5.147369354141522, ('log', 2, None): -4.8189800100772775}","{('int', 3, 6): 1.7806397218356813}",dgp8,sr_pds,Weak NL conf. (dummies),SR-PDS,0.5
477,False,0.27802085322437686,0.1379695573679811,0.007600520783133891,0.5484411856656198,sr_pds,sr_pds,"[('cubic', 0, 1), ('log', 2, None)]","[('int', 3, 6)]","[('cubic', 0, 1), ('log', 2, None)]","[('int', 3, 6)]","{('cubic', 0, 1): 5.05540344937269, ('log', 2, None): -4.937033626044492}","{('int', 3, 6): 2.0399132739182764}",dgp8,sr_pds,Weak NL conf. (dummies),SR-PDS,0.5
478,False,0.3319526868580194,0.3219240504910092,-0.2990184521043586,0.9629238258203974,sr_pds,sr_pds,"[('cubic', 0, 1)]","[('int', 3, 6)]","[('cubic', 0, 1)]","[('int', 3, 6)]","{('cubic', 0, 1): 5.34522573353577}","{('int', 3, 6): 1.7088938580921917}",dgp8,sr_pds,Weak NL conf. (dummies),SR-PDS,0.5
479,False,0.43998586164453546,0.2571534223812507,-0.06403484622271594,0.9440065695117869,sr_pds,sr_pds,"[('cubic', 0, 1)]","[('int', 3, 6)]","[('cubic', 0, 1)]","[('int', 3, 6)]","{('cubic', 0, 1): 4.889639249731113}","{('int', 3, 6): 1.9321622194878048}",dgp8,sr_pds,Weak NL conf. (dummies),SR-PDS,0.5
480,False,0.33881527478458084,0.1274664659912352,0.08898100144175985,0.5886495481274019,sr_pds,sr_pds,"[('cubic', 0, 1), ('log', 2, None)]","[('int', 3, 6)]","[('cubic', 0, 1), ('log', 2, None)]","[('int', 3, 6)]","{('cubic', 0, 1): 5.099076839973664, ('log', 2, None): -4.968042702781515}","{('int', 3, 6): 2.0009237246846068}",dgp8,sr_pds,Weak NL conf. (dummies),SR-PDS,0.5
481,False,0.030693976067468553,0.3094396882334081,-0.5758078128700113,0.6371957650049485,sr_pds,sr_pds,"[('cubic', 0, 1)]","[('int', 3, 6)]","[('cubic', 0, 1)]","[('int', 3, 6)]","{('cubic', 0, 1): 5.134458480238472}","{('int', 3, 6): 2.2281967080222502}",dgp8,sr_pds,Weak NL conf. (dummies),SR-PDS,0.5
482,False,0.12067051179413761,0.2764122168920714,-0.4210974333143223,0.6624384569025975,sr_pds,sr_pds,"[('cubic', 0, 1)]","[('int', 3, 6)]","[('cubic', 0, 1)]","[('int', 3, 6)]","{('cubic', 0, 1): 4.891373870684152}","{('int', 3, 6): 2.28647763508297}",dgp8,sr_pds,Weak NL conf. (dummies),SR-PDS,0.5
483,False,0.8315638368905469,0.2875962335533781,0.2678752191259258,1.395252454655168,sr_pds,sr_pds,"[('cubic', 0, 1)]","[('int', 3, 6)]","[('cubic', 0, 1)]","[('int', 3, 6)]","{('cubic', 0, 1): 4.900541549343791}","{('int', 3, 6): 1.7762911502811702}",dgp8,sr_pds,Weak NL conf. (dummies),SR-PDS,0.5
484,False,0.7312593397915174,0.32463951305595284,0.09496589420184975,1.3675527853811849,sr_pds,sr_pds,"[('cubic', 0, 1)]","[('int', 3, 6)]","[('cubic', 0, 1)]","[('int', 3, 6)]","{('cubic', 0, 1): 4.859773810512551}","{('int', 3, 6): 2.1461640094314114}",dgp8,sr_pds,Weak NL conf. (dummies),SR-PDS,0.5
485,False,0.43273462940119123,0.13278653400258084,0.1724730227561328,0.6929962360462496,sr_pds,sr_pds,"[('cubic', 0, 1), ('log', 2, None)]","[('int', 3, 6)]","[('cubic', 0, 1), ('log', 2, None)]","[('int', 3, 6)]","{('cubic', 0, 1): 5.0660579111949975, ('log', 2, None): -5.067657619328023}","{('int', 3, 6): 1.9646831157566385}",dgp8,sr_pds,Weak NL conf. (dummies),SR-PDS,0.5
486,False,0.7192131848632206,0.1400899327884288,0.44463691659790017,0.9937894531285411,sr_pds,sr_pds,"[('cubic', 0, 1), ('int', 0, 1), ('log', 2, None)]","[('int', 3, 6)]","[('cubic', 0, 1), ('log', 2, None)]","[('int', 3, 6)]","{('cubic', 0, 1): 5.058280424368858, ('log', 2, None): -5.096582371992764}","{('int', 3, 6): 1.7151198238827468}",dgp8,sr_pds,Weak NL conf. (dummies),SR-PDS,0.5
487,False,0.5214301989436306,0.415200553083261,-0.2923628850995609,1.335223282986822,sr_pds,sr_pds,"[('log', 2, None)]","[('int', 3, 6)]","[('log', 2, None)]","[('int', 3, 6)]","{('log', 2, None): -5.265867167771152}","{('int', 3, 6): 2.204013590970864}",dgp8,sr_pds,Weak NL conf. (dummies),SR-PDS,0.5
488,False,0.7834936061363738,0.27350652503271927,0.24742081707224395,1.3195663952005035,sr_pds,sr_pds,"[('cubic', 0, 1), ('int', 3, 6)]","[('int', 3, 6)]","[('cubic', 0, 1), ('int', 3, 6)]","[('int', 3, 6)]","{('cubic', 0, 1): 5.234830118110188, ('int', 3, 6): 2.3046194090673815}","{('int', 3, 6): 2.3046194090673815}",dgp8,sr_pds,Weak NL conf. (dummies),SR-PDS,0.5
489,False,0.761460505513931,0.284497953870456,0.20384451592783714,1.319076495100025,sr_pds,sr_pds,"[('cubic', 0, 1)]","[('int', 3, 6)]","[('cubic', 0, 1)]","[('int', 3, 6)]","{('cubic', 0, 1): 4.937108437045307}","{('int', 3, 6): 1.1954309840910868}",dgp8,sr_pds,Weak NL conf. (dummies),SR-PDS,0.5
490,False,0.6211560333350268,0.1494462020936487,0.32824147723147534,0.9140705894385782,sr_pds,sr_pds,"[('cubic', 0, 1), ('log', 2, None)]","[('int', 3, 6)]","[('cubic', 0, 1), ('log', 2, None)]","[('int', 3, 6)]","{('cubic', 0, 1): 5.033390959524661, ('log', 2, None): -5.310484030981096}","{('int', 3, 6): 1.9464332203027381}",dgp8,sr_pds,Weak NL conf. (dummies),SR-PDS,0.5
491,False,0.24742662188302544,0.14849466533805225,-0.04362292217955699,0.5384761659456079,sr_pds,sr_pds,"[('cubic', 0, 1), ('int', 3, 6), ('log', 2, None)]","[('int', 3, 6)]","[('cubic', 0, 1), ('int', 3, 6), ('log', 2, None)]","[('int', 3, 6)]","{('cubic', 0, 1): 4.890654793750471, ('int', 3, 6): 2.1365812606317243, ('log', 2, None): -5.049789814908577}","{('int', 3, 6): 2.1365812606317243}",dgp8,sr_pds,Weak NL conf. (dummies),SR-PDS,0.5
492,False,0.508166675921503,0.15017982901293447,0.21381421105615145,0.8025191407868546,sr_pds,sr_pds,"[('cubic', 0, 1), ('log', 2, None)]","[('int', 3, 6)]","[('cubic', 0, 1), ('log', 2, None)]","[('int', 3, 6)]","{('cubic', 0, 1): 5.021436497817008, ('log', 2, None): -4.705194292854679}","{('int', 3, 6): 2.19047114804365}",dgp8,sr_pds,Weak NL conf. (dummies),SR-PDS,0.5
493,False,0.5751080242276495,0.26496149865513247,0.055783486863589915,1.094432561591709,sr_pds,sr_pds,"[('cubic', 0, 1)]","[('int', 3, 6)]","[('cubic', 0, 1)]","[('int', 3, 6)]","{('cubic', 0, 1): 5.076046825557258}","{('int', 3, 6): 1.740298569769774}",dgp8,sr_pds,Weak NL conf. (dummies),SR-PDS,0.5
494,False,0.5822033511294838,0.4279312407477307,-0.2565418807360683,1.420948582995036,sr_pds,sr_pds,[],"[('int', 3, 6)]",[],"[('int', 3, 6)]",{},"{('int', 3, 6): 1.862047379439032}",dgp8,sr_pds,Weak NL conf. (dummies),SR-PDS,0.5
495,False,0.576481525805565,0.3057986147160737,-0.02288375903793949,1.1758468106490696,sr_pds,sr_pds,"[('cubic', 0, 1)]","[('int', 3, 6)]","[('cubic', 0, 1)]","[('int', 3, 6)]","{('cubic', 0, 1): 4.68345499512609}","{('int', 3, 6): 2.2756636020631937}",dgp8,sr_pds,Weak NL conf. (dummies),SR-PDS,0.5
496,False,0.4689493723289465,0.1376719569847467,0.19911233663884298,0.73878640801905,sr_pds,sr_pds,"[('cubic', 0, 1), ('log', 2, None)]","[('int', 3, 6)]","[('cubic', 0, 1), ('log', 2, None)]","[('int', 3, 6)]","{('cubic', 0, 1): 4.916204248660725, ('log', 2, None): -5.171233807176971}","{('int', 3, 6): 1.8506938328221614}",dgp8,sr_pds,Weak NL conf. (dummies),SR-PDS,0.5
497,False,0.6190101182932366,0.237309183130232,0.1538841193579819,1.0841361172284913,sr_pds,sr_pds,"[('cubic', 0, 1)]","[('int', 3, 6)]","[('cubic', 0, 1)]","[('int', 3, 6)]","{('cubic', 0, 1): 4.91166093164948}","{('int', 3, 6): 2.1121628659066323}",dgp8,sr_pds,Weak NL conf. (dummies),SR-PDS,0.5
498,False,0.4656849784509566,0.3378551783186597,-0.19651117105361637,1.1278811279555296,sr_pds,sr_pds,"[('cubic', 0, 1)]","[('int', 3, 6)]","[('cubic', 0, 1)]","[('int', 3, 6)]","{('cubic', 0, 1): 4.872205079751331}","{('int', 3, 6): 2.5281561759401012}",dgp8,sr_pds,Weak NL conf. (dummies),SR-PDS,0.5
499,False,0.29078461487755997,0.3211869213957956,-0.3387417510581993,0.9203109808133192,sr_pds,sr_pds,"[('cubic', 0, 1)]","[('int', 3, 6)]","[('cubic', 0, 1)]","[('int', 3, 6)]","{('cubic', 0, 1): 4.722738154851583}","{('int', 3, 6): 2.096763237400245}",dgp8,sr_pds,Weak NL conf. (dummies),SR-PDS,0.5
