eq_y,eq_d,loss_y,loss_d,terms_added,dict_size,n_selected,S_y,S_d,S_union
x2*2.9418473 + x3*2.0189266 + x4 - x5 + (x0 - x1 - x3)*5.0185847 - 0.031192988,x34*0.1458083,1.2519057,0.80374897,0,50,6,"[np.int64(0), np.int64(1), np.int64(2), np.int64(3), np.int64(4), np.int64(5)]",[],"[np.int64(0), np.int64(1), np.int64(2), np.int64(3), np.int64(4), np.int64(5)]"
-x1 + x4 - x5 + (x0 - x1 + (x2 - x3)*0.68184054)*4.4006524,(0.0949979903201536*x40**2)*x46,1.1861078,0.8176786,1,51,7,"[np.int64(0), np.int64(1), np.int64(2), np.int64(3), np.int64(4), np.int64(5)]",[np.int64(50)],"[np.int64(0), np.int64(1), np.int64(2), np.int64(3), np.int64(4), np.int64(5), np.int64(50)]"
x4 - x5 + (x0 + x0 - x1 - x1 + x2 - x3)*2.5851254,x33*0.11250326,1.1927321,0.82836646,0,50,6,"[np.int64(0), np.int64(1), np.int64(2), np.int64(3), np.int64(4), np.int64(5)]",[],"[np.int64(0), np.int64(1), np.int64(2), np.int64(3), np.int64(4), np.int64(5)]"
x1*(-5.0727086) - x5 - (-2.9079988)*(x2 + x4*0.3502439 - (x0*(-1.7184968) + x3)) - 0.005850977,(x36 + x48 + x7)*(-x27 + x42 + x42 + 2.003238)*(x47 - 0.775817)*(-0.05420404),1.2552823,0.92148054,9,59,6,"[np.int64(0), np.int64(1), np.int64(2), np.int64(3), np.int64(4), np.int64(5)]",[],"[np.int64(0), np.int64(1), np.int64(2), np.int64(3), np.int64(4), np.int64(5)]"
x4 - x5 + (-x3 + (x0 - x1 - 0.6038041*(x0 - (x0 + x2)))*1.7226149)*2.9025872,x14**2*x5*(-0.11216885),1.3984995,0.92881346,1,51,8,"[np.int64(0), np.int64(1), np.int64(2), np.int64(3), np.int64(4), np.int64(5), np.int64(20), np.int64(50)]",[np.int64(50)],"[np.int64(0), np.int64(1), np.int64(2), np.int64(3), np.int64(4), np.int64(5), np.int64(20), np.int64(50)]"
-x1 - x1 + x4 + (x0 - x1 + x2 + x2 - x3 - x5 - (x1 - 0.72081006) - (x3 + (x0 - 0.31045553)*(-2.3949742)))*1.4683124,(x32**2 + x8 - (-x18 + x48) - 1.77793)*(-0.06398576)*(x14 + x20 - x26),1.214754,1.0020168,12,62,6,"[np.int64(0), np.int64(1), np.int64(2), np.int64(3), np.int64(4), np.int64(5)]",[],"[np.int64(0), np.int64(1), np.int64(2), np.int64(3), np.int64(4), np.int64(5)]"
x4 - x5 + (x0 - x1 + x2 - (x3 - (-x1 - (0.6270052 - x0) - 0.99269944)) - 0.3716272 - 1*(-2.0242794))*2.595814,(x12*(x16 - x34) - x16 + x32)*0.13048688,1.1966302,0.8958995,2,52,6,"[np.int64(0), np.int64(1), np.int64(2), np.int64(3), np.int64(4), np.int64(5)]",[],"[np.int64(0), np.int64(1), np.int64(2), np.int64(3), np.int64(4), np.int64(5)]"
x4 - (x5 + 0.0050346185) + (x2 - x3 + (x0 - x1)*1.6718302)*2.9984345,(x30 + x33)*(-0.12961228),1.188604,0.9032211,0,50,6,"[np.int64(0), np.int64(1), np.int64(2), np.int64(3), np.int64(4), np.int64(5)]",[],"[np.int64(0), np.int64(1), np.int64(2), np.int64(3), np.int64(4), np.int64(5)]"
-x5 + (-x1 + (x2 + x4*0.36611772 - (-x0 - x0 - (0.9097885 - x3) + 0.925078))*0.5290032)*5.0555983,(x33**2*x40**2)*(-0.05115981),1.2361354,0.8936956,0,50,6,"[np.int64(0), np.int64(1), np.int64(2), np.int64(3), np.int64(4), np.int64(5)]",[],"[np.int64(0), np.int64(1), np.int64(2), np.int64(3), np.int64(4), np.int64(5)]"
x2 + x4 - 4.992366*(-x0 + x1 + x3*0.60613906) - (-x2 - x2 + x5),x43*(0.18214555 - 0.03749293*x2**2*x28**2),1.2473302,0.9209889,0,50,6,"[np.int64(0), np.int64(1), np.int64(2), np.int64(3), np.int64(4), np.int64(5)]",[],"[np.int64(0), np.int64(1), np.int64(2), np.int64(3), np.int64(4), np.int64(5)]"
x4 - x5 + 0.00803232425186522*(x3 + x36)**2 + (x2 - x3 + (x0 - x1)*1.6760346)*3.017389,(x49 - (x21**2 + x34))*x3*0.101652876,1.0878322,0.88251466,6,56,9,"[np.int64(0), np.int64(1), np.int64(2), np.int64(3), np.int64(4), np.int64(5), np.int64(50), np.int64(55)]","[np.int64(50), np.int64(51)]","[np.int64(0), np.int64(1), np.int64(2), np.int64(3), np.int64(4), np.int64(5), np.int64(50), np.int64(51), np.int64(55)]"
x4 - x5 + (-x0 + x1)*(-4.9931955) - 3.001514*(-x2 + x3),(-x24 + x8)*(x46 - 1*0.87489545)**2*(-0.053626712),1.2766514,0.87191206,4,54,9,"[np.int64(0), np.int64(1), np.int64(2), np.int64(3), np.int64(4), np.int64(5), np.int64(50)]","[np.int64(50), np.int64(51), np.int64(53)]","[np.int64(0), np.int64(1), np.int64(2), np.int64(3), np.int64(4), np.int64(5), np.int64(50), np.int64(51), np.int64(53)]"
x4 - x5 + (x0 + x0 - x1 - 0.8926356*x1 + x2 - x3)*2.650247,(x35 + x7)*(x16*(-0.07925229) - 0.11714245),1.2911949,0.94598526,2,52,7,"[np.int64(0), np.int64(1), np.int64(2), np.int64(3), np.int64(4), np.int64(5), np.int64(35)]",[],"[np.int64(0), np.int64(1), np.int64(2), np.int64(3), np.int64(4), np.int64(5), np.int64(35)]"
x4 - x5 + 2.629214*(x0 + x0 - x1 - x1 + x2 - x3),x22*(-0.16675462),1.4217963,0.8639526,0,50,6,"[np.int64(0), np.int64(1), np.int64(2), np.int64(3), np.int64(4), np.int64(5)]",[],"[np.int64(0), np.int64(1), np.int64(2), np.int64(3), np.int64(4), np.int64(5)]"
x1*(-5.098297) + x4 - x5 - (-1.9421449)*(x0 - (-1.4979494)*(0.03395634 - (x3 - (x0 + x2)))) + 0.12075216,x8*0.1460366,1.2452861,0.8449327,0,50,6,"[np.int64(0), np.int64(1), np.int64(2), np.int64(3), np.int64(4), np.int64(5)]",[],"[np.int64(0), np.int64(1), np.int64(2), np.int64(3), np.int64(4), np.int64(5)]"
x4 - x5 + (x0 + x2 - (-0.94481975)*(-x1 - x3 - (-x0 + x1) - 0.013104714))*2.6745512,(0.059686128 - x30)*(x17 + x42)*0.14921413,1.3226197,1.0557833,2,52,9,"[np.int64(0), np.int64(1), np.int64(2), np.int64(3), np.int64(4), np.int64(5), np.int64(42), np.int64(50)]","[np.int64(50), np.int64(51)]","[np.int64(0), np.int64(1), np.int64(2), np.int64(3), np.int64(4), np.int64(5), np.int64(42), np.int64(50), np.int64(51)]"
((x0 - (x3 - (-x2 - (x5 - (-x1 + x4)) + (x0 - x1 + x2 + 0.21503443)*3.9635806)))*0.5196906 - (x3 - 1*(-0.44389862)))*1.9525511,x12*x26*0.15860394,1.2721558,0.80119437,1,51,6,"[np.int64(0), np.int64(1), np.int64(2), np.int64(3), np.int64(4), np.int64(5)]",[],"[np.int64(0), np.int64(1), np.int64(2), np.int64(3), np.int64(4), np.int64(5)]"
x0 + x0*3.9771261 - x1 + x4 - x5 - (-(-3.9570503)*x1 + (0.032408025 - (x2 - x3))*3.0362527),0.19101572*log((0.2938627 - x37)**2*(-x24 + x26 + x28)**2 + 0.2664093842191),1.120178,0.8112748,0,50,6,"[np.int64(0), np.int64(1), np.int64(2), np.int64(3), np.int64(4), np.int64(5)]",[],"[np.int64(0), np.int64(1), np.int64(2), np.int64(3), np.int64(4), np.int64(5)]"
-(x0 + x1 + x5 - (-0.9084987*x1 + x4)) + (x0 + x0 - x1 + x2 - x3)*3.1923184,x7*0.11625596,1.185431,0.87508196,0,50,6,"[np.int64(0), np.int64(1), np.int64(2), np.int64(3), np.int64(4), np.int64(5)]",[],"[np.int64(0), np.int64(1), np.int64(2), np.int64(3), np.int64(4), np.int64(5)]"
-x5 + (x2 - x3 + x4*0.32551843 - (-1.6637653)*(x0 - x1) - 1*(-0.07852882))*3.0032964 - 0.18564071,(x27 + x36*(x43 - (x13 - x45)) - (x13**2*x49 + x20 - 0.89246655))*(-0.10141421),1.2507977,0.87943786,4,54,7,"[np.int64(0), np.int64(1), np.int64(2), np.int64(3), np.int64(4), np.int64(5)]",[np.int64(50)],"[np.int64(0), np.int64(1), np.int64(2), np.int64(3), np.int64(4), np.int64(5), np.int64(50)]"
x0 - x1 + x3 + x4 - x5 + (x0 + x2*0.7554927 - (x1 + x3))*3.9654114,(-x16*(x35**2 - (x16 - (-(x31 + x35) - 1.3483498))) - 1.4808347)*(-0.10999688)*x14,1.268329,0.9425696,2,52,6,"[np.int64(0), np.int64(1), np.int64(2), np.int64(3), np.int64(4), np.int64(5)]",[],"[np.int64(0), np.int64(1), np.int64(2), np.int64(3), np.int64(4), np.int64(5)]"
x4 - x5 + (x0 + x0 + x1*(-1.8828362) + x2 - x3 - 1*(-0.057429958))*2.6589959 - 1*0.19033495,x6*x49*(-0.1543341),1.5003011,0.8846503,1,51,6,"[np.int64(0), np.int64(1), np.int64(2), np.int64(3), np.int64(4), np.int64(5)]",[],"[np.int64(0), np.int64(1), np.int64(2), np.int64(3), np.int64(4), np.int64(5)]"
x4 - x5 + (x0 - x1 + (x2 - x3)*0.5996454)*4.983391,x10**4*0.019456131,1.1678774,1.0634245,0,50,6,"[np.int64(0), np.int64(1), np.int64(2), np.int64(3), np.int64(4), np.int64(5)]",[],"[np.int64(0), np.int64(1), np.int64(2), np.int64(3), np.int64(4), np.int64(5)]"
x0 + x4 - (-(-3.071098)*x3 + x5 - 2.9909098*(0.058409385 - x1) - (x0 - (-x1 + x4*0.038703334)) + (x0 - x1 + x2 + 0.012475595)*(-2.979381)) - 0.2460989,(x31 + 0.5399436)*x22*(-0.16704328)*(x28 + 0.4371764)*x26,1.1506014,0.88732344,1,51,6,"[np.int64(0), np.int64(1), np.int64(2), np.int64(3), np.int64(4), np.int64(5)]",[],"[np.int64(0), np.int64(1), np.int64(2), np.int64(3), np.int64(4), np.int64(5)]"
-4.928874*x1 + x3*(-2.9142776) + x4 - x5 + (x0 + x0 + x2)*2.6481571,(x31**2*x47**2)*(-0.050253265),1.2683038,0.92247885,0,50,6,"[np.int64(0), np.int64(1), np.int64(2), np.int64(3), np.int64(4), np.int64(5)]",[],"[np.int64(0), np.int64(1), np.int64(2), np.int64(3), np.int64(4), np.int64(5)]"
x4 - x5 - (-2.5011034)*(x0 + x0 + (x1*1.6576006 - x2 + x3 - 1.8538628)*(-1.1992055) - 0.9884576) - 3.0945067,-0.046521887*(-2.6741505*x48 + (x31 + x45)**2 + (x36 - x37**2)*(-x10 + x16**2 + x24**2 + x31)),1.09893,0.8840912,9,59,10,"[np.int64(0), np.int64(1), np.int64(2), np.int64(3), np.int64(4), np.int64(5), np.int64(50)]","[np.int64(50), np.int64(51), np.int64(52), np.int64(57)]","[np.int64(0), np.int64(1), np.int64(2), np.int64(3), np.int64(4), np.int64(5), np.int64(50), np.int64(51), np.int64(52), np.int64(57)]"
x4 - x5 + (x2 - x3 + (x0 - x1)*1.6348222)*3.058024,x22*x11*(-0.12762046),1.2204498,0.79036564,1,51,6,"[np.int64(0), np.int64(1), np.int64(2), np.int64(3), np.int64(4), np.int64(5)]",[],"[np.int64(0), np.int64(1), np.int64(2), np.int64(3), np.int64(4), np.int64(5)]"
x4 - x5 + (-x0 + x1)*(-5.0349154) + (x2 - x3)*2.9897068,sqrt((0.109112635*x13 + 0.109112635*x17 + 0.109112635*x35 + 0.109112635*sqrt((x46 + (x37 - 0.4277106)*(x2 - x23**2 - 0.7991049))**2))**2) - 0.25534955,1.2336147,0.89880955,0,50,6,"[np.int64(0), np.int64(1), np.int64(2), np.int64(3), np.int64(4), np.int64(5)]",[],"[np.int64(0), np.int64(1), np.int64(2), np.int64(3), np.int64(4), np.int64(5)]"
x0 - x1 + x2 + x2 + x4 - x5 - (-x0 - 0.30896124) - (x3 - (x0 + x2) + 0.3769286) - 1.9856567*(-x0 + x1 + x1 + x3),x19**2*(x16 + x19)*(-0.056953095),1.3893702,0.90942043,1,51,7,"[np.int64(0), np.int64(1), np.int64(2), np.int64(3), np.int64(4), np.int64(5)]",[np.int64(50)],"[np.int64(0), np.int64(1), np.int64(2), np.int64(3), np.int64(4), np.int64(5), np.int64(50)]"
x0*2.3649452 + x4 - x5 + (x0 - x1 - x3 - (x1 - (x2 + 0.23417704)))*2.6469166 - 0.6119811,x13*x44**2*0.1049956,1.1136476,0.9356279,1,51,7,"[np.int64(0), np.int64(1), np.int64(2), np.int64(3), np.int64(4), np.int64(5), np.int64(50)]",[np.int64(50)],"[np.int64(0), np.int64(1), np.int64(2), np.int64(3), np.int64(4), np.int64(5), np.int64(50)]"
x0 - x1 - x2 + x4 - x5 + (x0 - x1 + x2 - x3)*3.7983873,x11*0.17055617*x33,1.2809358,0.90781385,1,51,6,"[np.int64(0), np.int64(1), np.int64(2), np.int64(3), np.int64(4), np.int64(5)]",[],"[np.int64(0), np.int64(1), np.int64(2), np.int64(3), np.int64(4), np.int64(5)]"
x4 - x5 + (x0 + x2 - (x1 + x1) - (-(x0 - x3) - 0.013182402))*2.613396,0.00177262439988313*x36**4*x7**4,1.0908121,0.89768946,0,50,6,"[np.int64(0), np.int64(1), np.int64(2), np.int64(3), np.int64(4), np.int64(5)]",[],"[np.int64(0), np.int64(1), np.int64(2), np.int64(3), np.int64(4), np.int64(5)]"
x4 - x5 + (x0 + x0 - x1 - x1 + x2 - x3)*2.5722857,(x41 + x43**2 + x43)*x20*0.10604238,1.0847389,0.93010104,3,53,7,"[np.int64(0), np.int64(1), np.int64(2), np.int64(3), np.int64(4), np.int64(5)]",[np.int64(50)],"[np.int64(0), np.int64(1), np.int64(2), np.int64(3), np.int64(4), np.int64(5), np.int64(50)]"
x0*1.8853112 + x4 - x5 - 3.080434*(0.54023296 - (x0 - (x1*0.6386736 - x2 - 0.55532694))) + (x1 + x3)*(-3.0489166),x13**2*x20*(-0.13504966),1.2580361,0.89309144,1,51,7,"[np.int64(0), np.int64(1), np.int64(2), np.int64(3), np.int64(4), np.int64(5), np.int64(50)]",[np.int64(50)],"[np.int64(0), np.int64(1), np.int64(2), np.int64(3), np.int64(4), np.int64(5), np.int64(50)]"
x4 - x5 + (-x0 - x0 + x1 + x1 + x3 - (x2 - 1*0.036470596))*(-2.625432),(-x14 + x46*(-0.58825856)*x46 + x48)*0.18264738*(0.35482942043536*x2**2),1.4065639,0.91051435,2,52,9,"[np.int64(0), np.int64(1), np.int64(2), np.int64(3), np.int64(4), np.int64(5), np.int64(21)]","[np.int64(50), np.int64(51)]","[np.int64(0), np.int64(1), np.int64(2), np.int64(3), np.int64(4), np.int64(5), np.int64(21), np.int64(50), np.int64(51)]"
-(-2.9499018)*x2 + x4 - x5 + 2.4946277*(x0 + x0 - x1 - x1 + x3*(-1.1876038)),(x16*(x18*x46 - x37) - x29)*2.3579118*0.056589186,1.1318427,0.82679886,1,51,6,"[np.int64(0), np.int64(1), np.int64(2), np.int64(3), np.int64(4), np.int64(5)]",[],"[np.int64(0), np.int64(1), np.int64(2), np.int64(3), np.int64(4), np.int64(5)]"
x4 - x5 - 4.979042*(-x0 + x1) + (x2 - x3)*2.9826868 - 0.15885825 + 0.06635775,x3*x44**2*(-0.13372523),1.0549649,0.8539527,1,51,7,"[np.int64(0), np.int64(1), np.int64(2), np.int64(3), np.int64(4), np.int64(5)]",[np.int64(50)],"[np.int64(0), np.int64(1), np.int64(2), np.int64(3), np.int64(4), np.int64(5), np.int64(50)]"
x0 + x4 - x5 + (x0 + x0 + x0 - 3.365948*x1 + x2 + x2 - x3 - x3 - 1.1044937)*1.4693286 + 1.4669303,0.056582633*x15*(0.8699585 - x0)*(-x15 + x24 - 1.7314823),1.1470304,0.87166995,4,54,7,"[np.int64(0), np.int64(1), np.int64(2), np.int64(3), np.int64(4), np.int64(5), np.int64(50)]",[np.int64(50)],"[np.int64(0), np.int64(1), np.int64(2), np.int64(3), np.int64(4), np.int64(5), np.int64(50)]"
x4 - x5 + (x2 - x3 + (x0 - x1)*1.6489575)*3.1518357,x44*(x21 - x29)*0.12317026,1.2333559,0.9453138,2,52,6,"[np.int64(0), np.int64(1), np.int64(2), np.int64(3), np.int64(4), np.int64(5)]",[],"[np.int64(0), np.int64(1), np.int64(2), np.int64(3), np.int64(4), np.int64(5)]"
x4 - x5 + (x0 + x0 - x1 - x1 + x2 - x3)*2.6019828,x10*(-0.22475699)*x12*x1,1.2861837,0.93958175,0,50,6,"[np.int64(0), np.int64(1), np.int64(2), np.int64(3), np.int64(4), np.int64(5)]",[],"[np.int64(0), np.int64(1), np.int64(2), np.int64(3), np.int64(4), np.int64(5)]"
x4 - x5 + 2.5444708*(x0 + x0 - x1 + x2 - (x1 + x3)),0.11603729*(-x29 + x43),1.3642073,0.92619836,0,50,6,"[np.int64(0), np.int64(1), np.int64(2), np.int64(3), np.int64(4), np.int64(5)]",[],"[np.int64(0), np.int64(1), np.int64(2), np.int64(3), np.int64(4), np.int64(5)]"
x2 + x4 - (-x2 - x2 + x5 + (x3 - 1*0.27321518546001)*2.824817) + (x0 - (x1 - 0.09741848) - 0.60761094 + 0.06812451 - 1*(-0.30646607))*5.093619,(x33 - x4 - 1*(-1.3802212))*x46*x36*0.1271937,1.217684,0.9514048,1,51,7,"[np.int64(0), np.int64(1), np.int64(2), np.int64(3), np.int64(4), np.int64(5)]",[np.int64(50)],"[np.int64(0), np.int64(1), np.int64(2), np.int64(3), np.int64(4), np.int64(5), np.int64(50)]"
x4 - (x5 - (x0 + x0) - 1*(-0.25777742)) + (x0 - x1 - x1 + x2 - x3 - 1*(-0.124693386))*2.7092,(x17**2*x4**2)*x17*0.019502271*(x2 + x43)*x4,1.2375853,0.9031155,0,50,6,"[np.int64(0), np.int64(1), np.int64(2), np.int64(3), np.int64(4), np.int64(5)]",[],"[np.int64(0), np.int64(1), np.int64(2), np.int64(3), np.int64(4), np.int64(5)]"
x0*5.035213 + x1*(-5.028256) + x2 + x2 + x2 - x3 + x4 - (x3 + x3 + x5) - 1*1.9116046 + 1.8806107,0.00199172934315202*(x31*x34 + x32)**4,1.0950731,0.8780157,0,50,6,"[np.int64(0), np.int64(1), np.int64(2), np.int64(3), np.int64(4), np.int64(5)]",[],"[np.int64(0), np.int64(1), np.int64(2), np.int64(3), np.int64(4), np.int64(5)]"
x4 - x5 + (x0 + x0 - x1 - x1 + x2 + x3*(-1.1552681) - 0.7985094 - 1*0.6665138 - 1*0.6203772 + 2.075766)*2.5669947,x36*x9*(-0.17849955),1.2972506,0.8622548,1,51,7,"[np.int64(0), np.int64(1), np.int64(2), np.int64(3), np.int64(4), np.int64(5)]",[np.int64(50)],"[np.int64(0), np.int64(1), np.int64(2), np.int64(3), np.int64(4), np.int64(5), np.int64(50)]"
(x2 - x3 + x4 - (-3.744627)*(x0 - x1) - (-x2 + x3 + x5))*1.3144021,x20*0.14825037,1.1205895,0.8605388,0,50,6,"[np.int64(0), np.int64(1), np.int64(2), np.int64(3), np.int64(4), np.int64(5)]",[],"[np.int64(0), np.int64(1), np.int64(2), np.int64(3), np.int64(4), np.int64(5)]"
x0 + x0 - x1 - x1 + x4 + x5*(-0.7871252) + (x0 + x2 - (x1 + x3))*2.965635,x15*0.11292997,1.133358,0.8107851,0,50,6,"[np.int64(0), np.int64(1), np.int64(2), np.int64(3), np.int64(4), np.int64(5)]",[],"[np.int64(0), np.int64(1), np.int64(2), np.int64(3), np.int64(4), np.int64(5)]"
x3 + (x0 - x1 - x3)*4.984952 - (-x3 - x4 + x5 + (0.3336542 - x2)*3.0018287) + 0.11086138 - 1*(-0.90431297),-0.08305511*x31**2 + (-x23**2 + x38 + (x13 + x2 + x34 + 1.1583405)**2 - 5.022983)*(-0.038829427),1.3464277,0.92395914,8,58,7,"[np.int64(0), np.int64(1), np.int64(2), np.int64(3), np.int64(4), np.int64(5)]",[np.int64(55)],"[np.int64(0), np.int64(1), np.int64(2), np.int64(3), np.int64(4), np.int64(5), np.int64(55)]"
x0*5.0357914 + x4 - x5 + (x1*(-1.6839575) + x2 - x3)*2.9486175 - 1*0.026458396,x42*x10*(-0.16031009),1.2307726,0.85237116,1,51,6,"[np.int64(0), np.int64(1), np.int64(2), np.int64(3), np.int64(4), np.int64(5)]",[],"[np.int64(0), np.int64(1), np.int64(2), np.int64(3), np.int64(4), np.int64(5)]"
-x5 - (0.051345695 - x4) + (x0 - x1 + (x2 - x3)*0.6160098)*4.961939,-(-0.1517028)*x31*x2**2*x39**2 - 0.13260113,1.1800554,0.8628929,0,50,6,"[np.int64(0), np.int64(1), np.int64(2), np.int64(3), np.int64(4), np.int64(5)]",[],"[np.int64(0), np.int64(1), np.int64(2), np.int64(3), np.int64(4), np.int64(5)]"
x4 + (x0**2 - x1)*5.0759287 + (-x3 + (x2 - 0.027271062)**2)*3.0056648,x34*0.1458083,1.2316891,0.82357305,2,52,5,"[np.int64(1), np.int64(3), np.int64(4), np.int64(50), np.int64(51)]",[],"[np.int64(1), np.int64(3), np.int64(4), np.int64(50), np.int64(51)]"
x4 + (x0**2 + x0**2 - x1 + 0.210743208271418*x2**2 + x2**2 - x3 - (x1 - 1*(-0.07263461)))*2.5148087 + 0.16821119,0.000942514428135028*(x46 - (x0 - x12) + 1.4349244)**4,1.2123827,0.81669074,13,63,7,"[np.int64(1), np.int64(3), np.int64(4), np.int64(54), np.int64(59), np.int64(60)]","[np.int64(54), np.int64(55)]","[np.int64(1), np.int64(3), np.int64(4), np.int64(54), np.int64(55), np.int64(59), np.int64(60)]"
x0**2*5.015077 + x2**2 + x2 + x3 + (0.29658514 - x2)*(-x2 - x2 + 0.45555586) - (x1 - x4) + (-x1 - x3 - 0.026457448)*3.954505 - 1*0.010571784,(x17*(-x11 + x18**2 - x31 + x32 - 1*1.1800992) + x33)*0.122605465,1.1727406,0.8195326,6,56,5,"[np.int64(1), np.int64(3), np.int64(4), np.int64(54), np.int64(55)]",[],"[np.int64(1), np.int64(3), np.int64(4), np.int64(54), np.int64(55)]"
4.95258630921649*x0**2 - x1 - x1 - 2.9109428*x3 + x4 + (-x1 + x2**2)*3.008232,(0.0738617375930256*x23**2)*(x3 + x30),1.2258121,0.94381136,4,54,7,"[np.int64(1), np.int64(3), np.int64(4), np.int64(52), np.int64(53)]","[np.int64(50), np.int64(51)]","[np.int64(1), np.int64(3), np.int64(4), np.int64(50), np.int64(51), np.int64(52), np.int64(53)]"
5.01750412845796*x0**2 + x1*(-2.0231104) + x4 - 2.9773223*(x3 - (-x1 + x2**2)),x5*x14**2*(-0.11218491),1.4370488,0.92405057,3,53,6,"[np.int64(1), np.int64(3), np.int64(4), np.int64(50), np.int64(51), np.int64(52)]",[np.int64(50)],"[np.int64(1), np.int64(3), np.int64(4), np.int64(50), np.int64(51), np.int64(52)]"
-5.02021408591441*x1 + 3.0030198*x2**2 - 3.0030198*x3 + x4 + 3.0030198*(x0 - 0.21495605)**2 + 2.01719428591441*(x0 + 0.3115868)**2 - 0.355424373818779,(x14**2 - x37)*0.09305248*x37,1.247675,0.9752205,4,54,7,"[np.int64(1), np.int64(3), np.int64(4), np.int64(50), np.int64(51), np.int64(52)]","[np.int64(50), np.int64(53)]","[np.int64(1), np.int64(3), np.int64(4), np.int64(50), np.int64(51), np.int64(52), np.int64(53)]"
x4 + (x2**2 - x3 + (x0**2 - x1)*1.6232425)*3.0303364,(x44*0.032296713 - 1*0.102247395)*(x44*(-x12 + x2)*(x31*x45*x9 + 1.049052) - (x1 + x12 - (x15*(x44*(-x12 + x7) + x45*1.0312777 + x7) - (x18 - x2)))) + 0.036299236,1.1933709,0.9012107,10,60,5,"[np.int64(1), np.int64(3), np.int64(4), np.int64(58), np.int64(59)]",[],"[np.int64(1), np.int64(3), np.int64(4), np.int64(58), np.int64(59)]"
x4 + 3.006344*(1.611069179841*x0**2 - 1.6280371*x1 - (-(x2**2 - x3) - 0.2101381)),x33*(-0.12149464),1.1773158,0.8659292,2,52,5,"[np.int64(1), np.int64(3), np.int64(4), np.int64(50), np.int64(51)]",[],"[np.int64(1), np.int64(3), np.int64(4), np.int64(50), np.int64(51)]"
5.01247439765136*x0**2 + x1*(-5.0497804) - (-3.000809)*x2**2 - 3.0135434*x3 + x4,(x33**2*x40**2)*(-0.051161967),1.2597978,0.9013814,2,52,5,"[np.int64(1), np.int64(3), np.int64(4), np.int64(50), np.int64(51)]",[],"[np.int64(1), np.int64(3), np.int64(4), np.int64(50), np.int64(51)]"
x4 + (x2**2 - x3 + (x0**2 - x1)*1.6927134)*2.98166 - 0.096640274,x43*0.14503004,1.2725441,0.8957239,2,52,5,"[np.int64(1), np.int64(3), np.int64(4), np.int64(50), np.int64(51)]",[],"[np.int64(1), np.int64(3), np.int64(4), np.int64(50), np.int64(51)]"
2.96999209332225*x2**2 + x4 + (1.894790792196*x0**2 - x3 - (x1 + x1))*2.6063912,x3*(-0.17544867)*x34,1.0837971,0.9211232,3,53,6,"[np.int64(1), np.int64(3), np.int64(4), np.int64(51), np.int64(52)]",[np.int64(50)],"[np.int64(1), np.int64(3), np.int64(4), np.int64(50), np.int64(51), np.int64(52)]"
-3*x3 + x4 + sqrt((-5.0005918*x0**2 + 5.0005918*x1 - 2.98174472283779*x2**2 - 13.920676)**2) - 13.890187,(x11 + x34)*(0.0321979886664804*(x11 - x8)**2),1.2687275,0.90719104,4,54,38,"[np.int64(0), np.int64(1), np.int64(2), np.int64(3), np.int64(4), np.int64(5), np.int64(6), np.int64(7), np.int64(9), np.int64(11), np.int64(12), np.int64(15), np.int64(17), np.int64(18), np.int64(19), np.int64(22), np.int64(24), np.int64(26), np.int64(27), np.int64(28), np.int64(29), np.int64(30), np.int64(31), np.int64(32), np.int64(33), np.int64(35), np.int64(36), np.int64(37), np.int64(40), np.int64(41), np.int64(42), np.int64(44), np.int64(46), np.int64(47), np.int64(49), np.int64(51), np.int64(52), np.int64(53)]",[np.int64(52)],"[np.int64(0), np.int64(1), np.int64(2), np.int64(3), np.int64(4), np.int64(5), np.int64(6), np.int64(7), np.int64(9), np.int64(11), np.int64(12), np.int64(15), np.int64(17), np.int64(18), np.int64(19), np.int64(22), np.int64(24), np.int64(26), np.int64(27), np.int64(28), np.int64(29), np.int64(30), np.int64(31), np.int64(32), np.int64(33), np.int64(35), np.int64(36), np.int64(37), np.int64(40), np.int64(41), np.int64(42), np.int64(44), np.int64(46), np.int64(47), np.int64(49), np.int64(51), np.int64(52), np.int64(53)]"
4.94638372378089*x0**2 + x1*(-5.008684) + x4 + (0.985243325281178*x2**2 - x3 + 0.11845112)*3.0592914 - 1*0.37049672,x40*(x40 - (x37 - x38*x47 - (0.733637 - x36)))*x9*(-0.092331424),1.308925,0.97408843,4,54,6,"[np.int64(1), np.int64(3), np.int64(4), np.int64(52), np.int64(53)]",[np.int64(50)],"[np.int64(1), np.int64(3), np.int64(4), np.int64(50), np.int64(52), np.int64(53)]"
x4 + (x0**2 - (x1 - 0.6069999*(x2**2 - x3)))*4.9917965,x22*(-0.16675623),1.2368946,0.8936499,2,52,6,"[np.int64(1), np.int64(3), np.int64(4), np.int64(26), np.int64(50), np.int64(51)]",[],"[np.int64(1), np.int64(3), np.int64(4), np.int64(26), np.int64(50), np.int64(51)]"
x4 + (x2**2 - x3 + (x0**2 - x1)*1.6728714)*3.0072267,x8*0.1460366,1.2266625,0.8370496,2,52,5,"[np.int64(1), np.int64(3), np.int64(4), np.int64(50), np.int64(51)]",[],"[np.int64(1), np.int64(3), np.int64(4), np.int64(50), np.int64(51)]"
x4 + (-0.09548747 - 1*(-5.01831))*(x0**2 - x1 - (-1)*0.6105262*x2**2 - 0.6865663*x3),x34*(-x27 + x43)*(-0.12389972),1.3053,1.0378524,4,54,6,"[np.int64(1), np.int64(3), np.int64(4), np.int64(42), np.int64(52), np.int64(53)]",[],"[np.int64(1), np.int64(3), np.int64(4), np.int64(42), np.int64(52), np.int64(53)]"
x4 + (x2**2 - x3)*2.9963481 + (x0*x0 - x1)*4.98671 + 0.0011461605,x26*x12*0.15859097,1.2694685,0.78603417,3,53,5,"[np.int64(1), np.int64(3), np.int64(4), np.int64(51), np.int64(52)]",[],"[np.int64(1), np.int64(3), np.int64(4), np.int64(51), np.int64(52)]"
x4 + 2.001554*(x0**2 - x1 + 0.54878587) + (x0**2 - x1 + x2**2 - x3)*3.0128067 - 1.2282529,x34**2*0.084632024,1.1145761,0.8328636,3,53,6,"[np.int64(1), np.int64(3), np.int64(4), np.int64(50), np.int64(51)]",[np.int64(52)],"[np.int64(1), np.int64(3), np.int64(4), np.int64(50), np.int64(51), np.int64(52)]"
x4 + (x0**2 - (x1 - 0.5371365*(x2**2 - x3)))*5.039096,(-x16 + x48*(x21 - (-x11 + x14 - x30 + x4 - (x10*(x20 + x22) - x19))))*0.07237572,1.1463894,0.8567867,8,58,5,"[np.int64(1), np.int64(3), np.int64(4), np.int64(56), np.int64(57)]",[],"[np.int64(1), np.int64(3), np.int64(4), np.int64(56), np.int64(57)]"
5.06603896826769*x0**2 - x1 - x1 + x4 + (x2*x2 - (x1 + x3))*3.011513,(x20 - (x27 - x49))*0.10403547,1.2284226,0.9040713,2,52,5,"[np.int64(1), np.int64(3), np.int64(4), np.int64(50), np.int64(51)]",[],"[np.int64(1), np.int64(3), np.int64(4), np.int64(50), np.int64(51)]"
x3 + x3 + x4 + (x0**2 - x1 + 0.60506135687761*x2**2 - x3)*4.9623685,(x1*x43*x48*(-x23*x48*(-x34 - 0.7849399*x49) + x42) - (x1 + x27 + x38))*(-0.10598648),1.2674619,0.9711812,2,52,5,"[np.int64(1), np.int64(3), np.int64(4), np.int64(50), np.int64(51)]",[],"[np.int64(1), np.int64(3), np.int64(4), np.int64(50), np.int64(51)]"
5.0590854*x0*x0 + x1*(-132.72795)*0.037649468 + 2.95187620050625*x2**2 - x3 - x3 - x3 + x4,(-x46 - 1.2091155)*0.07978863*(x46*(x41*(-0.910682) + x47 + 1.5978581) - (x24*(-0.92886484) - 1*(-0.7424513)))*x39,1.078257,0.86852014,5,55,6,"[np.int64(1), np.int64(3), np.int64(4), np.int64(53), np.int64(54)]",[np.int64(50)],"[np.int64(1), np.int64(3), np.int64(4), np.int64(50), np.int64(53), np.int64(54)]"
2.03679108881161*x0**2 - x1 - x1 + x4 - 2.9826186*(x2**2*(-1.0039042) - (x0**2 - x1 - x3)),0.0194464475282704*x10**4,1.1714659,1.0522249,2,52,5,"[np.int64(1), np.int64(3), np.int64(4), np.int64(50), np.int64(51)]",[],"[np.int64(1), np.int64(3), np.int64(4), np.int64(50), np.int64(51)]"
5.02017453816516*x0**2 - 3.0705624*x3 + x4 - (x2**2*(-3.0206099) + (x1 - 0.4191487)*4.968917) - 7.1290493 + 4.968917,x17**2*0.11139202*x7,1.1617198,0.91639084,3,53,6,"[np.int64(1), np.int64(3), np.int64(4), np.int64(51), np.int64(52)]",[np.int64(50)],"[np.int64(1), np.int64(3), np.int64(4), np.int64(50), np.int64(51), np.int64(52)]"
(-(x3 - (x2**2 - (-0.36966842)*x4)) + (x0**2 - x1 + 0.08667035)*1.6835914)*2.9671474,x28*x44*0.15764111,1.2783505,0.91872746,3,53,5,"[np.int64(1), np.int64(3), np.int64(4), np.int64(51), np.int64(52)]",[],"[np.int64(1), np.int64(3), np.int64(4), np.int64(51), np.int64(52)]"
x0**2 - x1 - x2**2 - 2.918583*x3 + x4 + 3.950458*(x0**2 - x1 + x2**2),(x10 + x2 - x36*(x10 - x39 + x40 - (x43 - 1*0.4946894) - 1*2.4922645) - x48)*(-0.0876357),1.1178644,0.8660146,6,56,5,"[np.int64(1), np.int64(3), np.int64(4), np.int64(54), np.int64(55)]",[],"[np.int64(1), np.int64(3), np.int64(4), np.int64(54), np.int64(55)]"
3.00026255842756*x2**2 + x3*(-3.0878267) + x4 + (x0**2 - x1)*5.009429,x11*x22*(-0.12760687),1.3016461,0.7912737,3,53,5,"[np.int64(1), np.int64(3), np.int64(4), np.int64(51), np.int64(52)]",[],"[np.int64(1), np.int64(3), np.int64(4), np.int64(51), np.int64(52)]"
x4 + (x2**2 - x3 + 1.6572853*(x0**2 - x1))*3.0364091,(x17 + x2*(x17 - 1.0733485))*0.09998636,1.2095699,0.88589793,3,53,5,"[np.int64(1), np.int64(3), np.int64(4), np.int64(51), np.int64(52)]",[],"[np.int64(1), np.int64(3), np.int64(4), np.int64(51), np.int64(52)]"
-1.8890365*x1 + x4 + (-(-1)*1.626624*x0**2 - x1 + x2**2 - x3)*3.0395103,(x32 + (x41 + 1.2786292)*(x14*(x31*x23*(x19 + x38 + x41**2)*(x19 + x41)*(-0.21920171) + 0.3558167)*(-x13 + x23 - 1*(-0.21078017)) + x19 + x31*x49*(x13 - x20**2)))*(-0.082104504),1.3233795,0.90635544,6,56,5,"[np.int64(1), np.int64(3), np.int64(4), np.int64(54), np.int64(55)]",[],"[np.int64(1), np.int64(3), np.int64(4), np.int64(54), np.int64(55)]"
x4 + (1.69661956939225*x0**2 + (-x2 - 0.0057790745)**2)*2.975508 + (-1.6562264*x1 - x3 - 0.05184928)*2.9988766 + 0.08546882,x44**2*x13*0.10498812,1.1109347,0.95866704,3,53,6,"[np.int64(1), np.int64(3), np.int64(4), np.int64(50), np.int64(51), np.int64(52)]",[np.int64(50)],"[np.int64(1), np.int64(3), np.int64(4), np.int64(50), np.int64(51), np.int64(52)]"
x4 + (1.856913134596*x0**2 - x1 - x1 + x2**2 - x3 + 0.06719657)*2.715533,x28*(-0.14172412)*x31,1.2461183,0.89289594,3,53,5,"[np.int64(1), np.int64(3), np.int64(4), np.int64(51), np.int64(52)]",[],"[np.int64(1), np.int64(3), np.int64(4), np.int64(51), np.int64(52)]"
x4 + (x3*12.82488 - 1*(-0.07900208))*0.14873858 + (x0**2 - x3 - (x1 - 0.596994203716*x2**2))*4.9782653 - 1*(-0.36173767),(0.012566379845502*x7**4)*x9,1.0890805,0.90328234,2,52,5,"[np.int64(1), np.int64(3), np.int64(4), np.int64(50), np.int64(51)]",[],"[np.int64(1), np.int64(3), np.int64(4), np.int64(50), np.int64(51)]"
-(-3.0110247)*x2**2 + x4 + (x0**2 + x1*(-0.99412775) + x3*(-0.59468514))*5.002959,x33*(-x34**2 + (x16 + 0.86445147)*(x25 + (1.6549953 - x26)*(x30 + x9*(-x28 + x34 + x44))))*(-0.062343795),1.0113589,0.9117855,5,55,5,"[np.int64(1), np.int64(3), np.int64(4), np.int64(53), np.int64(54)]",[],"[np.int64(1), np.int64(3), np.int64(4), np.int64(53), np.int64(54)]"
x2*x2*2.937924 + x4 + (-x3 - 13.13946)*3.0414474 + (x0**2 - x1 - 1*(-7.986436))*5.0146914,x20*(-0.14103806),1.2709213,0.8879973,2,52,5,"[np.int64(1), np.int64(3), np.int64(4), np.int64(50), np.int64(51)]",[],"[np.int64(1), np.int64(3), np.int64(4), np.int64(50), np.int64(51)]"
x4 + (x0**2 - x1)*4.9970565 - 2.9231975*(-x2**2 + x3),-(-0.032161888)*x0*(2.8395488 - (-x13 + x46 + x8 - 1*(-1.0300593))**2) + x14*(-0.059338752)*(x7 + x8)**2,1.2088802,0.92234004,10,60,7,"[np.int64(1), np.int64(3), np.int64(4), np.int64(50), np.int64(58), np.int64(59)]","[np.int64(50), np.int64(52)]","[np.int64(1), np.int64(3), np.int64(4), np.int64(50), np.int64(52), np.int64(58), np.int64(59)]"
5.03621550612196*x0**2 + x4 - 2.9808748*(-(-1)*1.6746778*x1 - x2**2 + x3),(x7 - (0.19059196 - x5))*(x11 + x13)*(-0.084765054),1.1276091,0.81512004,6,56,6,"[np.int64(1), np.int64(3), np.int64(4), np.int64(40), np.int64(54), np.int64(55)]",[],"[np.int64(1), np.int64(3), np.int64(4), np.int64(40), np.int64(54), np.int64(55)]"
(x0**2 - x1)*4.937089 - (-x4 - 3.0364363*(x2**2 - x3) + 0.100618765),(x3 + 0.6136362)**2*(x23*0.06866732 - 1*0.06096505),1.0639818,0.8452336,5,55,6,"[np.int64(1), np.int64(3), np.int64(4), np.int64(50), np.int64(52), np.int64(53)]",[np.int64(50)],"[np.int64(1), np.int64(3), np.int64(4), np.int64(50), np.int64(52), np.int64(53)]"
-1.93909189816384*x2**2 + x4 + (x0**2 - x1 + x2**2 + x3*(-0.5976677))*4.989776,((-x15 + x24 - x46)*0.3347569 - 1*0.44011205)**2*0.12541331*(x0 - x15 - x40 + x46 + x47 + x8 - 1*0.0156647477460321),1.1132286,0.86550426,38,88,9,"[np.int64(1), np.int64(3), np.int64(4), np.int64(83), np.int64(84)]","[np.int64(50), np.int64(53), np.int64(56), np.int64(58)]","[np.int64(1), np.int64(3), np.int64(4), np.int64(50), np.int64(53), np.int64(56), np.int64(58), np.int64(83), np.int64(84)]"
x4 + (x0**2 + x2**2 - 0.6598636*(-x0**2 + x1) - (x1 + 0.54765636) - (x3 - 0.5474927))*3.019325,x24*x48*(-0.193622)*(x22 - 0.61204314),1.2247906,0.9252786,3,53,5,"[np.int64(1), np.int64(3), np.int64(4), np.int64(51), np.int64(52)]",[],"[np.int64(1), np.int64(3), np.int64(4), np.int64(51), np.int64(52)]"
5.02947812544004*x0**2 + 2.96910497050281*x2**2 - 2.925272*(x3 + (x1*(-6.5329614) + x4)*(-0.2626967)),x10*x12*(-0.18295409)*x1,1.291779,0.9070072,2,52,5,"[np.int64(1), np.int64(3), np.int64(4), np.int64(50), np.int64(51)]",[],"[np.int64(1), np.int64(3), np.int64(4), np.int64(50), np.int64(51)]"
x4 + (1.64050806965824*x0**2 - x3 - (x1*1.6325054 - x2**2) - 0.5959365)*3.024877 + 1.747587,(x44 - ((x21 - x27)*(x21 - x26 + x3 + x49 - (x15 + x40 - 0.1343966)) - 1*2.305469))*(x15 + x49 - (-1.3062811)*(-x10 - 1.1541137))*(-0.013548522)*(x41 + 0.502981 - 1*(-1.4402846)),1.3607098,0.90303814,33,83,6,"[np.int64(1), np.int64(3), np.int64(4), np.int64(80), np.int64(81)]",[np.int64(82)],"[np.int64(1), np.int64(3), np.int64(4), np.int64(80), np.int64(81), np.int64(82)]"
x4 + (x2**2 - x3 + 1.6537764*(x0**2 - x1))*3.0436747,log(sqrt((x6**2*(-0.22223325*x15*x16 - 0.17980397*x33**2 - 0.17980397*x33 + 0.026450548477569)**4 + 0.92000985)**2)),1.2336897,0.97241455,2,52,5,"[np.int64(1), np.int64(3), np.int64(4), np.int64(50), np.int64(51)]",[],"[np.int64(1), np.int64(3), np.int64(4), np.int64(50), np.int64(51)]"
x0**2*4.995896 + x1*(-5.026556) + 3.00290116712161*x2**2 - 3.0003467*x3 + x4 + 0.056729984,(x32 - 1*(-0.5355932))*x43*0.12270499*(-x10 + x17*(-x14 + x18) - x17 + x19*x4 + x4 - (-x41 - 0.64249176)),1.2389789,0.8659532,7,57,5,"[np.int64(1), np.int64(3), np.int64(4), np.int64(55), np.int64(56)]",[],"[np.int64(1), np.int64(3), np.int64(4), np.int64(55), np.int64(56)]"
x1 + x4 + (1.65260332151044*x0**2 + x2**2 - x3 - (x1 + x1))*2.9901354 + 0.0444899082502161,x16*x40*(-0.17489113),1.0999094,0.87557334,3,53,6,"[np.int64(1), np.int64(3), np.int64(4), np.int64(51), np.int64(52)]",[np.int64(50)],"[np.int64(1), np.int64(3), np.int64(4), np.int64(50), np.int64(51), np.int64(52)]"
x4 + (x0**2*1.8435935 + x2**2 - x3 - (x1 + x1))*2.7286098,x36*(-0.14604162)*(-x27 + x9),1.280814,0.84277105,4,54,6,"[np.int64(1), np.int64(3), np.int64(4), np.int64(52), np.int64(53)]",[np.int64(50)],"[np.int64(1), np.int64(3), np.int64(4), np.int64(50), np.int64(52), np.int64(53)]"
x4 + (x0**2 + x0**2 - x1 - x1 - x3 - (8.637042 - x2**2) + 2.0005774 + 6.6747375)*2.59767,x20*0.14825037,1.1233883,0.83600354,2,52,5,"[np.int64(1), np.int64(3), np.int64(4), np.int64(50), np.int64(51)]",[],"[np.int64(1), np.int64(3), np.int64(4), np.int64(50), np.int64(51)]"
x4 + (x0**2 - x1)*4.9970326 - (-2.9983592)*(x2**2 - x3),x48*(-0.8924359)*(0.0220509224299809*(x32 - x36*(x19 - 0.668077) + x43 + x7 + 0.63880104)**2)*(x10*x8 + x23 + x5 + x8),1.0844136,0.8120255,5,55,5,"[np.int64(1), np.int64(3), np.int64(4), np.int64(53), np.int64(54)]",[],"[np.int64(1), np.int64(3), np.int64(4), np.int64(53), np.int64(54)]"
x2**2*2.9394271 - 2.5503538*x3 + x4 + 4.993541*(x0**2 - x1),x34**2*(0.69836926 - (-x17 + x27))*(-0.1266577)*x13,1.3313229,0.9090352,3,53,6,"[np.int64(1), np.int64(3), np.int64(4), np.int64(51), np.int64(52)]",[np.int64(50)],"[np.int64(1), np.int64(3), np.int64(4), np.int64(50), np.int64(51), np.int64(52)]"
x4 + (x0**2 + x0**2 - x1 - (x1 + x3) + (x2 + x45*0.0020024641)**2 + (x0**2 + x1*(-0.9174384 + 1.77781672395457e-5) + 0.6121662)*(-0.29029822) - 1*(-0.22169146))*2.923967,(x21 + 1.158373)*(x10 + 0.658027)*x23**2*(-0.094181046)*x42,1.2298601,0.87634766,5,55,6,"[np.int64(1), np.int64(3), np.int64(4), np.int64(52), np.int64(53)]",[np.int64(50)],"[np.int64(1), np.int64(3), np.int64(4), np.int64(50), np.int64(52), np.int64(53)]"
x2*0.0003999048 + x3*1.905289 + x4 - ((2.836927125124*x2**2)*(-1.0665346) - (-5.0031548)*((x0 - 1*0.017084358)*x0*(-1.0002624) + x1 + x3) + 0.07382299),(x41 - (x20*(-x3 + x44*(x42 + 0.5923371)) - x31))*0.11769847,1.2191832,0.8519704,4,54,6,"[np.int64(1), np.int64(3), np.int64(4), np.int64(50), np.int64(52), np.int64(53)]",[np.int64(50)],"[np.int64(1), np.int64(3), np.int64(4), np.int64(50), np.int64(52), np.int64(53)]"
x1*5.260598*x0 + x3*x4 + (x2 - (-x2 - x5 + 0.096436545))*(-2.6100674),x34*0.1458083,4.4972687,0.7900424,2,52,4,"[np.int64(2), np.int64(5), np.int64(50), np.int64(51)]",[],"[np.int64(2), np.int64(5), np.int64(50), np.int64(51)]"
-x5 + (-x0*x1 + x2)*(-4.726052),(x10 + x18 - x40)*x9*0.12699574,10.064241,0.81590056,4,54,13,"[np.int64(0), np.int64(2), np.int64(5), np.int64(12), np.int64(17), np.int64(25), np.int64(31), np.int64(32), np.int64(38), np.int64(42), np.int64(49), np.int64(50), np.int64(53)]",[],"[np.int64(0), np.int64(2), np.int64(5), np.int64(12), np.int64(17), np.int64(25), np.int64(31), np.int64(32), np.int64(38), np.int64(42), np.int64(49), np.int64(50), np.int64(53)]"
x1*x0*4.838167 - (x5 + (x2 + x2 + x5)*2.5172083),(-x14 + x17*(-x14*x9*x9 + x32 + x33 - (x9*x9*(x31 + 0.9828943) - (x11*(-1.6088833) + x18**2 + x29 - x5)) - 1*0.49659462020809) + x33)*0.08101406,9.015325,0.7938492,8,58,20,"[np.int64(1), np.int64(2), np.int64(3), np.int64(5), np.int64(15), np.int64(16), np.int64(21), np.int64(24), np.int64(29), np.int64(32), np.int64(35), np.int64(39), np.int64(43), np.int64(46), np.int64(48), np.int64(49), np.int64(50), np.int64(51), np.int64(52), np.int64(56)]",[],"[np.int64(1), np.int64(2), np.int64(3), np.int64(5), np.int64(15), np.int64(16), np.int64(21), np.int64(24), np.int64(29), np.int64(32), np.int64(35), np.int64(39), np.int64(43), np.int64(46), np.int64(48), np.int64(49), np.int64(50), np.int64(51), np.int64(52), np.int64(56)]"
-2.9803994*x5 + (-x2 + x3*0.60603535*x4)*5.1019135 - (-4.9388857)*(x0*x1 - 7.887444e-6),(x35 + (x3 - 1*(-2.2842016))*(-x1 + x30 + x5))*(x11 - x17 + x36 - x7)*0.03259788 - 0.0045584934,1.2536997,0.9327219,18,68,4,"[np.int64(2), np.int64(5), np.int64(50), np.int64(55)]",[],"[np.int64(2), np.int64(5), np.int64(50), np.int64(55)]"
x0 - (x0 + x5) + (-x0*x1 + x2)*(-4.992298) - 2.4731824*(-x3*x4 + x5),x5*(-0.11217014)*x14**2,1.4472067,0.94728273,3,53,5,"[np.int64(2), np.int64(5), np.int64(50), np.int64(51), np.int64(52)]",[np.int64(50)],"[np.int64(2), np.int64(5), np.int64(50), np.int64(51), np.int64(52)]"
2.9308038*(-(-1.7015427)*x0*x1 - (-1.0541431)*x3*x4 - (x2*1.7182899 + x5 - 1*1.1237705) - 1.1176441),x37**2*(-0.08083531),1.2048451,1.0149517,3,53,5,"[np.int64(2), np.int64(5), np.int64(50), np.int64(51)]",[np.int64(52)],"[np.int64(2), np.int64(5), np.int64(50), np.int64(51), np.int64(52)]"
4.319068*(x0*x1 - (x2 + x5)),-0.039457444*x5**2*log(x26**2),9.458314,0.88336366,2,52,12,"[np.int64(1), np.int64(2), np.int64(5), np.int64(7), np.int64(12), np.int64(18), np.int64(29), np.int64(39), np.int64(45), np.int64(46), np.int64(49), np.int64(50)]",[],"[np.int64(1), np.int64(2), np.int64(5), np.int64(7), np.int64(12), np.int64(18), np.int64(29), np.int64(39), np.int64(45), np.int64(46), np.int64(49), np.int64(50)]"
(x0*x1 - x2 + (x3*(x4 + 0.0051934673) - x5)*0.59599024)*4.938271,(-x30 - x33 + x42*x8*(x17**2 + x46))*0.11346407,1.2313877,0.86473554,2,52,4,"[np.int64(2), np.int64(5), np.int64(50), np.int64(51)]",[],"[np.int64(2), np.int64(5), np.int64(50), np.int64(51)]"
x1*x0*4.992829 - x2 - (-2.9951634)*x3*x4 - 3.55659*(x2 + x5) + 0.016973758,(0.0205970170077496*x33**4)*x40,1.7665914,0.8917972,2,52,4,"[np.int64(2), np.int64(5), np.int64(50), np.int64(51)]",[],"[np.int64(2), np.int64(5), np.int64(50), np.int64(51)]"
x3*x4 - (-1)*5.1116834*(0.3254207 - (-x0*x1 + x2)) - 3.0385363*(x5 - 0.45554733) - 4.2809305,x43*0.14503002,5.9023123,0.91347396,2,52,4,"[np.int64(2), np.int64(5), np.int64(50), np.int64(51)]",[],"[np.int64(2), np.int64(5), np.int64(50), np.int64(51)]"
-(x5 + (x0*x1*(-0.97208023) + x2)*5.043233) - (x3*x4*(-3.003124) + x5 - 0.5187378) - 0.46455204 - 0.06712533,x34*(-0.17541969)*x3,1.7030607,0.9099285,3,53,5,"[np.int64(2), np.int64(5), np.int64(50), np.int64(51)]",[np.int64(52)],"[np.int64(2), np.int64(5), np.int64(50), np.int64(51), np.int64(52)]"
(x0*(x1 + x1 - 1*(-0.026481925)) + x2 + x3*x4 - x5 - (x2 - (-1.8431308)*x2))*2.663833,(x23 + x24 + x38)*0.030758228*(-x15**2*(0.901235 - x11)**2 + x21*1.0154687)*x46,1.2803736,0.8626224,2,52,5,"[np.int64(2), np.int64(5), np.int64(8), np.int64(50), np.int64(51)]",[],"[np.int64(2), np.int64(5), np.int64(8), np.int64(50), np.int64(51)]"
-x5 + (-x0*x1 + x2)*(-4.9418426),x35*(-x27 - 0.67683864)**2*(-0.07562969),8.938687,0.98647714,3,53,19,"[np.int64(0), np.int64(1), np.int64(2), np.int64(4), np.int64(5), np.int64(6), np.int64(15), np.int64(18), np.int64(20), np.int64(21), np.int64(24), np.int64(28), np.int64(31), np.int64(32), np.int64(44), np.int64(45), np.int64(47), np.int64(50), np.int64(51)]",[np.int64(50)],"[np.int64(0), np.int64(1), np.int64(2), np.int64(4), np.int64(5), np.int64(6), np.int64(15), np.int64(18), np.int64(20), np.int64(21), np.int64(24), np.int64(28), np.int64(31), np.int64(32), np.int64(44), np.int64(45), np.int64(47), np.int64(50), np.int64(51)]"
(x0*x1 + (-5.148606*x5 - 0.30662453)*0.11212477 - (x2 - 0.6051204*x4*(x3 + 0.012253371) - 8.371868e-5))*4.916764,x22*(-0.16675428),1.2828313,0.86814326,2,52,4,"[np.int64(2), np.int64(5), np.int64(50), np.int64(51)]",[],"[np.int64(2), np.int64(5), np.int64(50), np.int64(51)]"
x0*x1*5.0749297 + x2*(-5.138605) + x5*(-2.762958),x8*0.1460366,6.9811954,0.8639466,1,51,19,"[np.int64(2), np.int64(3), np.int64(5), np.int64(6), np.int64(8), np.int64(9), np.int64(12), np.int64(20), np.int64(22), np.int64(24), np.int64(27), np.int64(32), np.int64(34), np.int64(37), np.int64(45), np.int64(46), np.int64(48), np.int64(49), np.int64(50)]",[],"[np.int64(2), np.int64(3), np.int64(5), np.int64(6), np.int64(8), np.int64(9), np.int64(12), np.int64(20), np.int64(22), np.int64(24), np.int64(27), np.int64(32), np.int64(34), np.int64(37), np.int64(45), np.int64(46), np.int64(48), np.int64(49), np.int64(50)]"
2.8476782*(x3*x4 - (x2 + x5)),x17*x30*(-0.15989827),18.883413,1.0175986,2,52,25,"[np.int64(0), np.int64(2), np.int64(5), np.int64(6), np.int64(7), np.int64(10), np.int64(12), np.int64(15), np.int64(16), np.int64(17), np.int64(18), np.int64(24), np.int64(26), np.int64(30), np.int64(31), np.int64(33), np.int64(39), np.int64(40), np.int64(42), np.int64(43), np.int64(45), np.int64(46), np.int64(47), np.int64(50), np.int64(51)]",[np.int64(51)],"[np.int64(0), np.int64(2), np.int64(5), np.int64(6), np.int64(7), np.int64(10), np.int64(12), np.int64(15), np.int64(16), np.int64(17), np.int64(18), np.int64(24), np.int64(26), np.int64(30), np.int64(31), np.int64(33), np.int64(39), np.int64(40), np.int64(42), np.int64(43), np.int64(45), np.int64(46), np.int64(47), np.int64(50), np.int64(51)]"
-(-5.037945)*x0*x1 - 4.8054504*x2 - x5 + 0.0037709191289961,(-x24 + x47)*0.13202995*x18,10.508488,0.765459,3,53,15,"[np.int64(1), np.int64(2), np.int64(3), np.int64(5), np.int64(6), np.int64(9), np.int64(10), np.int64(18), np.int64(20), np.int64(26), np.int64(27), np.int64(33), np.int64(40), np.int64(41), np.int64(50)]",[],"[np.int64(1), np.int64(2), np.int64(3), np.int64(5), np.int64(6), np.int64(9), np.int64(10), np.int64(18), np.int64(20), np.int64(26), np.int64(27), np.int64(33), np.int64(40), np.int64(41), np.int64(50)]"
-x2 + (x2 + 1.0329176)*(-3.9459498) - (x1*x0*(-4.9923325) - 3.9469864) - (x3*(-3.0204036)*x4 - (-3.06438)*x5),0.0846087077555776*x34**2,1.104634,0.858894,3,53,5,"[np.int64(2), np.int64(5), np.int64(50), np.int64(51)]",[np.int64(52)],"[np.int64(2), np.int64(5), np.int64(50), np.int64(51), np.int64(52)]"
(x0*x1 - x2 - x5)*4.6806335,(x11**2 + x14 - x21)*x22*0.09310725,10.015834,0.87509483,4,54,19,"[np.int64(2), np.int64(3), np.int64(5), np.int64(11), np.int64(12), np.int64(21), np.int64(26), np.int64(28), np.int64(29), np.int64(31), np.int64(32), np.int64(35), np.int64(40), np.int64(43), np.int64(46), np.int64(47), np.int64(48), np.int64(51)]",[np.int64(50)],"[np.int64(2), np.int64(3), np.int64(5), np.int64(11), np.int64(12), np.int64(21), np.int64(26), np.int64(28), np.int64(29), np.int64(31), np.int64(32), np.int64(35), np.int64(40), np.int64(43), np.int64(46), np.int64(47), np.int64(48), np.int64(50), np.int64(51)]"
-4.8568044*x2 + (0.13213775 - (-x3*x4 + x5))*2.955823,(x20 + x49)*0.12403385,18.090914,0.9080317,1,51,24,"[np.int64(0), np.int64(2), np.int64(3), np.int64(4), np.int64(5), np.int64(8), np.int64(15), np.int64(18), np.int64(20), np.int64(22), np.int64(23), np.int64(25), np.int64(29), np.int64(32), np.int64(34), np.int64(37), np.int64(38), np.int64(39), np.int64(40), np.int64(41), np.int64(47), np.int64(48), np.int64(49), np.int64(50)]",[],"[np.int64(0), np.int64(2), np.int64(3), np.int64(4), np.int64(5), np.int64(8), np.int64(15), np.int64(18), np.int64(20), np.int64(22), np.int64(23), np.int64(25), np.int64(29), np.int64(32), np.int64(34), np.int64(37), np.int64(38), np.int64(39), np.int64(40), np.int64(41), np.int64(47), np.int64(48), np.int64(49), np.int64(50)]"
(x0*x1 - x2 - x5)*4.342536,0.13749734*x38 + (-x3*(x38 - 1*2.0460713) + x37*(-x24 + x30 + x38 - (x44 - (x26 + x28)*(x35 - 1*1.0338061 - 0.19893886))*(x20 + x8 + 0.69483) + 0.17956585)*2.330899)*0.040364057,9.998978,0.95294845,8,58,17,"[np.int64(1), np.int64(2), np.int64(3), np.int64(5), np.int64(6), np.int64(7), np.int64(13), np.int64(16), np.int64(17), np.int64(19), np.int64(26), np.int64(31), np.int64(36), np.int64(38), np.int64(41), np.int64(48), np.int64(50)]",[],"[np.int64(1), np.int64(2), np.int64(3), np.int64(5), np.int64(6), np.int64(7), np.int64(13), np.int64(16), np.int64(17), np.int64(19), np.int64(26), np.int64(31), np.int64(36), np.int64(38), np.int64(41), np.int64(48), np.int64(50)]"
(x0*x1 - (x2 + x5))*4.375739,(-x16 - x17 + x34 - x6)*(-x29 - 2.0464873)*0.042550378*(-x23 - x49 + 0.38646185),8.679411,0.84504515,13,63,13,"[np.int64(0), np.int64(2), np.int64(4), np.int64(5), np.int64(11), np.int64(16), np.int64(20), np.int64(26), np.int64(32), np.int64(45), np.int64(50), np.int64(55), np.int64(62)]",[],"[np.int64(0), np.int64(2), np.int64(4), np.int64(5), np.int64(11), np.int64(16), np.int64(20), np.int64(26), np.int64(32), np.int64(45), np.int64(50), np.int64(55), np.int64(62)]"
(x1**2 - x2 - (-x0**2 + x2) - (x5 + (-x0 + x1)**2) - 0.29605618)*2.4444647,0.0194380033216576*x10**4,8.91143,1.0611517,1,51,16,"[np.int64(2), np.int64(3), np.int64(5), np.int64(6), np.int64(7), np.int64(8), np.int64(9), np.int64(21), np.int64(33), np.int64(36), np.int64(38), np.int64(43), np.int64(45), np.int64(46), np.int64(48), np.int64(50)]",[],"[np.int64(2), np.int64(3), np.int64(5), np.int64(6), np.int64(7), np.int64(8), np.int64(9), np.int64(21), np.int64(33), np.int64(36), np.int64(38), np.int64(43), np.int64(45), np.int64(46), np.int64(48), np.int64(50)]"
-5.0319886*x2 - (x0*x1*(-5.0130253) + x3*(-2.978665)*x4 + 2.976123*x5),x1*(x23 - x37)*0.12484101,1.154682,0.8886568,4,54,4,"[np.int64(2), np.int64(5), np.int64(50), np.int64(53)]",[],"[np.int64(2), np.int64(5), np.int64(50), np.int64(53)]"
(-x0*x1 + x2)*(-5.016189),x8*(-0.1189493)*(x23 - x45),16.38906,0.9437531,3,53,20,"[np.int64(1), np.int64(2), np.int64(4), np.int64(5), np.int64(6), np.int64(10), np.int64(15), np.int64(19), np.int64(20), np.int64(21), np.int64(27), np.int64(31), np.int64(34), np.int64(35), np.int64(37), np.int64(39), np.int64(40), np.int64(48), np.int64(50), np.int64(52)]",[],"[np.int64(1), np.int64(2), np.int64(4), np.int64(5), np.int64(6), np.int64(10), np.int64(15), np.int64(19), np.int64(20), np.int64(21), np.int64(27), np.int64(31), np.int64(34), np.int64(35), np.int64(37), np.int64(39), np.int64(40), np.int64(48), np.int64(50), np.int64(52)]"
x5*(-3.0599139) - (-4.967939*(x0*x1 - 1.003058*x2) + (x3*x4 - 1*(-0.2168542))*(-2.9424605)),(-x15**2*x45**2 + x15*x9 - x36 - x36 + x37**2 - x39 + x48 - (x31*(x14*(x44 + x9) - x15) + x36*x39) - 0.57465136)*0.08190405,1.1062578,0.8432821,6,56,4,"[np.int64(2), np.int64(5), np.int64(50), np.int64(51)]",[],"[np.int64(2), np.int64(5), np.int64(50), np.int64(51)]"
x0*x1*4.8066835 - (x2*5.205098 + x5),x22*x11*(-0.12761045),10.700661,0.7845778,2,52,15,"[np.int64(0), np.int64(2), np.int64(4), np.int64(5), np.int64(7), np.int64(12), np.int64(14), np.int64(17), np.int64(21), np.int64(25), np.int64(30), np.int64(35), np.int64(42), np.int64(49), np.int64(50)]",[],"[np.int64(0), np.int64(2), np.int64(4), np.int64(5), np.int64(7), np.int64(12), np.int64(14), np.int64(17), np.int64(21), np.int64(25), np.int64(30), np.int64(35), np.int64(42), np.int64(49), np.int64(50)]"
-x2 - x2 - x32 + x32 + (x0*x1 - x2 + x4*(x3 - 1*(-0.0047661136)) - x5 + (x0*x1 - 1*(-0.17705722))*0.6601853 - 1*0.23561713)*3.015404 - 1*0.11410138 - 0.007250701 - 1*(-0.5130631),x17*0.1310593,1.2445923,0.9134533,2,52,4,"[np.int64(2), np.int64(5), np.int64(50), np.int64(51)]",[],"[np.int64(2), np.int64(5), np.int64(50), np.int64(51)]"
(x0*x1 - (x2 + x5))*4.41538,x19*x19**2*(-0.04770273),10.140265,0.9154801,1,51,14,"[np.int64(2), np.int64(3), np.int64(5), np.int64(8), np.int64(13), np.int64(15), np.int64(16), np.int64(21), np.int64(25), np.int64(26), np.int64(38), np.int64(42), np.int64(47), np.int64(50)]",[],"[np.int64(2), np.int64(3), np.int64(5), np.int64(8), np.int64(13), np.int64(15), np.int64(16), np.int64(21), np.int64(25), np.int64(26), np.int64(38), np.int64(42), np.int64(47), np.int64(50)]"
-x5 - x5 - 5.0840673*(-x0*x1 + x2),x44**2*0.09912831*(x13 - x49**2),7.7436566,0.9411998,2,52,20,"[np.int64(2), np.int64(3), np.int64(4), np.int64(5), np.int64(6), np.int64(8), np.int64(13), np.int64(14), np.int64(22), np.int64(24), np.int64(36), np.int64(37), np.int64(39), np.int64(40), np.int64(42), np.int64(43), np.int64(46), np.int64(47), np.int64(50), np.int64(51)]",[np.int64(50)],"[np.int64(2), np.int64(3), np.int64(4), np.int64(5), np.int64(6), np.int64(8), np.int64(13), np.int64(14), np.int64(22), np.int64(24), np.int64(36), np.int64(37), np.int64(39), np.int64(40), np.int64(42), np.int64(43), np.int64(46), np.int64(47), np.int64(50), np.int64(51)]"
-(-5.0827813)*x0*x1 + x2*(-5.0652537) + x3*(0.34516156*x4 + x4 + x4) - (0.020086076 - (-2.9958146)*x5),x1*(0.0855743391560464*x18**2)*x22,1.2662188,0.87400675,2,52,4,"[np.int64(2), np.int64(5), np.int64(50), np.int64(51)]",[],"[np.int64(2), np.int64(5), np.int64(50), np.int64(51)]"
-(-4.962445)*x0*x1 + x2*(-4.9718957) + x5*(-2.8945627) + (x3*x4 + 5.1126895)*2.9064202 - 14.818256,0.0045282218773801*(x18 + x7)**4,1.1000837,0.9050716,2,52,4,"[np.int64(2), np.int64(5), np.int64(50), np.int64(51)]",[],"[np.int64(2), np.int64(5), np.int64(50), np.int64(51)]"
-x5 + (x0*x1 - x2)*4.965127,x16*x25*(0.17074877 - 0.24755974*x23)**2*(1.3778576 - x18),9.218272,0.89514047,2,52,14,"[np.int64(2), np.int64(5), np.int64(10), np.int64(12), np.int64(21), np.int64(24), np.int64(26), np.int64(27), np.int64(32), np.int64(35), np.int64(36), np.int64(43), np.int64(48), np.int64(50)]",[],"[np.int64(2), np.int64(5), np.int64(10), np.int64(12), np.int64(21), np.int64(24), np.int64(26), np.int64(27), np.int64(32), np.int64(35), np.int64(36), np.int64(43), np.int64(48), np.int64(50)]"
x13 - 4.9822736*x2 - 3.3336754*(-x3*x4 + x5),(x14*(x34**2 + x8) - x20)*0.11084044,17.388952,0.8937446,3,53,26,"[np.int64(1), np.int64(2), np.int64(5), np.int64(8), np.int64(10), np.int64(11), np.int64(13), np.int64(14), np.int64(17), np.int64(19), np.int64(20), np.int64(21), np.int64(24), np.int64(27), np.int64(29), np.int64(34), np.int64(37), np.int64(41), np.int64(42), np.int64(46), np.int64(47), np.int64(48), np.int64(49), np.int64(51), np.int64(52)]",[np.int64(50)],"[np.int64(1), np.int64(2), np.int64(5), np.int64(8), np.int64(10), np.int64(11), np.int64(13), np.int64(14), np.int64(17), np.int64(19), np.int64(20), np.int64(21), np.int64(24), np.int64(27), np.int64(29), np.int64(34), np.int64(37), np.int64(41), np.int64(42), np.int64(46), np.int64(47), np.int64(48), np.int64(49), np.int64(50), np.int64(51), np.int64(52)]"
0.8136351 - 2.9505773*(x5 + (1.8655628 - (x0*x1 + 1.5196302))*1.5008852 + (x2*14.561578 + x21)*0.11036752 - 1*0.23298676),(x14*(-1.0063514) - ((x13 - 1*(-0.27491808))*(-x9 - 0.40454277) - (x18 - 1*0.29961222)))*0.11963393,11.608421,0.9187141,2,52,16,"[np.int64(1), np.int64(2), np.int64(3), np.int64(4), np.int64(5), np.int64(8), np.int64(12), np.int64(20), np.int64(21), np.int64(23), np.int64(25), np.int64(28), np.int64(35), np.int64(39), np.int64(50)]",[np.int64(51)],"[np.int64(1), np.int64(2), np.int64(3), np.int64(4), np.int64(5), np.int64(8), np.int64(12), np.int64(20), np.int64(21), np.int64(23), np.int64(25), np.int64(28), np.int64(35), np.int64(39), np.int64(50), np.int64(51)]"
(-1.7709802*x2 + x3*x4 - x5)*2.955605,(x23 - (-(-1.1765827*x0*(-(-x46 + x48) - 0.15749684) + x9) - 0.9947733))*(x13*x18 - x18 - x39 - (x16 - x24 - x37 + 0.09261489) - 0.33469555)*0.055005245,20.789618,0.7856264,19,69,22,"[np.int64(0), np.int64(2), np.int64(3), np.int64(5), np.int64(6), np.int64(7), np.int64(8), np.int64(13), np.int64(21), np.int64(22), np.int64(23), np.int64(29), np.int64(38), np.int64(39), np.int64(41), np.int64(47), np.int64(49), np.int64(51), np.int64(56), np.int64(57), np.int64(63), np.int64(65)]",[],"[np.int64(0), np.int64(2), np.int64(3), np.int64(5), np.int64(6), np.int64(7), np.int64(8), np.int64(13), np.int64(21), np.int64(22), np.int64(23), np.int64(29), np.int64(38), np.int64(39), np.int64(41), np.int64(47), np.int64(49), np.int64(51), np.int64(56), np.int64(57), np.int64(63), np.int64(65)]"
(x2*7.964888 - (-4.9015403)*x5 - (0.21421349 - (-7.8062534)*x0*x1))*(-0.62586856),(-x3*x44**2 - 0.45961446)*0.11543493,9.602483,0.85932773,2,52,18,"[np.int64(1), np.int64(2), np.int64(4), np.int64(5), np.int64(10), np.int64(13), np.int64(20), np.int64(21), np.int64(22), np.int64(23), np.int64(24), np.int64(26), np.int64(27), np.int64(29), np.int64(34), np.int64(40), np.int64(51)]",[np.int64(50)],"[np.int64(1), np.int64(2), np.int64(4), np.int64(5), np.int64(10), np.int64(13), np.int64(20), np.int64(21), np.int64(22), np.int64(23), np.int64(24), np.int64(26), np.int64(27), np.int64(29), np.int64(34), np.int64(40), np.int64(50), np.int64(51)]"
-(x2*5.216716 + (-x0*x1 + x5)*3.970775) - 0.02476179,x37*0.09395314*x46*x16**2,8.365928,0.8732759,1,51,15,"[np.int64(2), np.int64(3), np.int64(4), np.int64(5), np.int64(8), np.int64(12), np.int64(16), np.int64(19), np.int64(20), np.int64(23), np.int64(31), np.int64(32), np.int64(40), np.int64(42), np.int64(50)]",[],"[np.int64(2), np.int64(3), np.int64(4), np.int64(5), np.int64(8), np.int64(12), np.int64(16), np.int64(19), np.int64(20), np.int64(23), np.int64(31), np.int64(32), np.int64(40), np.int64(42), np.int64(50)]"
(x0*1.6851112*(x1 - 1*0.5835112) + x0 - 1.6949476*x2 + x3*x4 - x5)*2.9379842,(0.0463110744320064*x36**2)*(x28 + x36)*(x44 + x47),1.2380898,0.92922914,2,52,4,"[np.int64(2), np.int64(5), np.int64(50), np.int64(51)]",[],"[np.int64(2), np.int64(5), np.int64(50), np.int64(51)]"
x1*x0*5.0917153 + ((1.751731 - (x3 + x4 - 1*(-0.10248693))**2)*(-0.2572429) - (x2*1.6300414 + x5))*3.048103,x31*x10**2*0.09760158,4.46785,0.93326235,5,55,5,"[np.int64(2), np.int64(5), np.int64(51), np.int64(52)]",[np.int64(50)],"[np.int64(2), np.int64(5), np.int64(50), np.int64(51), np.int64(52)]"
(x0*x1 - x2 - x5)*4.2602925,(-x29 + x43)*0.11320925,8.913708,0.92069936,1,51,12,"[np.int64(2), np.int64(3), np.int64(5), np.int64(7), np.int64(8), np.int64(16), np.int64(20), np.int64(22), np.int64(23), np.int64(30), np.int64(31), np.int64(50)]",[],"[np.int64(2), np.int64(3), np.int64(5), np.int64(7), np.int64(8), np.int64(16), np.int64(20), np.int64(22), np.int64(23), np.int64(30), np.int64(31), np.int64(50)]"
x3*2.9883714*x4 - 3.01666*x5 - 5.067069*(-x0*x1 + x2),x26*x6*x7*x48*0.18014748,1.1802453,0.92984784,2,52,4,"[np.int64(2), np.int64(5), np.int64(50), np.int64(51)]",[],"[np.int64(2), np.int64(5), np.int64(50), np.int64(51)]"
-3.499348*(x2 + x5) - (-5.0492287*x0*x1 + x2 - 2.967568*x3*x4) + 0.029293444,x33*(x14 + x41*x48)*(x41 + 0.7351156)*(-0.07513778),1.2542964,0.9051096,3,53,4,"[np.int64(2), np.int64(5), np.int64(50), np.int64(51)]",[],"[np.int64(2), np.int64(5), np.int64(50), np.int64(51)]"
x0*x1*4.540015 + x3*x4*2.53378 - x4 + x4 + (-(-1.6447773)*x2 + x5)*(-3.029395),x34*x32*0.1659098*(x23 + x31),1.0968007,0.9000585,2,52,4,"[np.int64(2), np.int64(5), np.int64(50), np.int64(51)]",[],"[np.int64(2), np.int64(5), np.int64(50), np.int64(51)]"
(x3*x4 - x5 + (x0*x1 - x2)*1.6586854)*2.9975362,x9*(-0.1264399)*x36,1.2441834,0.8338507,3,53,5,"[np.int64(2), np.int64(5), np.int64(50), np.int64(51)]",[np.int64(52)],"[np.int64(2), np.int64(5), np.int64(50), np.int64(51), np.int64(52)]"
(x0*x1 - x2)*4.958446 - 2.9740088*(-x3*x4 + x5 + 0.028016347),x20*0.14825456,1.0889205,0.8537315,2,52,4,"[np.int64(2), np.int64(5), np.int64(50), np.int64(51)]",[],"[np.int64(2), np.int64(5), np.int64(50), np.int64(51)]"
x0*(x1*5.146448 - 0.038830362) - 5.031269*(x2 + x5),x45*x40*0.0603424*(x45**2 - x49),8.296146,0.81867707,1,51,20,"[np.int64(2), np.int64(5), np.int64(7), np.int64(11), np.int64(15), np.int64(21), np.int64(22), np.int64(26), np.int64(28), np.int64(30), np.int64(31), np.int64(40), np.int64(41), np.int64(42), np.int64(43), np.int64(44), np.int64(46), np.int64(47), np.int64(49), np.int64(50)]",[],"[np.int64(2), np.int64(5), np.int64(7), np.int64(11), np.int64(15), np.int64(21), np.int64(22), np.int64(26), np.int64(28), np.int64(30), np.int64(31), np.int64(40), np.int64(41), np.int64(42), np.int64(43), np.int64(44), np.int64(46), np.int64(47), np.int64(49), np.int64(50)]"
(-1.685402*x0*(x1 - 1*(-0.0023355035)) + x2*1.7460217 + x5)*(-2.909261),x13*(-x26**2*x47 + x34)*(-0.12695688),9.924279,0.9031274,2,52,13,"[np.int64(2), np.int64(4), np.int64(5), np.int64(6), np.int64(17), np.int64(23), np.int64(27), np.int64(28), np.int64(34), np.int64(40), np.int64(47), np.int64(49), np.int64(50)]",[],"[np.int64(2), np.int64(4), np.int64(5), np.int64(6), np.int64(17), np.int64(23), np.int64(27), np.int64(28), np.int64(34), np.int64(40), np.int64(47), np.int64(49), np.int64(50)]"
x0*x1*4.9974546 + x2*(-5.324734) + x5*(-3.097153),(-(-0.9006587)*x10 + x36)*0.12645948*(x23*(x43 - 0.8898908) + (x0 - 0.15296051)*(x17 - 1.1084707)),10.471026,0.833214,7,57,18,"[np.int64(2), np.int64(3), np.int64(5), np.int64(7), np.int64(12), np.int64(15), np.int64(19), np.int64(24), np.int64(29), np.int64(35), np.int64(38), np.int64(40), np.int64(46), np.int64(47), np.int64(49), np.int64(50), np.int64(52), np.int64(53)]",[],"[np.int64(2), np.int64(3), np.int64(5), np.int64(7), np.int64(12), np.int64(15), np.int64(19), np.int64(24), np.int64(29), np.int64(35), np.int64(38), np.int64(40), np.int64(46), np.int64(47), np.int64(49), np.int64(50), np.int64(52), np.int64(53)]"
(-x2 - (-x0*x1 + x5) - 0.5319747 + 0.44873053)*4.463324,(x30 - x9)*x9*0.10499009,9.785099,0.8914733,3,53,12,"[np.int64(2), np.int64(3), np.int64(4), np.int64(5), np.int64(18), np.int64(20), np.int64(31), np.int64(37), np.int64(41), np.int64(46), np.int64(50), np.int64(52)]",[],"[np.int64(2), np.int64(3), np.int64(4), np.int64(5), np.int64(18), np.int64(20), np.int64(31), np.int64(37), np.int64(41), np.int64(46), np.int64(50), np.int64(52)]"
2.727161*x1 - 2.727161*log(x2**2),x34*0.1458083,34.621426,0.79056835,1,51,25,"[np.int64(1), np.int64(4), np.int64(5), np.int64(6), np.int64(7), np.int64(9), np.int64(10), np.int64(11), np.int64(13), np.int64(14), np.int64(15), np.int64(18), np.int64(20), np.int64(21), np.int64(22), np.int64(24), np.int64(28), np.int64(29), np.int64(31), np.int64(34), np.int64(37), np.int64(40), np.int64(46), np.int64(48), np.int64(50)]",[],"[np.int64(1), np.int64(4), np.int64(5), np.int64(6), np.int64(7), np.int64(9), np.int64(10), np.int64(11), np.int64(13), np.int64(14), np.int64(15), np.int64(18), np.int64(20), np.int64(21), np.int64(22), np.int64(24), np.int64(28), np.int64(29), np.int64(31), np.int64(34), np.int64(37), np.int64(40), np.int64(46), np.int64(48), np.int64(50)]"
x1*x0**2*5.071167 - x2**2 + 4.5731974,1.25308787406448e-5*(x40 - (x0*x9 - x40))**4*(x46 - 1*(-1.7503029))**4,31.331442,0.83140284,2,52,28,"[np.int64(0), np.int64(1), np.int64(2), np.int64(3), np.int64(4), np.int64(5), np.int64(6), np.int64(9), np.int64(12), np.int64(15), np.int64(16), np.int64(18), np.int64(21), np.int64(24), np.int64(25), np.int64(28), np.int64(29), np.int64(32), np.int64(37), np.int64(38), np.int64(40), np.int64(44), np.int64(45), np.int64(46), np.int64(48), np.int64(49), np.int64(50), np.int64(51)]",[],"[np.int64(0), np.int64(1), np.int64(2), np.int64(3), np.int64(4), np.int64(5), np.int64(6), np.int64(9), np.int64(12), np.int64(15), np.int64(16), np.int64(18), np.int64(21), np.int64(24), np.int64(25), np.int64(28), np.int64(29), np.int64(32), np.int64(37), np.int64(38), np.int64(40), np.int64(44), np.int64(45), np.int64(46), np.int64(48), np.int64(49), np.int64(50), np.int64(51)]"
4.547002*x0**2*x1 - 4.547002*x5 - log(x2**4),(x0**2*x28 + x16)*(x27 + x6)*(-0.08063132),10.541373,0.83558106,4,54,18,"[np.int64(0), np.int64(1), np.int64(2), np.int64(3), np.int64(5), np.int64(15), np.int64(16), np.int64(21), np.int64(24), np.int64(27), np.int64(29), np.int64(32), np.int64(35), np.int64(46), np.int64(48), np.int64(49), np.int64(50), np.int64(53)]",[],"[np.int64(0), np.int64(1), np.int64(2), np.int64(3), np.int64(5), np.int64(15), np.int64(16), np.int64(21), np.int64(24), np.int64(27), np.int64(29), np.int64(32), np.int64(35), np.int64(46), np.int64(48), np.int64(49), np.int64(50), np.int64(53)]"
x1*x0**2*5.057656 + (-x2**2 - x5 + 1.9938091)*2.8058577,(x35 + x48*(-x42 + x47 - 1*1.0456119) - (x20 + x3 + x36 - x42))*(-0.10291404),22.615498,0.94910884,4,54,30,"[np.int64(0), np.int64(4), np.int64(5), np.int64(6), np.int64(7), np.int64(8), np.int64(9), np.int64(10), np.int64(14), np.int64(19), np.int64(21), np.int64(22), np.int64(23), np.int64(27), np.int64(28), np.int64(29), np.int64(31), np.int64(32), np.int64(33), np.int64(34), np.int64(35), np.int64(36), np.int64(37), np.int64(39), np.int64(45), np.int64(48), np.int64(49), np.int64(50), np.int64(51), np.int64(53)]",[],"[np.int64(0), np.int64(4), np.int64(5), np.int64(6), np.int64(7), np.int64(8), np.int64(9), np.int64(10), np.int64(14), np.int64(19), np.int64(21), np.int64(22), np.int64(23), np.int64(27), np.int64(28), np.int64(29), np.int64(31), np.int64(32), np.int64(33), np.int64(34), np.int64(35), np.int64(36), np.int64(37), np.int64(39), np.int64(45), np.int64(48), np.int64(49), np.int64(50), np.int64(51), np.int64(53)]"
5.0283585*x0**2*x1 - 0.00567644710084*(x5 + 4.772269)**4 - 2.4953747*log(x2**2) + 3.5119068,x5*(-0.11216884)*x14**2,9.579356,0.9138845,4,54,14,"[np.int64(3), np.int64(5), np.int64(7), np.int64(10), np.int64(13), np.int64(20), np.int64(21), np.int64(22), np.int64(28), np.int64(37), np.int64(40), np.int64(50), np.int64(51), np.int64(52)]",[np.int64(51)],"[np.int64(3), np.int64(5), np.int64(7), np.int64(10), np.int64(13), np.int64(20), np.int64(21), np.int64(22), np.int64(28), np.int64(37), np.int64(40), np.int64(50), np.int64(51), np.int64(52)]"
5.2139697*x0**2*x1 - 3.2139697*x5 - 5.2139697*sqrt(x2**2) + 6.9961749529924,(x14**2 - x37)*x37*0.08209801,16.561962,0.968669,3,53,27,"[np.int64(0), np.int64(1), np.int64(2), np.int64(5), np.int64(7), np.int64(11), np.int64(12), np.int64(15), np.int64(20), np.int64(21), np.int64(22), np.int64(27), np.int64(29), np.int64(30), np.int64(31), np.int64(33), np.int64(34), np.int64(35), np.int64(36), np.int64(38), np.int64(41), np.int64(42), np.int64(43), np.int64(44), np.int64(50), np.int64(51), np.int64(52)]","[np.int64(51), np.int64(52)]","[np.int64(0), np.int64(1), np.int64(2), np.int64(5), np.int64(7), np.int64(11), np.int64(12), np.int64(15), np.int64(20), np.int64(21), np.int64(22), np.int64(27), np.int64(29), np.int64(30), np.int64(31), np.int64(33), np.int64(34), np.int64(35), np.int64(36), np.int64(38), np.int64(41), np.int64(42), np.int64(43), np.int64(44), np.int64(50), np.int64(51), np.int64(52)]"
(5.37064217225316*x0**2)*x1 + 3.4642444,0.13610664*x16*(x12*(x3 + x37 - 1*(-1.325152)) - (x4 + 0.9242726)),34.715466,0.871213,3,53,28,"[np.int64(1), np.int64(5), np.int64(6), np.int64(7), np.int64(9), np.int64(10), np.int64(12), np.int64(13), np.int64(15), np.int64(16), np.int64(17), np.int64(18), np.int64(19), np.int64(22), np.int64(23), np.int64(24), np.int64(27), np.int64(29), np.int64(35), np.int64(36), np.int64(38), np.int64(39), np.int64(40), np.int64(41), np.int64(44), np.int64(46), np.int64(50), np.int64(51)]",[],"[np.int64(1), np.int64(5), np.int64(6), np.int64(7), np.int64(9), np.int64(10), np.int64(12), np.int64(13), np.int64(15), np.int64(16), np.int64(17), np.int64(18), np.int64(19), np.int64(22), np.int64(23), np.int64(24), np.int64(27), np.int64(29), np.int64(35), np.int64(36), np.int64(38), np.int64(39), np.int64(40), np.int64(41), np.int64(44), np.int64(46), np.int64(50), np.int64(51)]"
-(-4.90513262281156*x0**2*x1 + (x5 - (7.1269693 - x2**2))**2*(-0.29074895)) - 4.5757594 - 3.7266388,(x33 - (-(x17 - (x2 - x28*(x13 + x18 + x8*(x17 + x18 - 1*0.43983895)) - x4 - (x18 + x28*(x23 + x27 + x4) + x5*(-0.83190453)))) - (x17**2 + 0.80081326) + 1.914241))*(-0.08551659),17.717928,0.8662079,11,61,36,"[np.int64(3), np.int64(4), np.int64(5), np.int64(6), np.int64(7), np.int64(9), np.int64(12), np.int64(13), np.int64(14), np.int64(15), np.int64(16), np.int64(18), np.int64(19), np.int64(22), np.int64(23), np.int64(24), np.int64(25), np.int64(26), np.int64(28), np.int64(29), np.int64(32), np.int64(33), np.int64(42), np.int64(43), np.int64(44), np.int64(45), np.int64(47), np.int64(48), np.int64(50), np.int64(52), np.int64(53), np.int64(56), np.int64(57), np.int64(58), np.int64(59), np.int64(60)]",[],"[np.int64(3), np.int64(4), np.int64(5), np.int64(6), np.int64(7), np.int64(9), np.int64(12), np.int64(13), np.int64(14), np.int64(15), np.int64(16), np.int64(18), np.int64(19), np.int64(22), np.int64(23), np.int64(24), np.int64(25), np.int64(26), np.int64(28), np.int64(29), np.int64(32), np.int64(33), np.int64(42), np.int64(43), np.int64(44), np.int64(45), np.int64(47), np.int64(48), np.int64(50), np.int64(52), np.int64(53), np.int64(56), np.int64(57), np.int64(58), np.int64(59), np.int64(60)]"
-x2**2 + (-x0**2*x1 + x5 - 0.9549548)*(-4.6876264),x44*(-x46 + x48)*((0.0068048853 - x46)*0.0068048853 + (-(x21 + x23) - 0.3817275)**2*(-0.002536358))*(x48*(3.4815257 - (-2.8915105)*x48) - (x44 + x6))*(x41 - (-1.1981534)*(-x23 + x23 + x33)**2 + 1.2087309),28.633255,0.87430996,5,55,23,"[np.int64(0), np.int64(1), np.int64(3), np.int64(4), np.int64(5), np.int64(6), np.int64(13), np.int64(15), np.int64(18), np.int64(21), np.int64(27), np.int64(28), np.int64(32), np.int64(34), np.int64(36), np.int64(37), np.int64(41), np.int64(43), np.int64(47), np.int64(50), np.int64(51), np.int64(53), np.int64(54)]",[],"[np.int64(0), np.int64(1), np.int64(3), np.int64(4), np.int64(5), np.int64(6), np.int64(13), np.int64(15), np.int64(18), np.int64(21), np.int64(27), np.int64(28), np.int64(32), np.int64(34), np.int64(36), np.int64(37), np.int64(41), np.int64(43), np.int64(47), np.int64(50), np.int64(51), np.int64(53), np.int64(54)]"
x0**2*x1*4.9386487 + 2.6693795,(x43*(-x7*(x42*(-x2 + x21) - 1*0.8334878) - 1.6693137) - (x17*(x12 + x2 + x21 - (x24 + x29)) - 1*0.31113455))*(-0.08969644),32.096916,0.8929963,7,57,31,"[np.int64(2), np.int64(3), np.int64(5), np.int64(8), np.int64(12), np.int64(13), np.int64(14), np.int64(16), np.int64(20), np.int64(21), np.int64(23), np.int64(24), np.int64(25), np.int64(26), np.int64(27), np.int64(28), np.int64(30), np.int64(31), np.int64(32), np.int64(33), np.int64(34), np.int64(35), np.int64(37), np.int64(39), np.int64(40), np.int64(43), np.int64(44), np.int64(46), np.int64(50), np.int64(55), np.int64(56)]",[],"[np.int64(2), np.int64(3), np.int64(5), np.int64(8), np.int64(12), np.int64(13), np.int64(14), np.int64(16), np.int64(20), np.int64(21), np.int64(23), np.int64(24), np.int64(25), np.int64(26), np.int64(27), np.int64(28), np.int64(30), np.int64(31), np.int64(32), np.int64(33), np.int64(34), np.int64(35), np.int64(37), np.int64(39), np.int64(40), np.int64(43), np.int64(44), np.int64(46), np.int64(50), np.int64(55), np.int64(56)]"
5.057264*x0**2*x1 - 2.5163345*x5 - 2.5163345*log(x2**2) + 0.23497898945837,x0*x33**2*(-0.038535215)*x21*(1.2132019 - (x33 + x47)**2),9.14275,0.9040403,2,52,13,"[np.int64(4), np.int64(5), np.int64(8), np.int64(9), np.int64(12), np.int64(13), np.int64(26), np.int64(28), np.int64(34), np.int64(42), np.int64(47), np.int64(50), np.int64(51)]",[],"[np.int64(4), np.int64(5), np.int64(8), np.int64(9), np.int64(12), np.int64(13), np.int64(26), np.int64(28), np.int64(34), np.int64(42), np.int64(47), np.int64(50), np.int64(51)]"
x1*4.9728484*x0**2 + (x2**2 - 3.522441)**2 + 3.1007402*(-x5 - 1.6816404),0.000430438853147196*x15**8,22.622131,0.8946834,2,52,28,"[np.int64(2), np.int64(3), np.int64(5), np.int64(6), np.int64(8), np.int64(9), np.int64(10), np.int64(12), np.int64(13), np.int64(19), np.int64(21), np.int64(26), np.int64(27), np.int64(28), np.int64(29), np.int64(30), np.int64(32), np.int64(34), np.int64(38), np.int64(40), np.int64(43), np.int64(44), np.int64(45), np.int64(46), np.int64(47), np.int64(49), np.int64(50), np.int64(51)]",[],"[np.int64(2), np.int64(3), np.int64(5), np.int64(6), np.int64(8), np.int64(9), np.int64(10), np.int64(12), np.int64(13), np.int64(19), np.int64(21), np.int64(26), np.int64(27), np.int64(28), np.int64(29), np.int64(30), np.int64(32), np.int64(34), np.int64(38), np.int64(40), np.int64(43), np.int64(44), np.int64(45), np.int64(46), np.int64(47), np.int64(49), np.int64(50), np.int64(51)]"
5.1029177*x0**2*x1 - x5 - 2.3261228*log(x2**2) - 0.15447196,x9*(-0.09634125)*x40**2,9.439394,0.9744817,3,53,19,"[np.int64(0), np.int64(4), np.int64(5), np.int64(11), np.int64(15), np.int64(18), np.int64(20), np.int64(21), np.int64(24), np.int64(27), np.int64(28), np.int64(31), np.int64(32), np.int64(44), np.int64(45), np.int64(47), np.int64(50), np.int64(52)]",[np.int64(51)],"[np.int64(0), np.int64(4), np.int64(5), np.int64(11), np.int64(15), np.int64(18), np.int64(20), np.int64(21), np.int64(24), np.int64(27), np.int64(28), np.int64(31), np.int64(32), np.int64(44), np.int64(45), np.int64(47), np.int64(50), np.int64(51), np.int64(52)]"
4.92014*x0**2*x1 - x5 - log(x2**4) + 0.80148435,x22*(-0.16675428),10.398861,0.87528247,2,52,19,"[np.int64(4), np.int64(5), np.int64(7), np.int64(8), np.int64(10), np.int64(14), np.int64(16), np.int64(27), np.int64(31), np.int64(32), np.int64(35), np.int64(36), np.int64(38), np.int64(40), np.int64(41), np.int64(42), np.int64(45), np.int64(50), np.int64(51)]",[],"[np.int64(4), np.int64(5), np.int64(7), np.int64(8), np.int64(10), np.int64(14), np.int64(16), np.int64(27), np.int64(31), np.int64(32), np.int64(35), np.int64(36), np.int64(38), np.int64(40), np.int64(41), np.int64(42), np.int64(45), np.int64(50), np.int64(51)]"
(x0**2*x1 + 0.6124379)*5.105635,x8*0.1460366,37.273285,0.85211134,1,51,33,"[np.int64(1), np.int64(3), np.int64(4), np.int64(5), np.int64(6), np.int64(7), np.int64(8), np.int64(9), np.int64(10), np.int64(15), np.int64(18), np.int64(19), np.int64(20), np.int64(21), np.int64(22), np.int64(23), np.int64(24), np.int64(25), np.int64(26), np.int64(27), np.int64(29), np.int64(30), np.int64(32), np.int64(34), np.int64(37), np.int64(41), np.int64(42), np.int64(45), np.int64(46), np.int64(47), np.int64(48), np.int64(49), np.int64(50)]",[],"[np.int64(1), np.int64(3), np.int64(4), np.int64(5), np.int64(6), np.int64(7), np.int64(8), np.int64(9), np.int64(10), np.int64(15), np.int64(18), np.int64(19), np.int64(20), np.int64(21), np.int64(22), np.int64(23), np.int64(24), np.int64(25), np.int64(26), np.int64(27), np.int64(29), np.int64(30), np.int64(32), np.int64(34), np.int64(37), np.int64(41), np.int64(42), np.int64(45), np.int64(46), np.int64(47), np.int64(48), np.int64(49), np.int64(50)]"
5.149959*x0**2*x1 - 2.505456*x5 - 2.505456*log(x2**2) + 0.031477672099062,x17*x30*(-0.15984787),9.352491,1.0319954,3,53,16,"[np.int64(4), np.int64(5), np.int64(9), np.int64(11), np.int64(17), np.int64(20), np.int64(23), np.int64(31), np.int64(35), np.int64(38), np.int64(39), np.int64(41), np.int64(44), np.int64(50), np.int64(52)]",[np.int64(51)],"[np.int64(4), np.int64(5), np.int64(9), np.int64(11), np.int64(17), np.int64(20), np.int64(23), np.int64(31), np.int64(35), np.int64(38), np.int64(39), np.int64(41), np.int64(44), np.int64(50), np.int64(51), np.int64(52)]"
x0**2*x1*5.33339 - x2**2 - x2**2 + 4.762055,x12*x26*0.15862842,23.646492,0.8192096,3,53,23,"[np.int64(2), np.int64(5), np.int64(8), np.int64(9), np.int64(15), np.int64(17), np.int64(18), np.int64(21), np.int64(22), np.int64(23), np.int64(26), np.int64(29), np.int64(32), np.int64(33), np.int64(34), np.int64(35), np.int64(39), np.int64(40), np.int64(42), np.int64(46), np.int64(50), np.int64(51), np.int64(52)]",[],"[np.int64(2), np.int64(5), np.int64(8), np.int64(9), np.int64(15), np.int64(17), np.int64(18), np.int64(21), np.int64(22), np.int64(23), np.int64(26), np.int64(29), np.int64(32), np.int64(33), np.int64(34), np.int64(35), np.int64(39), np.int64(40), np.int64(42), np.int64(46), np.int64(50), np.int64(51), np.int64(52)]"
5.0385636*x0**2*x1 - 1.2596409*x5 - 1.2596409*log(x2**4) - 0.14709129103116,x34**2*0.08463261,10.827541,0.85757244,3,53,16,"[np.int64(1), np.int64(5), np.int64(10), np.int64(11), np.int64(12), np.int64(19), np.int64(24), np.int64(26), np.int64(30), np.int64(37), np.int64(40), np.int64(43), np.int64(48), np.int64(50), np.int64(51)]",[np.int64(52)],"[np.int64(1), np.int64(5), np.int64(10), np.int64(11), np.int64(12), np.int64(19), np.int64(24), np.int64(26), np.int64(30), np.int64(37), np.int64(40), np.int64(43), np.int64(48), np.int64(50), np.int64(51), np.int64(52)]"
4.8671481206777*x0**2*x1 - 2.617121*x5 - 2.617121*log(x2**2) - 0.133750669573872,(-x14*x48 + x7)*0.12666042,11.834597,0.84791255,3,53,23,"[np.int64(2), np.int64(3), np.int64(5), np.int64(11), np.int64(12), np.int64(21), np.int64(23), np.int64(26), np.int64(28), np.int64(29), np.int64(31), np.int64(32), np.int64(35), np.int64(38), np.int64(39), np.int64(40), np.int64(43), np.int64(46), np.int64(47), np.int64(48), np.int64(49), np.int64(50), np.int64(52)]",[],"[np.int64(2), np.int64(3), np.int64(5), np.int64(11), np.int64(12), np.int64(21), np.int64(23), np.int64(26), np.int64(28), np.int64(29), np.int64(31), np.int64(32), np.int64(35), np.int64(38), np.int64(39), np.int64(40), np.int64(43), np.int64(46), np.int64(47), np.int64(48), np.int64(49), np.int64(50), np.int64(52)]"
4.9970284*x0**2*x1 - 2.8792272*x3*(-x4 - 0.23797138*x49) - 2.8792272*x5 - 2.8792272*log(x2**2) - 0.685173670117536,(x27 - 1*(-1.1765994))*(x49 - (0.93798333 - x20))*0.10400263,1.5411242,0.8756729,6,56,4,"[np.int64(5), np.int64(50), np.int64(51), np.int64(55)]",[],"[np.int64(5), np.int64(50), np.int64(51), np.int64(55)]"
(-x5 - (-1.6763265*x0**2*x1 + x2**2) + 2.1122324)*2.8906083,(((0.105598858617648*x27**4)*x16*(-0.77111983) + x34**2)*x16*(x35 - 0.73848146)*(-0.8150987) - x25 + x27 - (-x1 + x32*x13*(-1.4225668) - x32*x43))*0.10551403,26.53587,0.96194035,5,55,26,"[np.int64(1), np.int64(3), np.int64(4), np.int64(5), np.int64(6), np.int64(7), np.int64(16), np.int64(17), np.int64(18), np.int64(19), np.int64(21), np.int64(23), np.int64(24), np.int64(26), np.int64(27), np.int64(31), np.int64(33), np.int64(37), np.int64(41), np.int64(43), np.int64(47), np.int64(49), np.int64(50), np.int64(51), np.int64(52), np.int64(54)]",[],"[np.int64(1), np.int64(3), np.int64(4), np.int64(5), np.int64(6), np.int64(7), np.int64(16), np.int64(17), np.int64(18), np.int64(19), np.int64(21), np.int64(23), np.int64(24), np.int64(26), np.int64(27), np.int64(31), np.int64(33), np.int64(37), np.int64(41), np.int64(43), np.int64(47), np.int64(49), np.int64(50), np.int64(51), np.int64(52), np.int64(54)]"
(5.052141803809*x0**2)*x1 + x2**2*(-2.2578223) + (1.5344537 - x5)**2 + 2.1966944,(x25**2 + x49*(x17 + x44))*(-0.0518050875654361*x46**2 - 0.03592536),26.506397,0.89480084,6,56,26,"[np.int64(3), np.int64(4), np.int64(5), np.int64(6), np.int64(7), np.int64(12), np.int64(13), np.int64(15), np.int64(16), np.int64(17), np.int64(18), np.int64(23), np.int64(24), np.int64(25), np.int64(29), np.int64(32), np.int64(34), np.int64(36), np.int64(37), np.int64(40), np.int64(46), np.int64(48), np.int64(50), np.int64(53), np.int64(54), np.int64(55)]",[],"[np.int64(3), np.int64(4), np.int64(5), np.int64(6), np.int64(7), np.int64(12), np.int64(13), np.int64(15), np.int64(16), np.int64(17), np.int64(18), np.int64(23), np.int64(24), np.int64(25), np.int64(29), np.int64(32), np.int64(34), np.int64(36), np.int64(37), np.int64(40), np.int64(46), np.int64(48), np.int64(50), np.int64(53), np.int64(54), np.int64(55)]"
3.037246126758*x0**2*x1 - 0.122838655505149*x0 - 1.91974244015232*x1*(-x0**2 - 0.98886997) - 2.0426737622344*x1 + 3.037246126758*x3*x4 - 3.037246126758*x5 - 2.46794*log(x2**2) + 1.14481279512436,x10**2*(x30*0.09171359*(x49 + 1.3352935) + 0.07087586),2.4996116,1.0416245,5,55,6,"[np.int64(5), np.int64(50), np.int64(52), np.int64(53)]","[np.int64(51), np.int64(54)]","[np.int64(5), np.int64(50), np.int64(51), np.int64(52), np.int64(53), np.int64(54)]"
4.8942067272735*x0**2*x1 - 2.56171026857109*x5 - 2.56171026857109*log(x2**2) - 0.0251431554432566,(x9 - (x37**2 + x45 - (x0 + x1 + x24 - x29 - (x14 - x6) - (-x25*x8 + x32 + x33 - x7 - (x0*x36 + x22)))))*(x31*0.06387597 + 0.04646216),9.773159,0.8687367,18,68,17,"[np.int64(3), np.int64(5), np.int64(13), np.int64(14), np.int64(17), np.int64(19), np.int64(27), np.int64(32), np.int64(39), np.int64(40), np.int64(43), np.int64(48), np.int64(50), np.int64(56), np.int64(58), np.int64(60), np.int64(66)]",[],"[np.int64(3), np.int64(5), np.int64(13), np.int64(14), np.int64(17), np.int64(19), np.int64(27), np.int64(32), np.int64(39), np.int64(40), np.int64(43), np.int64(48), np.int64(50), np.int64(56), np.int64(58), np.int64(60), np.int64(66)]"
5.07921337208079*x0**2*x1 + 0.510788669242928*x2 + 2.6776838*x3*x4 + 0.489211330757072*x49 - 2.6776838*x5 - 2.6776838*log(x2**2) - 0.165141487006486,x17*x18*0.13504013*(x34**2 + x7),2.1048322,0.934761,3,53,4,"[np.int64(5), np.int64(50), np.int64(51), np.int64(52)]",[np.int64(50)],"[np.int64(5), np.int64(50), np.int64(51), np.int64(52)]"
5.07204829107084*x0**2*x1 - 2.7127972*x5 - 2.7127972*log(x2**2),x36*(-x39 - 0.96794766)*0.14363411,8.943629,0.8725448,3,53,19,"[np.int64(0), np.int64(2), np.int64(4), np.int64(5), np.int64(6), np.int64(7), np.int64(12), np.int64(14), np.int64(17), np.int64(26), np.int64(33), np.int64(35), np.int64(36), np.int64(39), np.int64(45), np.int64(46), np.int64(48), np.int64(50), np.int64(52)]",[],"[np.int64(0), np.int64(2), np.int64(4), np.int64(5), np.int64(6), np.int64(7), np.int64(12), np.int64(14), np.int64(17), np.int64(26), np.int64(33), np.int64(35), np.int64(36), np.int64(39), np.int64(45), np.int64(46), np.int64(48), np.int64(50), np.int64(52)]"
4.86629164972438*x0**2*x1 - 2.6165254*x5 - 2.6165254*log(x2**2),((0.21543293 - x39)*(x16 - x21 + x42*x46) + 0.16114601)*0.10756126,10.733017,0.7623344,5,55,17,"[np.int64(0), np.int64(4), np.int64(5), np.int64(7), np.int64(12), np.int64(14), np.int64(17), np.int64(21), np.int64(25), np.int64(30), np.int64(35), np.int64(42), np.int64(49), np.int64(50), np.int64(51), np.int64(53), np.int64(54)]",[],"[np.int64(0), np.int64(4), np.int64(5), np.int64(7), np.int64(12), np.int64(14), np.int64(17), np.int64(21), np.int64(25), np.int64(30), np.int64(35), np.int64(42), np.int64(49), np.int64(50), np.int64(51), np.int64(53), np.int64(54)]"
4.94645598822403*x0**2*x1 - 2.6051548*log(x2**2) + 0.40224475,(x2 + (x2 + x45*(x2 + (x1 + x23)*(-x9 - 0.41264898)) + x7 + 1.1389748)*(-1.2629809)*x41 + 1.3583952)*x17*0.0974621,16.13685,0.8797168,4,54,17,"[np.int64(3), np.int64(4), np.int64(5), np.int64(8), np.int64(12), np.int64(13), np.int64(16), np.int64(19), np.int64(29), np.int64(31), np.int64(33), np.int64(37), np.int64(39), np.int64(45), np.int64(48), np.int64(50), np.int64(53)]",[],"[np.int64(3), np.int64(4), np.int64(5), np.int64(8), np.int64(12), np.int64(13), np.int64(16), np.int64(19), np.int64(29), np.int64(31), np.int64(33), np.int64(37), np.int64(39), np.int64(45), np.int64(48), np.int64(50), np.int64(53)]"
4.98495613801087*x0**2*x1 - 2.611345*x5 - 2.611345*log(x2**2) - 0.085027004399865,(x18 + x19 + x32 + x42*x7**2*(x43 + x5**2))*(-0.093673505),11.813209,0.8907772,2,52,15,"[np.int64(2), np.int64(3), np.int64(5), np.int64(8), np.int64(13), np.int64(15), np.int64(16), np.int64(21), np.int64(25), np.int64(26), np.int64(38), np.int64(42), np.int64(47), np.int64(50), np.int64(51)]",[],"[np.int64(2), np.int64(3), np.int64(5), np.int64(8), np.int64(13), np.int64(15), np.int64(16), np.int64(21), np.int64(25), np.int64(26), np.int64(38), np.int64(42), np.int64(47), np.int64(50), np.int64(51)]"
5.680032*x0**2*x1 - 2.840016*x5 - 2.840016*log(x2**2),x16*x17*(0.0618721597033225*x18**2)*x34*(x18 + x34),8.320456,0.9532621,2,52,16,"[np.int64(3), np.int64(4), np.int64(5), np.int64(6), np.int64(8), np.int64(13), np.int64(14), np.int64(22), np.int64(24), np.int64(37), np.int64(40), np.int64(43), np.int64(46), np.int64(47), np.int64(50), np.int64(51)]",[],"[np.int64(3), np.int64(4), np.int64(5), np.int64(6), np.int64(8), np.int64(13), np.int64(14), np.int64(22), np.int64(24), np.int64(37), np.int64(40), np.int64(43), np.int64(46), np.int64(47), np.int64(50), np.int64(51)]"
-x2**2 + (x0**2*x1 - x5 + 1.0302455)*4.515043,x11*x33*0.17056903,29.347197,0.875762,3,53,36,"[np.int64(0), np.int64(1), np.int64(2), np.int64(3), np.int64(4), np.int64(5), np.int64(6), np.int64(7), np.int64(11), np.int64(14), np.int64(15), np.int64(20), np.int64(21), np.int64(22), np.int64(24), np.int64(26), np.int64(30), np.int64(31), np.int64(32), np.int64(34), np.int64(35), np.int64(36), np.int64(38), np.int64(39), np.int64(40), np.int64(41), np.int64(42), np.int64(43), np.int64(44), np.int64(45), np.int64(46), np.int64(47), np.int64(48), np.int64(50), np.int64(51), np.int64(52)]",[],"[np.int64(0), np.int64(1), np.int64(2), np.int64(3), np.int64(4), np.int64(5), np.int64(6), np.int64(7), np.int64(11), np.int64(14), np.int64(15), np.int64(20), np.int64(21), np.int64(22), np.int64(24), np.int64(26), np.int64(30), np.int64(31), np.int64(32), np.int64(34), np.int64(35), np.int64(36), np.int64(38), np.int64(39), np.int64(40), np.int64(41), np.int64(42), np.int64(43), np.int64(44), np.int64(45), np.int64(46), np.int64(47), np.int64(48), np.int64(50), np.int64(51), np.int64(52)]"
x1*(0.5272415 - (-5.116976)*x0**2) - x27 - x5 + (-x2**2 - x5 + (3.0261219 - (x3*(x0 - 2.9199429*x4) + 4.710435))*0.39901197 + 2.9957337)*2.318963 + 0.37176377,0.000623146176706816*((x14 + 0.5901019)*(x18 + x7) - 1*(-0.575446))**4,23.398487,0.90575224,13,63,33,"[np.int64(0), np.int64(1), np.int64(5), np.int64(8), np.int64(9), np.int64(10), np.int64(13), np.int64(16), np.int64(18), np.int64(19), np.int64(21), np.int64(26), np.int64(30), np.int64(31), np.int64(36), np.int64(41), np.int64(42), np.int64(44), np.int64(45), np.int64(47), np.int64(48), np.int64(49), np.int64(50), np.int64(53), np.int64(54), np.int64(55), np.int64(56), np.int64(58), np.int64(60), np.int64(61), np.int64(62)]","[np.int64(51), np.int64(52)]","[np.int64(0), np.int64(1), np.int64(5), np.int64(8), np.int64(9), np.int64(10), np.int64(13), np.int64(16), np.int64(18), np.int64(19), np.int64(21), np.int64(26), np.int64(30), np.int64(31), np.int64(36), np.int64(41), np.int64(42), np.int64(44), np.int64(45), np.int64(47), np.int64(48), np.int64(49), np.int64(50), np.int64(51), np.int64(52), np.int64(53), np.int64(54), np.int64(55), np.int64(56), np.int64(58), np.int64(60), np.int64(61), np.int64(62)]"
x18 - x2**2 + 2.4205663*(x0*x1*(x0 + x0) - x5 + 1.8037604),x15*(-x15*(x18 - 1*1.2512887) + x25)*(-0.061254684)*(x0*x26 - x11 + 0.339706732002196*x7**2),28.528124,0.9207579,3,53,32,"[np.int64(2), np.int64(3), np.int64(5), np.int64(6), np.int64(7), np.int64(8), np.int64(10), np.int64(12), np.int64(15), np.int64(16), np.int64(17), np.int64(18), np.int64(19), np.int64(20), np.int64(21), np.int64(24), np.int64(25), np.int64(26), np.int64(27), np.int64(31), np.int64(32), np.int64(34), np.int64(35), np.int64(39), np.int64(41), np.int64(43), np.int64(45), np.int64(47), np.int64(48), np.int64(50), np.int64(51), np.int64(52)]",[],"[np.int64(2), np.int64(3), np.int64(5), np.int64(6), np.int64(7), np.int64(8), np.int64(10), np.int64(12), np.int64(15), np.int64(16), np.int64(17), np.int64(18), np.int64(19), np.int64(20), np.int64(21), np.int64(24), np.int64(25), np.int64(26), np.int64(27), np.int64(31), np.int64(32), np.int64(34), np.int64(35), np.int64(39), np.int64(41), np.int64(43), np.int64(45), np.int64(47), np.int64(48), np.int64(50), np.int64(51), np.int64(52)]"
-0.05067574*x46 - 2.674487*x5 + (x0 + 0.011496901)**2*(5*x1 - 5.35660724961006e-5) - 2.674487*log(5.87188612400625*x2**2) + 4.533373,(x14 - (x12 + x20*(x14 - (-x16 + x22)*(x32 - 0.38057327)) + x20 + x29 - x36*(-x16 - 0.55792606)*(x1 + x22 - x33 - x48) + x43 + x49 + 0.68127227))*0.10480265,9.115198,0.8594846,10,60,34,"[np.int64(0), np.int64(1), np.int64(2), np.int64(3), np.int64(4), np.int64(5), np.int64(6), np.int64(7), np.int64(12), np.int64(15), np.int64(16), np.int64(17), np.int64(18), np.int64(19), np.int64(23), np.int64(24), np.int64(26), np.int64(27), np.int64(28), np.int64(35), np.int64(36), np.int64(37), np.int64(40), np.int64(43), np.int64(45), np.int64(47), np.int64(48), np.int64(49), np.int64(50), np.int64(52), np.int64(53), np.int64(54), np.int64(57), np.int64(59)]",[],"[np.int64(0), np.int64(1), np.int64(2), np.int64(3), np.int64(4), np.int64(5), np.int64(6), np.int64(7), np.int64(12), np.int64(15), np.int64(16), np.int64(17), np.int64(18), np.int64(19), np.int64(23), np.int64(24), np.int64(26), np.int64(27), np.int64(28), np.int64(35), np.int64(36), np.int64(37), np.int64(40), np.int64(43), np.int64(45), np.int64(47), np.int64(48), np.int64(49), np.int64(50), np.int64(52), np.int64(53), np.int64(54), np.int64(57), np.int64(59)]"
x0**2*x1*4.89875 - (-1.9920175*(-x2**2 - x5 + 1.7257454) - 1*2.5493681 - 1*(-0.79991335)),x1*(-0.08421477)*(x18 - x41 - (x34 + x7*(-x33 - x34 + x9))),22.102806,0.88849914,5,55,23,"[np.int64(0), np.int64(2), np.int64(3), np.int64(4), np.int64(5), np.int64(12), np.int64(13), np.int64(15), np.int64(18), np.int64(23), np.int64(26), np.int64(28), np.int64(29), np.int64(30), np.int64(31), np.int64(32), np.int64(35), np.int64(36), np.int64(45), np.int64(46), np.int64(50), np.int64(51), np.int64(54)]",[],"[np.int64(0), np.int64(2), np.int64(3), np.int64(4), np.int64(5), np.int64(12), np.int64(13), np.int64(15), np.int64(18), np.int64(23), np.int64(26), np.int64(28), np.int64(29), np.int64(30), np.int64(31), np.int64(32), np.int64(35), np.int64(36), np.int64(45), np.int64(46), np.int64(50), np.int64(51), np.int64(54)]"
-(-4.862028)*x0**2*x1 + (x2**2 - (2.1722634 - x5))*(-2.6270738) - 0.020562856,x29*(-0.1144518),27.3908,0.8222547,2,52,30,"[np.int64(3), np.int64(5), np.int64(8), np.int64(9), np.int64(10), np.int64(11), np.int64(12), np.int64(14), np.int64(16), np.int64(17), np.int64(19), np.int64(20), np.int64(21), np.int64(22), np.int64(24), np.int64(25), np.int64(31), np.int64(32), np.int64(33), np.int64(34), np.int64(38), np.int64(40), np.int64(41), np.int64(42), np.int64(44), np.int64(45), np.int64(46), np.int64(48), np.int64(50), np.int64(51)]",[],"[np.int64(3), np.int64(5), np.int64(8), np.int64(9), np.int64(10), np.int64(11), np.int64(12), np.int64(14), np.int64(16), np.int64(17), np.int64(19), np.int64(20), np.int64(21), np.int64(22), np.int64(24), np.int64(25), np.int64(31), np.int64(32), np.int64(33), np.int64(34), np.int64(38), np.int64(40), np.int64(41), np.int64(42), np.int64(44), np.int64(45), np.int64(46), np.int64(48), np.int64(50), np.int64(51)]"
4.9265131701764*x0**2*x1 - 2.580308*x5 - 2.580308*log(x2**2) + 0.0141937582464002,x44**2*x3*(-0.13372813),11.010791,0.8549488,3,53,20,"[np.int64(0), np.int64(4), np.int64(5), np.int64(7), np.int64(10), np.int64(13), np.int64(14), np.int64(20), np.int64(21), np.int64(22), np.int64(23), np.int64(26), np.int64(27), np.int64(29), np.int64(34), np.int64(40), np.int64(41), np.int64(50), np.int64(52)]",[np.int64(51)],"[np.int64(0), np.int64(4), np.int64(5), np.int64(7), np.int64(10), np.int64(13), np.int64(14), np.int64(20), np.int64(21), np.int64(22), np.int64(23), np.int64(26), np.int64(27), np.int64(29), np.int64(34), np.int64(40), np.int64(41), np.int64(50), np.int64(51), np.int64(52)]"
5.067692*x0**2*x1 - 3.0880501*x5 - 2.4635355*log(x2**2),x42*x39*(-0.1481325),8.5408745,0.85993636,3,53,16,"[np.int64(0), np.int64(2), np.int64(3), np.int64(4), np.int64(5), np.int64(8), np.int64(12), np.int64(16), np.int64(19), np.int64(20), np.int64(21), np.int64(31), np.int64(40), np.int64(50), np.int64(52)]",[np.int64(51)],"[np.int64(0), np.int64(2), np.int64(3), np.int64(4), np.int64(5), np.int64(8), np.int64(12), np.int64(16), np.int64(19), np.int64(20), np.int64(21), np.int64(31), np.int64(40), np.int64(50), np.int64(51), np.int64(52)]"
5.04703065257232*x0**2*x1 + 2.6661584*x3*x4 - 2.6661584*x5 - 2.6661584*log(69.447705593841*x2**2) + 11.0909600600194,x29*(-x44 + x49)*0.14426865,1.5917172,0.95001423,4,54,28,"[np.int64(2), np.int64(3), np.int64(4), np.int64(5), np.int64(9), np.int64(11), np.int64(12), np.int64(13), np.int64(14), np.int64(16), np.int64(22), np.int64(27), np.int64(29), np.int64(30), np.int64(31), np.int64(32), np.int64(35), np.int64(38), np.int64(40), np.int64(41), np.int64(43), np.int64(44), np.int64(45), np.int64(47), np.int64(50), np.int64(51), np.int64(52), np.int64(53)]",[],"[np.int64(2), np.int64(3), np.int64(4), np.int64(5), np.int64(9), np.int64(11), np.int64(12), np.int64(13), np.int64(14), np.int64(16), np.int64(22), np.int64(27), np.int64(29), np.int64(30), np.int64(31), np.int64(32), np.int64(35), np.int64(38), np.int64(40), np.int64(41), np.int64(43), np.int64(44), np.int64(45), np.int64(47), np.int64(50), np.int64(51), np.int64(52), np.int64(53)]"
5.03338281521366*x0**2*x1 - 2.2166004*x5 - 2.2166004*log(x2**2),x31*0.097601645*x10**2,8.901122,0.88795674,3,53,19,"[np.int64(3), np.int64(5), np.int64(10), np.int64(13), np.int64(15), np.int64(16), np.int64(18), np.int64(22), np.int64(23), np.int64(29), np.int64(30), np.int64(41), np.int64(42), np.int64(44), np.int64(46), np.int64(48), np.int64(50), np.int64(52)]",[np.int64(51)],"[np.int64(3), np.int64(5), np.int64(10), np.int64(13), np.int64(15), np.int64(16), np.int64(18), np.int64(22), np.int64(23), np.int64(29), np.int64(30), np.int64(41), np.int64(42), np.int64(44), np.int64(46), np.int64(48), np.int64(50), np.int64(51), np.int64(52)]"
5.00802492473469*x0**2*x1 + 2.6400123*x3*x4 - 2.6400123*x5 - 2.6400123*log(x2**2) - 0.24819494835744,(-x29 + x43)*0.10884018,1.3584257,0.92218715,3,53,4,"[np.int64(5), np.int64(50), np.int64(51), np.int64(52)]",[],"[np.int64(5), np.int64(50), np.int64(51), np.int64(52)]"
-5.08104527453039*x1*(0.039422598 - x0**2) + 3.0136073*x3*x4 - 3.0136073*x5 - 2.48486598152551*log(x2**2) - 0.0442192626343608,x44*(-0.12022087),1.2216597,0.972809,3,53,4,"[np.int64(5), np.int64(50), np.int64(51), np.int64(52)]",[],"[np.int64(5), np.int64(50), np.int64(51), np.int64(52)]"
5.172961*x0**2*x1 - 2.9487886*x5 - log(x2**2) + 2.0846457,(0.5949322 - x37)*(x19*0.092057124*x43*x19 + x30*(-0.14298122)),15.616531,0.8780634,4,54,18,"[np.int64(4), np.int64(5), np.int64(6), np.int64(9), np.int64(18), np.int64(21), np.int64(22), np.int64(29), np.int64(31), np.int64(32), np.int64(33), np.int64(36), np.int64(39), np.int64(42), np.int64(43), np.int64(44), np.int64(50), np.int64(53)]",[],"[np.int64(4), np.int64(5), np.int64(6), np.int64(9), np.int64(18), np.int64(21), np.int64(22), np.int64(29), np.int64(31), np.int64(32), np.int64(33), np.int64(36), np.int64(39), np.int64(42), np.int64(43), np.int64(44), np.int64(50), np.int64(53)]"
4.994424902041*x0**2*x1 + x3*x4 + 1.98511210453733*x3*(0.032454118*x14 + x4) - 3.0363452*x5 - 2.5149262*log(x2**2),x35*x29*(-0.167964)*x34,1.1073254,0.8904343,4,54,4,"[np.int64(5), np.int64(50), np.int64(51), np.int64(53)]",[],"[np.int64(5), np.int64(50), np.int64(51), np.int64(53)]"
2.4593945*(x0**2*(x1 + x1) - x2**2 + 2.4593945),(-x0*x0 + x0 + x24)*x4*(x17 - 0.6053253)*(-0.039764453)*(x29 - 1*1.2681941)*(-x4 - 1.158961),33.903465,0.85671866,7,57,27,"[np.int64(2), np.int64(3), np.int64(5), np.int64(7), np.int64(11), np.int64(14), np.int64(19), np.int64(22), np.int64(25), np.int64(26), np.int64(29), np.int64(30), np.int64(31), np.int64(32), np.int64(33), np.int64(36), np.int64(37), np.int64(40), np.int64(41), np.int64(42), np.int64(45), np.int64(46), np.int64(48), np.int64(50), np.int64(51), np.int64(54), np.int64(56)]",[],"[np.int64(2), np.int64(3), np.int64(5), np.int64(7), np.int64(11), np.int64(14), np.int64(19), np.int64(22), np.int64(25), np.int64(26), np.int64(29), np.int64(30), np.int64(31), np.int64(32), np.int64(33), np.int64(36), np.int64(37), np.int64(40), np.int64(41), np.int64(42), np.int64(45), np.int64(46), np.int64(48), np.int64(50), np.int64(51), np.int64(54), np.int64(56)]"
x1*x0**2*4.912955 + x2**2*(-2.7729352) + 5.670835,(x3 - (-2.4136775)*x4)*(x23 - 1*(-1.2012562))*x42**2*(-0.043961532)*x29,30.43068,0.86094403,2,52,25,"[np.int64(3), np.int64(4), np.int64(5), np.int64(7), np.int64(11), np.int64(13), np.int64(15), np.int64(17), np.int64(19), np.int64(22), np.int64(23), np.int64(24), np.int64(28), np.int64(30), np.int64(31), np.int64(32), np.int64(37), np.int64(38), np.int64(39), np.int64(40), np.int64(44), np.int64(46), np.int64(48), np.int64(50), np.int64(51)]",[],"[np.int64(3), np.int64(4), np.int64(5), np.int64(7), np.int64(11), np.int64(13), np.int64(15), np.int64(17), np.int64(19), np.int64(22), np.int64(23), np.int64(24), np.int64(28), np.int64(30), np.int64(31), np.int64(32), np.int64(37), np.int64(38), np.int64(39), np.int64(40), np.int64(44), np.int64(46), np.int64(48), np.int64(50), np.int64(51)]"
x0*x1*x0*5.127159 - x2**2 + x5*(-2.9580624) + 3.5472946,(x47*(x44 - 2.286057)*x10*x39*0.8866453 - 1.355853*x15 + x39 + x46*(x10*x39**2 + x38))*(-0.07785716),22.40989,0.81715393,3,53,30,"[np.int64(0), np.int64(1), np.int64(2), np.int64(5), np.int64(6), np.int64(8), np.int64(12), np.int64(15), np.int64(17), np.int64(21), np.int64(23), np.int64(24), np.int64(25), np.int64(26), np.int64(27), np.int64(30), np.int64(31), np.int64(32), np.int64(33), np.int64(34), np.int64(36), np.int64(40), np.int64(41), np.int64(43), np.int64(44), np.int64(46), np.int64(47), np.int64(49), np.int64(50), np.int64(52)]",[],"[np.int64(0), np.int64(1), np.int64(2), np.int64(5), np.int64(6), np.int64(8), np.int64(12), np.int64(15), np.int64(17), np.int64(21), np.int64(23), np.int64(24), np.int64(25), np.int64(26), np.int64(27), np.int64(30), np.int64(31), np.int64(32), np.int64(33), np.int64(34), np.int64(36), np.int64(40), np.int64(41), np.int64(43), np.int64(44), np.int64(46), np.int64(47), np.int64(49), np.int64(50), np.int64(52)]"
4.8902726*x0**2*x1 - 2.9125874*x5 - 2.5531714*log(x2**2),(0.027785884 - 0.10984014*(x39*x41 + x7))*(x45 - x9),10.282685,0.91163343,4,54,15,"[np.int64(1), np.int64(4), np.int64(5), np.int64(6), np.int64(17), np.int64(23), np.int64(27), np.int64(28), np.int64(34), np.int64(40), np.int64(47), np.int64(49), np.int64(50), np.int64(51), np.int64(53)]",[np.int64(50)],"[np.int64(1), np.int64(4), np.int64(5), np.int64(6), np.int64(17), np.int64(23), np.int64(27), np.int64(28), np.int64(34), np.int64(40), np.int64(47), np.int64(49), np.int64(50), np.int64(51), np.int64(53)]"
(x0**2*(x1 + x1) - x2**2 - x5 + 2.1085818)*2.6358662,x0*x22*0.15438496,23.091011,0.86008215,3,53,26,"[np.int64(2), np.int64(3), np.int64(5), np.int64(7), np.int64(10), np.int64(13), np.int64(18), np.int64(19), np.int64(21), np.int64(23), np.int64(26), np.int64(27), np.int64(29), np.int64(31), np.int64(33), np.int64(35), np.int64(37), np.int64(41), np.int64(45), np.int64(46), np.int64(47), np.int64(48), np.int64(49), np.int64(50), np.int64(51), np.int64(52)]",[],"[np.int64(2), np.int64(3), np.int64(5), np.int64(7), np.int64(10), np.int64(13), np.int64(18), np.int64(19), np.int64(21), np.int64(23), np.int64(26), np.int64(27), np.int64(29), np.int64(31), np.int64(33), np.int64(35), np.int64(37), np.int64(41), np.int64(45), np.int64(46), np.int64(47), np.int64(48), np.int64(49), np.int64(50), np.int64(51), np.int64(52)]"
5.0358744*x0**2*x1 - x5 - log(x2**2) + 3.7196085,(x41 - (-x31*x39**2 + x38))*0.10635591 - 0.13466649,23.055632,0.88234246,3,53,13,"[np.int64(0), np.int64(3), np.int64(4), np.int64(5), np.int64(18), np.int64(20), np.int64(21), np.int64(37), np.int64(41), np.int64(46), np.int64(50), np.int64(51), np.int64(52)]",[np.int64(51)],"[np.int64(0), np.int64(3), np.int64(4), np.int64(5), np.int64(18), np.int64(20), np.int64(21), np.int64(37), np.int64(41), np.int64(46), np.int64(50), np.int64(51), np.int64(52)]"
5.02493016318736*x0**2*x1 - x20 - 2*x5 - 2.5372343*log((x2 - 0.0007060743)**2) + 0.0223917000000009,x0 + x3 + x4 + x5 - (-x1 + x2*(-0.92197746)),8.914546,0.8149725,1,51,30,"[np.int64(0), np.int64(1), np.int64(2), np.int64(3), np.int64(4), np.int64(5), np.int64(7), np.int64(8), np.int64(11), np.int64(12), np.int64(13), np.int64(14), np.int64(18), np.int64(19), np.int64(20), np.int64(21), np.int64(23), np.int64(25), np.int64(27), np.int64(28), np.int64(30), np.int64(33), np.int64(34), np.int64(35), np.int64(38), np.int64(40), np.int64(43), np.int64(44), np.int64(46), np.int64(50)]","[np.int64(0), np.int64(1), np.int64(2), np.int64(3), np.int64(4), np.int64(5)]","[np.int64(0), np.int64(1), np.int64(2), np.int64(3), np.int64(4), np.int64(5), np.int64(7), np.int64(8), np.int64(11), np.int64(12), np.int64(13), np.int64(14), np.int64(18), np.int64(19), np.int64(20), np.int64(21), np.int64(23), np.int64(25), np.int64(27), np.int64(28), np.int64(30), np.int64(33), np.int64(34), np.int64(35), np.int64(38), np.int64(40), np.int64(43), np.int64(44), np.int64(46), np.int64(50)]"
x1*5.22757*x0**2 - x2**2 + 4.5322556,x0 + x1 + x2 + x3 + x4 + x5,32.202396,0.8612103,2,52,28,"[np.int64(0), np.int64(1), np.int64(2), np.int64(3), np.int64(4), np.int64(5), np.int64(6), np.int64(9), np.int64(12), np.int64(15), np.int64(16), np.int64(18), np.int64(21), np.int64(24), np.int64(25), np.int64(28), np.int64(29), np.int64(32), np.int64(37), np.int64(38), np.int64(40), np.int64(44), np.int64(45), np.int64(46), np.int64(48), np.int64(49), np.int64(50), np.int64(51)]","[np.int64(0), np.int64(1), np.int64(2), np.int64(3), np.int64(4), np.int64(5), np.int64(50)]","[np.int64(0), np.int64(1), np.int64(2), np.int64(3), np.int64(4), np.int64(5), np.int64(6), np.int64(9), np.int64(12), np.int64(15), np.int64(16), np.int64(18), np.int64(21), np.int64(24), np.int64(25), np.int64(28), np.int64(29), np.int64(32), np.int64(37), np.int64(38), np.int64(40), np.int64(44), np.int64(45), np.int64(46), np.int64(48), np.int64(49), np.int64(50), np.int64(51)]"
5.1780082277625*x0**2*x1 + 0.34541607*x0 + 0.34541607*x2 + 0.53369367938815*x3 + x4*(2.9506044*x3 + 0.6986817) - 2.5048475*x5 - 2.5048475*log(x2**2) + 0.0223780118702502,x0 + x1 + x2 + x3 + x4 + x5,1.4500989,0.86320335,3,53,9,"[np.int64(0), np.int64(1), np.int64(2), np.int64(3), np.int64(4), np.int64(5), np.int64(50), np.int64(51), np.int64(52)]","[np.int64(0), np.int64(1), np.int64(2), np.int64(3), np.int64(4), np.int64(5), np.int64(50)]","[np.int64(0), np.int64(1), np.int64(2), np.int64(3), np.int64(4), np.int64(5), np.int64(50), np.int64(51), np.int64(52)]"
5.181047*x0**2*x1 - x5 - log(x2**4),x0 + x3 + x4 + x5 - (-0.9531106)*(x1 + x2),12.550001,0.9860704,2,52,24,"[np.int64(0), np.int64(1), np.int64(2), np.int64(3), np.int64(4), np.int64(5), np.int64(6), np.int64(10), np.int64(15), np.int64(19), np.int64(22), np.int64(23), np.int64(27), np.int64(28), np.int64(30), np.int64(31), np.int64(32), np.int64(34), np.int64(36), np.int64(44), np.int64(48), np.int64(49), np.int64(50), np.int64(51)]","[np.int64(0), np.int64(1), np.int64(2), np.int64(3), np.int64(4), np.int64(5), np.int64(50)]","[np.int64(0), np.int64(1), np.int64(2), np.int64(3), np.int64(4), np.int64(5), np.int64(6), np.int64(10), np.int64(15), np.int64(19), np.int64(22), np.int64(23), np.int64(27), np.int64(28), np.int64(30), np.int64(31), np.int64(32), np.int64(34), np.int64(36), np.int64(44), np.int64(48), np.int64(49), np.int64(50), np.int64(51)]"
5.14894460333796*x0**2*x1 - 2.5242808*x5 - 2.5242808*log(x2**2),x0 + x1 + x2 + x3 + x4 + x5,9.639816,0.97341156,2,52,19,"[np.int64(0), np.int64(1), np.int64(2), np.int64(3), np.int64(4), np.int64(5), np.int64(7), np.int64(11), np.int64(13), np.int64(20), np.int64(21), np.int64(22), np.int64(26), np.int64(28), np.int64(37), np.int64(40), np.int64(43), np.int64(50), np.int64(51)]","[np.int64(0), np.int64(1), np.int64(2), np.int64(3), np.int64(4), np.int64(5)]","[np.int64(0), np.int64(1), np.int64(2), np.int64(3), np.int64(4), np.int64(5), np.int64(7), np.int64(11), np.int64(13), np.int64(20), np.int64(21), np.int64(22), np.int64(26), np.int64(28), np.int64(37), np.int64(40), np.int64(43), np.int64(50), np.int64(51)]"
4.78941858872537*x0**2*x1 + x1 + x2*x21 + 2.5247338*x4*(x3 + 0.22859903) - 2.3542754*x5 - 2.5247338*log(x2**2) + 0.12190963041566,x0 + x1 + x2 + x3 + x4*1.0791342 + x5,3.3901095,1.0544144,4,54,9,"[np.int64(0), np.int64(1), np.int64(2), np.int64(3), np.int64(4), np.int64(5), np.int64(50), np.int64(52), np.int64(53)]","[np.int64(0), np.int64(1), np.int64(2), np.int64(3), np.int64(4), np.int64(5)]","[np.int64(0), np.int64(1), np.int64(2), np.int64(3), np.int64(4), np.int64(5), np.int64(50), np.int64(52), np.int64(53)]"
(x0**2*x1 - ((x3*x4 - (x2**2 + x5) + 0.08684317)*(-0.50252056) - 0.50836295))*5.267935 + 2.8055856,x0 + x1 + x2 + x3 + x4 + x5,17.343678,0.95849127,3,53,25,"[np.int64(0), np.int64(1), np.int64(2), np.int64(3), np.int64(4), np.int64(5), np.int64(6), np.int64(8), np.int64(9), np.int64(10), np.int64(16), np.int64(18), np.int64(19), np.int64(24), np.int64(33), np.int64(34), np.int64(35), np.int64(38), np.int64(41), np.int64(45), np.int64(47), np.int64(49), np.int64(50), np.int64(51), np.int64(52)]","[np.int64(0), np.int64(1), np.int64(2), np.int64(3), np.int64(4), np.int64(5)]","[np.int64(0), np.int64(1), np.int64(2), np.int64(3), np.int64(4), np.int64(5), np.int64(6), np.int64(8), np.int64(9), np.int64(10), np.int64(16), np.int64(18), np.int64(19), np.int64(24), np.int64(33), np.int64(34), np.int64(35), np.int64(38), np.int64(41), np.int64(45), np.int64(47), np.int64(49), np.int64(50), np.int64(51), np.int64(52)]"
5.0462327*x0**2*x1 - log(x2**4) + 0.88144296,x0 + x1 + x2 + x3 + x4*0.92777157 + x5,12.201991,0.91670233,2,52,18,"[np.int64(0), np.int64(1), np.int64(2), np.int64(3), np.int64(4), np.int64(5), np.int64(17), np.int64(18), np.int64(23), np.int64(28), np.int64(32), np.int64(35), np.int64(39), np.int64(40), np.int64(44), np.int64(47), np.int64(50), np.int64(51)]","[np.int64(0), np.int64(1), np.int64(2), np.int64(3), np.int64(4), np.int64(5)]","[np.int64(0), np.int64(1), np.int64(2), np.int64(3), np.int64(4), np.int64(5), np.int64(17), np.int64(18), np.int64(23), np.int64(28), np.int64(32), np.int64(35), np.int64(39), np.int64(40), np.int64(44), np.int64(47), np.int64(50), np.int64(51)]"
(x1*2.03258*x0**2 - x2**2 - x5 + 2.3508706)*2.617169,x0 + x1 + x2 + x3 + x4 + x5,28.635908,0.95179415,2,52,23,"[np.int64(0), np.int64(1), np.int64(2), np.int64(4), np.int64(5), np.int64(6), np.int64(13), np.int64(15), np.int64(18), np.int64(21), np.int64(27), np.int64(28), np.int64(32), np.int64(34), np.int64(36), np.int64(37), np.int64(41), np.int64(43), np.int64(44), np.int64(47), np.int64(50), np.int64(51)]","[np.int64(0), np.int64(1), np.int64(2), np.int64(3), np.int64(4), np.int64(5)]","[np.int64(0), np.int64(1), np.int64(2), np.int64(3), np.int64(4), np.int64(5), np.int64(6), np.int64(13), np.int64(15), np.int64(18), np.int64(21), np.int64(27), np.int64(28), np.int64(32), np.int64(34), np.int64(36), np.int64(37), np.int64(41), np.int64(43), np.int64(44), np.int64(47), np.int64(50), np.int64(51)]"
(x0**2*x1*2.2170134 - x2**2 - x5 + 2.2331398)*2.3049626,x0 + x1 + x2 + x3 + x4 + x5,26.406418,0.92868584,2,52,32,"[np.int64(0), np.int64(1), np.int64(2), np.int64(3), np.int64(4), np.int64(5), np.int64(7), np.int64(12), np.int64(13), np.int64(14), np.int64(16), np.int64(20), np.int64(21), np.int64(22), np.int64(23), np.int64(24), np.int64(25), np.int64(26), np.int64(27), np.int64(29), np.int64(30), np.int64(31), np.int64(32), np.int64(33), np.int64(34), np.int64(37), np.int64(40), np.int64(44), np.int64(48), np.int64(49), np.int64(50), np.int64(51)]","[np.int64(0), np.int64(1), np.int64(2), np.int64(3), np.int64(4), np.int64(5)]","[np.int64(0), np.int64(1), np.int64(2), np.int64(3), np.int64(4), np.int64(5), np.int64(7), np.int64(12), np.int64(13), np.int64(14), np.int64(16), np.int64(20), np.int64(21), np.int64(22), np.int64(23), np.int64(24), np.int64(25), np.int64(26), np.int64(27), np.int64(29), np.int64(30), np.int64(31), np.int64(32), np.int64(33), np.int64(34), np.int64(37), np.int64(40), np.int64(44), np.int64(48), np.int64(49), np.int64(50), np.int64(51)]"
5.23606785252976*x0**2*x1 - 2.4736912*x5 - 2.4736912*log(x2**2),x0 + x1 + x2 + x3 + x4 + x5,8.492062,0.90389013,2,52,16,"[np.int64(0), np.int64(1), np.int64(2), np.int64(3), np.int64(4), np.int64(5), np.int64(8), np.int64(9), np.int64(12), np.int64(13), np.int64(26), np.int64(28), np.int64(34), np.int64(47), np.int64(50), np.int64(51)]","[np.int64(0), np.int64(1), np.int64(2), np.int64(3), np.int64(4), np.int64(5)]","[np.int64(0), np.int64(1), np.int64(2), np.int64(3), np.int64(4), np.int64(5), np.int64(8), np.int64(9), np.int64(12), np.int64(13), np.int64(26), np.int64(28), np.int64(34), np.int64(47), np.int64(50), np.int64(51)]"
(0.45627365*x1*(x0 + x0)**2 + x2**2*(-0.95937437) - x5 - 1*(-2.1149273))*2.8126292,x0 + x1 + x2 + x3 + x4 + x5 - 1*0.027611475,28.455889,0.91597503,2,52,32,"[np.int64(0), np.int64(1), np.int64(2), np.int64(4), np.int64(5), np.int64(6), np.int64(8), np.int64(9), np.int64(10), np.int64(12), np.int64(13), np.int64(18), np.int64(19), np.int64(21), np.int64(26), np.int64(27), np.int64(28), np.int64(29), np.int64(30), np.int64(34), np.int64(37), np.int64(38), np.int64(40), np.int64(43), np.int64(44), np.int64(45), np.int64(46), np.int64(47), np.int64(49), np.int64(50), np.int64(51)]","[np.int64(0), np.int64(1), np.int64(2), np.int64(3), np.int64(4), np.int64(5), np.int64(50)]","[np.int64(0), np.int64(1), np.int64(2), np.int64(3), np.int64(4), np.int64(5), np.int64(6), np.int64(8), np.int64(9), np.int64(10), np.int64(12), np.int64(13), np.int64(18), np.int64(19), np.int64(21), np.int64(26), np.int64(27), np.int64(28), np.int64(29), np.int64(30), np.int64(34), np.int64(37), np.int64(38), np.int64(40), np.int64(43), np.int64(44), np.int64(45), np.int64(46), np.int64(47), np.int64(49), np.int64(50), np.int64(51)]"
5.3924212*x0**2*x1 - log(x2**4),x0 + x1 + x2 + x3 + x4 + x5,15.430912,0.98784125,2,52,19,"[np.int64(0), np.int64(2), np.int64(3), np.int64(4), np.int64(5), np.int64(15), np.int64(18), np.int64(20), np.int64(24), np.int64(28), np.int64(31), np.int64(32), np.int64(38), np.int64(44), np.int64(45), np.int64(47), np.int64(50), np.int64(51)]","[np.int64(0), np.int64(1), np.int64(2), np.int64(3), np.int64(4), np.int64(5), np.int64(50)]","[np.int64(0), np.int64(1), np.int64(2), np.int64(3), np.int64(4), np.int64(5), np.int64(15), np.int64(18), np.int64(20), np.int64(24), np.int64(28), np.int64(31), np.int64(32), np.int64(38), np.int64(44), np.int64(45), np.int64(47), np.int64(50), np.int64(51)]"
5.09976848832889*x0**2*x1 - x5 - log(x2**4),x0 + x1 + x2 + x3 + x4 + x5,9.911758,0.9288205,2,52,20,"[np.int64(0), np.int64(1), np.int64(2), np.int64(3), np.int64(5), np.int64(7), np.int64(8), np.int64(10), np.int64(16), np.int64(31), np.int64(32), np.int64(36), np.int64(38), np.int64(40), np.int64(41), np.int64(42), np.int64(50), np.int64(51)]","[np.int64(0), np.int64(1), np.int64(2), np.int64(3), np.int64(4), np.int64(5), np.int64(22), np.int64(50)]","[np.int64(0), np.int64(1), np.int64(2), np.int64(3), np.int64(4), np.int64(5), np.int64(7), np.int64(8), np.int64(10), np.int64(16), np.int64(22), np.int64(31), np.int64(32), np.int64(36), np.int64(38), np.int64(40), np.int64(41), np.int64(42), np.int64(50), np.int64(51)]"
5.15463715038276*x0**2*x1 - 2.5795689*log(x2**2),x0 + x1 + x2 + x3 + x4 + x5,10.8361435,0.8941356,2,52,22,"[np.int64(0), np.int64(1), np.int64(2), np.int64(3), np.int64(4), np.int64(5), np.int64(6), np.int64(8), np.int64(12), np.int64(20), np.int64(22), np.int64(24), np.int64(27), np.int64(32), np.int64(33), np.int64(34), np.int64(45), np.int64(46), np.int64(48), np.int64(49), np.int64(50), np.int64(51)]","[np.int64(0), np.int64(1), np.int64(2), np.int64(3), np.int64(4), np.int64(5), np.int64(50)]","[np.int64(0), np.int64(1), np.int64(2), np.int64(3), np.int64(4), np.int64(5), np.int64(6), np.int64(8), np.int64(12), np.int64(20), np.int64(22), np.int64(24), np.int64(27), np.int64(32), np.int64(33), np.int64(34), np.int64(45), np.int64(46), np.int64(48), np.int64(49), np.int64(50), np.int64(51)]"
5.419314*x0**2*x1 - log(30.277008826043*x2**4) + 4.091136,x0 + x1 + x2 + x3 + x4 + x5,14.104298,1.0978186,1,51,30,"[np.int64(0), np.int64(1), np.int64(2), np.int64(3), np.int64(4), np.int64(5), np.int64(10), np.int64(11), np.int64(12), np.int64(15), np.int64(17), np.int64(18), np.int64(20), np.int64(21), np.int64(22), np.int64(24), np.int64(26), np.int64(27), np.int64(30), np.int64(31), np.int64(33), np.int64(34), np.int64(35), np.int64(38), np.int64(41), np.int64(43), np.int64(44), np.int64(45), np.int64(47), np.int64(50)]","[np.int64(0), np.int64(1), np.int64(2), np.int64(3), np.int64(4), np.int64(5), np.int64(50)]","[np.int64(0), np.int64(1), np.int64(2), np.int64(3), np.int64(4), np.int64(5), np.int64(10), np.int64(11), np.int64(12), np.int64(15), np.int64(17), np.int64(18), np.int64(20), np.int64(21), np.int64(22), np.int64(24), np.int64(26), np.int64(27), np.int64(30), np.int64(31), np.int64(33), np.int64(34), np.int64(35), np.int64(38), np.int64(41), np.int64(43), np.int64(44), np.int64(45), np.int64(47), np.int64(50)]"
5.2182646*x0**2*x1 - 2.6091323*x5 - 2.6091323*log(x2**2),x0 + x1 + x2 + x3 + x4 + x5,11.440497,0.8309565,2,52,18,"[np.int64(0), np.int64(1), np.int64(2), np.int64(3), np.int64(4), np.int64(5), np.int64(6), np.int64(9), np.int64(10), np.int64(18), np.int64(20), np.int64(26), np.int64(27), np.int64(33), np.int64(40), np.int64(41), np.int64(50), np.int64(51)]","[np.int64(0), np.int64(1), np.int64(2), np.int64(3), np.int64(4), np.int64(5), np.int64(50)]","[np.int64(0), np.int64(1), np.int64(2), np.int64(3), np.int64(4), np.int64(5), np.int64(6), np.int64(9), np.int64(10), np.int64(18), np.int64(20), np.int64(26), np.int64(27), np.int64(33), np.int64(40), np.int64(41), np.int64(50), np.int64(51)]"
x0**2*x1*5.1663117 - 2.535413*x2**2 + x3 + x4 + (x3 - 0.10310102)*(x4*3.201299 - 1*0.351242) - (x5 + x5) - 1*(-5.3533244),x0 + x1 + x2 + x3 + x4 + x5,16.452291,0.86326057,3,53,23,"[np.int64(0), np.int64(1), np.int64(2), np.int64(3), np.int64(4), np.int64(5), np.int64(13), np.int64(14), np.int64(15), np.int64(17), np.int64(23), np.int64(26), np.int64(29), np.int64(35), np.int64(37), np.int64(42), np.int64(43), np.int64(45), np.int64(46), np.int64(49), np.int64(50), np.int64(51), np.int64(52)]","[np.int64(0), np.int64(1), np.int64(2), np.int64(3), np.int64(4), np.int64(5)]","[np.int64(0), np.int64(1), np.int64(2), np.int64(3), np.int64(4), np.int64(5), np.int64(13), np.int64(14), np.int64(15), np.int64(17), np.int64(23), np.int64(26), np.int64(29), np.int64(35), np.int64(37), np.int64(42), np.int64(43), np.int64(45), np.int64(46), np.int64(49), np.int64(50), np.int64(51), np.int64(52)]"
x1*x0**2*4.835463 - x2**2 + 4.100523,x0 + x1 + x2 + x3 + x4 + x5,27.315632,0.8985381,2,52,26,"[np.int64(0), np.int64(1), np.int64(2), np.int64(3), np.int64(4), np.int64(5), np.int64(7), np.int64(8), np.int64(9), np.int64(15), np.int64(18), np.int64(19), np.int64(21), np.int64(28), np.int64(29), np.int64(31), np.int64(32), np.int64(35), np.int64(38), np.int64(39), np.int64(42), np.int64(43), np.int64(45), np.int64(47), np.int64(50), np.int64(51)]","[np.int64(0), np.int64(1), np.int64(2), np.int64(3), np.int64(4), np.int64(5), np.int64(50)]","[np.int64(0), np.int64(1), np.int64(2), np.int64(3), np.int64(4), np.int64(5), np.int64(7), np.int64(8), np.int64(9), np.int64(15), np.int64(18), np.int64(19), np.int64(21), np.int64(28), np.int64(29), np.int64(31), np.int64(32), np.int64(35), np.int64(38), np.int64(39), np.int64(42), np.int64(43), np.int64(45), np.int64(47), np.int64(50), np.int64(51)]"
5.281014*x0**2*x1 - log(2.7991061*x2**6),x0 + x1 + x2 + x3 + x4 + x5,13.710201,0.91986287,1,51,32,"[np.int64(0), np.int64(1), np.int64(2), np.int64(3), np.int64(4), np.int64(5), np.int64(6), np.int64(8), np.int64(16), np.int64(17), np.int64(19), np.int64(20), np.int64(21), np.int64(22), np.int64(23), np.int64(24), np.int64(25), np.int64(26), np.int64(27), np.int64(31), np.int64(32), np.int64(33), np.int64(35), np.int64(36), np.int64(39), np.int64(42), np.int64(43), np.int64(44), np.int64(46), np.int64(47), np.int64(49), np.int64(50)]","[np.int64(0), np.int64(1), np.int64(2), np.int64(3), np.int64(4), np.int64(5), np.int64(49), np.int64(50)]","[np.int64(0), np.int64(1), np.int64(2), np.int64(3), np.int64(4), np.int64(5), np.int64(6), np.int64(8), np.int64(16), np.int64(17), np.int64(19), np.int64(20), np.int64(21), np.int64(22), np.int64(23), np.int64(24), np.int64(25), np.int64(26), np.int64(27), np.int64(31), np.int64(32), np.int64(33), np.int64(35), np.int64(36), np.int64(39), np.int64(42), np.int64(43), np.int64(44), np.int64(46), np.int64(47), np.int64(49), np.int64(50)]"
x1*x0**2*4.9619026 + x2**2*(-2.741437) + 5.6250143,x0 + x1 + x2 + x3 + x4 + x5,27.704718,1.0210989,2,52,27,"[np.int64(0), np.int64(1), np.int64(2), np.int64(4), np.int64(5), np.int64(6), np.int64(7), np.int64(8), np.int64(16), np.int64(17), np.int64(18), np.int64(19), np.int64(21), np.int64(23), np.int64(24), np.int64(26), np.int64(27), np.int64(31), np.int64(33), np.int64(37), np.int64(41), np.int64(43), np.int64(47), np.int64(49), np.int64(50), np.int64(51)]","[np.int64(0), np.int64(1), np.int64(2), np.int64(3), np.int64(4), np.int64(5)]","[np.int64(0), np.int64(1), np.int64(2), np.int64(3), np.int64(4), np.int64(5), np.int64(6), np.int64(7), np.int64(8), np.int64(16), np.int64(17), np.int64(18), np.int64(19), np.int64(21), np.int64(23), np.int64(24), np.int64(26), np.int64(27), np.int64(31), np.int64(33), np.int64(37), np.int64(41), np.int64(43), np.int64(47), np.int64(49), np.int64(50), np.int64(51)]"
5.1442723525725*x0**2*x1 - 2.5489345*log(x2**2) - 0.0712599,x0 + x1 + x2 + x3 + x4 + x5,15.397058,0.9121015,2,52,14,"[np.int64(0), np.int64(1), np.int64(2), np.int64(3), np.int64(4), np.int64(5), np.int64(6), np.int64(11), np.int64(16), np.int64(20), np.int64(32), np.int64(45), np.int64(50), np.int64(51)]","[np.int64(0), np.int64(1), np.int64(2), np.int64(3), np.int64(4), np.int64(5)]","[np.int64(0), np.int64(1), np.int64(2), np.int64(3), np.int64(4), np.int64(5), np.int64(6), np.int64(11), np.int64(16), np.int64(20), np.int64(32), np.int64(45), np.int64(50), np.int64(51)]"
5.1904063*x0**2*x1 - x5 - log(x2**4),x0 + x1 + x2 + x3 + x4 + x5,9.645374,1.0744916,2,52,23,"[np.int64(0), np.int64(1), np.int64(2), np.int64(3), np.int64(4), np.int64(5), np.int64(6), np.int64(7), np.int64(8), np.int64(9), np.int64(17), np.int64(18), np.int64(21), np.int64(22), np.int64(33), np.int64(36), np.int64(38), np.int64(43), np.int64(45), np.int64(46), np.int64(48), np.int64(50), np.int64(51)]","[np.int64(0), np.int64(1), np.int64(2), np.int64(3), np.int64(4), np.int64(5)]","[np.int64(0), np.int64(1), np.int64(2), np.int64(3), np.int64(4), np.int64(5), np.int64(6), np.int64(7), np.int64(8), np.int64(9), np.int64(17), np.int64(18), np.int64(21), np.int64(22), np.int64(33), np.int64(36), np.int64(38), np.int64(43), np.int64(45), np.int64(46), np.int64(48), np.int64(50), np.int64(51)]"
(x2**2 + (x5 - 10.2576)*0.37410513)**2 + (x0**2*(x1 + x1) - 2.5919528)*2.5935264,x0 + x1 + x2 + x3 + x4 + x5,22.12304,0.89705,4,54,26,"[np.int64(0), np.int64(1), np.int64(2), np.int64(4), np.int64(5), np.int64(6), np.int64(9), np.int64(14), np.int64(17), np.int64(18), np.int64(19), np.int64(20), np.int64(30), np.int64(31), np.int64(32), np.int64(36), np.int64(39), np.int64(40), np.int64(41), np.int64(42), np.int64(46), np.int64(47), np.int64(50), np.int64(51), np.int64(52)]","[np.int64(0), np.int64(1), np.int64(2), np.int64(3), np.int64(4), np.int64(5), np.int64(50)]","[np.int64(0), np.int64(1), np.int64(2), np.int64(3), np.int64(4), np.int64(5), np.int64(6), np.int64(9), np.int64(14), np.int64(17), np.int64(18), np.int64(19), np.int64(20), np.int64(30), np.int64(31), np.int64(32), np.int64(36), np.int64(39), np.int64(40), np.int64(41), np.int64(42), np.int64(46), np.int64(47), np.int64(50), np.int64(51), np.int64(52)]"
5.47987342095093*x0**2*x1 - x5 - 2.5439436*log(x2**2),x0 + x1 + x2 + x3 + x4 + x5 + 0.01105511,13.409351,1.0354158,2,52,21,"[np.int64(0), np.int64(1), np.int64(2), np.int64(3), np.int64(4), np.int64(5), np.int64(6), np.int64(10), np.int64(15), np.int64(19), np.int64(21), np.int64(27), np.int64(30), np.int64(31), np.int64(34), np.int64(37), np.int64(39), np.int64(40), np.int64(48), np.int64(50), np.int64(51)]","[np.int64(0), np.int64(1), np.int64(2), np.int64(3), np.int64(4), np.int64(5), np.int64(50)]","[np.int64(0), np.int64(1), np.int64(2), np.int64(3), np.int64(4), np.int64(5), np.int64(6), np.int64(10), np.int64(15), np.int64(19), np.int64(21), np.int64(27), np.int64(30), np.int64(31), np.int64(34), np.int64(37), np.int64(39), np.int64(40), np.int64(48), np.int64(50), np.int64(51)]"
5.246439*x0**2*x1 - x5 - log(x2**4),x0 + x1 + x2 + x3 + x4 + x5,12.221315,0.93805104,2,52,20,"[np.int64(0), np.int64(1), np.int64(2), np.int64(3), np.int64(4), np.int64(5), np.int64(6), np.int64(7), np.int64(12), np.int64(14), np.int64(17), np.int64(26), np.int64(35), np.int64(36), np.int64(39), np.int64(45), np.int64(46), np.int64(48), np.int64(50), np.int64(51)]","[np.int64(0), np.int64(1), np.int64(2), np.int64(3), np.int64(4), np.int64(5)]","[np.int64(0), np.int64(1), np.int64(2), np.int64(3), np.int64(4), np.int64(5), np.int64(6), np.int64(7), np.int64(12), np.int64(14), np.int64(17), np.int64(26), np.int64(35), np.int64(36), np.int64(39), np.int64(45), np.int64(46), np.int64(48), np.int64(50), np.int64(51)]"
5.09337417935025*x0**2*x1 + 4.3625226*x2**2 - 2*x5 + (-x26 - 17.656571)*sqrt(x2**2) + 12.889538,x0 + x1 + x2 + x3 + x4 + x5,16.601583,0.7968325,2,52,31,"[np.int64(0), np.int64(1), np.int64(2), np.int64(3), np.int64(4), np.int64(5), np.int64(6), np.int64(7), np.int64(8), np.int64(11), np.int64(12), np.int64(16), np.int64(19), np.int64(20), np.int64(21), np.int64(22), np.int64(23), np.int64(24), np.int64(26), np.int64(27), np.int64(29), np.int64(31), np.int64(34), np.int64(35), np.int64(36), np.int64(38), np.int64(40), np.int64(45), np.int64(46), np.int64(50), np.int64(51)]","[np.int64(0), np.int64(1), np.int64(2), np.int64(3), np.int64(4), np.int64(5), np.int64(50)]","[np.int64(0), np.int64(1), np.int64(2), np.int64(3), np.int64(4), np.int64(5), np.int64(6), np.int64(7), np.int64(8), np.int64(11), np.int64(12), np.int64(16), np.int64(19), np.int64(20), np.int64(21), np.int64(22), np.int64(23), np.int64(24), np.int64(26), np.int64(27), np.int64(29), np.int64(31), np.int64(34), np.int64(35), np.int64(36), np.int64(38), np.int64(40), np.int64(45), np.int64(46), np.int64(50), np.int64(51)]"
5.023868*x0**2*x1 - x5*(0.0203909999999999 - x4)**2 - x5 - (x2**2*(14.37314 - x4)**4)**(1/4) + 0.44052935*sqrt(x2**2) + 15.220125,x0 + x1 + x2 + x3 + x4 + x5,16.111889,0.9298218,3,53,39,"[np.int64(0), np.int64(2), np.int64(4), np.int64(5), np.int64(6), np.int64(9), np.int64(10), np.int64(11), np.int64(12), np.int64(13), np.int64(14), np.int64(15), np.int64(16), np.int64(18), np.int64(19), np.int64(20), np.int64(21), np.int64(24), np.int64(25), np.int64(29), np.int64(30), np.int64(31), np.int64(33), np.int64(37), np.int64(38), np.int64(39), np.int64(40), np.int64(41), np.int64(42), np.int64(44), np.int64(45), np.int64(46), np.int64(47), np.int64(48), np.int64(50), np.int64(51), np.int64(52)]","[np.int64(0), np.int64(1), np.int64(2), np.int64(3), np.int64(4), np.int64(5)]","[np.int64(0), np.int64(1), np.int64(2), np.int64(3), np.int64(4), np.int64(5), np.int64(6), np.int64(9), np.int64(10), np.int64(11), np.int64(12), np.int64(13), np.int64(14), np.int64(15), np.int64(16), np.int64(18), np.int64(19), np.int64(20), np.int64(21), np.int64(24), np.int64(25), np.int64(29), np.int64(30), np.int64(31), np.int64(33), np.int64(37), np.int64(38), np.int64(39), np.int64(40), np.int64(41), np.int64(42), np.int64(44), np.int64(45), np.int64(46), np.int64(47), np.int64(48), np.int64(50), np.int64(51), np.int64(52)]"
5.1558785*x0**2*x1 - log(x2**4),-(-1)*0.9979957*x0 + x1 + x2 + x3 + x4 + x5,15.833496,0.9887458,2,52,20,"[np.int64(0), np.int64(1), np.int64(2), np.int64(3), np.int64(4), np.int64(5), np.int64(8), np.int64(13), np.int64(15), np.int64(16), np.int64(21), np.int64(25), np.int64(26), np.int64(30), np.int64(38), np.int64(42), np.int64(45), np.int64(47), np.int64(50), np.int64(51)]","[np.int64(0), np.int64(1), np.int64(2), np.int64(3), np.int64(4), np.int64(5), np.int64(50)]","[np.int64(0), np.int64(1), np.int64(2), np.int64(3), np.int64(4), np.int64(5), np.int64(8), np.int64(13), np.int64(15), np.int64(16), np.int64(21), np.int64(25), np.int64(26), np.int64(30), np.int64(38), np.int64(42), np.int64(45), np.int64(47), np.int64(50), np.int64(51)]"
(-4.32679728912025*x0**2 - 0.3403906)*x1*(-1.179084) - (-(-2.271688)*x2**2 + x4*x3*(-3.4045534)) - 1*(-5.4532394),x0 + x1 + x2 + x3 + x4 + x5,26.974434,1.0049828,3,53,25,"[np.int64(0), np.int64(1), np.int64(2), np.int64(3), np.int64(4), np.int64(5), np.int64(7), np.int64(8), np.int64(13), np.int64(15), np.int64(19), np.int64(22), np.int64(23), np.int64(25), np.int64(28), np.int64(29), np.int64(30), np.int64(36), np.int64(39), np.int64(42), np.int64(48), np.int64(49), np.int64(50), np.int64(51), np.int64(52)]","[np.int64(0), np.int64(1), np.int64(2), np.int64(3), np.int64(4), np.int64(5), np.int64(50)]","[np.int64(0), np.int64(1), np.int64(2), np.int64(3), np.int64(4), np.int64(5), np.int64(7), np.int64(8), np.int64(13), np.int64(15), np.int64(19), np.int64(22), np.int64(23), np.int64(25), np.int64(28), np.int64(29), np.int64(30), np.int64(36), np.int64(39), np.int64(42), np.int64(48), np.int64(49), np.int64(50), np.int64(51), np.int64(52)]"
5.1837616*x0**2*x1 - x5 - 2.5468113*log(x2**2) + 0.12882681,x0 + x1 + x2 + x3 + x4 + x5,9.072296,0.9149101,2,52,19,"[np.int64(0), np.int64(1), np.int64(2), np.int64(3), np.int64(5), np.int64(9), np.int64(11), np.int64(13), np.int64(17), np.int64(22), np.int64(26), np.int64(31), np.int64(35), np.int64(40), np.int64(43), np.int64(47), np.int64(50), np.int64(51)]","[np.int64(0), np.int64(1), np.int64(2), np.int64(3), np.int64(4), np.int64(5), np.int64(50)]","[np.int64(0), np.int64(1), np.int64(2), np.int64(3), np.int64(4), np.int64(5), np.int64(9), np.int64(11), np.int64(13), np.int64(17), np.int64(22), np.int64(26), np.int64(31), np.int64(35), np.int64(40), np.int64(43), np.int64(47), np.int64(50), np.int64(51)]"
x0**2*5.2965393*x1 + x1 - x5 - (x2**2*2.414432 - 6.294979),x0 + x1 + x2 + x3 + x4 + x5,30.482336,0.915239,2,52,32,"[np.int64(0), np.int64(1), np.int64(2), np.int64(3), np.int64(4), np.int64(5), np.int64(6), np.int64(7), np.int64(9), np.int64(15), np.int64(16), np.int64(17), np.int64(18), np.int64(21), np.int64(22), np.int64(26), np.int64(27), np.int64(28), np.int64(30), np.int64(31), np.int64(36), np.int64(37), np.int64(39), np.int64(41), np.int64(42), np.int64(44), np.int64(46), np.int64(47), np.int64(48), np.int64(49), np.int64(50), np.int64(51)]","[np.int64(0), np.int64(1), np.int64(2), np.int64(3), np.int64(4), np.int64(5), np.int64(50)]","[np.int64(0), np.int64(1), np.int64(2), np.int64(3), np.int64(4), np.int64(5), np.int64(6), np.int64(7), np.int64(9), np.int64(15), np.int64(16), np.int64(17), np.int64(18), np.int64(21), np.int64(22), np.int64(26), np.int64(27), np.int64(28), np.int64(30), np.int64(31), np.int64(36), np.int64(37), np.int64(39), np.int64(41), np.int64(42), np.int64(44), np.int64(46), np.int64(47), np.int64(48), np.int64(49), np.int64(50), np.int64(51)]"
5.27042949397056*x0**2*x1 - log(x2**2),x0 + x1 + x2 + x3 + x4 + x5,25.295492,0.9260279,2,52,20,"[np.int64(0), np.int64(1), np.int64(2), np.int64(3), np.int64(4), np.int64(5), np.int64(8), np.int64(10), np.int64(12), np.int64(14), np.int64(21), np.int64(24), np.int64(26), np.int64(27), np.int64(31), np.int64(39), np.int64(43), np.int64(48), np.int64(50), np.int64(51)]","[np.int64(0), np.int64(1), np.int64(2), np.int64(3), np.int64(4), np.int64(5), np.int64(50)]","[np.int64(0), np.int64(1), np.int64(2), np.int64(3), np.int64(4), np.int64(5), np.int64(8), np.int64(10), np.int64(12), np.int64(14), np.int64(21), np.int64(24), np.int64(26), np.int64(27), np.int64(31), np.int64(39), np.int64(43), np.int64(48), np.int64(50), np.int64(51)]"
x0**2*(5.2301326*x1 + 0.448963944321354) - 2*x5 - log(x2**4),x0 + x1 + x2 + x3 + x4 + x5 - 0.057496764,9.883245,0.9207965,3,53,16,"[np.int64(0), np.int64(1), np.int64(2), np.int64(3), np.int64(4), np.int64(5), np.int64(7), np.int64(9), np.int64(11), np.int64(21), np.int64(23), np.int64(47), np.int64(49), np.int64(50), np.int64(51), np.int64(52)]","[np.int64(0), np.int64(1), np.int64(2), np.int64(3), np.int64(4), np.int64(5)]","[np.int64(0), np.int64(1), np.int64(2), np.int64(3), np.int64(4), np.int64(5), np.int64(7), np.int64(9), np.int64(11), np.int64(21), np.int64(23), np.int64(47), np.int64(49), np.int64(50), np.int64(51), np.int64(52)]"
4.99440176419504*x0**2*x1 - 2.3771324*x5 - 2.3771324*log(x2**2),x0 + x1 + x2 + x3 + x4 + x5,9.947079,0.91489434,2,52,17,"[np.int64(0), np.int64(1), np.int64(2), np.int64(4), np.int64(5), np.int64(8), np.int64(9), np.int64(12), np.int64(21), np.int64(23), np.int64(25), np.int64(28), np.int64(30), np.int64(39), np.int64(50), np.int64(51)]","[np.int64(0), np.int64(1), np.int64(2), np.int64(3), np.int64(4), np.int64(5)]","[np.int64(0), np.int64(1), np.int64(2), np.int64(3), np.int64(4), np.int64(5), np.int64(8), np.int64(9), np.int64(12), np.int64(21), np.int64(23), np.int64(25), np.int64(28), np.int64(30), np.int64(39), np.int64(50), np.int64(51)]"
(5.18631300216484*x0**2)*x1 + (-x2**2 - x5 + 2.2556865)*2.463489,x0 + x1 + x2 + x3 + x4 + x5,28.374292,0.8521195,2,52,35,"[np.int64(0), np.int64(1), np.int64(2), np.int64(3), np.int64(4), np.int64(5), np.int64(8), np.int64(9), np.int64(10), np.int64(11), np.int64(12), np.int64(14), np.int64(16), np.int64(17), np.int64(18), np.int64(19), np.int64(20), np.int64(21), np.int64(22), np.int64(24), np.int64(25), np.int64(31), np.int64(32), np.int64(33), np.int64(34), np.int64(38), np.int64(40), np.int64(41), np.int64(42), np.int64(44), np.int64(45), np.int64(46), np.int64(48), np.int64(50), np.int64(51)]","[np.int64(0), np.int64(1), np.int64(2), np.int64(3), np.int64(4), np.int64(5), np.int64(50)]","[np.int64(0), np.int64(1), np.int64(2), np.int64(3), np.int64(4), np.int64(5), np.int64(8), np.int64(9), np.int64(10), np.int64(11), np.int64(12), np.int64(14), np.int64(16), np.int64(17), np.int64(18), np.int64(19), np.int64(20), np.int64(21), np.int64(22), np.int64(24), np.int64(25), np.int64(31), np.int64(32), np.int64(33), np.int64(34), np.int64(38), np.int64(40), np.int64(41), np.int64(42), np.int64(44), np.int64(45), np.int64(46), np.int64(48), np.int64(50), np.int64(51)]"
5.11584420187106*x0**2*x1 + x2 - 2.2005682*x5 - 2.2005682*log(x2**2) - 0.44115943,x0 + x1 + x2 + x3 + x4 + x5,10.884492,0.89790773,2,52,21,"[np.int64(0), np.int64(1), np.int64(2), np.int64(3), np.int64(4), np.int64(5), np.int64(7), np.int64(10), np.int64(13), np.int64(14), np.int64(20), np.int64(21), np.int64(22), np.int64(23), np.int64(26), np.int64(27), np.int64(29), np.int64(34), np.int64(41), np.int64(50), np.int64(51)]","[np.int64(0), np.int64(1), np.int64(2), np.int64(3), np.int64(4), np.int64(5), np.int64(50)]","[np.int64(0), np.int64(1), np.int64(2), np.int64(3), np.int64(4), np.int64(5), np.int64(7), np.int64(10), np.int64(13), np.int64(14), np.int64(20), np.int64(21), np.int64(22), np.int64(23), np.int64(26), np.int64(27), np.int64(29), np.int64(34), np.int64(41), np.int64(50), np.int64(51)]"
5.152704982361*x0**2*x1 - 2.487335*x5 - 2.487335*log(x2**2),x0 + x1 + x2 + x3 + x4 + x5,8.814305,0.8740102,2,52,18,"[np.int64(0), np.int64(1), np.int64(2), np.int64(3), np.int64(4), np.int64(5), np.int64(8), np.int64(12), np.int64(16), np.int64(19), np.int64(20), np.int64(21), np.int64(23), np.int64(31), np.int64(32), np.int64(40), np.int64(50), np.int64(51)]","[np.int64(0), np.int64(1), np.int64(2), np.int64(3), np.int64(4), np.int64(5), np.int64(50)]","[np.int64(0), np.int64(1), np.int64(2), np.int64(3), np.int64(4), np.int64(5), np.int64(8), np.int64(12), np.int64(16), np.int64(19), np.int64(20), np.int64(21), np.int64(23), np.int64(31), np.int64(32), np.int64(40), np.int64(50), np.int64(51)]"
5.152956*x0**2*x1 + 2.576478*x3*x4 - 2.576478*x5 - 2.576478*log(x2**2),x0 + x1 + x2 + x3 + x5 - (0.017921269 - x4),2.001657,0.95295215,3,53,10,"[np.int64(0), np.int64(1), np.int64(2), np.int64(3), np.int64(4), np.int64(5), np.int64(23), np.int64(50), np.int64(51), np.int64(52)]","[np.int64(0), np.int64(1), np.int64(2), np.int64(3), np.int64(4), np.int64(5), np.int64(50)]","[np.int64(0), np.int64(1), np.int64(2), np.int64(3), np.int64(4), np.int64(5), np.int64(23), np.int64(50), np.int64(51), np.int64(52)]"
4.9751716*x0**2*x1 + (4.097233 - 2.2581382*sqrt(x2**2))**2 - 3.7342298,x0 + x1 + x2 + x3 + x4 + x5,15.026704,0.95797056,2,52,27,"[np.int64(0), np.int64(1), np.int64(2), np.int64(3), np.int64(4), np.int64(5), np.int64(6), np.int64(7), np.int64(8), np.int64(9), np.int64(10), np.int64(12), np.int64(13), np.int64(15), np.int64(16), np.int64(18), np.int64(19), np.int64(22), np.int64(23), np.int64(35), np.int64(37), np.int64(40), np.int64(42), np.int64(44), np.int64(48), np.int64(50), np.int64(51)]","[np.int64(0), np.int64(1), np.int64(2), np.int64(3), np.int64(4), np.int64(5)]","[np.int64(0), np.int64(1), np.int64(2), np.int64(3), np.int64(4), np.int64(5), np.int64(6), np.int64(7), np.int64(8), np.int64(9), np.int64(10), np.int64(12), np.int64(13), np.int64(15), np.int64(16), np.int64(18), np.int64(19), np.int64(22), np.int64(23), np.int64(35), np.int64(37), np.int64(40), np.int64(42), np.int64(44), np.int64(48), np.int64(50), np.int64(51)]"
5.17135239622785*x0**2*x1 + 0.60012484*x0 + x3*x4 - 2.496857*x5 - 2.496857*log(x2**2) - 0.1178076,x0 + x1 + x2 + x3 + x4 + x5,3.9519775,0.9506329,3,53,9,"[np.int64(0), np.int64(1), np.int64(2), np.int64(3), np.int64(4), np.int64(5), np.int64(50), np.int64(51), np.int64(52)]","[np.int64(0), np.int64(1), np.int64(2), np.int64(3), np.int64(4), np.int64(5), np.int64(50)]","[np.int64(0), np.int64(1), np.int64(2), np.int64(3), np.int64(4), np.int64(5), np.int64(50), np.int64(51), np.int64(52)]"
5.14698244614255*x1*(x0 - 0.0024608602)**2 + 2.5580022*x3*x4 - 2.5580022*x5 - 1.2790011*log(x2**4) - 0.139010352579322,x0 + x1 + x2 + x3 + x4 + x5,2.5446734,1.0083201,4,54,9,"[np.int64(0), np.int64(1), np.int64(2), np.int64(3), np.int64(4), np.int64(5), np.int64(50), np.int64(52), np.int64(53)]","[np.int64(0), np.int64(1), np.int64(2), np.int64(3), np.int64(4), np.int64(5), np.int64(50)]","[np.int64(0), np.int64(1), np.int64(2), np.int64(3), np.int64(4), np.int64(5), np.int64(50), np.int64(52), np.int64(53)]"
x0**2*x1*5.439129 - 2.648346135876*x2**2 - 1*(-5.9478498),x0 + x1 + x2 + x3 + x4 + x5,23.228561,0.89289486,2,52,26,"[np.int64(0), np.int64(1), np.int64(2), np.int64(3), np.int64(4), np.int64(5), np.int64(6), np.int64(7), np.int64(9), np.int64(14), np.int64(18), np.int64(21), np.int64(22), np.int64(26), np.int64(30), np.int64(31), np.int64(33), np.int64(35), np.int64(36), np.int64(38), np.int64(43), np.int64(44), np.int64(45), np.int64(49), np.int64(50), np.int64(51)]","[np.int64(0), np.int64(1), np.int64(2), np.int64(3), np.int64(4), np.int64(5)]","[np.int64(0), np.int64(1), np.int64(2), np.int64(3), np.int64(4), np.int64(5), np.int64(6), np.int64(7), np.int64(9), np.int64(14), np.int64(18), np.int64(21), np.int64(22), np.int64(26), np.int64(30), np.int64(31), np.int64(33), np.int64(35), np.int64(36), np.int64(38), np.int64(43), np.int64(44), np.int64(45), np.int64(49), np.int64(50), np.int64(51)]"
x1*(4.72008951738289*x0**2 + 0.475108398157726) - x2**2 + 2.8644874*x3*x4 - 2.8644874*x5 + 2.8785496,x0 + x1 + x2 + x3 + x4 + x5,23.04795,0.90766287,3,53,29,"[np.int64(0), np.int64(1), np.int64(2), np.int64(3), np.int64(4), np.int64(5), np.int64(11), np.int64(16), np.int64(18), np.int64(20), np.int64(21), np.int64(22), np.int64(25), np.int64(26), np.int64(28), np.int64(30), np.int64(31), np.int64(32), np.int64(35), np.int64(36), np.int64(37), np.int64(38), np.int64(39), np.int64(40), np.int64(45), np.int64(49), np.int64(50), np.int64(51), np.int64(52)]","[np.int64(0), np.int64(1), np.int64(2), np.int64(3), np.int64(4), np.int64(5)]","[np.int64(0), np.int64(1), np.int64(2), np.int64(3), np.int64(4), np.int64(5), np.int64(11), np.int64(16), np.int64(18), np.int64(20), np.int64(21), np.int64(22), np.int64(25), np.int64(26), np.int64(28), np.int64(30), np.int64(31), np.int64(32), np.int64(35), np.int64(36), np.int64(37), np.int64(38), np.int64(39), np.int64(40), np.int64(45), np.int64(49), np.int64(50), np.int64(51), np.int64(52)]"
5.2749786*x0**2*x1 - 2.6374893*x5 - 2.6374893*log(x2**2) + 0.602996922047945,x0 + x1 + x2 + x3 + x4 + x5,9.357946,0.88829273,2,52,20,"[np.int64(0), np.int64(1), np.int64(2), np.int64(4), np.int64(5), np.int64(8), np.int64(19), np.int64(20), np.int64(22), np.int64(26), np.int64(30), np.int64(35), np.int64(37), np.int64(39), np.int64(40), np.int64(47), np.int64(48), np.int64(50), np.int64(51)]","[np.int64(0), np.int64(1), np.int64(2), np.int64(3), np.int64(4), np.int64(5), np.int64(50)]","[np.int64(0), np.int64(1), np.int64(2), np.int64(3), np.int64(4), np.int64(5), np.int64(8), np.int64(19), np.int64(20), np.int64(22), np.int64(26), np.int64(30), np.int64(35), np.int64(37), np.int64(39), np.int64(40), np.int64(47), np.int64(48), np.int64(50), np.int64(51)]"
4.9146023*x0**2*x1 + x16 - x2**2 - log(x2**2) + 1.59144812843379,x0 + x1 + x2 + x3 + x4 + x5,27.352766,0.8910959,3,53,25,"[np.int64(0), np.int64(1), np.int64(2), np.int64(3), np.int64(4), np.int64(5), np.int64(7), np.int64(9), np.int64(16), np.int64(17), np.int64(22), np.int64(23), np.int64(24), np.int64(28), np.int64(33), np.int64(36), np.int64(38), np.int64(40), np.int64(41), np.int64(44), np.int64(46), np.int64(48), np.int64(49), np.int64(50), np.int64(51)]","[np.int64(0), np.int64(1), np.int64(2), np.int64(3), np.int64(4), np.int64(5), np.int64(50)]","[np.int64(0), np.int64(1), np.int64(2), np.int64(3), np.int64(4), np.int64(5), np.int64(7), np.int64(9), np.int64(16), np.int64(17), np.int64(22), np.int64(23), np.int64(24), np.int64(28), np.int64(33), np.int64(36), np.int64(38), np.int64(40), np.int64(41), np.int64(44), np.int64(46), np.int64(48), np.int64(49), np.int64(50), np.int64(51)]"
5.2039458031024*x0**2*x1 - 2.572891*x5 - 2.572891*log(x2**2) - 0.77132874245588,x0 + x1 + x2 + x3 + x4 + x5 - 1*0.0780575595521089,8.984854,0.86787415,2,52,24,"[np.int64(0), np.int64(1), np.int64(2), np.int64(3), np.int64(4), np.int64(5), np.int64(6), np.int64(11), np.int64(15), np.int64(22), np.int64(26), np.int64(28), np.int64(30), np.int64(31), np.int64(40), np.int64(41), np.int64(42), np.int64(43), np.int64(44), np.int64(46), np.int64(47), np.int64(49), np.int64(50), np.int64(51)]","[np.int64(0), np.int64(1), np.int64(2), np.int64(3), np.int64(4), np.int64(5)]","[np.int64(0), np.int64(1), np.int64(2), np.int64(3), np.int64(4), np.int64(5), np.int64(6), np.int64(11), np.int64(15), np.int64(22), np.int64(26), np.int64(28), np.int64(30), np.int64(31), np.int64(40), np.int64(41), np.int64(42), np.int64(43), np.int64(44), np.int64(46), np.int64(47), np.int64(49), np.int64(50), np.int64(51)]"
4.9705372*x0**2*x1 - 2.4852686*x5 - 2.4852686*log(x2**2),x0 + x1 + x2 + x3 + x4 + x5,10.773608,0.9482378,2,52,17,"[np.int64(0), np.int64(1), np.int64(2), np.int64(3), np.int64(4), np.int64(5), np.int64(17), np.int64(19), np.int64(23), np.int64(27), np.int64(28), np.int64(34), np.int64(40), np.int64(47), np.int64(49), np.int64(50), np.int64(51)]","[np.int64(0), np.int64(1), np.int64(2), np.int64(3), np.int64(4), np.int64(5)]","[np.int64(0), np.int64(1), np.int64(2), np.int64(3), np.int64(4), np.int64(5), np.int64(17), np.int64(19), np.int64(23), np.int64(27), np.int64(28), np.int64(34), np.int64(40), np.int64(47), np.int64(49), np.int64(50), np.int64(51)]"
5.621042*x0**2*x1 - x5 - log(x2**4) + 0.365316273229859,x0 + x1 + x2 + x3 + x4 + x5,11.220709,0.9002812,2,52,18,"[np.int64(0), np.int64(1), np.int64(2), np.int64(4), np.int64(5), np.int64(7), np.int64(19), np.int64(24), np.int64(29), np.int64(35), np.int64(38), np.int64(40), np.int64(46), np.int64(47), np.int64(49), np.int64(50), np.int64(51)]","[np.int64(0), np.int64(1), np.int64(2), np.int64(3), np.int64(4), np.int64(5)]","[np.int64(0), np.int64(1), np.int64(2), np.int64(3), np.int64(4), np.int64(5), np.int64(7), np.int64(19), np.int64(24), np.int64(29), np.int64(35), np.int64(38), np.int64(40), np.int64(46), np.int64(47), np.int64(49), np.int64(50), np.int64(51)]"
5.1464515*x0**2*x1 + 3.024055*x3*x4 - x5 + (x2**2 - 1*1.9126611)*(-2.642749) - 1*(-0.5454792),x0 + x1 + x2 + x3 + x4 + x5 - 1*0.11692585,16.777897,0.92864406,3,53,32,"[np.int64(0), np.int64(1), np.int64(2), np.int64(3), np.int64(4), np.int64(5), np.int64(6), np.int64(8), np.int64(9), np.int64(10), np.int64(11), np.int64(17), np.int64(18), np.int64(20), np.int64(24), np.int64(26), np.int64(27), np.int64(29), np.int64(31), np.int64(32), np.int64(34), np.int64(36), np.int64(38), np.int64(39), np.int64(41), np.int64(42), np.int64(45), np.int64(47), np.int64(48), np.int64(50), np.int64(51), np.int64(52)]","[np.int64(0), np.int64(1), np.int64(2), np.int64(3), np.int64(4), np.int64(5)]","[np.int64(0), np.int64(1), np.int64(2), np.int64(3), np.int64(4), np.int64(5), np.int64(6), np.int64(8), np.int64(9), np.int64(10), np.int64(11), np.int64(17), np.int64(18), np.int64(20), np.int64(24), np.int64(26), np.int64(27), np.int64(29), np.int64(31), np.int64(32), np.int64(34), np.int64(36), np.int64(38), np.int64(39), np.int64(41), np.int64(42), np.int64(45), np.int64(47), np.int64(48), np.int64(50), np.int64(51), np.int64(52)]"
