eq_y,eq_d,loss_y,loss_d,terms_added,dict_size,n_selected,S_y,S_d,S_union
(x0 + x0 - x1 - x1 + x2 - x3)*2.5748425,x34*0.14580563,2.7318606,0.83202416,0,50,6,"[np.int64(0), np.int64(1), np.int64(2), np.int64(3), np.int64(4), np.int64(5)]",[],"[np.int64(0), np.int64(1), np.int64(2), np.int64(3), np.int64(4), np.int64(5)]"
(x0 + x0 - x1 + x2 - (x1 + x3))*2.5100503,(-x30 + x46)*(0.0206517392128369*x39**2*(x23 - x46)**2 + 0.0689166821448169*x40**2),2.6538343,0.8475718,2,52,7,"[np.int64(0), np.int64(1), np.int64(2), np.int64(3), np.int64(4), np.int64(5)]",[np.int64(51)],"[np.int64(0), np.int64(1), np.int64(2), np.int64(3), np.int64(4), np.int64(5), np.int64(51)]"
x2 + x2*1.9474303 + x4 + (-x3 + (x0 - x1)*1.6271682)*3.033053,x33*0.11249592,2.1337366,0.8663978,0,50,6,"[np.int64(0), np.int64(1), np.int64(2), np.int64(3), np.int64(4), np.int64(5)]",[],"[np.int64(0), np.int64(1), np.int64(2), np.int64(3), np.int64(4), np.int64(5)]"
x4 + (x0 + x0 - x1 - x3 - (x1 - x2))*2.589806,(x3 + x42*(x19**2 - 1.9051124))*0.09891127,2.4349103,0.9772349,1,51,6,"[np.int64(0), np.int64(1), np.int64(2), np.int64(3), np.int64(4), np.int64(5)]",[],"[np.int64(0), np.int64(1), np.int64(2), np.int64(3), np.int64(4), np.int64(5)]"
((x0 - x1)*1.6722068 - (-x2 + x3))*3.004343,(x11*x22 - x49*(-x22**2 + x35 + x36))*x32*(-0.12116996),2.2904687,0.9345476,1,51,7,"[np.int64(0), np.int64(1), np.int64(2), np.int64(3), np.int64(4), np.int64(5), np.int64(20)]",[],"[np.int64(0), np.int64(1), np.int64(2), np.int64(3), np.int64(4), np.int64(5), np.int64(20)]"
x43*0.13908374 + (x2 - x3 + (x0 - x1)*1.712343)*2.9426436,x37**2*(-0.08082692),2.053649,1.0125097,1,51,7,"[np.int64(0), np.int64(1), np.int64(2), np.int64(3), np.int64(4), np.int64(5)]",[np.int64(50)],"[np.int64(0), np.int64(1), np.int64(2), np.int64(3), np.int64(4), np.int64(5), np.int64(50)]"
-x1 + x4 - (x0*(-1.6423296) + x5) + (x0 - x3 - (x1 - x2))*3.2959197,(x49**2 - (x30*(x37 + x42) + x6 + (x12 + x42)**2))*(-0.066389665)*x32,1.8096114,0.93789715,1,51,6,"[np.int64(0), np.int64(1), np.int64(2), np.int64(3), np.int64(4), np.int64(5)]",[],"[np.int64(0), np.int64(1), np.int64(2), np.int64(3), np.int64(4), np.int64(5)]"
x4 - x5 + (x2 - x3 + (x0 - x1)*1.6894058)*2.9646358,x33*(-0.12157284),1.2442573,0.9153549,0,50,6,"[np.int64(0), np.int64(1), np.int64(2), np.int64(3), np.int64(4), np.int64(5)]",[],"[np.int64(0), np.int64(1), np.int64(2), np.int64(3), np.int64(4), np.int64(5)]"
-x5 + (x0 + (x1*(-1.6628647) + x2 - x3)*0.6035095)*4.9790454,-0.082469*x33**2 + (x30 + x46**2)*x45*0.07786502,2.2346222,0.93553114,2,52,7,"[np.int64(0), np.int64(1), np.int64(2), np.int64(3), np.int64(4), np.int64(5)]",[np.int64(51)],"[np.int64(0), np.int64(1), np.int64(2), np.int64(3), np.int64(4), np.int64(5), np.int64(51)]"
-x5 - (-x0 + x1 - x4) + (x2 - x3 - (-x0 + x1))*3.4523144,x43*0.14503147,2.0073278,0.9250986,0,50,6,"[np.int64(0), np.int64(1), np.int64(2), np.int64(3), np.int64(4), np.int64(5)]",[],"[np.int64(0), np.int64(1), np.int64(2), np.int64(3), np.int64(4), np.int64(5)]"
-(-5.059455)*x0 + (-1.6649399*x1 + x2 - x3)*3.0427332 - 0.021668732,x34*(-0.17028227)*x3,1.9292938,0.90894014,0,50,6,"[np.int64(0), np.int64(1), np.int64(2), np.int64(3), np.int64(4), np.int64(5)]",[],"[np.int64(0), np.int64(1), np.int64(2), np.int64(3), np.int64(4), np.int64(5)]"
(x0 + x0 - x1 - x1 + x2 - x3)*2.649088,-0.08280536*x31**2*x46**2*x8,3.1046083,0.90838766,2,52,7,"[np.int64(0), np.int64(1), np.int64(2), np.int64(3), np.int64(4), np.int64(5), np.int64(8)]",[],"[np.int64(0), np.int64(1), np.int64(2), np.int64(3), np.int64(4), np.int64(5), np.int64(8)]"
x4 + (x0 - x1 + (x2 - x3 - 1*0.05657107)*0.6039066)*4.9453087,x21*(x0 - x6)*0.11671661,2.244197,1.0036727,0,50,7,"[np.int64(0), np.int64(1), np.int64(2), np.int64(3), np.int64(4), np.int64(5), np.int64(35)]",[],"[np.int64(0), np.int64(1), np.int64(2), np.int64(3), np.int64(4), np.int64(5), np.int64(35)]"
x4 - x5 + (x2 - x3 + (x0 - x1)*1.618326)*3.0790534,x22*(-0.16675468),1.2872506,0.8840231,0,50,6,"[np.int64(0), np.int64(1), np.int64(2), np.int64(3), np.int64(4), np.int64(5)]",[],"[np.int64(0), np.int64(1), np.int64(2), np.int64(3), np.int64(4), np.int64(5)]"
x4 - x5 + (x0 - x1 + (x2 - x3)*0.5990242)*5.021911 + 0.02249305,x8*0.06509911*(x29 + x44)**2,1.2630944,0.8794233,0,50,6,"[np.int64(0), np.int64(1), np.int64(2), np.int64(3), np.int64(4), np.int64(5)]",[],"[np.int64(0), np.int64(1), np.int64(2), np.int64(3), np.int64(4), np.int64(5)]"
(x2 - x3 - (-1.6457357)*(x0 - x1))*3.0359848,x42*0.14060473*(x26 - x30),2.6807,1.0817966,0,50,7,"[np.int64(0), np.int64(1), np.int64(2), np.int64(3), np.int64(4), np.int64(5), np.int64(42)]",[],"[np.int64(0), np.int64(1), np.int64(2), np.int64(3), np.int64(4), np.int64(5), np.int64(42)]"
(x2 - x3 + (x0 - x1)*1.6432422 - 0.00046809032)*3.0758142,x18*(-0.1296956)*x24,2.5373204,0.8201146,0,50,6,"[np.int64(0), np.int64(1), np.int64(2), np.int64(3), np.int64(4), np.int64(5)]",[],"[np.int64(0), np.int64(1), np.int64(2), np.int64(3), np.int64(4), np.int64(5)]"
x1*(-4.941016) + (x0 + x2 - (-x0 + x3))*2.6299458,x48*0.11299616*(x17**2*x45**2 - 1.323506),2.6608703,0.8609561,2,52,6,"[np.int64(0), np.int64(1), np.int64(2), np.int64(3), np.int64(4), np.int64(5)]",[],"[np.int64(0), np.int64(1), np.int64(2), np.int64(3), np.int64(4), np.int64(5)]"
(x0 + x0 - x1 - x1 + x2 - x3)*2.5739906,(x0 - x16)*(x14 + x44)*0.11471132,2.3269057,0.88528466,0,50,6,"[np.int64(0), np.int64(1), np.int64(2), np.int64(3), np.int64(4), np.int64(5)]",[],"[np.int64(0), np.int64(1), np.int64(2), np.int64(3), np.int64(4), np.int64(5)]"
(x0 - x1 + (x2 - x3)*0.6041505 - 1*(-0.011240957))*5.034339,(x13**2*(-x48 + x49) + x20 - 1*1.2254244)*0.09212474,2.8051167,0.92712766,1,51,6,"[np.int64(0), np.int64(1), np.int64(2), np.int64(3), np.int64(4), np.int64(5)]",[],"[np.int64(0), np.int64(1), np.int64(2), np.int64(3), np.int64(4), np.int64(5)]"
(x2 - x3 + (x0 - x1)*1.7151293)*2.8922436,-0.090081364*(x3*(x27 + x41 - x48**2) - (x1 - x25 + x38)) - 1*0.049083054,2.3340728,1.0009098,1,51,6,"[np.int64(0), np.int64(1), np.int64(2), np.int64(3), np.int64(4), np.int64(5)]",[],"[np.int64(0), np.int64(1), np.int64(2), np.int64(3), np.int64(4), np.int64(5)]"
x4 - x5 + (x0 - x1 + (x2 - x3 - 1*(-0.18034314))*0.6153539)*4.8751373,x49*x6*(-0.1543317),1.423235,0.9167667,0,50,6,"[np.int64(0), np.int64(1), np.int64(2), np.int64(3), np.int64(4), np.int64(5)]",[],"[np.int64(0), np.int64(1), np.int64(2), np.int64(3), np.int64(4), np.int64(5)]"
x0 - x1 + x4 - x5 + (x0 - x1 + x2 - x3)*3.4603,0.0194513298745216*x10**4,2.019203,1.0989795,0,50,6,"[np.int64(0), np.int64(1), np.int64(2), np.int64(3), np.int64(4), np.int64(5)]",[],"[np.int64(0), np.int64(1), np.int64(2), np.int64(3), np.int64(4), np.int64(5)]"
(x0 + (x1*(-1.6278635) + x2 - x3)*0.6006489)*5.0961447,0.124498904*(x17**2*x7 - x33),2.048639,0.9124098,1,51,6,"[np.int64(0), np.int64(1), np.int64(2), np.int64(3), np.int64(4), np.int64(5)]",[],"[np.int64(0), np.int64(1), np.int64(2), np.int64(3), np.int64(4), np.int64(5)]"
(x2 - x3 - 1.7049521*(-x0 + x1))*2.9226143 - 0.08554098,x19*(-0.1802052)*x24,2.634663,0.9875089,0,50,6,"[np.int64(0), np.int64(1), np.int64(2), np.int64(3), np.int64(4), np.int64(5)]",[],"[np.int64(0), np.int64(1), np.int64(2), np.int64(3), np.int64(4), np.int64(5)]"
2.9689841*x2 + x3 + x4 - x5 - 4.6189666*(-x0 + x1 + x3),(-x36*(x39 - 1*(-1.1930066)) + x48)*0.11370017,1.8068067,0.9003911,0,50,6,"[np.int64(0), np.int64(1), np.int64(2), np.int64(3), np.int64(4), np.int64(5)]",[],"[np.int64(0), np.int64(1), np.int64(2), np.int64(3), np.int64(4), np.int64(5)]"
(x0 - x1 + x2*0.6052007 - 0.60815316*x3)*5.0565925,x4*x6*0.15753005,2.3969758,0.8100175,0,50,6,"[np.int64(0), np.int64(1), np.int64(2), np.int64(3), np.int64(4), np.int64(5)]",[],"[np.int64(0), np.int64(1), np.int64(2), np.int64(3), np.int64(4), np.int64(5)]"
x4 - x5 + (x0 - x1 + (x2 - x3)*0.59380364)*5.03486,(x17 + x2*(x17 - 0.82952267))*0.13203457,1.2599028,0.9241379,0,50,6,"[np.int64(0), np.int64(1), np.int64(2), np.int64(3), np.int64(4), np.int64(5)]",[],"[np.int64(0), np.int64(1), np.int64(2), np.int64(3), np.int64(4), np.int64(5)]"
x4 - x5 + 3.0227067*(x2 - x3 + (x0 - x1)*1.6503917),x19**2*(x16 + x19)*(-0.05695282),1.393571,0.9369473,1,51,6,"[np.int64(0), np.int64(1), np.int64(2), np.int64(3), np.int64(4), np.int64(5)]",[],"[np.int64(0), np.int64(1), np.int64(2), np.int64(3), np.int64(4), np.int64(5)]"
-x2 - x2 + x4 - x5 + 4.7526727*(x0 - x1 + x2 - 0.6555133*x3),x8*x27*0.15112443,1.3329898,1.0007517,0,50,6,"[np.int64(0), np.int64(1), np.int64(2), np.int64(3), np.int64(4), np.int64(5)]",[],"[np.int64(0), np.int64(1), np.int64(2), np.int64(3), np.int64(4), np.int64(5)]"
x0 - x1 + x4 - x5 + (x0 - x1 + x2 - x3)*3.515606,0.12330255*x28*log((x31 - 1.2813922)**2),2.152821,0.91874105,0,50,6,"[np.int64(0), np.int64(1), np.int64(2), np.int64(3), np.int64(4), np.int64(5)]",[],"[np.int64(0), np.int64(1), np.int64(2), np.int64(3), np.int64(4), np.int64(5)]"
x4 - (x5 - 1*0.034425627) + (x0 + x0 - x1 - x1 + x2 - x3)*2.613385,0.00292837001902106*x7**4*(x36 - (-x16 + x23))**2,1.5571742,0.9291057,0,50,6,"[np.int64(0), np.int64(1), np.int64(2), np.int64(3), np.int64(4), np.int64(5)]",[],"[np.int64(0), np.int64(1), np.int64(2), np.int64(3), np.int64(4), np.int64(5)]"
x2 + x2 + x2 - x3 - x3 - x3 + x4 + (x0 - x1)*4.970762,x20*(x41 + x44)*0.14312842,1.8802025,0.94432175,0,50,6,"[np.int64(0), np.int64(1), np.int64(2), np.int64(3), np.int64(4), np.int64(5)]",[],"[np.int64(0), np.int64(1), np.int64(2), np.int64(3), np.int64(4), np.int64(5)]"
-x1 + x4 + (x0*1.4517926 - x1 + x2 - x3)*3.398017,x20*(-0.14103806),2.1713161,0.94042563,0,50,6,"[np.int64(0), np.int64(1), np.int64(2), np.int64(3), np.int64(4), np.int64(5)]",[],"[np.int64(0), np.int64(1), np.int64(2), np.int64(3), np.int64(4), np.int64(5)]"
(x0 - x1 + (x2 - x3)*0.59465104)*5.023203,x14*(-0.13241985),2.2439103,0.95346993,0,50,7,"[np.int64(0), np.int64(1), np.int64(2), np.int64(3), np.int64(4), np.int64(5), np.int64(21)]",[],"[np.int64(0), np.int64(1), np.int64(2), np.int64(3), np.int64(4), np.int64(5), np.int64(21)]"
(x0 + x0 - x1 - x1 + x2 - x3)*2.6480978,(-x30 + x8**2*x9)*(x16 + x22 - (x6 - 0.36474657))*x23*0.09505598,2.7244399,0.8286686,1,51,6,"[np.int64(0), np.int64(1), np.int64(2), np.int64(3), np.int64(4), np.int64(5)]",[],"[np.int64(0), np.int64(1), np.int64(2), np.int64(3), np.int64(4), np.int64(5)]"
-x5 + 2.9151819*(x2 - x3) + (x0 - x1 - 1*0.016221795)*4.965201,x44**2*x3*(-0.13371037),2.107046,0.87668777,1,51,7,"[np.int64(0), np.int64(1), np.int64(2), np.int64(3), np.int64(4), np.int64(5), np.int64(50)]",[],"[np.int64(0), np.int64(1), np.int64(2), np.int64(3), np.int64(4), np.int64(5), np.int64(50)]"
x4 - (x5 + (x2 + (x0 - x1 - 0.5981879*x3)*1.7333581)*(-2.8833296)),x39*x42*(-0.1481183),1.1580498,0.8913133,0,50,6,"[np.int64(0), np.int64(1), np.int64(2), np.int64(3), np.int64(4), np.int64(5)]",[],"[np.int64(0), np.int64(1), np.int64(2), np.int64(3), np.int64(4), np.int64(5)]"
x4 - x5 + (x2 - x3 + (x0 - x1)*1.6663288)*3.0039067,(-x20 - x32 + x4**2)*x36*0.097178765,1.2582289,0.97533965,1,51,6,"[np.int64(0), np.int64(1), np.int64(2), np.int64(3), np.int64(4), np.int64(5)]",[],"[np.int64(0), np.int64(1), np.int64(2), np.int64(3), np.int64(4), np.int64(5)]"
(x0 + x0 + x1*(-1.8680072) + x2 - x3)*2.6830568,(0.0975723742676929*x10**2)*x31,2.6265419,0.9634499,1,51,6,"[np.int64(0), np.int64(1), np.int64(2), np.int64(3), np.int64(4), np.int64(5)]",[],"[np.int64(0), np.int64(1), np.int64(2), np.int64(3), np.int64(4), np.int64(5)]"
-x5 - (x1*4.888355 - x3) + (x0 + x2*0.6637687 - x3)*4.5490003,(x29 - x43)*(-0.116894044),2.2769268,0.9565699,0,50,6,"[np.int64(0), np.int64(1), np.int64(2), np.int64(3), np.int64(4), np.int64(5)]",[],"[np.int64(0), np.int64(1), np.int64(2), np.int64(3), np.int64(4), np.int64(5)]"
(x0 - x1)*4.994916 + (x2 - x3)*2.2815404,0.00014930771231713*x33**4*(-x13 + x33 + 1.4941518)**4,3.0899189,0.9891591,0,50,6,"[np.int64(0), np.int64(1), np.int64(2), np.int64(3), np.int64(4), np.int64(5)]",[],"[np.int64(0), np.int64(1), np.int64(2), np.int64(3), np.int64(4), np.int64(5)]"
x4 - x5 + (x2 - x3 + 1.690577*(x0 - x1))*2.9703414,(0.13008069931568*x17**2)*x37*x4,1.2553176,0.9256912,1,51,6,"[np.int64(0), np.int64(1), np.int64(2), np.int64(3), np.int64(4), np.int64(5)]",[],"[np.int64(0), np.int64(1), np.int64(2), np.int64(3), np.int64(4), np.int64(5)]"
x4 - x5 + (-x2 + x3 - 1.6811311*(x0 - x1))*(-2.9940002),x9*x19*0.15234384,1.111235,0.9225814,0,50,6,"[np.int64(0), np.int64(1), np.int64(2), np.int64(3), np.int64(4), np.int64(5)]",[],"[np.int64(0), np.int64(1), np.int64(2), np.int64(3), np.int64(4), np.int64(5)]"
x0*5.0548286 - 4.9347577*x1 + x4 - x5 + 2.9950252*(x2 - x3),x49**8*(-0.00014936196),1.297352,0.8927716,0,50,6,"[np.int64(0), np.int64(1), np.int64(2), np.int64(3), np.int64(4), np.int64(5)]",[],"[np.int64(0), np.int64(1), np.int64(2), np.int64(3), np.int64(4), np.int64(5)]"
(x0 + x0 - x1 - x1 + x2 - x3)*2.5943162,x20*0.14825456,3.0755486,0.9050423,0,50,6,"[np.int64(0), np.int64(1), np.int64(2), np.int64(3), np.int64(4), np.int64(5)]",[],"[np.int64(0), np.int64(1), np.int64(2), np.int64(3), np.int64(4), np.int64(5)]"
x0*5.053835 + (-x1 - x1 + x2 - x3)*2.6375802,0.1209691*x18*x49*x5**2,2.5021398,0.8378228,1,51,6,"[np.int64(0), np.int64(1), np.int64(2), np.int64(3), np.int64(4), np.int64(5)]",[],"[np.int64(0), np.int64(1), np.int64(2), np.int64(3), np.int64(4), np.int64(5)]"
(x0 + x0 - x1 - x1 + x2 - x3)*2.600591,x13*0.11182983*(x1 - x34 + x47),2.6012127,0.95461446,0,50,6,"[np.int64(0), np.int64(1), np.int64(2), np.int64(3), np.int64(4), np.int64(5)]",[],"[np.int64(0), np.int64(1), np.int64(2), np.int64(3), np.int64(4), np.int64(5)]"
x4 + (x0 + x0 - x1 - x1 + x2 - x3)*2.5833464,x42*(-0.16033618)*x10,2.2766702,0.8983419,0,50,6,"[np.int64(0), np.int64(1), np.int64(2), np.int64(3), np.int64(4), np.int64(5)]",[],"[np.int64(0), np.int64(1), np.int64(2), np.int64(3), np.int64(4), np.int64(5)]"
(x0 - x1 + (x2 - x3)*0.6244283)*4.9834833,(x48 - x9)**2*(-0.060297746),2.5096903,0.91471905,0,50,6,"[np.int64(0), np.int64(1), np.int64(2), np.int64(3), np.int64(4), np.int64(5)]",[],"[np.int64(0), np.int64(1), np.int64(2), np.int64(3), np.int64(4), np.int64(5)]"
(x0**2 - x1 + (x2**2 - x3)*0.59213036)*5.075981,(0.118571214 - 0.12429686*x40)*(-x3*x36 + x34),1.7777879,0.8296739,2,52,5,"[np.int64(1), np.int64(3), np.int64(4), np.int64(50), np.int64(51)]",[],"[np.int64(1), np.int64(3), np.int64(4), np.int64(50), np.int64(51)]"
(-(x2**2 - x3) + (x0**2 - x1 + x2**2 - x3)*2.7707045)*1.7393637,(-x21**2 + x42*x9**2)*0.099504374*x30,2.2325902,0.8462217,4,54,5,"[np.int64(1), np.int64(3), np.int64(4), np.int64(50), np.int64(52)]",[],"[np.int64(1), np.int64(3), np.int64(4), np.int64(50), np.int64(52)]"
5.04853534350916*x0**2 + (-x1 - x1 + x2**2 - x3)*2.6726356,(x33 + x48*(x28 - x32))*0.09338188,2.4263246,0.861424,2,52,5,"[np.int64(1), np.int64(3), np.int64(4), np.int64(50), np.int64(51)]",[],"[np.int64(1), np.int64(3), np.int64(4), np.int64(50), np.int64(51)]"
(x0**2 - (x1 - 0.59663874*(x2**2 - x3)))*4.976527,(x12*(-x29 + x34 - x35 + x40) - (-x3 + x35))*0.119868256 - 1*0.05284077,1.6507694,0.9909291,2,52,5,"[np.int64(1), np.int64(3), np.int64(4), np.int64(50), np.int64(51)]",[],"[np.int64(1), np.int64(3), np.int64(4), np.int64(50), np.int64(51)]"
-x2**2 + (-x3 + (x0**2 - (x1 - x2**2))*1.5602231)*2.9173837,x49*((x32 + 0.44910046)**2 - 1*1.958479)*(-0.12884665),2.7145169,0.9431427,2,52,5,"[np.int64(1), np.int64(3), np.int64(4), np.int64(50), np.int64(51)]",[],"[np.int64(1), np.int64(3), np.int64(4), np.int64(50), np.int64(51)]"
x3 + (x2 + x2)**2 + 4.9371023*(x0**2 - x1 - x3),x37**2*(-(-0.114029355)*x31 - 0.07430811),5.30302,1.0274314,2,52,27,"[np.int64(0), np.int64(1), np.int64(2), np.int64(3), np.int64(4), np.int64(8), np.int64(9), np.int64(10), np.int64(11), np.int64(13), np.int64(17), np.int64(21), np.int64(22), np.int64(24), np.int64(27), np.int64(29), np.int64(31), np.int64(37), np.int64(43), np.int64(44), np.int64(45), np.int64(46), np.int64(47), np.int64(48), np.int64(49), np.int64(50), np.int64(51)]",[np.int64(50)],"[np.int64(0), np.int64(1), np.int64(2), np.int64(3), np.int64(4), np.int64(8), np.int64(9), np.int64(10), np.int64(11), np.int64(13), np.int64(17), np.int64(21), np.int64(22), np.int64(24), np.int64(27), np.int64(29), np.int64(31), np.int64(37), np.int64(43), np.int64(44), np.int64(45), np.int64(46), np.int64(47), np.int64(48), np.int64(49), np.int64(50), np.int64(51)]"
-x3 - x3 + (x0**2 - x1 + 0.62474275140489*x2**2)*4.935684,(x18 + x31*(-x2 + x27) + x35)*0.10884695,2.052194,0.93669844,2,52,5,"[np.int64(1), np.int64(3), np.int64(4), np.int64(50), np.int64(51)]",[],"[np.int64(1), np.int64(3), np.int64(4), np.int64(50), np.int64(51)]"
3.05806780478224*x2**2 - 2.9444294*x3 + x4 + (x0**2 - x1)*4.90518,(x30 + x33)*(-0.13070485),1.2550218,0.91372114,2,52,5,"[np.int64(1), np.int64(3), np.int64(4), np.int64(50), np.int64(51)]",[],"[np.int64(1), np.int64(3), np.int64(4), np.int64(50), np.int64(51)]"
x4 - (-1)*5.0189295*(x0**2 - x1) + (x2**2 - x3)*2.9975498,(x33**2*x40**2)*(-0.051152617),1.2644268,0.9322376,4,54,6,"[np.int64(1), np.int64(3), np.int64(4), np.int64(50), np.int64(51)]",[np.int64(52)],"[np.int64(1), np.int64(3), np.int64(4), np.int64(50), np.int64(51), np.int64(52)]"
(-(x2**2 - x3) + (x0**2 - x1 + x2**2 - x3)*2.5080032)*1.9928372,x43*0.14503141,2.402709,0.9155586,2,52,5,"[np.int64(1), np.int64(3), np.int64(4), np.int64(50), np.int64(51)]",[],"[np.int64(1), np.int64(3), np.int64(4), np.int64(50), np.int64(51)]"
4.91694879549636*x0**2 + x4 - (-(-5.004644)*x1 + (-x2**2 + x3)*3.019067),x3*x34*(-0.17547396),1.0891348,0.9183801,2,52,5,"[np.int64(1), np.int64(3), np.int64(4), np.int64(50), np.int64(51)]",[],"[np.int64(1), np.int64(3), np.int64(4), np.int64(50), np.int64(51)]"
-2.954711*x3 + x4 + (x0**2 - x1 + x2**2*0.59721524)*5.0062838,x46**2*x8*(-0.11763402),1.2839845,0.9092687,3,53,6,"[np.int64(1), np.int64(3), np.int64(4), np.int64(8), np.int64(50), np.int64(52)]",[],"[np.int64(1), np.int64(3), np.int64(4), np.int64(8), np.int64(50), np.int64(52)]"
x3 - (x1 + x2**2) + (x0**2 - x1 + x2**2 - x3)*4.399298,x9*(-0.12068114)*(x13 + 0.890401),3.477559,0.99676526,2,52,5,"[np.int64(1), np.int64(3), np.int64(4), np.int64(50), np.int64(51)]",[],"[np.int64(1), np.int64(3), np.int64(4), np.int64(50), np.int64(51)]"
x4 + (x0**2 - x1)*4.978698 + (x2**2 - x3)*2.97124,x22*(-0.16671023),1.2915021,0.90203744,2,52,6,"[np.int64(1), np.int64(3), np.int64(4), np.int64(26), np.int64(50), np.int64(51)]",[],"[np.int64(1), np.int64(3), np.int64(4), np.int64(26), np.int64(50), np.int64(51)]"
x4 + (x2**2 - x3 + (x0**2 - x1)*1.6735132)*3.0056832,(x13*(x10 - x18**2) + x8)*0.11384014,1.254786,0.8681498,3,53,5,"[np.int64(1), np.int64(3), np.int64(4), np.int64(50), np.int64(51)]",[],"[np.int64(1), np.int64(3), np.int64(4), np.int64(50), np.int64(51)]"
x4 + (x0**2 - x1)*4.956946 + (x2**2 - x3)*3.0378547,(0.0193909635420736*x17**4)*x6,1.3383291,1.0518379,2,52,6,"[np.int64(1), np.int64(3), np.int64(4), np.int64(42), np.int64(50), np.int64(51)]",[],"[np.int64(1), np.int64(3), np.int64(4), np.int64(42), np.int64(50), np.int64(51)]"
x4 + (x0**2 - x1)*4.9870796 + 2.996434*(x2**2 - x3),x26*x12*0.15849185,1.2822126,0.8127648,2,52,5,"[np.int64(1), np.int64(3), np.int64(4), np.int64(50), np.int64(51)]",[],"[np.int64(1), np.int64(3), np.int64(4), np.int64(50), np.int64(51)]"
x0**2*5.069325 - x1 + (-x1 + x2**2 - x3)*3.5142853,((x17**2 - x26)**2 - 6.997283)*x48*0.02358836,3.1239645,0.8696883,3,53,5,"[np.int64(1), np.int64(3), np.int64(4), np.int64(50), np.int64(51)]",[],"[np.int64(1), np.int64(3), np.int64(4), np.int64(50), np.int64(51)]"
x0**2 - x1 + (x0**2 - x1 + x2**2 - x3)*3.4554582,(x14 - x38 + x44 + x47**2)*x0*0.08743029,3.0599186,0.89185554,3,53,5,"[np.int64(1), np.int64(3), np.int64(4), np.int64(50), np.int64(51)]",[],"[np.int64(1), np.int64(3), np.int64(4), np.int64(50), np.int64(51)]"
(-x3 - (0.9125707 - x2**2) + (x0**2 - x1)*1.6758707 + 0.92497855)*3.0093274,-0.0778757709432144*x27 + 0.0778757709432144*(x20 + x49)*(x27 + 1.5167896) - 0.104179846731973,2.1876953,0.94543993,2,52,5,"[np.int64(1), np.int64(3), np.int64(4), np.int64(50), np.int64(51)]",[],"[np.int64(1), np.int64(3), np.int64(4), np.int64(50), np.int64(51)]"
x4 + (x0**2 - (x1 - 0.58844603071757*x2**2))*4.9747357 - (x3 + x3 + x3),(-x25 + x27*(2.1068807 - x10**2))*0.10121249,1.3049737,1.01764,3,53,5,"[np.int64(1), np.int64(3), np.int64(4), np.int64(50), np.int64(52)]",[],"[np.int64(1), np.int64(3), np.int64(4), np.int64(50), np.int64(52)]"
x3 + x3 + x4 + (x0**2 - x1 + x2**2*0.5983946 - x3)*4.9947863,x45*x14*x16*x35*0.2004825,1.1054577,0.9112165,2,52,5,"[np.int64(1), np.int64(3), np.int64(4), np.int64(50), np.int64(51)]",[],"[np.int64(1), np.int64(3), np.int64(4), np.int64(50), np.int64(51)]"
-(-x4 + (x2**2 - x3 + (x0**2 - x1)*1.6885848)*(-2.9747047)) - 0.023643985,(x30 + x6**2)*x46*(x8 - (-x17 + x44))*(-0.08295777),1.1955874,1.0682847,3,53,5,"[np.int64(1), np.int64(3), np.int64(4), np.int64(50), np.int64(51)]",[],"[np.int64(1), np.int64(3), np.int64(4), np.int64(50), np.int64(51)]"
x0**2*4.995113 + x4 + (x1*(-1.6442251) + x2**2 - x3)*3.0210378,x33*(x4*(-x17 + x4) - (x31 + 1.7348422))*0.119651616,1.1631823,0.920357,2,52,5,"[np.int64(1), np.int64(3), np.int64(4), np.int64(50), np.int64(51)]",[],"[np.int64(1), np.int64(3), np.int64(4), np.int64(50), np.int64(51)]"
x4 + (x0**2 - x1)*5.007103 + (x2**2 - x3)*2.9542875,(x31**2*x47**2)*(-0.067195624),1.3328077,0.9840236,4,54,7,"[np.int64(1), np.int64(3), np.int64(4), np.int64(50), np.int64(51), np.int64(52), np.int64(53)]",[np.int64(52)],"[np.int64(1), np.int64(3), np.int64(4), np.int64(50), np.int64(51), np.int64(52), np.int64(53)]"
x4 + (x0**2 - x1)*5.0132184 + 2.9901586*(x2**2 - x3),(-x36 + x48 + (x16 + x26)**2 - 2.2829473)*0.093942784,1.119066,0.90395373,2,52,5,"[np.int64(1), np.int64(3), np.int64(4), np.int64(50), np.int64(51)]",[],"[np.int64(1), np.int64(3), np.int64(4), np.int64(50), np.int64(51)]"
-2.0282385*(x2**2 - x3) + (x0**2 + x2**2 - (x1 + x3))*5.023636,x4*0.157533*x6,2.4055192,0.82474166,2,52,5,"[np.int64(1), np.int64(3), np.int64(4), np.int64(50), np.int64(51)]",[],"[np.int64(1), np.int64(3), np.int64(4), np.int64(50), np.int64(51)]"
x4 + (-x3 + (x0**2 - x1)*1.6708694 + (x2 - 0.007716829)**2)*3.0093849,0.113982625*x17*(x2 + sqrt(x29**2)) - 0.113982625*x2 + 0.113982625*x25*x28*x48,1.2590435,0.9207238,2,52,26,"[np.int64(1), np.int64(2), np.int64(3), np.int64(4), np.int64(10), np.int64(13), np.int64(14), np.int64(16), np.int64(19), np.int64(21), np.int64(22), np.int64(23), np.int64(24), np.int64(25), np.int64(26), np.int64(27), np.int64(33), np.int64(35), np.int64(39), np.int64(40), np.int64(41), np.int64(42), np.int64(46), np.int64(47), np.int64(48), np.int64(51)]",[],"[np.int64(1), np.int64(2), np.int64(3), np.int64(4), np.int64(10), np.int64(13), np.int64(14), np.int64(16), np.int64(19), np.int64(21), np.int64(22), np.int64(23), np.int64(24), np.int64(25), np.int64(26), np.int64(27), np.int64(33), np.int64(35), np.int64(39), np.int64(40), np.int64(41), np.int64(42), np.int64(46), np.int64(47), np.int64(48), np.int64(51)]"
x4 + (x0**2 - x1)*4.9328966 + (x2**2 - x3)*3.0068648,x19**2*(-0.05695337)*(x16 + x19),1.3905835,0.9387395,3,53,5,"[np.int64(1), np.int64(3), np.int64(4), np.int64(50), np.int64(51)]",[],"[np.int64(1), np.int64(3), np.int64(4), np.int64(50), np.int64(51)]"
x4 + (x0**2 - x1)*5.02021 + (x2**2 - x3)*2.9727705,x27*x8*0.15109403,1.1128279,0.995222,2,52,5,"[np.int64(1), np.int64(3), np.int64(4), np.int64(50), np.int64(51)]",[],"[np.int64(1), np.int64(3), np.int64(4), np.int64(50), np.int64(51)]"
3.03002291255521*x2**2 + x3 + x4 - 4.8387218*(-x0**2 + x1 + x3),x11*0.1705592*x33,1.2834818,0.93551296,2,52,5,"[np.int64(1), np.int64(3), np.int64(4), np.int64(50), np.int64(51)]",[],"[np.int64(1), np.int64(3), np.int64(4), np.int64(50), np.int64(51)]"
x4 + (x0**2 - x1 + (x2**2 - x3)*0.60377634)*4.990644,x7**4*x9*0.01219783,1.1119506,0.92282575,2,52,5,"[np.int64(1), np.int64(3), np.int64(4), np.int64(50), np.int64(51)]",[],"[np.int64(1), np.int64(3), np.int64(4), np.int64(50), np.int64(51)]"
(-(-x2**2 + x3) + (x0*x0 - x1)*1.67758)*2.9679375,(x41 + x43**2 + x43 + x44)*x20*0.11085712,2.0625913,0.9401092,2,52,34,"[np.int64(0), np.int64(1), np.int64(2), np.int64(3), np.int64(4), np.int64(5), np.int64(6), np.int64(7), np.int64(8), np.int64(9), np.int64(14), np.int64(15), np.int64(18), np.int64(19), np.int64(20), np.int64(21), np.int64(22), np.int64(24), np.int64(26), np.int64(27), np.int64(28), np.int64(31), np.int64(33), np.int64(34), np.int64(35), np.int64(36), np.int64(37), np.int64(38), np.int64(45), np.int64(46), np.int64(47), np.int64(49), np.int64(50), np.int64(51)]",[],"[np.int64(0), np.int64(1), np.int64(2), np.int64(3), np.int64(4), np.int64(5), np.int64(6), np.int64(7), np.int64(8), np.int64(9), np.int64(14), np.int64(15), np.int64(18), np.int64(19), np.int64(20), np.int64(21), np.int64(22), np.int64(24), np.int64(26), np.int64(27), np.int64(28), np.int64(31), np.int64(33), np.int64(34), np.int64(35), np.int64(36), np.int64(37), np.int64(38), np.int64(45), np.int64(46), np.int64(47), np.int64(49), np.int64(50), np.int64(51)]"
-x2**2 + x3 + (x0**2 - x1 + x2**2 - x3)*4.495727,(x14 - (x20 + x43))*0.11922788,3.6087809,0.9269788,2,52,5,"[np.int64(1), np.int64(3), np.int64(4), np.int64(50), np.int64(51)]",[],"[np.int64(1), np.int64(3), np.int64(4), np.int64(50), np.int64(51)]"
(x0**2 - x1 + 0.577770510982109*x2**2 + x3*(-0.6002698))*5.00754,x14*(-0.1324329),2.278994,0.9360074,2,52,5,"[np.int64(1), np.int64(3), np.int64(4), np.int64(50), np.int64(51)]",[],"[np.int64(1), np.int64(3), np.int64(4), np.int64(50), np.int64(51)]"
x0**2 - x1 + (x3 - (x0**2 - (x1 - x2**2)))*(-3.4677925),(x23*x44 + x29)*(-0.12918249),2.4617326,0.8484197,3,53,6,"[np.int64(1), np.int64(3), np.int64(4), np.int64(40), np.int64(50), np.int64(51)]",[],"[np.int64(1), np.int64(3), np.int64(4), np.int64(40), np.int64(50), np.int64(51)]"
-x2**2 + x3 + (x0*x0 - x1 + x2**2 - x3)*4.4727497,x44**2*(-0.13372909)*x3,3.2984498,0.88854206,2,52,28,"[np.int64(0), np.int64(1), np.int64(3), np.int64(4), np.int64(5), np.int64(8), np.int64(9), np.int64(10), np.int64(11), np.int64(14), np.int64(17), np.int64(19), np.int64(20), np.int64(22), np.int64(23), np.int64(26), np.int64(29), np.int64(32), np.int64(34), np.int64(35), np.int64(36), np.int64(37), np.int64(39), np.int64(43), np.int64(47), np.int64(49), np.int64(50), np.int64(51)]",[],"[np.int64(0), np.int64(1), np.int64(3), np.int64(4), np.int64(5), np.int64(8), np.int64(9), np.int64(10), np.int64(11), np.int64(14), np.int64(17), np.int64(19), np.int64(20), np.int64(22), np.int64(23), np.int64(26), np.int64(29), np.int64(32), np.int64(34), np.int64(35), np.int64(36), np.int64(37), np.int64(39), np.int64(43), np.int64(47), np.int64(49), np.int64(50), np.int64(51)]"
x0**2 - x1 + x4 + (x0**2 - x3 - (x1 - x2**2))*3.6264975,x42*x39*(-0.14814624),2.4355347,0.89857155,2,52,5,"[np.int64(1), np.int64(3), np.int64(4), np.int64(50), np.int64(51)]",[],"[np.int64(1), np.int64(3), np.int64(4), np.int64(50), np.int64(51)]"
x4 + (x0**2 - x1)*5.011623 + 3.0181377*(x2**2 - x3),(-x45 + x6*(x0 - x38))*0.10707887,1.2560114,0.9651471,2,52,5,"[np.int64(1), np.int64(3), np.int64(4), np.int64(50), np.int64(51)]",[],"[np.int64(1), np.int64(3), np.int64(4), np.int64(50), np.int64(51)]"
x4 + 2.9564316*(x2**2 - x3 + 1.7046632*(x0**2 - x1)),x12*x10**2*(-0.099436566),1.3358904,0.9463158,3,53,5,"[np.int64(1), np.int64(3), np.int64(4), np.int64(50), np.int64(52)]",[],"[np.int64(1), np.int64(3), np.int64(4), np.int64(50), np.int64(52)]"
0.83552814*x4 + (x2**2 - x3 - 1.641836*(-x0**2 + x1))*3.0098228,(x24**2*x39**2 + x43)*(x20*(0.138232763823089*x14**4*x39**2) + x43)*0.06500932,1.3670428,0.96880364,4,54,5,"[np.int64(1), np.int64(3), np.int64(4), np.int64(51), np.int64(53)]",[],"[np.int64(1), np.int64(3), np.int64(4), np.int64(51), np.int64(53)]"
x0**2 - x1 + x4 + (x0**2 - x1 + x2**2 - x3)*3.537896,0.0184529022549316*x33**4*x6**2,2.6105485,0.9905627,3,53,5,"[np.int64(1), np.int64(3), np.int64(4), np.int64(50), np.int64(51)]",[],"[np.int64(1), np.int64(3), np.int64(4), np.int64(50), np.int64(51)]"
5.02744648993024*x0**2 + x1*(-5.045404) + x2*3.0062995*x2 - (x3*2.9691734 - 1*0.047099993),(-x10 + x42)*(x13 + x41)*0.11586749,2.2411797,0.9260859,1,51,20,"[np.int64(0), np.int64(1), np.int64(2), np.int64(3), np.int64(4), np.int64(8), np.int64(10), np.int64(15), np.int64(18), np.int64(19), np.int64(20), np.int64(23), np.int64(25), np.int64(31), np.int64(34), np.int64(35), np.int64(38), np.int64(44), np.int64(49), np.int64(50)]",[],"[np.int64(0), np.int64(1), np.int64(2), np.int64(3), np.int64(4), np.int64(8), np.int64(10), np.int64(15), np.int64(18), np.int64(19), np.int64(20), np.int64(23), np.int64(25), np.int64(31), np.int64(34), np.int64(35), np.int64(38), np.int64(44), np.int64(49), np.int64(50)]"
-x2**2 + x3 + (x0**2 - (x1 - x2**2 + x3))*4.4258394,x19*x9*0.15234876,2.6066074,0.9114929,2,52,5,"[np.int64(1), np.int64(3), np.int64(4), np.int64(50), np.int64(51)]",[],"[np.int64(1), np.int64(3), np.int64(4), np.int64(50), np.int64(51)]"
x2**2*3.0381498 + x4 + (x1 - (x0**2 - 0.60077363*x3))*(-4.9588532),x4*x49*x4*x18*(-0.10463922),1.3033258,0.90009815,2,52,5,"[np.int64(1), np.int64(3), np.int64(4), np.int64(50), np.int64(51)]",[],"[np.int64(1), np.int64(3), np.int64(4), np.int64(50), np.int64(51)]"
2.96270293950016*x2**2 - x3 - x3 - x3 + (-x0**2 + x1)*(-5.048111),x20*0.14825456,2.213675,0.8759401,2,52,5,"[np.int64(1), np.int64(3), np.int64(4), np.int64(50), np.int64(51)]",[],"[np.int64(1), np.int64(3), np.int64(4), np.int64(50), np.int64(51)]"
3.02219379953764*x2**2 - 3.0424526*x3 + x4 + 4.998348*(x0**2 - x1),x15*0.112925835,1.1479316,0.8334026,2,52,5,"[np.int64(1), np.int64(3), np.int64(4), np.int64(50), np.int64(51)]",[],"[np.int64(1), np.int64(3), np.int64(4), np.int64(50), np.int64(51)]"
(x4*0.89533824 + (x0**2 - x1)*4.96177 - 2.9211807*(-x2**2 + x3))*1.0114409,(x0 + x26**2*x48 + x4)*x35*0.10900863,1.3450412,0.9440675,3,53,5,"[np.int64(1), np.int64(3), np.int64(4), np.int64(51), np.int64(52)]",[],"[np.int64(1), np.int64(3), np.int64(4), np.int64(51), np.int64(52)]"
x4 + (-x0**2 + x1)*(-5.005463) + (x2**2 - x3)*3.0221472 - 1*0.03593755,(x39 - x7)*(x19 - 1*(-0.7083168))*x3*(-0.15802984),1.2296987,0.9112593,2,52,5,"[np.int64(1), np.int64(3), np.int64(4), np.int64(50), np.int64(51)]",[],"[np.int64(1), np.int64(3), np.int64(4), np.int64(50), np.int64(51)]"
x4 + ((x0**2 - x1)*1.805995 - (-x2**2 + x3))*2.812956,(x41 + x6*(x0*x48 - (x3 - (-x16 + x41**2 - 1.5875502))) - 1*1.2695055)*0.102506846,1.2295256,0.91355693,3,53,5,"[np.int64(1), np.int64(3), np.int64(4), np.int64(50), np.int64(51)]",[],"[np.int64(1), np.int64(3), np.int64(4), np.int64(50), np.int64(51)]"
x2*(-5.1078105) - (-1)*4.930562*(x0*x1 - x5),(x21 - x25**2*x41**2*x6**2 + x34)*0.086987734,8.493903,0.8355389,4,54,16,"[np.int64(0), np.int64(2), np.int64(3), np.int64(4), np.int64(5), np.int64(8), np.int64(10), np.int64(16), np.int64(21), np.int64(34), np.int64(38), np.int64(46), np.int64(48), np.int64(51), np.int64(52), np.int64(53)]",[],"[np.int64(0), np.int64(2), np.int64(3), np.int64(4), np.int64(5), np.int64(8), np.int64(10), np.int64(16), np.int64(21), np.int64(34), np.int64(38), np.int64(46), np.int64(48), np.int64(51), np.int64(52), np.int64(53)]"
(x0*x1 - x2 + x5*(-0.6164832))*4.805467,x0*x34*(-0.13341404)*(x1 - (x35 - 1*(-0.6330573))),10.174512,0.8606509,0,50,21,"[np.int64(0), np.int64(2), np.int64(5), np.int64(6), np.int64(9), np.int64(12), np.int64(14), np.int64(15), np.int64(17), np.int64(20), np.int64(24), np.int64(26), np.int64(29), np.int64(30), np.int64(34), np.int64(35), np.int64(36), np.int64(39), np.int64(40), np.int64(44), np.int64(49)]",[],"[np.int64(0), np.int64(2), np.int64(5), np.int64(6), np.int64(9), np.int64(12), np.int64(14), np.int64(15), np.int64(17), np.int64(20), np.int64(24), np.int64(26), np.int64(29), np.int64(30), np.int64(34), np.int64(35), np.int64(36), np.int64(39), np.int64(40), np.int64(44), np.int64(49)]"
x2*(-5.300304),x33*(0.13573964 - 0.11664964*x36*(x42 + x7)),31.923729,0.84151316,0,50,27,"[np.int64(0), np.int64(1), np.int64(2), np.int64(5), np.int64(7), np.int64(8), np.int64(10), np.int64(13), np.int64(14), np.int64(15), np.int64(16), np.int64(19), np.int64(22), np.int64(24), np.int64(28), np.int64(29), np.int64(31), np.int64(32), np.int64(34), np.int64(35), np.int64(36), np.int64(39), np.int64(40), np.int64(44), np.int64(47), np.int64(48), np.int64(49)]",[],"[np.int64(0), np.int64(1), np.int64(2), np.int64(5), np.int64(7), np.int64(8), np.int64(10), np.int64(13), np.int64(14), np.int64(15), np.int64(16), np.int64(19), np.int64(22), np.int64(24), np.int64(28), np.int64(29), np.int64(31), np.int64(32), np.int64(34), np.int64(35), np.int64(36), np.int64(39), np.int64(40), np.int64(44), np.int64(47), np.int64(48), np.int64(49)]"
(x0*x1 - x2 - x5 - 0.054226946)*4.3355274,x43**2*0.079181634*x3,12.248639,1.0030122,2,52,22,"[np.int64(2), np.int64(3), np.int64(4), np.int64(5), np.int64(6), np.int64(10), np.int64(15), np.int64(19), np.int64(22), np.int64(23), np.int64(27), np.int64(28), np.int64(30), np.int64(31), np.int64(32), np.int64(33), np.int64(34), np.int64(36), np.int64(48), np.int64(49), np.int64(50), np.int64(51)]",[],"[np.int64(2), np.int64(3), np.int64(4), np.int64(5), np.int64(6), np.int64(10), np.int64(15), np.int64(19), np.int64(22), np.int64(23), np.int64(27), np.int64(28), np.int64(30), np.int64(31), np.int64(32), np.int64(33), np.int64(34), np.int64(36), np.int64(48), np.int64(49), np.int64(50), np.int64(51)]"
(-x2 + x3*x4 - x5)*3.6595767,-0.09381556*(-x15**2 + x39)*(x17*x26 - x8),21.374836,0.9411607,1,51,26,"[np.int64(2), np.int64(3), np.int64(5), np.int64(6), np.int64(8), np.int64(10), np.int64(11), np.int64(12), np.int64(13), np.int64(14), np.int64(15), np.int64(16), np.int64(21), np.int64(23), np.int64(26), np.int64(27), np.int64(29), np.int64(30), np.int64(31), np.int64(34), np.int64(35), np.int64(36), np.int64(40), np.int64(42), np.int64(47), np.int64(49)]",[],"[np.int64(2), np.int64(3), np.int64(5), np.int64(6), np.int64(8), np.int64(10), np.int64(11), np.int64(12), np.int64(13), np.int64(14), np.int64(15), np.int64(16), np.int64(21), np.int64(23), np.int64(26), np.int64(27), np.int64(29), np.int64(30), np.int64(31), np.int64(34), np.int64(35), np.int64(36), np.int64(40), np.int64(42), np.int64(47), np.int64(49)]"
(-x2 + x3*x4 - x5)*3.7804885,(x37 - (x32 + x35)*(x15 + x33 + x41))*0.09173642,31.666977,1.0147303,0,50,34,"[np.int64(0), np.int64(2), np.int64(3), np.int64(4), np.int64(5), np.int64(6), np.int64(7), np.int64(8), np.int64(9), np.int64(10), np.int64(11), np.int64(12), np.int64(14), np.int64(16), np.int64(17), np.int64(19), np.int64(21), np.int64(22), np.int64(23), np.int64(25), np.int64(29), np.int64(31), np.int64(33), np.int64(34), np.int64(35), np.int64(37), np.int64(38), np.int64(39), np.int64(41), np.int64(43), np.int64(45), np.int64(46), np.int64(47), np.int64(49)]",[],"[np.int64(0), np.int64(2), np.int64(3), np.int64(4), np.int64(5), np.int64(6), np.int64(7), np.int64(8), np.int64(9), np.int64(10), np.int64(11), np.int64(12), np.int64(14), np.int64(16), np.int64(17), np.int64(19), np.int64(21), np.int64(22), np.int64(23), np.int64(25), np.int64(29), np.int64(31), np.int64(33), np.int64(34), np.int64(35), np.int64(37), np.int64(38), np.int64(39), np.int64(41), np.int64(43), np.int64(45), np.int64(46), np.int64(47), np.int64(49)]"
x2*(-5.4407263),(x18 + x32 + x35)*0.10429873,30.804775,0.93106014,0,50,30,"[np.int64(1), np.int64(2), np.int64(3), np.int64(4), np.int64(5), np.int64(8), np.int64(9), np.int64(12), np.int64(13), np.int64(15), np.int64(17), np.int64(19), np.int64(20), np.int64(24), np.int64(26), np.int64(27), np.int64(29), np.int64(32), np.int64(36), np.int64(39), np.int64(40), np.int64(41), np.int64(42), np.int64(43), np.int64(44), np.int64(45), np.int64(46), np.int64(47), np.int64(48), np.int64(49)]",[],"[np.int64(1), np.int64(2), np.int64(3), np.int64(4), np.int64(5), np.int64(8), np.int64(9), np.int64(12), np.int64(13), np.int64(15), np.int64(17), np.int64(19), np.int64(20), np.int64(24), np.int64(26), np.int64(27), np.int64(29), np.int64(32), np.int64(36), np.int64(39), np.int64(40), np.int64(41), np.int64(42), np.int64(43), np.int64(44), np.int64(45), np.int64(46), np.int64(47), np.int64(48), np.int64(49)]"
x0*4.70459*x1 + x2*(-4.99729) - x5,(-x1 + x15**2)*0.09509281*x2,10.293404,0.92449474,1,51,23,"[np.int64(0), np.int64(1), np.int64(2), np.int64(3), np.int64(5), np.int64(7), np.int64(9), np.int64(12), np.int64(13), np.int64(17), np.int64(25), np.int64(27), np.int64(34), np.int64(35), np.int64(38), np.int64(39), np.int64(40), np.int64(42), np.int64(44), np.int64(47), np.int64(48), np.int64(49), np.int64(50)]",[],"[np.int64(0), np.int64(1), np.int64(2), np.int64(3), np.int64(5), np.int64(7), np.int64(9), np.int64(12), np.int64(13), np.int64(17), np.int64(25), np.int64(27), np.int64(34), np.int64(35), np.int64(38), np.int64(39), np.int64(40), np.int64(42), np.int64(44), np.int64(47), np.int64(48), np.int64(49), np.int64(50)]"
x5*(-3.031815) + (x0*x1 - x2)*5.07166,x46**2*x34*0.078152694,10.202799,0.9179422,1,51,31,"[np.int64(0), np.int64(1), np.int64(2), np.int64(3), np.int64(5), np.int64(7), np.int64(9), np.int64(10), np.int64(11), np.int64(13), np.int64(16), np.int64(18), np.int64(19), np.int64(21), np.int64(24), np.int64(26), np.int64(27), np.int64(31), np.int64(33), np.int64(34), np.int64(36), np.int64(38), np.int64(39), np.int64(40), np.int64(42), np.int64(43), np.int64(46), np.int64(47), np.int64(48), np.int64(49), np.int64(50)]",[],"[np.int64(0), np.int64(1), np.int64(2), np.int64(3), np.int64(5), np.int64(7), np.int64(9), np.int64(10), np.int64(11), np.int64(13), np.int64(16), np.int64(18), np.int64(19), np.int64(21), np.int64(24), np.int64(26), np.int64(27), np.int64(31), np.int64(33), np.int64(34), np.int64(36), np.int64(38), np.int64(39), np.int64(40), np.int64(42), np.int64(43), np.int64(46), np.int64(47), np.int64(48), np.int64(49), np.int64(50)]"
x5*(-2.7036834) + (x0*x1 - x2)*4.6812654,(x21**2 - x28**2 - x30 + x43 + x8*(x24 + x43))*0.10591611,12.268193,0.9130765,3,53,20,"[np.int64(0), np.int64(2), np.int64(3), np.int64(4), np.int64(5), np.int64(8), np.int64(9), np.int64(10), np.int64(12), np.int64(23), np.int64(25), np.int64(31), np.int64(32), np.int64(34), np.int64(36), np.int64(38), np.int64(43), np.int64(45), np.int64(51)]",[np.int64(50)],"[np.int64(0), np.int64(2), np.int64(3), np.int64(4), np.int64(5), np.int64(8), np.int64(9), np.int64(10), np.int64(12), np.int64(23), np.int64(25), np.int64(31), np.int64(32), np.int64(34), np.int64(36), np.int64(38), np.int64(43), np.int64(45), np.int64(50), np.int64(51)]"
-2.9645345*x5 + (x0*x1 - x2)*5.067386,x3*x34*(-0.17541967),8.689801,0.9155256,0,50,29,"[np.int64(0), np.int64(1), np.int64(2), np.int64(3), np.int64(5), np.int64(6), np.int64(7), np.int64(8), np.int64(9), np.int64(11), np.int64(13), np.int64(15), np.int64(18), np.int64(21), np.int64(22), np.int64(23), np.int64(28), np.int64(30), np.int64(31), np.int64(34), np.int64(37), np.int64(38), np.int64(39), np.int64(41), np.int64(42), np.int64(43), np.int64(45), np.int64(47), np.int64(48)]",[],"[np.int64(0), np.int64(1), np.int64(2), np.int64(3), np.int64(5), np.int64(6), np.int64(7), np.int64(8), np.int64(9), np.int64(11), np.int64(13), np.int64(15), np.int64(18), np.int64(21), np.int64(22), np.int64(23), np.int64(28), np.int64(30), np.int64(31), np.int64(34), np.int64(37), np.int64(38), np.int64(39), np.int64(41), np.int64(42), np.int64(43), np.int64(45), np.int64(47), np.int64(48)]"
x1*(x0 + 2.00299143733264*x0) - x5 - (4.964278*x2 + x5),x46*0.12175405*(-x21**2 + x21 - x24),11.128241,0.90178055,1,51,31,"[np.int64(0), np.int64(2), np.int64(3), np.int64(4), np.int64(5), np.int64(8), np.int64(9), np.int64(11), np.int64(12), np.int64(13), np.int64(16), np.int64(19), np.int64(21), np.int64(22), np.int64(23), np.int64(25), np.int64(27), np.int64(29), np.int64(32), np.int64(33), np.int64(35), np.int64(36), np.int64(37), np.int64(38), np.int64(39), np.int64(40), np.int64(44), np.int64(45), np.int64(47), np.int64(48), np.int64(50)]",[],"[np.int64(0), np.int64(2), np.int64(3), np.int64(4), np.int64(5), np.int64(8), np.int64(9), np.int64(11), np.int64(12), np.int64(13), np.int64(16), np.int64(19), np.int64(21), np.int64(22), np.int64(23), np.int64(25), np.int64(27), np.int64(29), np.int64(32), np.int64(33), np.int64(35), np.int64(36), np.int64(37), np.int64(38), np.int64(39), np.int64(40), np.int64(44), np.int64(45), np.int64(47), np.int64(48), np.int64(50)]"
x2*(-4.970057),0.12709138*(x37*x46 - x9),32.46818,0.99074703,1,51,31,"[np.int64(1), np.int64(2), np.int64(3), np.int64(4), np.int64(5), np.int64(8), np.int64(10), np.int64(13), np.int64(16), np.int64(17), np.int64(20), np.int64(21), np.int64(23), np.int64(24), np.int64(25), np.int64(28), np.int64(29), np.int64(30), np.int64(31), np.int64(32), np.int64(33), np.int64(35), np.int64(36), np.int64(37), np.int64(39), np.int64(42), np.int64(44), np.int64(45), np.int64(47), np.int64(48), np.int64(50)]",[],"[np.int64(1), np.int64(2), np.int64(3), np.int64(4), np.int64(5), np.int64(8), np.int64(10), np.int64(13), np.int64(16), np.int64(17), np.int64(20), np.int64(21), np.int64(23), np.int64(24), np.int64(25), np.int64(28), np.int64(29), np.int64(30), np.int64(31), np.int64(32), np.int64(33), np.int64(35), np.int64(36), np.int64(37), np.int64(39), np.int64(42), np.int64(44), np.int64(45), np.int64(47), np.int64(48), np.int64(50)]"
(x0*(-1.250606)*x1 + x2 + x5)*(-3.9157476),x22*(-0.16675475),9.273331,0.8845256,0,50,24,"[np.int64(1), np.int64(2), np.int64(4), np.int64(5), np.int64(6), np.int64(11), np.int64(13), np.int64(16), np.int64(19), np.int64(21), np.int64(22), np.int64(24), np.int64(28), np.int64(29), np.int64(30), np.int64(35), np.int64(38), np.int64(39), np.int64(40), np.int64(42), np.int64(43), np.int64(44), np.int64(45), np.int64(47)]",[],"[np.int64(1), np.int64(2), np.int64(4), np.int64(5), np.int64(6), np.int64(11), np.int64(13), np.int64(16), np.int64(19), np.int64(21), np.int64(22), np.int64(24), np.int64(28), np.int64(29), np.int64(30), np.int64(35), np.int64(38), np.int64(39), np.int64(40), np.int64(42), np.int64(43), np.int64(44), np.int64(45), np.int64(47)]"
x2*(-5.3725867),x8*0.1460118,35.98832,0.87948376,0,50,28,"[np.int64(0), np.int64(2), np.int64(3), np.int64(5), np.int64(6), np.int64(7), np.int64(8), np.int64(9), np.int64(11), np.int64(13), np.int64(14), np.int64(16), np.int64(19), np.int64(20), np.int64(22), np.int64(24), np.int64(25), np.int64(29), np.int64(30), np.int64(31), np.int64(32), np.int64(33), np.int64(36), np.int64(37), np.int64(39), np.int64(40), np.int64(41), np.int64(48)]",[],"[np.int64(0), np.int64(2), np.int64(3), np.int64(5), np.int64(6), np.int64(7), np.int64(8), np.int64(9), np.int64(11), np.int64(13), np.int64(14), np.int64(16), np.int64(19), np.int64(20), np.int64(22), np.int64(24), np.int64(25), np.int64(29), np.int64(30), np.int64(31), np.int64(32), np.int64(33), np.int64(36), np.int64(37), np.int64(39), np.int64(40), np.int64(41), np.int64(48)]"
(x0*x1 - x2 - x5)*4.1963735,x30*(-0.15989056)*x17,9.283065,1.098263,1,51,15,"[np.int64(1), np.int64(2), np.int64(4), np.int64(5), np.int64(9), np.int64(11), np.int64(17), np.int64(18), np.int64(20), np.int64(23), np.int64(31), np.int64(35), np.int64(39), np.int64(44), np.int64(50)]",[],"[np.int64(1), np.int64(2), np.int64(4), np.int64(5), np.int64(9), np.int64(11), np.int64(17), np.int64(18), np.int64(20), np.int64(23), np.int64(31), np.int64(35), np.int64(39), np.int64(44), np.int64(50)]"
x0*x1*(x0**2 + 1.5868376) + x2*(-4.7890563),x24*(-0.12969567)*x18,23.207825,0.82746434,1,51,31,"[np.int64(0), np.int64(1), np.int64(2), np.int64(3), np.int64(4), np.int64(5), np.int64(6), np.int64(8), np.int64(9), np.int64(12), np.int64(14), np.int64(15), np.int64(16), np.int64(17), np.int64(19), np.int64(20), np.int64(22), np.int64(23), np.int64(24), np.int64(27), np.int64(28), np.int64(31), np.int64(32), np.int64(39), np.int64(40), np.int64(41), np.int64(42), np.int64(43), np.int64(45), np.int64(48), np.int64(50)]",[],"[np.int64(0), np.int64(1), np.int64(2), np.int64(3), np.int64(4), np.int64(5), np.int64(6), np.int64(8), np.int64(9), np.int64(12), np.int64(14), np.int64(15), np.int64(16), np.int64(17), np.int64(19), np.int64(20), np.int64(22), np.int64(23), np.int64(24), np.int64(27), np.int64(28), np.int64(31), np.int64(32), np.int64(39), np.int64(40), np.int64(41), np.int64(42), np.int64(43), np.int64(45), np.int64(48), np.int64(50)]"
x2*(-4.5303574) + (x0*x1 - x5)*3.9810917,(-x25 + x36 + x43)*0.11397576*x10,10.853775,0.8679405,1,51,16,"[np.int64(2), np.int64(5), np.int64(10), np.int64(11), np.int64(12), np.int64(19), np.int64(24), np.int64(26), np.int64(30), np.int64(33), np.int64(37), np.int64(40), np.int64(43), np.int64(47), np.int64(48), np.int64(50)]",[],"[np.int64(2), np.int64(5), np.int64(10), np.int64(11), np.int64(12), np.int64(19), np.int64(24), np.int64(26), np.int64(30), np.int64(33), np.int64(37), np.int64(40), np.int64(43), np.int64(47), np.int64(48), np.int64(50)]"
-(-4.8127275)*x0*x1 + x2*(-5.229192) - 3.0154002*x5,x0**2*0.08362082*(x17 + x31 + x36*x6),11.622263,0.88765776,2,52,27,"[np.int64(1), np.int64(2), np.int64(3), np.int64(5), np.int64(6), np.int64(7), np.int64(8), np.int64(11), np.int64(12), np.int64(16), np.int64(17), np.int64(18), np.int64(20), np.int64(22), np.int64(24), np.int64(26), np.int64(27), np.int64(30), np.int64(32), np.int64(35), np.int64(39), np.int64(40), np.int64(41), np.int64(42), np.int64(46), np.int64(48), np.int64(51)]",[],"[np.int64(1), np.int64(2), np.int64(3), np.int64(5), np.int64(6), np.int64(7), np.int64(8), np.int64(11), np.int64(12), np.int64(16), np.int64(17), np.int64(18), np.int64(20), np.int64(22), np.int64(24), np.int64(26), np.int64(27), np.int64(30), np.int64(32), np.int64(35), np.int64(39), np.int64(40), np.int64(41), np.int64(42), np.int64(46), np.int64(48), np.int64(51)]"
(-x2 + x3*x4 - x5)*2.9238594,(x20 + x49)*0.12403394,19.361988,0.93459606,0,50,27,"[np.int64(2), np.int64(3), np.int64(4), np.int64(5), np.int64(6), np.int64(8), np.int64(15), np.int64(18), np.int64(20), np.int64(21), np.int64(22), np.int64(23), np.int64(25), np.int64(27), np.int64(29), np.int64(30), np.int64(32), np.int64(34), np.int64(36), np.int64(39), np.int64(40), np.int64(41), np.int64(42), np.int64(44), np.int64(46), np.int64(47), np.int64(49)]",[],"[np.int64(2), np.int64(3), np.int64(4), np.int64(5), np.int64(6), np.int64(8), np.int64(15), np.int64(18), np.int64(20), np.int64(21), np.int64(22), np.int64(23), np.int64(25), np.int64(27), np.int64(29), np.int64(30), np.int64(32), np.int64(34), np.int64(36), np.int64(39), np.int64(40), np.int64(41), np.int64(42), np.int64(44), np.int64(46), np.int64(47), np.int64(49)]"
(x5 + (x0*x1 - x2)*(-1.5968553))*(-3.1558194),(x1 - x17)*0.08782655*x9**2,10.7902565,1.0052221,1,51,27,"[np.int64(1), np.int64(2), np.int64(5), np.int64(6), np.int64(8), np.int64(11), np.int64(12), np.int64(14), np.int64(16), np.int64(18), np.int64(19), np.int64(22), np.int64(25), np.int64(26), np.int64(29), np.int64(30), np.int64(31), np.int64(32), np.int64(34), np.int64(35), np.int64(37), np.int64(39), np.int64(41), np.int64(43), np.int64(46), np.int64(47), np.int64(50)]",[],"[np.int64(1), np.int64(2), np.int64(5), np.int64(6), np.int64(8), np.int64(11), np.int64(12), np.int64(14), np.int64(16), np.int64(18), np.int64(19), np.int64(22), np.int64(25), np.int64(26), np.int64(29), np.int64(30), np.int64(31), np.int64(32), np.int64(34), np.int64(35), np.int64(37), np.int64(39), np.int64(41), np.int64(43), np.int64(46), np.int64(47), np.int64(50)]"
x0*x1*5.063039 + x2*(-4.97112) + x5*(-3.0770357),x6*(-0.15435481)*x49,8.644759,0.90072656,0,50,23,"[np.int64(0), np.int64(2), np.int64(3), np.int64(5), np.int64(7), np.int64(8), np.int64(10), np.int64(11), np.int64(12), np.int64(13), np.int64(15), np.int64(22), np.int64(25), np.int64(27), np.int64(31), np.int64(32), np.int64(33), np.int64(38), np.int64(40), np.int64(43), np.int64(46), np.int64(47), np.int64(49)]",[],"[np.int64(0), np.int64(2), np.int64(3), np.int64(5), np.int64(7), np.int64(8), np.int64(10), np.int64(11), np.int64(12), np.int64(13), np.int64(15), np.int64(22), np.int64(25), np.int64(27), np.int64(31), np.int64(32), np.int64(33), np.int64(38), np.int64(40), np.int64(43), np.int64(46), np.int64(47), np.int64(49)]"
x1*(x0 + x0 + x0) + (x2*1.6890395 + x5)*(-2.9714441),x30*(0.09094337925124*x10**2*x5**2),8.922428,1.0883939,2,52,26,"[np.int64(0), np.int64(1), np.int64(2), np.int64(3), np.int64(5), np.int64(6), np.int64(7), np.int64(10), np.int64(13), np.int64(17), np.int64(20), np.int64(21), np.int64(24), np.int64(26), np.int64(28), np.int64(29), np.int64(33), np.int64(35), np.int64(37), np.int64(40), np.int64(45), np.int64(46), np.int64(48), np.int64(49), np.int64(51)]",[np.int64(50)],"[np.int64(0), np.int64(1), np.int64(2), np.int64(3), np.int64(5), np.int64(6), np.int64(7), np.int64(10), np.int64(13), np.int64(17), np.int64(20), np.int64(21), np.int64(24), np.int64(26), np.int64(28), np.int64(29), np.int64(33), np.int64(35), np.int64(37), np.int64(40), np.int64(45), np.int64(46), np.int64(48), np.int64(49), np.int64(50), np.int64(51)]"
x2*(-4.402281),(0.18146588 - x29*x30)*(-0.17868127),32.181324,0.9133575,1,51,23,"[np.int64(0), np.int64(2), np.int64(3), np.int64(5), np.int64(6), np.int64(8), np.int64(10), np.int64(11), np.int64(12), np.int64(13), np.int64(17), np.int64(19), np.int64(24), np.int64(26), np.int64(27), np.int64(31), np.int64(34), np.int64(38), np.int64(39), np.int64(40), np.int64(41), np.int64(49), np.int64(50)]",[np.int64(50)],"[np.int64(0), np.int64(2), np.int64(3), np.int64(5), np.int64(6), np.int64(8), np.int64(10), np.int64(11), np.int64(12), np.int64(13), np.int64(17), np.int64(19), np.int64(24), np.int64(26), np.int64(27), np.int64(31), np.int64(34), np.int64(38), np.int64(39), np.int64(40), np.int64(41), np.int64(49), np.int64(50)]"
4.276823*(x0*x1 - x2 - x5),x19*x24*(-0.18019107),13.262534,0.9791357,0,50,30,"[np.int64(0), np.int64(1), np.int64(2), np.int64(3), np.int64(4), np.int64(5), np.int64(6), np.int64(7), np.int64(9), np.int64(11), np.int64(17), np.int64(18), np.int64(19), np.int64(22), np.int64(23), np.int64(24), np.int64(26), np.int64(27), np.int64(29), np.int64(32), np.int64(34), np.int64(35), np.int64(37), np.int64(38), np.int64(39), np.int64(40), np.int64(45), np.int64(47), np.int64(48), np.int64(49)]",[],"[np.int64(0), np.int64(1), np.int64(2), np.int64(3), np.int64(4), np.int64(5), np.int64(6), np.int64(7), np.int64(9), np.int64(11), np.int64(17), np.int64(18), np.int64(19), np.int64(22), np.int64(23), np.int64(24), np.int64(26), np.int64(27), np.int64(29), np.int64(32), np.int64(34), np.int64(35), np.int64(37), np.int64(38), np.int64(39), np.int64(40), np.int64(45), np.int64(47), np.int64(48), np.int64(49)]"
(x0*x1 - x2 - x5)*4.2842803,(-x36 + x48)*0.13992721,9.419344,0.9105323,0,50,28,"[np.int64(0), np.int64(2), np.int64(3), np.int64(5), np.int64(6), np.int64(7), np.int64(8), np.int64(10), np.int64(12), np.int64(13), np.int64(14), np.int64(17), np.int64(18), np.int64(25), np.int64(26), np.int64(27), np.int64(31), np.int64(32), np.int64(34), np.int64(35), np.int64(36), np.int64(37), np.int64(38), np.int64(42), np.int64(44), np.int64(45), np.int64(47), np.int64(48)]",[],"[np.int64(0), np.int64(2), np.int64(3), np.int64(5), np.int64(6), np.int64(7), np.int64(8), np.int64(10), np.int64(12), np.int64(13), np.int64(14), np.int64(17), np.int64(18), np.int64(25), np.int64(26), np.int64(27), np.int64(31), np.int64(32), np.int64(34), np.int64(35), np.int64(36), np.int64(37), np.int64(38), np.int64(42), np.int64(44), np.int64(45), np.int64(47), np.int64(48)]"
-x5 - (x5 + x5) + (x0*x1 - x2 + x4*x3*0.5956367)*4.9913044,x6*x4*0.157533,1.3302379,0.82860696,1,51,15,"[np.int64(0), np.int64(2), np.int64(4), np.int64(5), np.int64(7), np.int64(12), np.int64(14), np.int64(17), np.int64(21), np.int64(25), np.int64(30), np.int64(35), np.int64(42), np.int64(49), np.int64(50)]",[],"[np.int64(0), np.int64(2), np.int64(4), np.int64(5), np.int64(7), np.int64(12), np.int64(14), np.int64(17), np.int64(21), np.int64(25), np.int64(30), np.int64(35), np.int64(42), np.int64(49), np.int64(50)]"
(x0*x1 - x2 - x5)*4.442405,x17*0.13103607,11.385991,0.9406382,0,50,33,"[np.int64(0), np.int64(1), np.int64(2), np.int64(3), np.int64(4), np.int64(5), np.int64(6), np.int64(8), np.int64(10), np.int64(12), np.int64(14), np.int64(16), np.int64(19), np.int64(24), np.int64(25), np.int64(26), np.int64(27), np.int64(29), np.int64(30), np.int64(31), np.int64(32), np.int64(34), np.int64(35), np.int64(37), np.int64(38), np.int64(39), np.int64(40), np.int64(42), np.int64(43), np.int64(45), np.int64(46), np.int64(48), np.int64(49)]",[],"[np.int64(0), np.int64(1), np.int64(2), np.int64(3), np.int64(4), np.int64(5), np.int64(6), np.int64(8), np.int64(10), np.int64(12), np.int64(14), np.int64(16), np.int64(19), np.int64(24), np.int64(25), np.int64(26), np.int64(27), np.int64(29), np.int64(30), np.int64(31), np.int64(32), np.int64(34), np.int64(35), np.int64(37), np.int64(38), np.int64(39), np.int64(40), np.int64(42), np.int64(43), np.int64(45), np.int64(46), np.int64(48), np.int64(49)]"
(x0*x1 - x2 - x5)*4.415317,(x25 + (x11*(x11 - 2.0086207) - 2.152635)*x35*1.3759093 + x5**2)*0.075654134*x28,10.646009,0.9429612,1,51,30,"[np.int64(0), np.int64(2), np.int64(3), np.int64(4), np.int64(5), np.int64(7), np.int64(8), np.int64(11), np.int64(13), np.int64(14), np.int64(15), np.int64(17), np.int64(18), np.int64(19), np.int64(20), np.int64(21), np.int64(23), np.int64(25), np.int64(26), np.int64(29), np.int64(30), np.int64(31), np.int64(34), np.int64(35), np.int64(36), np.int64(40), np.int64(41), np.int64(44), np.int64(49), np.int64(50)]",[],"[np.int64(0), np.int64(2), np.int64(3), np.int64(4), np.int64(5), np.int64(7), np.int64(8), np.int64(11), np.int64(13), np.int64(14), np.int64(15), np.int64(17), np.int64(18), np.int64(19), np.int64(20), np.int64(21), np.int64(23), np.int64(25), np.int64(26), np.int64(29), np.int64(30), np.int64(31), np.int64(34), np.int64(35), np.int64(36), np.int64(40), np.int64(41), np.int64(44), np.int64(49), np.int64(50)]"
(x0*x1 - x2)*4.9008145,x27*x8*0.15112516,17.505177,0.9932705,1,51,19,"[np.int64(2), np.int64(3), np.int64(4), np.int64(5), np.int64(6), np.int64(8), np.int64(13), np.int64(14), np.int64(22), np.int64(24), np.int64(36), np.int64(37), np.int64(39), np.int64(40), np.int64(42), np.int64(43), np.int64(46), np.int64(47), np.int64(50)]",[],"[np.int64(2), np.int64(3), np.int64(4), np.int64(5), np.int64(6), np.int64(8), np.int64(13), np.int64(14), np.int64(22), np.int64(24), np.int64(36), np.int64(37), np.int64(39), np.int64(40), np.int64(42), np.int64(43), np.int64(46), np.int64(47), np.int64(50)]"
x2*(-4.951257),x11*0.1705799*x33,29.680841,0.91193116,0,50,24,"[np.int64(1), np.int64(2), np.int64(3), np.int64(4), np.int64(5), np.int64(6), np.int64(9), np.int64(11), np.int64(13), np.int64(14), np.int64(17), np.int64(21), np.int64(22), np.int64(24), np.int64(26), np.int64(29), np.int64(30), np.int64(31), np.int64(37), np.int64(38), np.int64(39), np.int64(44), np.int64(45), np.int64(46)]",[],"[np.int64(1), np.int64(2), np.int64(3), np.int64(4), np.int64(5), np.int64(6), np.int64(9), np.int64(11), np.int64(13), np.int64(14), np.int64(17), np.int64(21), np.int64(22), np.int64(24), np.int64(26), np.int64(29), np.int64(30), np.int64(31), np.int64(37), np.int64(38), np.int64(39), np.int64(44), np.int64(45), np.int64(46)]"
(x0*x1 - x2 - 0.6634665*x5)*4.9297757,x9*0.012197837*x7**4,11.168817,0.9204863,0,50,25,"[np.int64(1), np.int64(2), np.int64(4), np.int64(5), np.int64(6), np.int64(7), np.int64(9), np.int64(10), np.int64(12), np.int64(13), np.int64(14), np.int64(18), np.int64(19), np.int64(20), np.int64(24), np.int64(25), np.int64(26), np.int64(29), np.int64(32), np.int64(36), np.int64(44), np.int64(45), np.int64(46), np.int64(47), np.int64(49)]",[],"[np.int64(1), np.int64(2), np.int64(4), np.int64(5), np.int64(6), np.int64(7), np.int64(9), np.int64(10), np.int64(12), np.int64(13), np.int64(14), np.int64(18), np.int64(19), np.int64(20), np.int64(24), np.int64(25), np.int64(26), np.int64(29), np.int64(32), np.int64(36), np.int64(44), np.int64(45), np.int64(46), np.int64(47), np.int64(49)]"
-x5 + (x0*x1 - x2)*4.9651117,x29*0.15322547*(-x0 + x31),9.969296,0.9412486,0,50,28,"[np.int64(0), np.int64(1), np.int64(2), np.int64(3), np.int64(5), np.int64(6), np.int64(8), np.int64(11), np.int64(12), np.int64(18), np.int64(19), np.int64(20), np.int64(24), np.int64(25), np.int64(26), np.int64(27), np.int64(28), np.int64(31), np.int64(32), np.int64(33), np.int64(34), np.int64(35), np.int64(36), np.int64(40), np.int64(43), np.int64(44), np.int64(48), np.int64(49)]",[],"[np.int64(0), np.int64(1), np.int64(2), np.int64(3), np.int64(5), np.int64(6), np.int64(8), np.int64(11), np.int64(12), np.int64(18), np.int64(19), np.int64(20), np.int64(24), np.int64(25), np.int64(26), np.int64(27), np.int64(28), np.int64(31), np.int64(32), np.int64(33), np.int64(34), np.int64(35), np.int64(36), np.int64(40), np.int64(43), np.int64(44), np.int64(48), np.int64(49)]"
(x0*x1 - x2 - x5)*4.4560056,x20*(-0.14103805),9.069359,0.9292311,1,51,10,"[np.int64(2), np.int64(5), np.int64(7), np.int64(9), np.int64(21), np.int64(23), np.int64(27), np.int64(47), np.int64(49), np.int64(50)]",[],"[np.int64(2), np.int64(5), np.int64(7), np.int64(9), np.int64(21), np.int64(23), np.int64(27), np.int64(47), np.int64(49), np.int64(50)]"
x5*(x1 - 1*3.059531) - 4.7548237*(-x0*x1 + x2),x14*(-0.13241985),12.261571,0.94410205,0,50,24,"[np.int64(1), np.int64(2), np.int64(3), np.int64(5), np.int64(8), np.int64(10), np.int64(11), np.int64(12), np.int64(14), np.int64(15), np.int64(18), np.int64(21), np.int64(22), np.int64(23), np.int64(25), np.int64(26), np.int64(27), np.int64(29), np.int64(32), np.int64(35), np.int64(39), np.int64(41), np.int64(46), np.int64(48)]",[],"[np.int64(1), np.int64(2), np.int64(3), np.int64(5), np.int64(8), np.int64(10), np.int64(11), np.int64(12), np.int64(14), np.int64(15), np.int64(18), np.int64(21), np.int64(22), np.int64(23), np.int64(25), np.int64(26), np.int64(27), np.int64(29), np.int64(32), np.int64(35), np.int64(39), np.int64(41), np.int64(46), np.int64(48)]"
4.256583*(x0*x1 - x2 - x5) - 1*0.1407119,x8*x33**2*(-x22 + x34)*(-0.12269411),9.379972,0.8346043,1,51,27,"[np.int64(0), np.int64(2), np.int64(3), np.int64(5), np.int64(6), np.int64(7), np.int64(8), np.int64(11), np.int64(12), np.int64(13), np.int64(16), np.int64(19), np.int64(21), np.int64(22), np.int64(23), np.int64(24), np.int64(27), np.int64(29), np.int64(30), np.int64(31), np.int64(37), np.int64(39), np.int64(41), np.int64(42), np.int64(46), np.int64(47), np.int64(49)]",[],"[np.int64(0), np.int64(2), np.int64(3), np.int64(5), np.int64(6), np.int64(7), np.int64(8), np.int64(11), np.int64(12), np.int64(13), np.int64(16), np.int64(19), np.int64(21), np.int64(22), np.int64(23), np.int64(24), np.int64(27), np.int64(29), np.int64(30), np.int64(31), np.int64(37), np.int64(39), np.int64(41), np.int64(42), np.int64(46), np.int64(47), np.int64(49)]"
(x0*x1 - x2 - x5)*4.2243853,(x23 - x3 + x31*x6)*0.12889509,10.908319,0.8893523,0,50,27,"[np.int64(1), np.int64(2), np.int64(3), np.int64(5), np.int64(7), np.int64(12), np.int64(13), np.int64(15), np.int64(16), np.int64(17), np.int64(19), np.int64(21), np.int64(23), np.int64(24), np.int64(28), np.int64(29), np.int64(32), np.int64(34), np.int64(35), np.int64(37), np.int64(38), np.int64(39), np.int64(40), np.int64(41), np.int64(42), np.int64(43), np.int64(45)]",[],"[np.int64(1), np.int64(2), np.int64(3), np.int64(5), np.int64(7), np.int64(12), np.int64(13), np.int64(15), np.int64(16), np.int64(17), np.int64(19), np.int64(21), np.int64(23), np.int64(24), np.int64(28), np.int64(29), np.int64(32), np.int64(34), np.int64(35), np.int64(37), np.int64(38), np.int64(39), np.int64(40), np.int64(41), np.int64(42), np.int64(43), np.int64(45)]"
x5 - 4.7128963*(-x0*x1 + x2 + x5),x42*x39*(-0.14813061),8.725103,0.90345836,1,51,15,"[np.int64(2), np.int64(3), np.int64(4), np.int64(5), np.int64(8), np.int64(12), np.int64(16), np.int64(19), np.int64(20), np.int64(23), np.int64(31), np.int64(32), np.int64(40), np.int64(42), np.int64(50)]",[],"[np.int64(2), np.int64(3), np.int64(4), np.int64(5), np.int64(8), np.int64(12), np.int64(16), np.int64(19), np.int64(20), np.int64(23), np.int64(31), np.int64(32), np.int64(40), np.int64(42), np.int64(50)]"
(x0*x1 - x2 - (-0.61376977)*x3*x4 + x5*(-0.59221363))*4.9647293,x20*x36*(-0.15210395),1.2505769,0.94960743,0,50,27,"[np.int64(0), np.int64(1), np.int64(2), np.int64(3), np.int64(5), np.int64(6), np.int64(11), np.int64(12), np.int64(13), np.int64(15), np.int64(16), np.int64(17), np.int64(21), np.int64(22), np.int64(23), np.int64(24), np.int64(25), np.int64(28), np.int64(30), np.int64(31), np.int64(33), np.int64(39), np.int64(41), np.int64(44), np.int64(46), np.int64(48), np.int64(49)]",[],"[np.int64(0), np.int64(1), np.int64(2), np.int64(3), np.int64(5), np.int64(6), np.int64(11), np.int64(12), np.int64(13), np.int64(15), np.int64(16), np.int64(17), np.int64(21), np.int64(22), np.int64(23), np.int64(24), np.int64(25), np.int64(28), np.int64(30), np.int64(31), np.int64(33), np.int64(39), np.int64(41), np.int64(44), np.int64(46), np.int64(48), np.int64(49)]"
(x0*x1 - (x5 - (0.006396029 - x2)))*4.3791914,x24*x36*0.18311884*x44,8.917331,0.9506625,0,50,30,"[np.int64(0), np.int64(2), np.int64(3), np.int64(5), np.int64(6), np.int64(8), np.int64(10), np.int64(11), np.int64(12), np.int64(13), np.int64(14), np.int64(15), np.int64(18), np.int64(19), np.int64(20), np.int64(21), np.int64(22), np.int64(23), np.int64(29), np.int64(30), np.int64(31), np.int64(34), np.int64(36), np.int64(37), np.int64(38), np.int64(41), np.int64(42), np.int64(45), np.int64(46), np.int64(47)]",[],"[np.int64(0), np.int64(2), np.int64(3), np.int64(5), np.int64(6), np.int64(8), np.int64(10), np.int64(11), np.int64(12), np.int64(13), np.int64(14), np.int64(15), np.int64(18), np.int64(19), np.int64(20), np.int64(21), np.int64(22), np.int64(23), np.int64(29), np.int64(30), np.int64(31), np.int64(34), np.int64(36), np.int64(37), np.int64(38), np.int64(41), np.int64(42), np.int64(45), np.int64(46), np.int64(47)]"
(x5 - (x0*x1 - x2))*(-3.8446167),(x29 - x43)*(-0.106840394),9.986185,0.9592077,1,51,12,"[np.int64(2), np.int64(3), np.int64(5), np.int64(7), np.int64(8), np.int64(16), np.int64(20), np.int64(22), np.int64(23), np.int64(30), np.int64(31), np.int64(50)]",[],"[np.int64(2), np.int64(3), np.int64(5), np.int64(7), np.int64(8), np.int64(16), np.int64(20), np.int64(22), np.int64(23), np.int64(30), np.int64(31), np.int64(50)]"
2.4933503*(x3*x4 - x5 + 1.9172262*(x0*x1 - x2)),0.00230890773755688*x33**4*x39**4,1.9357446,0.98491454,2,52,4,"[np.int64(2), np.int64(5), np.int64(50), np.int64(51)]",[],"[np.int64(2), np.int64(5), np.int64(50), np.int64(51)]"
(x0*x1 - x2 - x5)*4.3527727,(x4 + x41)**2*(-0.07034348)*x17*x20,10.575821,0.9068085,1,51,20,"[np.int64(0), np.int64(2), np.int64(4), np.int64(5), np.int64(6), np.int64(9), np.int64(18), np.int64(21), np.int64(22), np.int64(28), np.int64(29), np.int64(31), np.int64(32), np.int64(33), np.int64(36), np.int64(39), np.int64(42), np.int64(43), np.int64(44), np.int64(50)]",[],"[np.int64(0), np.int64(2), np.int64(4), np.int64(5), np.int64(6), np.int64(9), np.int64(18), np.int64(21), np.int64(22), np.int64(28), np.int64(29), np.int64(31), np.int64(32), np.int64(33), np.int64(36), np.int64(39), np.int64(42), np.int64(43), np.int64(44), np.int64(50)]"
(x0*x1 - (x2 + x5))*4.394847,(x27 + x29)*(-x1 + x22 + x35*(x34 + 0.78585404)**2)*(-0.062178135),9.072664,0.9061808,1,51,12,"[np.int64(2), np.int64(3), np.int64(5), np.int64(11), np.int64(12), np.int64(16), np.int64(17), np.int64(23), np.int64(26), np.int64(34), np.int64(48), np.int64(50)]",[],"[np.int64(2), np.int64(3), np.int64(5), np.int64(11), np.int64(12), np.int64(16), np.int64(17), np.int64(23), np.int64(26), np.int64(34), np.int64(48), np.int64(50)]"
(x0*x1 - (x2 + x5))*4.219486,x36*x9*(-0.17851605),8.50329,0.8913258,0,50,35,"[np.int64(0), np.int64(1), np.int64(2), np.int64(3), np.int64(4), np.int64(5), np.int64(6), np.int64(7), np.int64(8), np.int64(9), np.int64(12), np.int64(13), np.int64(14), np.int64(17), np.int64(18), np.int64(19), np.int64(20), np.int64(21), np.int64(23), np.int64(25), np.int64(26), np.int64(27), np.int64(30), np.int64(31), np.int64(33), np.int64(34), np.int64(35), np.int64(37), np.int64(39), np.int64(40), np.int64(41), np.int64(43), np.int64(44), np.int64(47), np.int64(48)]",[],"[np.int64(0), np.int64(1), np.int64(2), np.int64(3), np.int64(4), np.int64(5), np.int64(6), np.int64(7), np.int64(8), np.int64(9), np.int64(12), np.int64(13), np.int64(14), np.int64(17), np.int64(18), np.int64(19), np.int64(20), np.int64(21), np.int64(23), np.int64(25), np.int64(26), np.int64(27), np.int64(30), np.int64(31), np.int64(33), np.int64(34), np.int64(35), np.int64(37), np.int64(39), np.int64(40), np.int64(41), np.int64(43), np.int64(44), np.int64(47), np.int64(48)]"
x5*(-3.6141279) + 5.0315804*(x0*x1 - x2),(-x14*(x30 - x49) + x20)*0.13278899,12.295038,0.8986084,0,50,25,"[np.int64(0), np.int64(2), np.int64(4), np.int64(5), np.int64(6), np.int64(7), np.int64(9), np.int64(13), np.int64(14), np.int64(16), np.int64(20), np.int64(21), np.int64(25), np.int64(26), np.int64(27), np.int64(28), np.int64(30), np.int64(32), np.int64(35), np.int64(36), np.int64(37), np.int64(39), np.int64(40), np.int64(45), np.int64(49)]",[],"[np.int64(0), np.int64(2), np.int64(4), np.int64(5), np.int64(6), np.int64(7), np.int64(9), np.int64(13), np.int64(14), np.int64(16), np.int64(20), np.int64(21), np.int64(25), np.int64(26), np.int64(27), np.int64(28), np.int64(30), np.int64(32), np.int64(35), np.int64(36), np.int64(37), np.int64(39), np.int64(40), np.int64(45), np.int64(49)]"
x1*x0*5.0519686 + x2*(-4.9136105),x15*0.112925835,13.28348,0.841923,0,50,32,"[np.int64(0), np.int64(1), np.int64(2), np.int64(4), np.int64(5), np.int64(6), np.int64(8), np.int64(9), np.int64(10), np.int64(11), np.int64(12), np.int64(14), np.int64(15), np.int64(16), np.int64(18), np.int64(21), np.int64(22), np.int64(24), np.int64(30), np.int64(31), np.int64(34), np.int64(35), np.int64(38), np.int64(39), np.int64(40), np.int64(41), np.int64(42), np.int64(43), np.int64(45), np.int64(47), np.int64(48), np.int64(49)]",[],"[np.int64(0), np.int64(1), np.int64(2), np.int64(4), np.int64(5), np.int64(6), np.int64(8), np.int64(9), np.int64(10), np.int64(11), np.int64(12), np.int64(14), np.int64(15), np.int64(16), np.int64(18), np.int64(21), np.int64(22), np.int64(24), np.int64(30), np.int64(31), np.int64(34), np.int64(35), np.int64(38), np.int64(39), np.int64(40), np.int64(41), np.int64(42), np.int64(43), np.int64(45), np.int64(47), np.int64(48), np.int64(49)]"
(-x2 + x3*x4 - x5)*3.5746317,x13*(-x34 - 0.5143308)*0.15955763*x24**2,26.959782,0.93905914,1,51,25,"[np.int64(0), np.int64(1), np.int64(2), np.int64(4), np.int64(5), np.int64(6), np.int64(11), np.int64(13), np.int64(16), np.int64(23), np.int64(24), np.int64(25), np.int64(26), np.int64(27), np.int64(28), np.int64(29), np.int64(31), np.int64(33), np.int64(34), np.int64(39), np.int64(42), np.int64(44), np.int64(45), np.int64(47), np.int64(49)]",[],"[np.int64(0), np.int64(1), np.int64(2), np.int64(4), np.int64(5), np.int64(6), np.int64(11), np.int64(13), np.int64(16), np.int64(23), np.int64(24), np.int64(25), np.int64(26), np.int64(27), np.int64(28), np.int64(29), np.int64(31), np.int64(33), np.int64(34), np.int64(39), np.int64(42), np.int64(44), np.int64(45), np.int64(47), np.int64(49)]"
(x0*x1 - x2 - x5)*4.4905343,x22*0.144019*(x0 + 0.57718945),10.820116,0.9193078,0,50,26,"[np.int64(1), np.int64(2), np.int64(3), np.int64(4), np.int64(5), np.int64(6), np.int64(7), np.int64(9), np.int64(10), np.int64(11), np.int64(17), np.int64(18), np.int64(19), np.int64(22), np.int64(23), np.int64(24), np.int64(25), np.int64(34), np.int64(35), np.int64(36), np.int64(40), np.int64(42), np.int64(44), np.int64(46), np.int64(47), np.int64(49)]",[],"[np.int64(1), np.int64(2), np.int64(3), np.int64(4), np.int64(5), np.int64(6), np.int64(7), np.int64(9), np.int64(10), np.int64(11), np.int64(17), np.int64(18), np.int64(19), np.int64(22), np.int64(23), np.int64(24), np.int64(25), np.int64(34), np.int64(35), np.int64(36), np.int64(40), np.int64(42), np.int64(44), np.int64(46), np.int64(47), np.int64(49)]"
(x0*(-1.2067212)*x1 + x2 + x5)*(-4.1636715),(x31 + x7*(-x21**2 - x36 - x39 + 0.13818192) - x9**2)*0.10641038,10.148462,0.9088854,2,52,28,"[np.int64(0), np.int64(1), np.int64(2), np.int64(3), np.int64(4), np.int64(5), np.int64(13), np.int64(14), np.int64(15), np.int64(16), np.int64(18), np.int64(19), np.int64(22), np.int64(28), np.int64(29), np.int64(30), np.int64(31), np.int64(32), np.int64(34), np.int64(35), np.int64(36), np.int64(40), np.int64(41), np.int64(43), np.int64(45), np.int64(46), np.int64(49), np.int64(51)]",[],"[np.int64(0), np.int64(1), np.int64(2), np.int64(3), np.int64(4), np.int64(5), np.int64(13), np.int64(14), np.int64(15), np.int64(16), np.int64(18), np.int64(19), np.int64(22), np.int64(28), np.int64(29), np.int64(30), np.int64(31), np.int64(32), np.int64(34), np.int64(35), np.int64(36), np.int64(40), np.int64(41), np.int64(43), np.int64(45), np.int64(46), np.int64(49), np.int64(51)]"
6.3493416441*x0**2*x1 - log(x2**4) + 1.03759707979543,0.121175244*(x21 - x34*(-x29**2 + x40)),20.368992,0.8143011,2,52,28,"[np.int64(1), np.int64(2), np.int64(5), np.int64(7), np.int64(10), np.int64(11), np.int64(12), np.int64(13), np.int64(15), np.int64(16), np.int64(18), np.int64(19), np.int64(20), np.int64(21), np.int64(23), np.int64(24), np.int64(27), np.int64(29), np.int64(30), np.int64(31), np.int64(34), np.int64(36), np.int64(38), np.int64(43), np.int64(45), np.int64(46), np.int64(47), np.int64(48)]",[],"[np.int64(1), np.int64(2), np.int64(5), np.int64(7), np.int64(10), np.int64(11), np.int64(12), np.int64(13), np.int64(15), np.int64(16), np.int64(18), np.int64(19), np.int64(20), np.int64(21), np.int64(23), np.int64(24), np.int64(27), np.int64(29), np.int64(30), np.int64(31), np.int64(34), np.int64(36), np.int64(38), np.int64(43), np.int64(45), np.int64(46), np.int64(47), np.int64(48)]"
x1*5.0711403*x0**2 - x2**2 + 4.573218,(x21 + x22 - x35)*(x0 + x34)**2*(-0.03819656),33.749584,0.8594721,2,52,35,"[np.int64(0), np.int64(1), np.int64(2), np.int64(4), np.int64(5), np.int64(6), np.int64(7), np.int64(8), np.int64(9), np.int64(10), np.int64(12), np.int64(13), np.int64(15), np.int64(16), np.int64(17), np.int64(18), np.int64(21), np.int64(23), np.int64(24), np.int64(25), np.int64(26), np.int64(27), np.int64(29), np.int64(30), np.int64(31), np.int64(32), np.int64(37), np.int64(38), np.int64(40), np.int64(41), np.int64(44), np.int64(46), np.int64(48), np.int64(50), np.int64(51)]",[],"[np.int64(0), np.int64(1), np.int64(2), np.int64(4), np.int64(5), np.int64(6), np.int64(7), np.int64(8), np.int64(9), np.int64(10), np.int64(12), np.int64(13), np.int64(15), np.int64(16), np.int64(17), np.int64(18), np.int64(21), np.int64(23), np.int64(24), np.int64(25), np.int64(26), np.int64(27), np.int64(29), np.int64(30), np.int64(31), np.int64(32), np.int64(37), np.int64(38), np.int64(40), np.int64(41), np.int64(44), np.int64(46), np.int64(48), np.int64(50), np.int64(51)]"
5.0271664*x0**2*x1 - log(x2**4) + 0.5681167,x33*0.1125364,17.389128,0.8633419,1,51,34,"[np.int64(1), np.int64(2), np.int64(3), np.int64(5), np.int64(7), np.int64(8), np.int64(9), np.int64(10), np.int64(11), np.int64(12), np.int64(16), np.int64(18), np.int64(19), np.int64(20), np.int64(21), np.int64(23), np.int64(26), np.int64(27), np.int64(28), np.int64(30), np.int64(31), np.int64(32), np.int64(33), np.int64(35), np.int64(37), np.int64(39), np.int64(40), np.int64(41), np.int64(42), np.int64(43), np.int64(44), np.int64(48), np.int64(49), np.int64(50)]",[],"[np.int64(1), np.int64(2), np.int64(3), np.int64(5), np.int64(7), np.int64(8), np.int64(9), np.int64(10), np.int64(11), np.int64(12), np.int64(16), np.int64(18), np.int64(19), np.int64(20), np.int64(21), np.int64(23), np.int64(26), np.int64(27), np.int64(28), np.int64(30), np.int64(31), np.int64(32), np.int64(33), np.int64(35), np.int64(37), np.int64(39), np.int64(40), np.int64(41), np.int64(42), np.int64(43), np.int64(44), np.int64(48), np.int64(49), np.int64(50)]"
4*x0**2*x1 - log(x2**4),(x19**2 + x5 - 1*1.8670719)*x42*0.10608215,18.126738,0.9858835,2,52,41,"[np.int64(0), np.int64(1), np.int64(3), np.int64(4), np.int64(5), np.int64(6), np.int64(7), np.int64(10), np.int64(11), np.int64(12), np.int64(13), np.int64(15), np.int64(16), np.int64(17), np.int64(18), np.int64(20), np.int64(21), np.int64(22), np.int64(24), np.int64(25), np.int64(26), np.int64(27), np.int64(28), np.int64(29), np.int64(30), np.int64(31), np.int64(32), np.int64(33), np.int64(34), np.int64(35), np.int64(36), np.int64(37), np.int64(39), np.int64(40), np.int64(41), np.int64(43), np.int64(44), np.int64(45), np.int64(47), np.int64(50), np.int64(51)]",[],"[np.int64(0), np.int64(1), np.int64(3), np.int64(4), np.int64(5), np.int64(6), np.int64(7), np.int64(10), np.int64(11), np.int64(12), np.int64(13), np.int64(15), np.int64(16), np.int64(17), np.int64(18), np.int64(20), np.int64(21), np.int64(22), np.int64(24), np.int64(25), np.int64(26), np.int64(27), np.int64(28), np.int64(29), np.int64(30), np.int64(31), np.int64(32), np.int64(33), np.int64(34), np.int64(35), np.int64(36), np.int64(37), np.int64(39), np.int64(40), np.int64(41), np.int64(43), np.int64(44), np.int64(45), np.int64(47), np.int64(50), np.int64(51)]"
4.962834*x0**2*x1 - log(x2**4),(-x14*x14*x5 + x49)*0.10506707,15.2922945,0.95701265,1,51,36,"[np.int64(0), np.int64(1), np.int64(3), np.int64(4), np.int64(5), np.int64(6), np.int64(8), np.int64(10), np.int64(12), np.int64(13), np.int64(14), np.int64(16), np.int64(17), np.int64(18), np.int64(19), np.int64(20), np.int64(21), np.int64(25), np.int64(26), np.int64(27), np.int64(30), np.int64(31), np.int64(32), np.int64(35), np.int64(36), np.int64(37), np.int64(40), np.int64(41), np.int64(42), np.int64(43), np.int64(45), np.int64(46), np.int64(47), np.int64(48), np.int64(49), np.int64(50)]",[],"[np.int64(0), np.int64(1), np.int64(3), np.int64(4), np.int64(5), np.int64(6), np.int64(8), np.int64(10), np.int64(12), np.int64(13), np.int64(14), np.int64(16), np.int64(17), np.int64(18), np.int64(19), np.int64(20), np.int64(21), np.int64(25), np.int64(26), np.int64(27), np.int64(30), np.int64(31), np.int64(32), np.int64(35), np.int64(36), np.int64(37), np.int64(40), np.int64(41), np.int64(42), np.int64(43), np.int64(45), np.int64(46), np.int64(47), np.int64(48), np.int64(49), np.int64(50)]"
x0**2*x1*4.8498893 - (x2**2 - 1*4.097967),x15*(x35 + x49)*(-0.14591716),29.782164,1.0281912,2,52,38,"[np.int64(0), np.int64(1), np.int64(3), np.int64(4), np.int64(5), np.int64(6), np.int64(7), np.int64(8), np.int64(10), np.int64(11), np.int64(12), np.int64(13), np.int64(14), np.int64(16), np.int64(17), np.int64(18), np.int64(19), np.int64(20), np.int64(21), np.int64(24), np.int64(25), np.int64(26), np.int64(28), np.int64(29), np.int64(30), np.int64(31), np.int64(33), np.int64(34), np.int64(35), np.int64(41), np.int64(43), np.int64(44), np.int64(45), np.int64(46), np.int64(48), np.int64(49), np.int64(50), np.int64(51)]",[],"[np.int64(0), np.int64(1), np.int64(3), np.int64(4), np.int64(5), np.int64(6), np.int64(7), np.int64(8), np.int64(10), np.int64(11), np.int64(12), np.int64(13), np.int64(14), np.int64(16), np.int64(17), np.int64(18), np.int64(19), np.int64(20), np.int64(21), np.int64(24), np.int64(25), np.int64(26), np.int64(28), np.int64(29), np.int64(30), np.int64(31), np.int64(33), np.int64(34), np.int64(35), np.int64(41), np.int64(43), np.int64(44), np.int64(45), np.int64(46), np.int64(48), np.int64(49), np.int64(50), np.int64(51)]"
5.1496763*x0**2*x1 - 2.93801646899325*x5 - 2.5532825*log(x2**2),x27*(x31 + x32)*0.14046556,9.999378,0.9475556,2,52,32,"[np.int64(0), np.int64(1), np.int64(3), np.int64(4), np.int64(5), np.int64(6), np.int64(7), np.int64(8), np.int64(9), np.int64(10), np.int64(13), np.int64(14), np.int64(15), np.int64(16), np.int64(17), np.int64(18), np.int64(19), np.int64(20), np.int64(21), np.int64(24), np.int64(29), np.int64(30), np.int64(37), np.int64(38), np.int64(39), np.int64(42), np.int64(44), np.int64(47), np.int64(48), np.int64(49), np.int64(50), np.int64(51)]",[],"[np.int64(0), np.int64(1), np.int64(3), np.int64(4), np.int64(5), np.int64(6), np.int64(7), np.int64(8), np.int64(9), np.int64(10), np.int64(13), np.int64(14), np.int64(15), np.int64(16), np.int64(17), np.int64(18), np.int64(19), np.int64(20), np.int64(21), np.int64(24), np.int64(29), np.int64(30), np.int64(37), np.int64(38), np.int64(39), np.int64(42), np.int64(44), np.int64(47), np.int64(48), np.int64(49), np.int64(50), np.int64(51)]"
4.97639500781072*x0**2*x1 - 2.5826907*x5 - 2.5826907*log(x2**2),x2*(0.06347598069136*(-x19 + x8)**2),10.27628,0.9108869,2,52,32,"[np.int64(0), np.int64(1), np.int64(2), np.int64(3), np.int64(5), np.int64(7), np.int64(10), np.int64(12), np.int64(13), np.int64(14), np.int64(15), np.int64(17), np.int64(18), np.int64(19), np.int64(20), np.int64(21), np.int64(22), np.int64(23), np.int64(24), np.int64(25), np.int64(27), np.int64(28), np.int64(31), np.int64(32), np.int64(35), np.int64(38), np.int64(42), np.int64(44), np.int64(45), np.int64(48), np.int64(50), np.int64(51)]",[],"[np.int64(0), np.int64(1), np.int64(2), np.int64(3), np.int64(5), np.int64(7), np.int64(10), np.int64(12), np.int64(13), np.int64(14), np.int64(15), np.int64(17), np.int64(18), np.int64(19), np.int64(20), np.int64(21), np.int64(22), np.int64(23), np.int64(24), np.int64(25), np.int64(27), np.int64(28), np.int64(31), np.int64(32), np.int64(35), np.int64(38), np.int64(42), np.int64(44), np.int64(45), np.int64(48), np.int64(50), np.int64(51)]"
4.8471694*x0**2*x1 - log(x2**4),x17*(-x0 + x17 + x30)*0.11247544*x16,15.658384,0.9311188,1,51,35,"[np.int64(0), np.int64(1), np.int64(2), np.int64(3), np.int64(4), np.int64(5), np.int64(6), np.int64(8), np.int64(9), np.int64(10), np.int64(12), np.int64(14), np.int64(15), np.int64(17), np.int64(18), np.int64(19), np.int64(20), np.int64(21), np.int64(24), np.int64(26), np.int64(27), np.int64(28), np.int64(30), np.int64(31), np.int64(33), np.int64(34), np.int64(36), np.int64(37), np.int64(38), np.int64(39), np.int64(42), np.int64(43), np.int64(44), np.int64(47), np.int64(49)]",[],"[np.int64(0), np.int64(1), np.int64(2), np.int64(3), np.int64(4), np.int64(5), np.int64(6), np.int64(8), np.int64(9), np.int64(10), np.int64(12), np.int64(14), np.int64(15), np.int64(17), np.int64(18), np.int64(19), np.int64(20), np.int64(21), np.int64(24), np.int64(26), np.int64(27), np.int64(28), np.int64(30), np.int64(31), np.int64(33), np.int64(34), np.int64(36), np.int64(37), np.int64(38), np.int64(39), np.int64(42), np.int64(43), np.int64(44), np.int64(47), np.int64(49)]"
4.9121014523124*x0**2*x1 - 3.0254695*x5 - 2.467456*log(x2**2),(0.0329483922462864*(-x16 + x24)**2)*(-x28**2 + x43),12.341758,0.93048346,3,53,33,"[np.int64(0), np.int64(1), np.int64(3), np.int64(5), np.int64(6), np.int64(7), np.int64(8), np.int64(13), np.int64(14), np.int64(15), np.int64(18), np.int64(20), np.int64(21), np.int64(22), np.int64(23), np.int64(25), np.int64(27), np.int64(28), np.int64(31), np.int64(32), np.int64(33), np.int64(35), np.int64(37), np.int64(38), np.int64(42), np.int64(43), np.int64(46), np.int64(47), np.int64(48), np.int64(49), np.int64(50), np.int64(51), np.int64(52)]",[],"[np.int64(0), np.int64(1), np.int64(3), np.int64(5), np.int64(6), np.int64(7), np.int64(8), np.int64(13), np.int64(14), np.int64(15), np.int64(18), np.int64(20), np.int64(21), np.int64(22), np.int64(23), np.int64(25), np.int64(27), np.int64(28), np.int64(31), np.int64(32), np.int64(33), np.int64(35), np.int64(37), np.int64(38), np.int64(42), np.int64(43), np.int64(46), np.int64(47), np.int64(48), np.int64(49), np.int64(50), np.int64(51), np.int64(52)]"
5.05918314346384*x0**2*x1 - x13 - log(x2**4) + 0.11656199,x3*(x21**2 + x34 + x43)*(-0.098115966),18.457848,0.9317069,2,52,43,"[np.int64(0), np.int64(1), np.int64(2), np.int64(3), np.int64(4), np.int64(5), np.int64(7), np.int64(8), np.int64(9), np.int64(11), np.int64(12), np.int64(13), np.int64(14), np.int64(16), np.int64(17), np.int64(18), np.int64(19), np.int64(20), np.int64(21), np.int64(22), np.int64(23), np.int64(24), np.int64(25), np.int64(26), np.int64(28), np.int64(29), np.int64(30), np.int64(31), np.int64(32), np.int64(33), np.int64(34), np.int64(36), np.int64(37), np.int64(39), np.int64(40), np.int64(41), np.int64(43), np.int64(46), np.int64(47), np.int64(48), np.int64(49), np.int64(50), np.int64(51)]",[],"[np.int64(0), np.int64(1), np.int64(2), np.int64(3), np.int64(4), np.int64(5), np.int64(7), np.int64(8), np.int64(9), np.int64(11), np.int64(12), np.int64(13), np.int64(14), np.int64(16), np.int64(17), np.int64(18), np.int64(19), np.int64(20), np.int64(21), np.int64(22), np.int64(23), np.int64(24), np.int64(25), np.int64(26), np.int64(28), np.int64(29), np.int64(30), np.int64(31), np.int64(32), np.int64(33), np.int64(34), np.int64(36), np.int64(37), np.int64(39), np.int64(40), np.int64(41), np.int64(43), np.int64(46), np.int64(47), np.int64(48), np.int64(49), np.int64(50), np.int64(51)]"
(x0**2*x1*1.7100574 - x2**2 - x5)*2.8684177 + 6.0781665,x24*(-0.154668)*x46,30.016352,0.9242522,2,52,38,"[np.int64(0), np.int64(1), np.int64(2), np.int64(5), np.int64(8), np.int64(9), np.int64(10), np.int64(12), np.int64(13), np.int64(16), np.int64(17), np.int64(18), np.int64(19), np.int64(21), np.int64(22), np.int64(23), np.int64(24), np.int64(25), np.int64(26), np.int64(27), np.int64(28), np.int64(29), np.int64(30), np.int64(31), np.int64(32), np.int64(33), np.int64(38), np.int64(39), np.int64(40), np.int64(41), np.int64(42), np.int64(43), np.int64(45), np.int64(47), np.int64(48), np.int64(49), np.int64(50), np.int64(51)]",[],"[np.int64(0), np.int64(1), np.int64(2), np.int64(5), np.int64(8), np.int64(9), np.int64(10), np.int64(12), np.int64(13), np.int64(16), np.int64(17), np.int64(18), np.int64(19), np.int64(21), np.int64(22), np.int64(23), np.int64(24), np.int64(25), np.int64(26), np.int64(27), np.int64(28), np.int64(29), np.int64(30), np.int64(31), np.int64(32), np.int64(33), np.int64(38), np.int64(39), np.int64(40), np.int64(41), np.int64(42), np.int64(43), np.int64(45), np.int64(47), np.int64(48), np.int64(49), np.int64(50), np.int64(51)]"
(x1*(x0 + x0)**2 - x2**2 - x5 + 2.9404387)*1.3625317,(-x29 + x7)**2*(x31 - x9)*0.053359114,24.927145,0.9931174,1,51,37,"[np.int64(0), np.int64(1), np.int64(2), np.int64(3), np.int64(5), np.int64(6), np.int64(7), np.int64(10), np.int64(11), np.int64(15), np.int64(16), np.int64(17), np.int64(18), np.int64(20), np.int64(22), np.int64(23), np.int64(24), np.int64(26), np.int64(27), np.int64(28), np.int64(30), np.int64(31), np.int64(32), np.int64(33), np.int64(34), np.int64(35), np.int64(36), np.int64(37), np.int64(38), np.int64(39), np.int64(43), np.int64(44), np.int64(45), np.int64(46), np.int64(47), np.int64(48), np.int64(50)]",[],"[np.int64(0), np.int64(1), np.int64(2), np.int64(3), np.int64(5), np.int64(6), np.int64(7), np.int64(10), np.int64(11), np.int64(15), np.int64(16), np.int64(17), np.int64(18), np.int64(20), np.int64(22), np.int64(23), np.int64(24), np.int64(26), np.int64(27), np.int64(28), np.int64(30), np.int64(31), np.int64(32), np.int64(33), np.int64(34), np.int64(35), np.int64(36), np.int64(37), np.int64(38), np.int64(39), np.int64(43), np.int64(44), np.int64(45), np.int64(46), np.int64(47), np.int64(48), np.int64(50)]"
4.93902122557154*x0**2*x1 - 2.5716674*x5 - 2.5716674*log(x2**2),x22*(-0.16671467),9.5186825,0.91103494,2,52,38,"[np.int64(0), np.int64(1), np.int64(2), np.int64(3), np.int64(4), np.int64(5), np.int64(6), np.int64(7), np.int64(8), np.int64(9), np.int64(10), np.int64(11), np.int64(14), np.int64(15), np.int64(16), np.int64(17), np.int64(19), np.int64(20), np.int64(21), np.int64(22), np.int64(25), np.int64(26), np.int64(27), np.int64(29), np.int64(32), np.int64(33), np.int64(35), np.int64(36), np.int64(37), np.int64(40), np.int64(42), np.int64(43), np.int64(44), np.int64(45), np.int64(47), np.int64(48), np.int64(50), np.int64(51)]",[],"[np.int64(0), np.int64(1), np.int64(2), np.int64(3), np.int64(4), np.int64(5), np.int64(6), np.int64(7), np.int64(8), np.int64(9), np.int64(10), np.int64(11), np.int64(14), np.int64(15), np.int64(16), np.int64(17), np.int64(19), np.int64(20), np.int64(21), np.int64(22), np.int64(25), np.int64(26), np.int64(27), np.int64(29), np.int64(32), np.int64(33), np.int64(35), np.int64(36), np.int64(37), np.int64(40), np.int64(42), np.int64(43), np.int64(44), np.int64(45), np.int64(47), np.int64(48), np.int64(50), np.int64(51)]"
4.99616344278311*x0**2*x1 - 2.6097405*x5 - 2.6097405*log(x2**2),(0.08865410970256*x44**2)*(x19 + x8),9.684477,0.89051723,3,53,39,"[np.int64(0), np.int64(1), np.int64(2), np.int64(3), np.int64(4), np.int64(5), np.int64(6), np.int64(8), np.int64(9), np.int64(10), np.int64(12), np.int64(13), np.int64(14), np.int64(16), np.int64(17), np.int64(18), np.int64(20), np.int64(24), np.int64(25), np.int64(26), np.int64(27), np.int64(28), np.int64(29), np.int64(30), np.int64(32), np.int64(33), np.int64(34), np.int64(35), np.int64(36), np.int64(38), np.int64(40), np.int64(41), np.int64(43), np.int64(46), np.int64(47), np.int64(49), np.int64(50), np.int64(51), np.int64(52)]",[],"[np.int64(0), np.int64(1), np.int64(2), np.int64(3), np.int64(4), np.int64(5), np.int64(6), np.int64(8), np.int64(9), np.int64(10), np.int64(12), np.int64(13), np.int64(14), np.int64(16), np.int64(17), np.int64(18), np.int64(20), np.int64(24), np.int64(25), np.int64(26), np.int64(27), np.int64(28), np.int64(29), np.int64(30), np.int64(32), np.int64(33), np.int64(34), np.int64(35), np.int64(36), np.int64(38), np.int64(40), np.int64(41), np.int64(43), np.int64(46), np.int64(47), np.int64(49), np.int64(50), np.int64(51), np.int64(52)]"
5.167778*x0**2*x1 - 2.5033875*x5 - 2.5033875*log(x2**2),x42*(-0.15345326)*x30,9.446546,1.0781319,2,52,34,"[np.int64(0), np.int64(1), np.int64(3), np.int64(4), np.int64(5), np.int64(6), np.int64(10), np.int64(12), np.int64(13), np.int64(14), np.int64(15), np.int64(17), np.int64(20), np.int64(21), np.int64(22), np.int64(23), np.int64(24), np.int64(25), np.int64(27), np.int64(28), np.int64(32), np.int64(33), np.int64(35), np.int64(37), np.int64(38), np.int64(41), np.int64(42), np.int64(44), np.int64(45), np.int64(46), np.int64(47), np.int64(49), np.int64(50), np.int64(51)]",[],"[np.int64(0), np.int64(1), np.int64(3), np.int64(4), np.int64(5), np.int64(6), np.int64(10), np.int64(12), np.int64(13), np.int64(14), np.int64(15), np.int64(17), np.int64(20), np.int64(21), np.int64(22), np.int64(23), np.int64(24), np.int64(25), np.int64(27), np.int64(28), np.int64(32), np.int64(33), np.int64(35), np.int64(37), np.int64(38), np.int64(41), np.int64(42), np.int64(44), np.int64(45), np.int64(46), np.int64(47), np.int64(49), np.int64(50), np.int64(51)]"
(x0**2*x1 - (x2**2 + x5) - 1*(-1.7138492))*3.883554,x31*(-0.13432778)*(x18 - x36),23.590994,0.8230495,2,52,38,"[np.int64(0), np.int64(1), np.int64(2), np.int64(3), np.int64(4), np.int64(5), np.int64(7), np.int64(8), np.int64(9), np.int64(10), np.int64(12), np.int64(13), np.int64(14), np.int64(15), np.int64(17), np.int64(19), np.int64(22), np.int64(23), np.int64(26), np.int64(28), np.int64(30), np.int64(32), np.int64(33), np.int64(34), np.int64(37), np.int64(38), np.int64(39), np.int64(40), np.int64(41), np.int64(42), np.int64(43), np.int64(45), np.int64(46), np.int64(47), np.int64(48), np.int64(49), np.int64(50), np.int64(51)]",[],"[np.int64(0), np.int64(1), np.int64(2), np.int64(3), np.int64(4), np.int64(5), np.int64(7), np.int64(8), np.int64(9), np.int64(10), np.int64(12), np.int64(13), np.int64(14), np.int64(15), np.int64(17), np.int64(19), np.int64(22), np.int64(23), np.int64(26), np.int64(28), np.int64(30), np.int64(32), np.int64(33), np.int64(34), np.int64(37), np.int64(38), np.int64(39), np.int64(40), np.int64(41), np.int64(42), np.int64(43), np.int64(45), np.int64(46), np.int64(47), np.int64(48), np.int64(49), np.int64(50), np.int64(51)]"
(x0**2*x1 - (x5 - 1*0.6777435))*4.535854,x34**2*0.08463149,35.749153,0.87105936,2,52,39,"[np.int64(0), np.int64(1), np.int64(2), np.int64(3), np.int64(4), np.int64(5), np.int64(8), np.int64(9), np.int64(10), np.int64(12), np.int64(13), np.int64(15), np.int64(17), np.int64(18), np.int64(19), np.int64(20), np.int64(22), np.int64(25), np.int64(26), np.int64(27), np.int64(28), np.int64(29), np.int64(30), np.int64(32), np.int64(34), np.int64(35), np.int64(36), np.int64(37), np.int64(38), np.int64(39), np.int64(40), np.int64(42), np.int64(43), np.int64(44), np.int64(45), np.int64(46), np.int64(49), np.int64(51)]",[np.int64(50)],"[np.int64(0), np.int64(1), np.int64(2), np.int64(3), np.int64(4), np.int64(5), np.int64(8), np.int64(9), np.int64(10), np.int64(12), np.int64(13), np.int64(15), np.int64(17), np.int64(18), np.int64(19), np.int64(20), np.int64(22), np.int64(25), np.int64(26), np.int64(27), np.int64(28), np.int64(29), np.int64(30), np.int64(32), np.int64(34), np.int64(35), np.int64(36), np.int64(37), np.int64(38), np.int64(39), np.int64(40), np.int64(42), np.int64(43), np.int64(44), np.int64(45), np.int64(46), np.int64(49), np.int64(50), np.int64(51)]"
4.71692073483712*x0**2*x1 - 2.542327*x5 - 2.542327*log(x2**2),(0.106662628397002*x4**2)*(x26*x27*(x22 + x26) - x27),11.712978,0.8986372,3,53,38,"[np.int64(0), np.int64(1), np.int64(3), np.int64(4), np.int64(5), np.int64(6), np.int64(7), np.int64(8), np.int64(9), np.int64(11), np.int64(12), np.int64(13), np.int64(17), np.int64(19), np.int64(21), np.int64(22), np.int64(24), np.int64(25), np.int64(26), np.int64(27), np.int64(28), np.int64(29), np.int64(30), np.int64(32), np.int64(35), np.int64(36), np.int64(38), np.int64(39), np.int64(40), np.int64(41), np.int64(42), np.int64(43), np.int64(44), np.int64(45), np.int64(49), np.int64(50), np.int64(51), np.int64(52)]",[],"[np.int64(0), np.int64(1), np.int64(3), np.int64(4), np.int64(5), np.int64(6), np.int64(7), np.int64(8), np.int64(9), np.int64(11), np.int64(12), np.int64(13), np.int64(17), np.int64(19), np.int64(21), np.int64(22), np.int64(24), np.int64(25), np.int64(26), np.int64(27), np.int64(28), np.int64(29), np.int64(30), np.int64(32), np.int64(35), np.int64(36), np.int64(38), np.int64(39), np.int64(40), np.int64(41), np.int64(42), np.int64(43), np.int64(44), np.int64(45), np.int64(49), np.int64(50), np.int64(51), np.int64(52)]"
x1*4.991069*x0**2 - 2.82364568941849*x2**2 - 1*(-5.575401),(x20 + x49 - 1*0.9385611)*(x27 + 1.1688938)*0.104424365,22.991219,0.94183725,2,52,33,"[np.int64(0), np.int64(1), np.int64(2), np.int64(3), np.int64(4), np.int64(5), np.int64(10), np.int64(14), np.int64(16), np.int64(17), np.int64(18), np.int64(19), np.int64(20), np.int64(22), np.int64(23), np.int64(25), np.int64(28), np.int64(29), np.int64(30), np.int64(31), np.int64(32), np.int64(34), np.int64(35), np.int64(36), np.int64(37), np.int64(39), np.int64(41), np.int64(44), np.int64(46), np.int64(47), np.int64(49), np.int64(50), np.int64(51)]",[],"[np.int64(0), np.int64(1), np.int64(2), np.int64(3), np.int64(4), np.int64(5), np.int64(10), np.int64(14), np.int64(16), np.int64(17), np.int64(18), np.int64(19), np.int64(20), np.int64(22), np.int64(23), np.int64(25), np.int64(28), np.int64(29), np.int64(30), np.int64(31), np.int64(32), np.int64(34), np.int64(35), np.int64(36), np.int64(37), np.int64(39), np.int64(41), np.int64(44), np.int64(46), np.int64(47), np.int64(49), np.int64(50), np.int64(51)]"
(x0**2*x1 - x2**2 - x5 + 1.7395504)*3.8278275,(x1 + x27 + x38)*0.11310217,27.215134,1.0158796,2,52,33,"[np.int64(1), np.int64(3), np.int64(4), np.int64(5), np.int64(7), np.int64(8), np.int64(9), np.int64(10), np.int64(14), np.int64(15), np.int64(16), np.int64(17), np.int64(19), np.int64(20), np.int64(21), np.int64(25), np.int64(26), np.int64(27), np.int64(28), np.int64(29), np.int64(30), np.int64(31), np.int64(33), np.int64(35), np.int64(36), np.int64(37), np.int64(38), np.int64(39), np.int64(41), np.int64(43), np.int64(45), np.int64(48), np.int64(50)]",[],"[np.int64(1), np.int64(3), np.int64(4), np.int64(5), np.int64(7), np.int64(8), np.int64(9), np.int64(10), np.int64(14), np.int64(15), np.int64(16), np.int64(17), np.int64(19), np.int64(20), np.int64(21), np.int64(25), np.int64(26), np.int64(27), np.int64(28), np.int64(29), np.int64(30), np.int64(31), np.int64(33), np.int64(35), np.int64(36), np.int64(37), np.int64(38), np.int64(39), np.int64(41), np.int64(43), np.int64(45), np.int64(48), np.int64(50)]"
(x0**2*x1 - x5 + 0.7592096)*4.6023793,x16*(0.00365949584585029*x35**4*x45**4),37.514122,0.8884291,1,51,37,"[np.int64(0), np.int64(1), np.int64(2), np.int64(3), np.int64(4), np.int64(5), np.int64(6), np.int64(7), np.int64(8), np.int64(9), np.int64(10), np.int64(12), np.int64(13), np.int64(14), np.int64(15), np.int64(16), np.int64(17), np.int64(18), np.int64(20), np.int64(21), np.int64(23), np.int64(24), np.int64(25), np.int64(27), np.int64(29), np.int64(30), np.int64(31), np.int64(32), np.int64(34), np.int64(39), np.int64(41), np.int64(42), np.int64(45), np.int64(46), np.int64(48), np.int64(49), np.int64(50)]",[],"[np.int64(0), np.int64(1), np.int64(2), np.int64(3), np.int64(4), np.int64(5), np.int64(6), np.int64(7), np.int64(8), np.int64(9), np.int64(10), np.int64(12), np.int64(13), np.int64(14), np.int64(15), np.int64(16), np.int64(17), np.int64(18), np.int64(20), np.int64(21), np.int64(23), np.int64(24), np.int64(25), np.int64(27), np.int64(29), np.int64(30), np.int64(31), np.int64(32), np.int64(34), np.int64(39), np.int64(41), np.int64(42), np.int64(45), np.int64(46), np.int64(48), np.int64(49), np.int64(50)]"
4.928214*x0**2*x1 - 2.550515*x5 - 2.550515*log(x2**2),0.0194513298745216*x10**4,8.904481,1.0927789,2,52,38,"[np.int64(0), np.int64(1), np.int64(2), np.int64(3), np.int64(4), np.int64(5), np.int64(6), np.int64(8), np.int64(11), np.int64(13), np.int64(14), np.int64(16), np.int64(17), np.int64(18), np.int64(19), np.int64(20), np.int64(21), np.int64(26), np.int64(27), np.int64(28), np.int64(29), np.int64(30), np.int64(32), np.int64(33), np.int64(34), np.int64(35), np.int64(37), np.int64(38), np.int64(39), np.int64(40), np.int64(41), np.int64(42), np.int64(43), np.int64(45), np.int64(47), np.int64(48), np.int64(50), np.int64(51)]",[],"[np.int64(0), np.int64(1), np.int64(2), np.int64(3), np.int64(4), np.int64(5), np.int64(6), np.int64(8), np.int64(11), np.int64(13), np.int64(14), np.int64(16), np.int64(17), np.int64(18), np.int64(19), np.int64(20), np.int64(21), np.int64(26), np.int64(27), np.int64(28), np.int64(29), np.int64(30), np.int64(32), np.int64(33), np.int64(34), np.int64(35), np.int64(37), np.int64(38), np.int64(39), np.int64(40), np.int64(41), np.int64(42), np.int64(43), np.int64(45), np.int64(47), np.int64(48), np.int64(50), np.int64(51)]"
4.8295474*x0**2*x1 - log(x2**4),x41*0.20151578*x18*x31,18.080084,0.92832375,1,51,33,"[np.int64(0), np.int64(1), np.int64(2), np.int64(5), np.int64(6), np.int64(8), np.int64(9), np.int64(11), np.int64(12), np.int64(13), np.int64(14), np.int64(15), np.int64(17), np.int64(19), np.int64(21), np.int64(24), np.int64(27), np.int64(28), np.int64(29), np.int64(30), np.int64(32), np.int64(33), np.int64(34), np.int64(37), np.int64(38), np.int64(39), np.int64(40), np.int64(42), np.int64(44), np.int64(46), np.int64(48), np.int64(49), np.int64(50)]",[],"[np.int64(0), np.int64(1), np.int64(2), np.int64(5), np.int64(6), np.int64(8), np.int64(9), np.int64(11), np.int64(12), np.int64(13), np.int64(14), np.int64(15), np.int64(17), np.int64(19), np.int64(21), np.int64(24), np.int64(27), np.int64(28), np.int64(29), np.int64(30), np.int64(32), np.int64(33), np.int64(34), np.int64(37), np.int64(38), np.int64(39), np.int64(40), np.int64(42), np.int64(44), np.int64(46), np.int64(48), np.int64(49), np.int64(50)]"
(-x5 - (x0**2*(-2.090189)*x1 + x2**2) + 2.31825)*2.5780253,x9*x28*(-0.1636772),30.729761,0.9769224,2,52,38,"[np.int64(0), np.int64(1), np.int64(2), np.int64(3), np.int64(4), np.int64(5), np.int64(7), np.int64(8), np.int64(12), np.int64(14), np.int64(15), np.int64(16), np.int64(17), np.int64(18), np.int64(19), np.int64(20), np.int64(21), np.int64(22), np.int64(23), np.int64(24), np.int64(25), np.int64(29), np.int64(30), np.int64(31), np.int64(32), np.int64(35), np.int64(36), np.int64(37), np.int64(39), np.int64(42), np.int64(43), np.int64(45), np.int64(46), np.int64(47), np.int64(48), np.int64(49), np.int64(50), np.int64(51)]",[],"[np.int64(0), np.int64(1), np.int64(2), np.int64(3), np.int64(4), np.int64(5), np.int64(7), np.int64(8), np.int64(12), np.int64(14), np.int64(15), np.int64(16), np.int64(17), np.int64(18), np.int64(19), np.int64(20), np.int64(21), np.int64(22), np.int64(23), np.int64(24), np.int64(25), np.int64(29), np.int64(30), np.int64(31), np.int64(32), np.int64(35), np.int64(36), np.int64(37), np.int64(39), np.int64(42), np.int64(43), np.int64(45), np.int64(46), np.int64(47), np.int64(48), np.int64(49), np.int64(50), np.int64(51)]"
5.155934*x0**2*x1 - 5.155934*x5 - 5.155934*log(sqrt(x2**2)),(-x36 + x48)*0.15844528,9.562606,0.9165347,2,52,34,"[np.int64(1), np.int64(2), np.int64(4), np.int64(5), np.int64(6), np.int64(7), np.int64(8), np.int64(11), np.int64(12), np.int64(13), np.int64(14), np.int64(16), np.int64(18), np.int64(19), np.int64(20), np.int64(21), np.int64(23), np.int64(25), np.int64(26), np.int64(27), np.int64(28), np.int64(29), np.int64(31), np.int64(32), np.int64(34), np.int64(36), np.int64(40), np.int64(42), np.int64(43), np.int64(45), np.int64(46), np.int64(48), np.int64(50), np.int64(51)]",[],"[np.int64(1), np.int64(2), np.int64(4), np.int64(5), np.int64(6), np.int64(7), np.int64(8), np.int64(11), np.int64(12), np.int64(13), np.int64(14), np.int64(16), np.int64(18), np.int64(19), np.int64(20), np.int64(21), np.int64(23), np.int64(25), np.int64(26), np.int64(27), np.int64(28), np.int64(29), np.int64(31), np.int64(32), np.int64(34), np.int64(36), np.int64(40), np.int64(42), np.int64(43), np.int64(45), np.int64(46), np.int64(48), np.int64(50), np.int64(51)]"
x0**2*x1*5.0404396 - (2.81531552325604*x2**2 - 6.212214),0.0069916421452816*x5**2*(-x2 + x30)**4,31.269121,0.8290145,3,53,37,"[np.int64(1), np.int64(2), np.int64(4), np.int64(5), np.int64(6), np.int64(9), np.int64(10), np.int64(11), np.int64(12), np.int64(13), np.int64(15), np.int64(17), np.int64(19), np.int64(23), np.int64(24), np.int64(25), np.int64(26), np.int64(27), np.int64(29), np.int64(30), np.int64(33), np.int64(34), np.int64(35), np.int64(38), np.int64(40), np.int64(41), np.int64(42), np.int64(43), np.int64(44), np.int64(45), np.int64(46), np.int64(47), np.int64(48), np.int64(49), np.int64(50), np.int64(51), np.int64(52)]",[],"[np.int64(1), np.int64(2), np.int64(4), np.int64(5), np.int64(6), np.int64(9), np.int64(10), np.int64(11), np.int64(12), np.int64(13), np.int64(15), np.int64(17), np.int64(19), np.int64(23), np.int64(24), np.int64(25), np.int64(26), np.int64(27), np.int64(29), np.int64(30), np.int64(33), np.int64(34), np.int64(35), np.int64(38), np.int64(40), np.int64(41), np.int64(42), np.int64(43), np.int64(44), np.int64(45), np.int64(46), np.int64(47), np.int64(48), np.int64(49), np.int64(50), np.int64(51), np.int64(52)]"
4.9726367*x0**2*x1 - 2.6314704*x5 - 2.6314704*log(x2**2),x17*0.1309973,11.885936,0.9242953,2,52,41,"[np.int64(0), np.int64(1), np.int64(2), np.int64(3), np.int64(4), np.int64(5), np.int64(6), np.int64(7), np.int64(8), np.int64(9), np.int64(10), np.int64(11), np.int64(12), np.int64(14), np.int64(17), np.int64(18), np.int64(19), np.int64(20), np.int64(21), np.int64(23), np.int64(24), np.int64(26), np.int64(27), np.int64(28), np.int64(29), np.int64(30), np.int64(31), np.int64(32), np.int64(33), np.int64(36), np.int64(37), np.int64(39), np.int64(40), np.int64(41), np.int64(43), np.int64(44), np.int64(45), np.int64(46), np.int64(48), np.int64(50), np.int64(51)]",[],"[np.int64(0), np.int64(1), np.int64(2), np.int64(3), np.int64(4), np.int64(5), np.int64(6), np.int64(7), np.int64(8), np.int64(9), np.int64(10), np.int64(11), np.int64(12), np.int64(14), np.int64(17), np.int64(18), np.int64(19), np.int64(20), np.int64(21), np.int64(23), np.int64(24), np.int64(26), np.int64(27), np.int64(28), np.int64(29), np.int64(30), np.int64(31), np.int64(32), np.int64(33), np.int64(36), np.int64(37), np.int64(39), np.int64(40), np.int64(41), np.int64(43), np.int64(44), np.int64(45), np.int64(46), np.int64(48), np.int64(50), np.int64(51)]"
(x0**2*x1 - x2**2 + 1.7996557)*4.440598,x19**2*(-0.0569531)*(x16 + x19),31.86063,0.9488448,3,53,35,"[np.int64(0), np.int64(1), np.int64(3), np.int64(4), np.int64(5), np.int64(8), np.int64(9), np.int64(10), np.int64(11), np.int64(14), np.int64(15), np.int64(16), np.int64(19), np.int64(20), np.int64(21), np.int64(22), np.int64(23), np.int64(25), np.int64(26), np.int64(27), np.int64(32), np.int64(34), np.int64(35), np.int64(36), np.int64(37), np.int64(38), np.int64(40), np.int64(41), np.int64(44), np.int64(46), np.int64(47), np.int64(49), np.int64(50), np.int64(51), np.int64(52)]",[],"[np.int64(0), np.int64(1), np.int64(3), np.int64(4), np.int64(5), np.int64(8), np.int64(9), np.int64(10), np.int64(11), np.int64(14), np.int64(15), np.int64(16), np.int64(19), np.int64(20), np.int64(21), np.int64(22), np.int64(23), np.int64(25), np.int64(26), np.int64(27), np.int64(32), np.int64(34), np.int64(35), np.int64(36), np.int64(37), np.int64(38), np.int64(40), np.int64(41), np.int64(44), np.int64(46), np.int64(47), np.int64(49), np.int64(50), np.int64(51), np.int64(52)]"
5.01372*x0**2*x1 - x5 - log(x2**4) + 0.17484808,0.0907553*(x13 + x29),13.4121065,0.9895281,1,51,38,"[np.int64(0), np.int64(1), np.int64(3), np.int64(4), np.int64(5), np.int64(7), np.int64(8), np.int64(9), np.int64(11), np.int64(12), np.int64(13), np.int64(14), np.int64(15), np.int64(16), np.int64(17), np.int64(18), np.int64(20), np.int64(21), np.int64(23), np.int64(24), np.int64(25), np.int64(27), np.int64(28), np.int64(29), np.int64(30), np.int64(31), np.int64(34), np.int64(35), np.int64(38), np.int64(39), np.int64(40), np.int64(42), np.int64(44), np.int64(45), np.int64(46), np.int64(47), np.int64(48), np.int64(50)]",[],"[np.int64(0), np.int64(1), np.int64(3), np.int64(4), np.int64(5), np.int64(7), np.int64(8), np.int64(9), np.int64(11), np.int64(12), np.int64(13), np.int64(14), np.int64(15), np.int64(16), np.int64(17), np.int64(18), np.int64(20), np.int64(21), np.int64(23), np.int64(24), np.int64(25), np.int64(27), np.int64(28), np.int64(29), np.int64(30), np.int64(31), np.int64(34), np.int64(35), np.int64(38), np.int64(39), np.int64(40), np.int64(42), np.int64(44), np.int64(45), np.int64(46), np.int64(47), np.int64(48), np.int64(50)]"
x1 - log(x2**4),x11*(x18 - x33)*(-0.13428035),46.01703,0.915527,0,50,40,"[np.int64(0), np.int64(1), np.int64(3), np.int64(4), np.int64(5), np.int64(6), np.int64(7), np.int64(9), np.int64(11), np.int64(13), np.int64(15), np.int64(16), np.int64(17), np.int64(19), np.int64(20), np.int64(21), np.int64(22), np.int64(24), np.int64(26), np.int64(28), np.int64(29), np.int64(30), np.int64(31), np.int64(32), np.int64(33), np.int64(34), np.int64(35), np.int64(36), np.int64(37), np.int64(38), np.int64(40), np.int64(41), np.int64(42), np.int64(43), np.int64(44), np.int64(45), np.int64(46), np.int64(47), np.int64(48), np.int64(49)]",[],"[np.int64(0), np.int64(1), np.int64(3), np.int64(4), np.int64(5), np.int64(6), np.int64(7), np.int64(9), np.int64(11), np.int64(13), np.int64(15), np.int64(16), np.int64(17), np.int64(19), np.int64(20), np.int64(21), np.int64(22), np.int64(24), np.int64(26), np.int64(28), np.int64(29), np.int64(30), np.int64(31), np.int64(32), np.int64(33), np.int64(34), np.int64(35), np.int64(36), np.int64(37), np.int64(38), np.int64(40), np.int64(41), np.int64(42), np.int64(43), np.int64(44), np.int64(45), np.int64(46), np.int64(47), np.int64(48), np.int64(49)]"
5.2231245*x0**2*x1 + (x5 - 1.4162804)**2 - log(x2**4) - 1.9911162,(0.012195005761*x7**4)*x9,12.838065,0.92760885,1,51,40,"[np.int64(0), np.int64(1), np.int64(2), np.int64(3), np.int64(4), np.int64(5), np.int64(6), np.int64(7), np.int64(9), np.int64(10), np.int64(11), np.int64(12), np.int64(13), np.int64(16), np.int64(17), np.int64(18), np.int64(20), np.int64(21), np.int64(23), np.int64(25), np.int64(26), np.int64(27), np.int64(28), np.int64(29), np.int64(30), np.int64(32), np.int64(34), np.int64(35), np.int64(36), np.int64(37), np.int64(39), np.int64(41), np.int64(42), np.int64(43), np.int64(44), np.int64(45), np.int64(47), np.int64(48), np.int64(49), np.int64(50)]",[],"[np.int64(0), np.int64(1), np.int64(2), np.int64(3), np.int64(4), np.int64(5), np.int64(6), np.int64(7), np.int64(9), np.int64(10), np.int64(11), np.int64(12), np.int64(13), np.int64(16), np.int64(17), np.int64(18), np.int64(20), np.int64(21), np.int64(23), np.int64(25), np.int64(26), np.int64(27), np.int64(28), np.int64(29), np.int64(30), np.int64(32), np.int64(34), np.int64(35), np.int64(36), np.int64(37), np.int64(39), np.int64(41), np.int64(42), np.int64(43), np.int64(44), np.int64(45), np.int64(47), np.int64(48), np.int64(49), np.int64(50)]"
(x0**2*x1 - x5 + 0.7290329)*4.6610227,x7*x49*0.03860975*(x10 + x7)**2,31.10373,0.94819295,1,51,38,"[np.int64(0), np.int64(1), np.int64(2), np.int64(5), np.int64(7), np.int64(8), np.int64(9), np.int64(10), np.int64(11), np.int64(12), np.int64(13), np.int64(15), np.int64(16), np.int64(18), np.int64(19), np.int64(20), np.int64(21), np.int64(23), np.int64(24), np.int64(25), np.int64(26), np.int64(27), np.int64(31), np.int64(32), np.int64(33), np.int64(35), np.int64(38), np.int64(39), np.int64(40), np.int64(41), np.int64(42), np.int64(43), np.int64(45), np.int64(46), np.int64(47), np.int64(48), np.int64(49), np.int64(50)]",[],"[np.int64(0), np.int64(1), np.int64(2), np.int64(5), np.int64(7), np.int64(8), np.int64(9), np.int64(10), np.int64(11), np.int64(12), np.int64(13), np.int64(15), np.int64(16), np.int64(18), np.int64(19), np.int64(20), np.int64(21), np.int64(23), np.int64(24), np.int64(25), np.int64(26), np.int64(27), np.int64(31), np.int64(32), np.int64(33), np.int64(35), np.int64(38), np.int64(39), np.int64(40), np.int64(41), np.int64(42), np.int64(43), np.int64(45), np.int64(46), np.int64(47), np.int64(48), np.int64(49), np.int64(50)]"
(x0**2*x1 - 1*(-0.71045864))*5.1240396,(x14 - (x20 + x43))*0.12357294,43.325024,0.9209211,1,51,34,"[np.int64(1), np.int64(2), np.int64(3), np.int64(4), np.int64(5), np.int64(6), np.int64(7), np.int64(9), np.int64(10), np.int64(11), np.int64(12), np.int64(13), np.int64(14), np.int64(15), np.int64(16), np.int64(18), np.int64(19), np.int64(21), np.int64(24), np.int64(25), np.int64(26), np.int64(27), np.int64(28), np.int64(35), np.int64(36), np.int64(37), np.int64(38), np.int64(39), np.int64(40), np.int64(44), np.int64(46), np.int64(47), np.int64(49), np.int64(50)]",[],"[np.int64(1), np.int64(2), np.int64(3), np.int64(4), np.int64(5), np.int64(6), np.int64(7), np.int64(9), np.int64(10), np.int64(11), np.int64(12), np.int64(13), np.int64(14), np.int64(15), np.int64(16), np.int64(18), np.int64(19), np.int64(21), np.int64(24), np.int64(25), np.int64(26), np.int64(27), np.int64(28), np.int64(35), np.int64(36), np.int64(37), np.int64(38), np.int64(39), np.int64(40), np.int64(44), np.int64(46), np.int64(47), np.int64(49), np.int64(50)]"
4.950927604624*x0**2*x1 - 2.964006*x5 - 2.4151459*log(x2**2),x14*(-0.13243267),12.213678,0.9444559,2,52,29,"[np.int64(0), np.int64(1), np.int64(3), np.int64(4), np.int64(5), np.int64(6), np.int64(11), np.int64(16), np.int64(17), np.int64(18), np.int64(21), np.int64(23), np.int64(25), np.int64(26), np.int64(27), np.int64(28), np.int64(31), np.int64(34), np.int64(35), np.int64(36), np.int64(37), np.int64(39), np.int64(41), np.int64(42), np.int64(43), np.int64(45), np.int64(46), np.int64(48), np.int64(50)]",[],"[np.int64(0), np.int64(1), np.int64(3), np.int64(4), np.int64(5), np.int64(6), np.int64(11), np.int64(16), np.int64(17), np.int64(18), np.int64(21), np.int64(23), np.int64(25), np.int64(26), np.int64(27), np.int64(28), np.int64(31), np.int64(34), np.int64(35), np.int64(36), np.int64(37), np.int64(39), np.int64(41), np.int64(42), np.int64(43), np.int64(45), np.int64(46), np.int64(48), np.int64(50)]"
x5*(-3.1093342) - (-4.83801668322064*x0**2*x1 + x2**2) + 4.1857314,x27*x6*0.15183957,32.4158,0.85494345,2,52,35,"[np.int64(1), np.int64(2), np.int64(3), np.int64(4), np.int64(5), np.int64(6), np.int64(7), np.int64(9), np.int64(10), np.int64(12), np.int64(13), np.int64(14), np.int64(17), np.int64(18), np.int64(19), np.int64(20), np.int64(22), np.int64(23), np.int64(24), np.int64(25), np.int64(28), np.int64(29), np.int64(30), np.int64(32), np.int64(33), np.int64(34), np.int64(35), np.int64(40), np.int64(41), np.int64(42), np.int64(43), np.int64(45), np.int64(46), np.int64(50), np.int64(51)]",[],"[np.int64(1), np.int64(2), np.int64(3), np.int64(4), np.int64(5), np.int64(6), np.int64(7), np.int64(9), np.int64(10), np.int64(12), np.int64(13), np.int64(14), np.int64(17), np.int64(18), np.int64(19), np.int64(20), np.int64(22), np.int64(23), np.int64(24), np.int64(25), np.int64(28), np.int64(29), np.int64(30), np.int64(32), np.int64(33), np.int64(34), np.int64(35), np.int64(40), np.int64(41), np.int64(42), np.int64(43), np.int64(45), np.int64(46), np.int64(50), np.int64(51)]"
4.9224133*x0**2*x1 - 3.0657597*x5 - 2.4672046*log(x2**2) + 0.17315951,x44**2*x3*(-0.13372806),10.884141,0.89293283,3,53,36,"[np.int64(0), np.int64(1), np.int64(3), np.int64(5), np.int64(7), np.int64(8), np.int64(10), np.int64(11), np.int64(12), np.int64(14), np.int64(15), np.int64(17), np.int64(18), np.int64(19), np.int64(20), np.int64(23), np.int64(24), np.int64(25), np.int64(26), np.int64(28), np.int64(31), np.int64(33), np.int64(34), np.int64(36), np.int64(38), np.int64(39), np.int64(41), np.int64(42), np.int64(43), np.int64(45), np.int64(46), np.int64(47), np.int64(48), np.int64(49), np.int64(50), np.int64(51)]",[],"[np.int64(0), np.int64(1), np.int64(3), np.int64(5), np.int64(7), np.int64(8), np.int64(10), np.int64(11), np.int64(12), np.int64(14), np.int64(15), np.int64(17), np.int64(18), np.int64(19), np.int64(20), np.int64(23), np.int64(24), np.int64(25), np.int64(26), np.int64(28), np.int64(31), np.int64(33), np.int64(34), np.int64(36), np.int64(38), np.int64(39), np.int64(41), np.int64(42), np.int64(43), np.int64(45), np.int64(46), np.int64(47), np.int64(48), np.int64(49), np.int64(50), np.int64(51)]"
5.0823703*x0**2*x1 - 3.145921*x5 - log(x2**4),x39*x42*(-0.17095329),8.561628,0.9038128,1,51,34,"[np.int64(0), np.int64(1), np.int64(2), np.int64(3), np.int64(5), np.int64(7), np.int64(8), np.int64(9), np.int64(11), np.int64(13), np.int64(15), np.int64(16), np.int64(17), np.int64(20), np.int64(21), np.int64(23), np.int64(24), np.int64(25), np.int64(26), np.int64(28), np.int64(30), np.int64(33), np.int64(34), np.int64(36), np.int64(37), np.int64(39), np.int64(40), np.int64(41), np.int64(43), np.int64(45), np.int64(46), np.int64(47), np.int64(49), np.int64(50)]",[],"[np.int64(0), np.int64(1), np.int64(2), np.int64(3), np.int64(5), np.int64(7), np.int64(8), np.int64(9), np.int64(11), np.int64(13), np.int64(15), np.int64(16), np.int64(17), np.int64(20), np.int64(21), np.int64(23), np.int64(24), np.int64(25), np.int64(26), np.int64(28), np.int64(30), np.int64(33), np.int64(34), np.int64(36), np.int64(37), np.int64(39), np.int64(40), np.int64(41), np.int64(43), np.int64(45), np.int64(46), np.int64(47), np.int64(49), np.int64(50)]"
5.116207573716*x0**2*x1 - 2.1847236*x5 - 2.1847236*log(x2**2),(x0 - x38)*x6*0.104611285,10.430974,0.9678527,2,52,28,"[np.int64(0), np.int64(1), np.int64(3), np.int64(4), np.int64(5), np.int64(6), np.int64(11), np.int64(14), np.int64(17), np.int64(18), np.int64(22), np.int64(23), np.int64(28), np.int64(29), np.int64(30), np.int64(32), np.int64(34), np.int64(36), np.int64(38), np.int64(40), np.int64(42), np.int64(43), np.int64(44), np.int64(47), np.int64(48), np.int64(49), np.int64(50), np.int64(51)]",[],"[np.int64(0), np.int64(1), np.int64(3), np.int64(4), np.int64(5), np.int64(6), np.int64(11), np.int64(14), np.int64(17), np.int64(18), np.int64(22), np.int64(23), np.int64(28), np.int64(29), np.int64(30), np.int64(32), np.int64(34), np.int64(36), np.int64(38), np.int64(40), np.int64(42), np.int64(43), np.int64(44), np.int64(47), np.int64(48), np.int64(49), np.int64(50), np.int64(51)]"
4.96617786219192*x0**2*x1 - 2.5604084*x5 - 2.5604084*log(x2**2) - 0.11690799150316,x10**2*0.09760084*x31,9.265019,0.93314666,3,53,34,"[np.int64(0), np.int64(1), np.int64(4), np.int64(5), np.int64(8), np.int64(10), np.int64(12), np.int64(13), np.int64(15), np.int64(16), np.int64(17), np.int64(19), np.int64(20), np.int64(21), np.int64(22), np.int64(23), np.int64(26), np.int64(27), np.int64(28), np.int64(29), np.int64(30), np.int64(31), np.int64(35), np.int64(38), np.int64(40), np.int64(41), np.int64(42), np.int64(44), np.int64(45), np.int64(48), np.int64(49), np.int64(50), np.int64(51), np.int64(52)]",[],"[np.int64(0), np.int64(1), np.int64(4), np.int64(5), np.int64(8), np.int64(10), np.int64(12), np.int64(13), np.int64(15), np.int64(16), np.int64(17), np.int64(19), np.int64(20), np.int64(21), np.int64(22), np.int64(23), np.int64(26), np.int64(27), np.int64(28), np.int64(29), np.int64(30), np.int64(31), np.int64(35), np.int64(38), np.int64(40), np.int64(41), np.int64(42), np.int64(44), np.int64(45), np.int64(48), np.int64(49), np.int64(50), np.int64(51), np.int64(52)]"
x0**2*5.054278*x1 - 2.8193583*(x2**2 + x5 - 1*1.9948665),(-x29 + x43)*0.11690017,26.003353,0.96352565,2,52,34,"[np.int64(0), np.int64(1), np.int64(2), np.int64(5), np.int64(7), np.int64(10), np.int64(11), np.int64(12), np.int64(13), np.int64(14), np.int64(15), np.int64(16), np.int64(17), np.int64(18), np.int64(20), np.int64(22), np.int64(23), np.int64(24), np.int64(25), np.int64(26), np.int64(27), np.int64(30), np.int64(31), np.int64(32), np.int64(33), np.int64(34), np.int64(36), np.int64(37), np.int64(41), np.int64(45), np.int64(48), np.int64(49), np.int64(50), np.int64(51)]",[],"[np.int64(0), np.int64(1), np.int64(2), np.int64(5), np.int64(7), np.int64(10), np.int64(11), np.int64(12), np.int64(13), np.int64(14), np.int64(15), np.int64(16), np.int64(17), np.int64(18), np.int64(20), np.int64(22), np.int64(23), np.int64(24), np.int64(25), np.int64(26), np.int64(27), np.int64(30), np.int64(31), np.int64(32), np.int64(33), np.int64(34), np.int64(36), np.int64(37), np.int64(41), np.int64(45), np.int64(48), np.int64(49), np.int64(50), np.int64(51)]"
4.933061*x0**2*x1 - 2.71993*x2**2 - 1*(-5.6935086),0.00022698498272911*(x33 + 0.6128252)**8,26.493626,0.9679318,2,52,37,"[np.int64(1), np.int64(2), np.int64(3), np.int64(5), np.int64(7), np.int64(8), np.int64(9), np.int64(10), np.int64(11), np.int64(12), np.int64(13), np.int64(15), np.int64(16), np.int64(17), np.int64(19), np.int64(22), np.int64(24), np.int64(25), np.int64(26), np.int64(28), np.int64(29), np.int64(30), np.int64(31), np.int64(32), np.int64(33), np.int64(35), np.int64(36), np.int64(38), np.int64(39), np.int64(40), np.int64(42), np.int64(43), np.int64(44), np.int64(47), np.int64(48), np.int64(50), np.int64(51)]",[],"[np.int64(1), np.int64(2), np.int64(3), np.int64(5), np.int64(7), np.int64(8), np.int64(9), np.int64(10), np.int64(11), np.int64(12), np.int64(13), np.int64(15), np.int64(16), np.int64(17), np.int64(19), np.int64(22), np.int64(24), np.int64(25), np.int64(26), np.int64(28), np.int64(29), np.int64(30), np.int64(31), np.int64(32), np.int64(33), np.int64(35), np.int64(36), np.int64(38), np.int64(39), np.int64(40), np.int64(42), np.int64(43), np.int64(44), np.int64(47), np.int64(48), np.int64(50), np.int64(51)]"
2.4731586*x1*(1.4419591*x0 + 0.045367811218842)**2 - 2.4731586*x5 - 2.4731586*log(x2**2) + 0.077812049231532,x42*0.14567122*(x13 + x41),11.667318,0.93107855,1,51,38,"[np.int64(0), np.int64(1), np.int64(4), np.int64(5), np.int64(6), np.int64(8), np.int64(9), np.int64(10), np.int64(11), np.int64(12), np.int64(14), np.int64(15), np.int64(18), np.int64(19), np.int64(20), np.int64(22), np.int64(23), np.int64(24), np.int64(25), np.int64(26), np.int64(27), np.int64(28), np.int64(29), np.int64(30), np.int64(31), np.int64(33), np.int64(34), np.int64(35), np.int64(36), np.int64(39), np.int64(40), np.int64(41), np.int64(43), np.int64(45), np.int64(46), np.int64(48), np.int64(49), np.int64(50)]",[],"[np.int64(0), np.int64(1), np.int64(4), np.int64(5), np.int64(6), np.int64(8), np.int64(9), np.int64(10), np.int64(11), np.int64(12), np.int64(14), np.int64(15), np.int64(18), np.int64(19), np.int64(20), np.int64(22), np.int64(23), np.int64(24), np.int64(25), np.int64(26), np.int64(27), np.int64(28), np.int64(29), np.int64(30), np.int64(31), np.int64(33), np.int64(34), np.int64(35), np.int64(36), np.int64(39), np.int64(40), np.int64(41), np.int64(43), np.int64(45), np.int64(46), np.int64(48), np.int64(49), np.int64(50)]"
(-(-2.035963)*x0**2*x1 - x2**2 - x5 + 2.2476175)*2.379688,(x29 + x35)*(x29 - x44**2)*(-0.07038487),27.280624,0.9149678,3,53,34,"[np.int64(0), np.int64(1), np.int64(3), np.int64(4), np.int64(5), np.int64(6), np.int64(7), np.int64(10), np.int64(13), np.int64(15), np.int64(16), np.int64(17), np.int64(18), np.int64(19), np.int64(22), np.int64(23), np.int64(25), np.int64(26), np.int64(27), np.int64(28), np.int64(29), np.int64(31), np.int64(32), np.int64(33), np.int64(35), np.int64(40), np.int64(41), np.int64(43), np.int64(45), np.int64(47), np.int64(48), np.int64(50), np.int64(51), np.int64(52)]",[],"[np.int64(0), np.int64(1), np.int64(3), np.int64(4), np.int64(5), np.int64(6), np.int64(7), np.int64(10), np.int64(13), np.int64(15), np.int64(16), np.int64(17), np.int64(18), np.int64(19), np.int64(22), np.int64(23), np.int64(25), np.int64(26), np.int64(27), np.int64(28), np.int64(29), np.int64(31), np.int64(32), np.int64(33), np.int64(35), np.int64(40), np.int64(41), np.int64(43), np.int64(45), np.int64(47), np.int64(48), np.int64(50), np.int64(51), np.int64(52)]"
4.9863906*x0**2*x1 - 2.5753844*x5 - 2.5753844*log(x2**2) + 0.0784188942970536,x9*(-0.17850469)*x36,9.339022,0.8872361,2,52,42,"[np.int64(0), np.int64(1), np.int64(2), np.int64(3), np.int64(4), np.int64(5), np.int64(6), np.int64(7), np.int64(8), np.int64(9), np.int64(10), np.int64(11), np.int64(12), np.int64(14), np.int64(16), np.int64(17), np.int64(18), np.int64(19), np.int64(20), np.int64(22), np.int64(23), np.int64(25), np.int64(26), np.int64(27), np.int64(29), np.int64(30), np.int64(31), np.int64(32), np.int64(35), np.int64(36), np.int64(37), np.int64(38), np.int64(40), np.int64(41), np.int64(43), np.int64(45), np.int64(46), np.int64(47), np.int64(48), np.int64(49), np.int64(50), np.int64(51)]",[],"[np.int64(0), np.int64(1), np.int64(2), np.int64(3), np.int64(4), np.int64(5), np.int64(6), np.int64(7), np.int64(8), np.int64(9), np.int64(10), np.int64(11), np.int64(12), np.int64(14), np.int64(16), np.int64(17), np.int64(18), np.int64(19), np.int64(20), np.int64(22), np.int64(23), np.int64(25), np.int64(26), np.int64(27), np.int64(29), np.int64(30), np.int64(31), np.int64(32), np.int64(35), np.int64(36), np.int64(37), np.int64(38), np.int64(40), np.int64(41), np.int64(43), np.int64(45), np.int64(46), np.int64(47), np.int64(48), np.int64(49), np.int64(50), np.int64(51)]"
5.01392603872376*x0**2*x1 - 2.5459132*x5 - 2.5459132*log(x2**2),x20*0.14825456,12.196769,0.9056164,2,52,35,"[np.int64(0), np.int64(1), np.int64(4), np.int64(5), np.int64(7), np.int64(8), np.int64(10), np.int64(12), np.int64(13), np.int64(14), np.int64(15), np.int64(16), np.int64(18), np.int64(19), np.int64(20), np.int64(21), np.int64(22), np.int64(23), np.int64(24), np.int64(26), np.int64(27), np.int64(30), np.int64(32), np.int64(34), np.int64(37), np.int64(38), np.int64(39), np.int64(40), np.int64(41), np.int64(43), np.int64(47), np.int64(48), np.int64(49), np.int64(50), np.int64(51)]",[],"[np.int64(0), np.int64(1), np.int64(4), np.int64(5), np.int64(7), np.int64(8), np.int64(10), np.int64(12), np.int64(13), np.int64(14), np.int64(15), np.int64(16), np.int64(18), np.int64(19), np.int64(20), np.int64(21), np.int64(22), np.int64(23), np.int64(24), np.int64(26), np.int64(27), np.int64(30), np.int64(32), np.int64(34), np.int64(37), np.int64(38), np.int64(39), np.int64(40), np.int64(41), np.int64(43), np.int64(47), np.int64(48), np.int64(49), np.int64(50), np.int64(51)]"
5.1036077*x0**2*x1 - 3.1459472*x5 - log(x2**4),0.12327688*x40*(-x16 + x45),8.50705,0.8397807,1,51,39,"[np.int64(0), np.int64(1), np.int64(2), np.int64(3), np.int64(4), np.int64(5), np.int64(6), np.int64(7), np.int64(9), np.int64(10), np.int64(12), np.int64(13), np.int64(14), np.int64(15), np.int64(16), np.int64(17), np.int64(18), np.int64(20), np.int64(21), np.int64(22), np.int64(25), np.int64(26), np.int64(28), np.int64(30), np.int64(31), np.int64(32), np.int64(34), np.int64(35), np.int64(36), np.int64(37), np.int64(39), np.int64(40), np.int64(41), np.int64(42), np.int64(44), np.int64(46), np.int64(47), np.int64(49), np.int64(50)]",[],"[np.int64(0), np.int64(1), np.int64(2), np.int64(3), np.int64(4), np.int64(5), np.int64(6), np.int64(7), np.int64(9), np.int64(10), np.int64(12), np.int64(13), np.int64(14), np.int64(15), np.int64(16), np.int64(17), np.int64(18), np.int64(20), np.int64(21), np.int64(22), np.int64(25), np.int64(26), np.int64(28), np.int64(30), np.int64(31), np.int64(32), np.int64(34), np.int64(35), np.int64(36), np.int64(37), np.int64(39), np.int64(40), np.int64(41), np.int64(42), np.int64(44), np.int64(46), np.int64(47), np.int64(49), np.int64(50)]"
x0**2*x1*4.8602333 - 1*(-3.4523926),x36*x25*0.14406113*(-x33 + x34),39.626324,0.9478911,1,51,38,"[np.int64(1), np.int64(5), np.int64(6), np.int64(7), np.int64(8), np.int64(9), np.int64(10), np.int64(11), np.int64(12), np.int64(14), np.int64(15), np.int64(16), np.int64(17), np.int64(19), np.int64(20), np.int64(22), np.int64(23), np.int64(25), np.int64(26), np.int64(27), np.int64(28), np.int64(30), np.int64(32), np.int64(33), np.int64(35), np.int64(37), np.int64(39), np.int64(40), np.int64(41), np.int64(42), np.int64(43), np.int64(44), np.int64(45), np.int64(46), np.int64(47), np.int64(48), np.int64(49), np.int64(50)]",[],"[np.int64(1), np.int64(5), np.int64(6), np.int64(7), np.int64(8), np.int64(9), np.int64(10), np.int64(11), np.int64(12), np.int64(14), np.int64(15), np.int64(16), np.int64(17), np.int64(19), np.int64(20), np.int64(22), np.int64(23), np.int64(25), np.int64(26), np.int64(27), np.int64(28), np.int64(30), np.int64(32), np.int64(33), np.int64(35), np.int64(37), np.int64(39), np.int64(40), np.int64(41), np.int64(42), np.int64(43), np.int64(44), np.int64(45), np.int64(46), np.int64(47), np.int64(48), np.int64(49), np.int64(50)]"
(5.234404045924*x0**2)*x1 - 2.722404*(x2**2 + x5 - 1*2.0727549),x10*x42*(-0.16032901),24.214092,0.9050936,2,52,32,"[np.int64(0), np.int64(1), np.int64(2), np.int64(3), np.int64(4), np.int64(5), np.int64(6), np.int64(7), np.int64(9), np.int64(12), np.int64(13), np.int64(15), np.int64(16), np.int64(18), np.int64(19), np.int64(20), np.int64(22), np.int64(28), np.int64(29), np.int64(35), np.int64(37), np.int64(38), np.int64(41), np.int64(42), np.int64(43), np.int64(44), np.int64(45), np.int64(46), np.int64(47), np.int64(48), np.int64(50), np.int64(51)]",[],"[np.int64(0), np.int64(1), np.int64(2), np.int64(3), np.int64(4), np.int64(5), np.int64(6), np.int64(7), np.int64(9), np.int64(12), np.int64(13), np.int64(15), np.int64(16), np.int64(18), np.int64(19), np.int64(20), np.int64(22), np.int64(28), np.int64(29), np.int64(35), np.int64(37), np.int64(38), np.int64(41), np.int64(42), np.int64(43), np.int64(44), np.int64(45), np.int64(46), np.int64(47), np.int64(48), np.int64(50), np.int64(51)]"
(x1*x0**2*1.6998966 - x2**2 - x5 + 1.9023825)*2.9543145,0.10478091*(x31 - (-x41 + x9**2)),24.094412,0.9227141,3,53,43,"[np.int64(0), np.int64(1), np.int64(3), np.int64(5), np.int64(6), np.int64(7), np.int64(8), np.int64(9), np.int64(10), np.int64(11), np.int64(14), np.int64(15), np.int64(16), np.int64(18), np.int64(19), np.int64(20), np.int64(21), np.int64(22), np.int64(23), np.int64(25), np.int64(26), np.int64(27), np.int64(28), np.int64(30), np.int64(31), np.int64(32), np.int64(34), np.int64(35), np.int64(36), np.int64(38), np.int64(40), np.int64(41), np.int64(42), np.int64(43), np.int64(44), np.int64(45), np.int64(46), np.int64(47), np.int64(48), np.int64(49), np.int64(50), np.int64(51), np.int64(52)]",[],"[np.int64(0), np.int64(1), np.int64(3), np.int64(5), np.int64(6), np.int64(7), np.int64(8), np.int64(9), np.int64(10), np.int64(11), np.int64(14), np.int64(15), np.int64(16), np.int64(18), np.int64(19), np.int64(20), np.int64(21), np.int64(22), np.int64(23), np.int64(25), np.int64(26), np.int64(27), np.int64(28), np.int64(30), np.int64(31), np.int64(32), np.int64(34), np.int64(35), np.int64(36), np.int64(38), np.int64(40), np.int64(41), np.int64(42), np.int64(43), np.int64(44), np.int64(45), np.int64(46), np.int64(47), np.int64(48), np.int64(49), np.int64(50), np.int64(51), np.int64(52)]"
x0**2*4.8652363*x1 + 3.6684387,x0 + x1 + x2 + x3 + x4 + x5,45.94897,0.9001925,1,51,33,"[np.int64(0), np.int64(1), np.int64(2), np.int64(3), np.int64(4), np.int64(5), np.int64(7), np.int64(9), np.int64(10), np.int64(11), np.int64(12), np.int64(13), np.int64(15), np.int64(16), np.int64(18), np.int64(19), np.int64(20), np.int64(21), np.int64(23), np.int64(24), np.int64(27), np.int64(29), np.int64(30), np.int64(31), np.int64(34), np.int64(36), np.int64(38), np.int64(43), np.int64(45), np.int64(46), np.int64(47), np.int64(48)]","[np.int64(0), np.int64(1), np.int64(2), np.int64(3), np.int64(4), np.int64(5), np.int64(50)]","[np.int64(0), np.int64(1), np.int64(2), np.int64(3), np.int64(4), np.int64(5), np.int64(7), np.int64(9), np.int64(10), np.int64(11), np.int64(12), np.int64(13), np.int64(15), np.int64(16), np.int64(18), np.int64(19), np.int64(20), np.int64(21), np.int64(23), np.int64(24), np.int64(27), np.int64(29), np.int64(30), np.int64(31), np.int64(34), np.int64(36), np.int64(38), np.int64(43), np.int64(45), np.int64(46), np.int64(47), np.int64(48), np.int64(50)]"
5.0786486*x0**2*x1 + x1 - 2.4377794*log((x2 - 0.000263560000000052)**2),x0 + x1 + x2 + x3 + x4 + x5,17.17723,0.909211,1,51,41,"[np.int64(1), np.int64(2), np.int64(3), np.int64(4), np.int64(5), np.int64(6), np.int64(7), np.int64(8), np.int64(9), np.int64(10), np.int64(12), np.int64(13), np.int64(14), np.int64(15), np.int64(16), np.int64(17), np.int64(18), np.int64(21), np.int64(23), np.int64(24), np.int64(25), np.int64(26), np.int64(27), np.int64(28), np.int64(29), np.int64(30), np.int64(31), np.int64(32), np.int64(37), np.int64(38), np.int64(40), np.int64(41), np.int64(43), np.int64(44), np.int64(45), np.int64(46), np.int64(47), np.int64(48), np.int64(49), np.int64(50)]","[np.int64(0), np.int64(1), np.int64(2), np.int64(3), np.int64(4), np.int64(5)]","[np.int64(0), np.int64(1), np.int64(2), np.int64(3), np.int64(4), np.int64(5), np.int64(6), np.int64(7), np.int64(8), np.int64(9), np.int64(10), np.int64(12), np.int64(13), np.int64(14), np.int64(15), np.int64(16), np.int64(17), np.int64(18), np.int64(21), np.int64(23), np.int64(24), np.int64(25), np.int64(26), np.int64(27), np.int64(28), np.int64(29), np.int64(30), np.int64(31), np.int64(32), np.int64(37), np.int64(38), np.int64(40), np.int64(41), np.int64(43), np.int64(44), np.int64(45), np.int64(46), np.int64(47), np.int64(48), np.int64(49), np.int64(50)]"
5.262137*x0**2*x1 + 2.5983393*(-x2**2 - x5 + 2.2774777),x0 + x1 + x2 + x3 + x4 + x5,29.404715,0.90953654,2,52,35,"[np.int64(0), np.int64(1), np.int64(2), np.int64(3), np.int64(4), np.int64(5), np.int64(7), np.int64(8), np.int64(9), np.int64(12), np.int64(13), np.int64(14), np.int64(16), np.int64(17), np.int64(18), np.int64(19), np.int64(20), np.int64(21), np.int64(24), np.int64(26), np.int64(28), np.int64(30), np.int64(31), np.int64(32), np.int64(33), np.int64(35), np.int64(37), np.int64(39), np.int64(40), np.int64(41), np.int64(43), np.int64(48), np.int64(49), np.int64(50), np.int64(51)]","[np.int64(0), np.int64(1), np.int64(2), np.int64(3), np.int64(4), np.int64(5)]","[np.int64(0), np.int64(1), np.int64(2), np.int64(3), np.int64(4), np.int64(5), np.int64(7), np.int64(8), np.int64(9), np.int64(12), np.int64(13), np.int64(14), np.int64(16), np.int64(17), np.int64(18), np.int64(19), np.int64(20), np.int64(21), np.int64(24), np.int64(26), np.int64(28), np.int64(30), np.int64(31), np.int64(32), np.int64(33), np.int64(35), np.int64(37), np.int64(39), np.int64(40), np.int64(41), np.int64(43), np.int64(48), np.int64(49), np.int64(50), np.int64(51)]"
5.097359787553*x0**2*x1 - 1.1877965*log(x2**4),x0 + x1 + x2 + x3 + x4 + x5,17.021503,1.0463479,1,51,44,"[np.int64(0), np.int64(1), np.int64(2), np.int64(3), np.int64(4), np.int64(5), np.int64(6), np.int64(7), np.int64(8), np.int64(10), np.int64(11), np.int64(12), np.int64(13), np.int64(15), np.int64(16), np.int64(17), np.int64(20), np.int64(21), np.int64(22), np.int64(23), np.int64(24), np.int64(25), np.int64(26), np.int64(27), np.int64(28), np.int64(29), np.int64(30), np.int64(31), np.int64(32), np.int64(33), np.int64(34), np.int64(35), np.int64(36), np.int64(37), np.int64(39), np.int64(40), np.int64(41), np.int64(43), np.int64(44), np.int64(45), np.int64(47), np.int64(48), np.int64(49), np.int64(50)]","[np.int64(0), np.int64(1), np.int64(2), np.int64(3), np.int64(4), np.int64(5)]","[np.int64(0), np.int64(1), np.int64(2), np.int64(3), np.int64(4), np.int64(5), np.int64(6), np.int64(7), np.int64(8), np.int64(10), np.int64(11), np.int64(12), np.int64(13), np.int64(15), np.int64(16), np.int64(17), np.int64(20), np.int64(21), np.int64(22), np.int64(23), np.int64(24), np.int64(25), np.int64(26), np.int64(27), np.int64(28), np.int64(29), np.int64(30), np.int64(31), np.int64(32), np.int64(33), np.int64(34), np.int64(35), np.int64(36), np.int64(37), np.int64(39), np.int64(40), np.int64(41), np.int64(43), np.int64(44), np.int64(45), np.int64(47), np.int64(48), np.int64(49), np.int64(50)]"
x0**2*x1*5.0299687 + 3.2023299,x0 + x1 + x2 + x3 + x4 + x5,34.504456,1.0174694,1,51,37,"[np.int64(0), np.int64(1), np.int64(2), np.int64(3), np.int64(5), np.int64(6), np.int64(8), np.int64(10), np.int64(12), np.int64(13), np.int64(14), np.int64(16), np.int64(17), np.int64(18), np.int64(19), np.int64(20), np.int64(21), np.int64(25), np.int64(26), np.int64(27), np.int64(30), np.int64(31), np.int64(32), np.int64(35), np.int64(36), np.int64(37), np.int64(39), np.int64(40), np.int64(41), np.int64(42), np.int64(43), np.int64(45), np.int64(46), np.int64(47), np.int64(48), np.int64(50)]","[np.int64(0), np.int64(1), np.int64(2), np.int64(3), np.int64(4), np.int64(5)]","[np.int64(0), np.int64(1), np.int64(2), np.int64(3), np.int64(4), np.int64(5), np.int64(6), np.int64(8), np.int64(10), np.int64(12), np.int64(13), np.int64(14), np.int64(16), np.int64(17), np.int64(18), np.int64(19), np.int64(20), np.int64(21), np.int64(25), np.int64(26), np.int64(27), np.int64(30), np.int64(31), np.int64(32), np.int64(35), np.int64(36), np.int64(37), np.int64(39), np.int64(40), np.int64(41), np.int64(42), np.int64(43), np.int64(45), np.int64(46), np.int64(47), np.int64(48), np.int64(50)]"
4.95896603037696*x0**2*x1 - log(x2**2) + 1.9209899,x0 + x1 + x3 + x4 + x5 - (0.043902896 - x2),18.26086,1.0818809,2,52,39,"[np.int64(0), np.int64(1), np.int64(2), np.int64(3), np.int64(4), np.int64(5), np.int64(6), np.int64(7), np.int64(8), np.int64(10), np.int64(11), np.int64(12), np.int64(13), np.int64(14), np.int64(16), np.int64(17), np.int64(18), np.int64(19), np.int64(20), np.int64(21), np.int64(24), np.int64(25), np.int64(26), np.int64(28), np.int64(29), np.int64(30), np.int64(31), np.int64(33), np.int64(34), np.int64(35), np.int64(41), np.int64(43), np.int64(44), np.int64(45), np.int64(46), np.int64(48), np.int64(49), np.int64(50), np.int64(51)]","[np.int64(0), np.int64(1), np.int64(2), np.int64(3), np.int64(4), np.int64(5)]","[np.int64(0), np.int64(1), np.int64(2), np.int64(3), np.int64(4), np.int64(5), np.int64(6), np.int64(7), np.int64(8), np.int64(10), np.int64(11), np.int64(12), np.int64(13), np.int64(14), np.int64(16), np.int64(17), np.int64(18), np.int64(19), np.int64(20), np.int64(21), np.int64(24), np.int64(25), np.int64(26), np.int64(28), np.int64(29), np.int64(30), np.int64(31), np.int64(33), np.int64(34), np.int64(35), np.int64(41), np.int64(43), np.int64(44), np.int64(45), np.int64(46), np.int64(48), np.int64(49), np.int64(50), np.int64(51)]"
(5.51997873783225*x0**2)*x1 - 1*(-3.409005),x0 + x1 + x2 + x3 + x4 + x5,37.988907,0.9861499,1,51,37,"[np.int64(1), np.int64(2), np.int64(3), np.int64(4), np.int64(5), np.int64(6), np.int64(7), np.int64(8), np.int64(9), np.int64(10), np.int64(12), np.int64(13), np.int64(15), np.int64(18), np.int64(19), np.int64(20), np.int64(21), np.int64(22), np.int64(23), np.int64(24), np.int64(26), np.int64(29), np.int64(30), np.int64(31), np.int64(32), np.int64(33), np.int64(35), np.int64(36), np.int64(37), np.int64(40), np.int64(41), np.int64(44), np.int64(46), np.int64(47), np.int64(48), np.int64(50)]","[np.int64(0), np.int64(1), np.int64(2), np.int64(3), np.int64(4), np.int64(5)]","[np.int64(0), np.int64(1), np.int64(2), np.int64(3), np.int64(4), np.int64(5), np.int64(6), np.int64(7), np.int64(8), np.int64(9), np.int64(10), np.int64(12), np.int64(13), np.int64(15), np.int64(18), np.int64(19), np.int64(20), np.int64(21), np.int64(22), np.int64(23), np.int64(24), np.int64(26), np.int64(29), np.int64(30), np.int64(31), np.int64(32), np.int64(33), np.int64(35), np.int64(36), np.int64(37), np.int64(40), np.int64(41), np.int64(44), np.int64(46), np.int64(47), np.int64(48), np.int64(50)]"
x1*x0**2*4.9477673 - x2**2 + 4.68693,x0 + x1 + x2 + x3 + x4 + x5,32.919827,0.9679131,2,52,35,"[np.int64(0), np.int64(1), np.int64(3), np.int64(4), np.int64(5), np.int64(7), np.int64(10), np.int64(12), np.int64(13), np.int64(14), np.int64(15), np.int64(17), np.int64(18), np.int64(19), np.int64(20), np.int64(21), np.int64(22), np.int64(23), np.int64(24), np.int64(25), np.int64(27), np.int64(28), np.int64(31), np.int64(32), np.int64(35), np.int64(38), np.int64(40), np.int64(42), np.int64(44), np.int64(45), np.int64(47), np.int64(48), np.int64(50), np.int64(51)]","[np.int64(0), np.int64(1), np.int64(2), np.int64(3), np.int64(4), np.int64(5)]","[np.int64(0), np.int64(1), np.int64(2), np.int64(3), np.int64(4), np.int64(5), np.int64(7), np.int64(10), np.int64(12), np.int64(13), np.int64(14), np.int64(15), np.int64(17), np.int64(18), np.int64(19), np.int64(20), np.int64(21), np.int64(22), np.int64(23), np.int64(24), np.int64(25), np.int64(27), np.int64(28), np.int64(31), np.int64(32), np.int64(35), np.int64(38), np.int64(40), np.int64(42), np.int64(44), np.int64(45), np.int64(47), np.int64(48), np.int64(50), np.int64(51)]"
x1*5.2986417*x0**2 - x2**2 + 4.744723,x0 + x1 + x2 + x3 + x4 + x5,30.553831,0.9778794,2,52,31,"[np.int64(0), np.int64(1), np.int64(2), np.int64(4), np.int64(5), np.int64(6), np.int64(7), np.int64(9), np.int64(15), np.int64(18), np.int64(19), np.int64(21), np.int64(24), np.int64(27), np.int64(28), np.int64(29), np.int64(30), np.int64(31), np.int64(32), np.int64(33), np.int64(34), np.int64(35), np.int64(36), np.int64(37), np.int64(42), np.int64(43), np.int64(44), np.int64(47), np.int64(49), np.int64(50)]","[np.int64(0), np.int64(1), np.int64(2), np.int64(3), np.int64(4), np.int64(5)]","[np.int64(0), np.int64(1), np.int64(2), np.int64(3), np.int64(4), np.int64(5), np.int64(6), np.int64(7), np.int64(9), np.int64(15), np.int64(18), np.int64(19), np.int64(21), np.int64(24), np.int64(27), np.int64(28), np.int64(29), np.int64(30), np.int64(31), np.int64(32), np.int64(33), np.int64(34), np.int64(35), np.int64(36), np.int64(37), np.int64(42), np.int64(43), np.int64(44), np.int64(47), np.int64(49), np.int64(50)]"
5.09495840572896*x0**2*x1 - 2.4711273*x5 - 2.4711273*log(x2**2),x0 + x1 + x2 + x3 + x4 + x5,12.362395,0.99152225,2,52,36,"[np.int64(0), np.int64(1), np.int64(2), np.int64(4), np.int64(5), np.int64(6), np.int64(7), np.int64(8), np.int64(13), np.int64(14), np.int64(15), np.int64(18), np.int64(20), np.int64(21), np.int64(22), np.int64(23), np.int64(25), np.int64(27), np.int64(28), np.int64(31), np.int64(32), np.int64(33), np.int64(35), np.int64(37), np.int64(38), np.int64(41), np.int64(42), np.int64(43), np.int64(44), np.int64(46), np.int64(47), np.int64(48), np.int64(49), np.int64(50), np.int64(51)]","[np.int64(0), np.int64(1), np.int64(2), np.int64(3), np.int64(4), np.int64(5)]","[np.int64(0), np.int64(1), np.int64(2), np.int64(3), np.int64(4), np.int64(5), np.int64(6), np.int64(7), np.int64(8), np.int64(13), np.int64(14), np.int64(15), np.int64(18), np.int64(20), np.int64(21), np.int64(22), np.int64(23), np.int64(25), np.int64(27), np.int64(28), np.int64(31), np.int64(32), np.int64(33), np.int64(35), np.int64(37), np.int64(38), np.int64(41), np.int64(42), np.int64(43), np.int64(44), np.int64(46), np.int64(47), np.int64(48), np.int64(49), np.int64(50), np.int64(51)]"
5.1989756*x0**2*x1 - x5 - log(x2**4) + 0.98853666,x1 + x4 + x5 + (x0 + x2 + x3)*0.9289729,11.182197,0.9903011,1,51,42,"[np.int64(0), np.int64(1), np.int64(4), np.int64(5), np.int64(7), np.int64(8), np.int64(9), np.int64(11), np.int64(12), np.int64(13), np.int64(14), np.int64(16), np.int64(17), np.int64(18), np.int64(19), np.int64(20), np.int64(21), np.int64(22), np.int64(23), np.int64(24), np.int64(25), np.int64(26), np.int64(28), np.int64(29), np.int64(30), np.int64(31), np.int64(32), np.int64(33), np.int64(34), np.int64(36), np.int64(37), np.int64(39), np.int64(40), np.int64(41), np.int64(43), np.int64(46), np.int64(47), np.int64(48), np.int64(49), np.int64(50)]","[np.int64(0), np.int64(1), np.int64(2), np.int64(3), np.int64(4), np.int64(5)]","[np.int64(0), np.int64(1), np.int64(2), np.int64(3), np.int64(4), np.int64(5), np.int64(7), np.int64(8), np.int64(9), np.int64(11), np.int64(12), np.int64(13), np.int64(14), np.int64(16), np.int64(17), np.int64(18), np.int64(19), np.int64(20), np.int64(21), np.int64(22), np.int64(23), np.int64(24), np.int64(25), np.int64(26), np.int64(28), np.int64(29), np.int64(30), np.int64(31), np.int64(32), np.int64(33), np.int64(34), np.int64(36), np.int64(37), np.int64(39), np.int64(40), np.int64(41), np.int64(43), np.int64(46), np.int64(47), np.int64(48), np.int64(49), np.int64(50)]"
(x0**2*1.8732362*x1 - x2**2 + 2.1858866)*2.7400184,x0 + x1 + x2 + x3 + x4 + x5,29.273302,0.9676445,2,52,41,"[np.int64(0), np.int64(1), np.int64(2), np.int64(3), np.int64(4), np.int64(5), np.int64(8), np.int64(9), np.int64(10), np.int64(12), np.int64(13), np.int64(16), np.int64(17), np.int64(18), np.int64(19), np.int64(21), np.int64(22), np.int64(23), np.int64(24), np.int64(25), np.int64(26), np.int64(27), np.int64(28), np.int64(29), np.int64(30), np.int64(31), np.int64(32), np.int64(33), np.int64(37), np.int64(38), np.int64(39), np.int64(40), np.int64(41), np.int64(42), np.int64(43), np.int64(45), np.int64(47), np.int64(48), np.int64(49), np.int64(50), np.int64(51)]","[np.int64(0), np.int64(1), np.int64(2), np.int64(3), np.int64(4), np.int64(5)]","[np.int64(0), np.int64(1), np.int64(2), np.int64(3), np.int64(4), np.int64(5), np.int64(8), np.int64(9), np.int64(10), np.int64(12), np.int64(13), np.int64(16), np.int64(17), np.int64(18), np.int64(19), np.int64(21), np.int64(22), np.int64(23), np.int64(24), np.int64(25), np.int64(26), np.int64(27), np.int64(28), np.int64(29), np.int64(30), np.int64(31), np.int64(32), np.int64(33), np.int64(37), np.int64(38), np.int64(39), np.int64(40), np.int64(41), np.int64(42), np.int64(43), np.int64(45), np.int64(47), np.int64(48), np.int64(49), np.int64(50), np.int64(51)]"
5.3902893*x0**2*x1 - log(x2**4),x0 + x1 + x2 + x3 + x4 + x5,10.907283,1.0595326,1,51,37,"[np.int64(0), np.int64(1), np.int64(2), np.int64(3), np.int64(4), np.int64(5), np.int64(6), np.int64(7), np.int64(8), np.int64(10), np.int64(11), np.int64(12), np.int64(15), np.int64(16), np.int64(17), np.int64(18), np.int64(20), np.int64(22), np.int64(23), np.int64(24), np.int64(26), np.int64(27), np.int64(31), np.int64(32), np.int64(33), np.int64(34), np.int64(35), np.int64(36), np.int64(37), np.int64(38), np.int64(39), np.int64(43), np.int64(44), np.int64(45), np.int64(46), np.int64(47), np.int64(48)]","[np.int64(0), np.int64(1), np.int64(2), np.int64(3), np.int64(4), np.int64(5)]","[np.int64(0), np.int64(1), np.int64(2), np.int64(3), np.int64(4), np.int64(5), np.int64(6), np.int64(7), np.int64(8), np.int64(10), np.int64(11), np.int64(12), np.int64(15), np.int64(16), np.int64(17), np.int64(18), np.int64(20), np.int64(22), np.int64(23), np.int64(24), np.int64(26), np.int64(27), np.int64(31), np.int64(32), np.int64(33), np.int64(34), np.int64(35), np.int64(36), np.int64(37), np.int64(38), np.int64(39), np.int64(43), np.int64(44), np.int64(45), np.int64(46), np.int64(47), np.int64(48)]"
5.0585346*x0**2*x1 - log(x2**4),x0 + x1 + x2 + x3 + x4 + x5,13.295871,0.9726349,1,51,38,"[np.int64(0), np.int64(1), np.int64(2), np.int64(4), np.int64(5), np.int64(7), np.int64(8), np.int64(9), np.int64(11), np.int64(14), np.int64(15), np.int64(16), np.int64(17), np.int64(18), np.int64(19), np.int64(20), np.int64(21), np.int64(22), np.int64(23), np.int64(25), np.int64(26), np.int64(27), np.int64(32), np.int64(33), np.int64(34), np.int64(35), np.int64(36), np.int64(37), np.int64(38), np.int64(40), np.int64(42), np.int64(43), np.int64(44), np.int64(45), np.int64(47), np.int64(48), np.int64(50)]","[np.int64(0), np.int64(1), np.int64(2), np.int64(3), np.int64(4), np.int64(5), np.int64(22)]","[np.int64(0), np.int64(1), np.int64(2), np.int64(3), np.int64(4), np.int64(5), np.int64(7), np.int64(8), np.int64(9), np.int64(11), np.int64(14), np.int64(15), np.int64(16), np.int64(17), np.int64(18), np.int64(19), np.int64(20), np.int64(21), np.int64(22), np.int64(23), np.int64(25), np.int64(26), np.int64(27), np.int64(32), np.int64(33), np.int64(34), np.int64(35), np.int64(36), np.int64(37), np.int64(38), np.int64(40), np.int64(42), np.int64(43), np.int64(44), np.int64(45), np.int64(47), np.int64(48), np.int64(50)]"
5.222444*x0**2*x1 - 2.6672163*log(x2**2),x0 + x1 + x2 + x3 + x4 + x5,16.12817,0.9429968,2,52,38,"[np.int64(0), np.int64(1), np.int64(2), np.int64(3), np.int64(4), np.int64(5), np.int64(6), np.int64(8), np.int64(9), np.int64(10), np.int64(12), np.int64(13), np.int64(14), np.int64(16), np.int64(17), np.int64(18), np.int64(20), np.int64(24), np.int64(25), np.int64(26), np.int64(27), np.int64(28), np.int64(29), np.int64(30), np.int64(32), np.int64(33), np.int64(34), np.int64(35), np.int64(36), np.int64(40), np.int64(41), np.int64(43), np.int64(44), np.int64(46), np.int64(47), np.int64(49), np.int64(50), np.int64(51)]","[np.int64(0), np.int64(1), np.int64(2), np.int64(3), np.int64(4), np.int64(5)]","[np.int64(0), np.int64(1), np.int64(2), np.int64(3), np.int64(4), np.int64(5), np.int64(6), np.int64(8), np.int64(9), np.int64(10), np.int64(12), np.int64(13), np.int64(14), np.int64(16), np.int64(17), np.int64(18), np.int64(20), np.int64(24), np.int64(25), np.int64(26), np.int64(27), np.int64(28), np.int64(29), np.int64(30), np.int64(32), np.int64(33), np.int64(34), np.int64(35), np.int64(36), np.int64(40), np.int64(41), np.int64(43), np.int64(44), np.int64(46), np.int64(47), np.int64(49), np.int64(50), np.int64(51)]"
x1*5.3948855*x0**2 + x2**2*(-2.5892773) + 5.433253,x0 + x1 + x2 + x3 + x4 + x5,22.60183,1.1363181,2,52,34,"[np.int64(0), np.int64(1), np.int64(2), np.int64(3), np.int64(4), np.int64(5), np.int64(6), np.int64(10), np.int64(13), np.int64(14), np.int64(15), np.int64(17), np.int64(20), np.int64(21), np.int64(22), np.int64(23), np.int64(24), np.int64(25), np.int64(27), np.int64(28), np.int64(32), np.int64(33), np.int64(35), np.int64(37), np.int64(38), np.int64(41), np.int64(42), np.int64(44), np.int64(45), np.int64(46), np.int64(47), np.int64(49), np.int64(50), np.int64(51)]","[np.int64(0), np.int64(1), np.int64(2), np.int64(3), np.int64(4), np.int64(5)]","[np.int64(0), np.int64(1), np.int64(2), np.int64(3), np.int64(4), np.int64(5), np.int64(6), np.int64(10), np.int64(13), np.int64(14), np.int64(15), np.int64(17), np.int64(20), np.int64(21), np.int64(22), np.int64(23), np.int64(24), np.int64(25), np.int64(27), np.int64(28), np.int64(32), np.int64(33), np.int64(35), np.int64(37), np.int64(38), np.int64(41), np.int64(42), np.int64(44), np.int64(45), np.int64(46), np.int64(47), np.int64(49), np.int64(50), np.int64(51)]"
5.4736614*x0**2*x1 - x5 - 2.4318788*log(x2**2) + 0.03549152,x0 + x1 + x2 + x3 + x4 + x5,12.345938,0.88293093,2,52,38,"[np.int64(0), np.int64(1), np.int64(2), np.int64(3), np.int64(4), np.int64(5), np.int64(7), np.int64(8), np.int64(9), np.int64(10), np.int64(12), np.int64(13), np.int64(14), np.int64(15), np.int64(17), np.int64(19), np.int64(22), np.int64(23), np.int64(26), np.int64(28), np.int64(30), np.int64(32), np.int64(33), np.int64(34), np.int64(37), np.int64(38), np.int64(39), np.int64(40), np.int64(41), np.int64(42), np.int64(43), np.int64(45), np.int64(46), np.int64(47), np.int64(48), np.int64(49), np.int64(50), np.int64(51)]","[np.int64(0), np.int64(1), np.int64(2), np.int64(3), np.int64(4), np.int64(5)]","[np.int64(0), np.int64(1), np.int64(2), np.int64(3), np.int64(4), np.int64(5), np.int64(7), np.int64(8), np.int64(9), np.int64(10), np.int64(12), np.int64(13), np.int64(14), np.int64(15), np.int64(17), np.int64(19), np.int64(22), np.int64(23), np.int64(26), np.int64(28), np.int64(30), np.int64(32), np.int64(33), np.int64(34), np.int64(37), np.int64(38), np.int64(39), np.int64(40), np.int64(41), np.int64(42), np.int64(43), np.int64(45), np.int64(46), np.int64(47), np.int64(48), np.int64(49), np.int64(50), np.int64(51)]"
x1*x0**2*4.84051 + (3.9827688 - x2**2)**2 - 7.87855,x0 + x1 + x3 + x4 + x5 - (-x2 - 0.0015240588),23.911713,0.9047497,2,52,32,"[np.int64(0), np.int64(1), np.int64(2), np.int64(3), np.int64(4), np.int64(5), np.int64(9), np.int64(10), np.int64(12), np.int64(14), np.int64(15), np.int64(17), np.int64(18), np.int64(19), np.int64(20), np.int64(21), np.int64(22), np.int64(23), np.int64(25), np.int64(28), np.int64(29), np.int64(30), np.int64(32), np.int64(34), np.int64(36), np.int64(40), np.int64(42), np.int64(43), np.int64(45), np.int64(48), np.int64(50), np.int64(51)]","[np.int64(0), np.int64(1), np.int64(2), np.int64(3), np.int64(4), np.int64(5)]","[np.int64(0), np.int64(1), np.int64(2), np.int64(3), np.int64(4), np.int64(5), np.int64(9), np.int64(10), np.int64(12), np.int64(14), np.int64(15), np.int64(17), np.int64(18), np.int64(19), np.int64(20), np.int64(21), np.int64(22), np.int64(23), np.int64(25), np.int64(28), np.int64(29), np.int64(30), np.int64(32), np.int64(34), np.int64(36), np.int64(40), np.int64(42), np.int64(43), np.int64(45), np.int64(48), np.int64(50), np.int64(51)]"
x0**2*x1*4.8354583 - x2**2 + 4.1005225,x0 + x1 + x2 + x3 + x4 + x5,28.708633,0.9627153,2,52,38,"[np.int64(0), np.int64(1), np.int64(2), np.int64(3), np.int64(4), np.int64(5), np.int64(6), np.int64(7), np.int64(8), np.int64(9), np.int64(11), np.int64(12), np.int64(13), np.int64(17), np.int64(19), np.int64(21), np.int64(24), np.int64(25), np.int64(26), np.int64(27), np.int64(28), np.int64(29), np.int64(30), np.int64(32), np.int64(34), np.int64(35), np.int64(36), np.int64(38), np.int64(39), np.int64(40), np.int64(41), np.int64(42), np.int64(43), np.int64(44), np.int64(45), np.int64(49), np.int64(50), np.int64(51)]","[np.int64(0), np.int64(1), np.int64(2), np.int64(3), np.int64(4), np.int64(5)]","[np.int64(0), np.int64(1), np.int64(2), np.int64(3), np.int64(4), np.int64(5), np.int64(6), np.int64(7), np.int64(8), np.int64(9), np.int64(11), np.int64(12), np.int64(13), np.int64(17), np.int64(19), np.int64(21), np.int64(24), np.int64(25), np.int64(26), np.int64(27), np.int64(28), np.int64(29), np.int64(30), np.int64(32), np.int64(34), np.int64(35), np.int64(36), np.int64(38), np.int64(39), np.int64(40), np.int64(41), np.int64(42), np.int64(43), np.int64(44), np.int64(45), np.int64(49), np.int64(50), np.int64(51)]"
5.1729665*x0**2*x1 - x5 - log(x2**4),x0 + x1 + x2 + x3 + x4 + x5,10.339412,0.9958773,1,51,38,"[np.int64(0), np.int64(1), np.int64(2), np.int64(3), np.int64(4), np.int64(5), np.int64(10), np.int64(13), np.int64(15), np.int64(16), np.int64(17), np.int64(18), np.int64(19), np.int64(20), np.int64(21), np.int64(22), np.int64(23), np.int64(25), np.int64(26), np.int64(27), np.int64(28), np.int64(30), np.int64(31), np.int64(32), np.int64(33), np.int64(34), np.int64(35), np.int64(36), np.int64(37), np.int64(39), np.int64(41), np.int64(43), np.int64(44), np.int64(46), np.int64(47), np.int64(48), np.int64(49), np.int64(50)]","[np.int64(0), np.int64(1), np.int64(2), np.int64(3), np.int64(4), np.int64(5), np.int64(49)]","[np.int64(0), np.int64(1), np.int64(2), np.int64(3), np.int64(4), np.int64(5), np.int64(10), np.int64(13), np.int64(15), np.int64(16), np.int64(17), np.int64(18), np.int64(19), np.int64(20), np.int64(21), np.int64(22), np.int64(23), np.int64(25), np.int64(26), np.int64(27), np.int64(28), np.int64(30), np.int64(31), np.int64(32), np.int64(33), np.int64(34), np.int64(35), np.int64(36), np.int64(37), np.int64(39), np.int64(41), np.int64(43), np.int64(44), np.int64(46), np.int64(47), np.int64(48), np.int64(49), np.int64(50)]"
x0**2*4.975263*x1 - x2**2 + 3.880464,x0 + x1 + x2 + x3 + x4 + x5,28.102161,1.0662873,2,52,35,"[np.int64(0), np.int64(1), np.int64(2), np.int64(3), np.int64(4), np.int64(5), np.int64(7), np.int64(8), np.int64(9), np.int64(10), np.int64(14), np.int64(15), np.int64(16), np.int64(17), np.int64(19), np.int64(20), np.int64(21), np.int64(25), np.int64(26), np.int64(27), np.int64(28), np.int64(29), np.int64(30), np.int64(31), np.int64(33), np.int64(35), np.int64(36), np.int64(37), np.int64(38), np.int64(39), np.int64(41), np.int64(43), np.int64(45), np.int64(48), np.int64(50)]","[np.int64(0), np.int64(1), np.int64(2), np.int64(3), np.int64(4), np.int64(5)]","[np.int64(0), np.int64(1), np.int64(2), np.int64(3), np.int64(4), np.int64(5), np.int64(7), np.int64(8), np.int64(9), np.int64(10), np.int64(14), np.int64(15), np.int64(16), np.int64(17), np.int64(19), np.int64(20), np.int64(21), np.int64(25), np.int64(26), np.int64(27), np.int64(28), np.int64(29), np.int64(30), np.int64(31), np.int64(33), np.int64(35), np.int64(36), np.int64(37), np.int64(38), np.int64(39), np.int64(41), np.int64(43), np.int64(45), np.int64(48), np.int64(50)]"
5.15992304735296*x0**2*x1 - x5 - log(x2**4),x0 + x1 + x2 + x3 + x4 + x5,10.441591,0.95522636,1,51,37,"[np.int64(0), np.int64(1), np.int64(2), np.int64(3), np.int64(4), np.int64(5), np.int64(6), np.int64(7), np.int64(8), np.int64(9), np.int64(10), np.int64(12), np.int64(13), np.int64(14), np.int64(15), np.int64(16), np.int64(17), np.int64(18), np.int64(20), np.int64(21), np.int64(23), np.int64(24), np.int64(25), np.int64(27), np.int64(29), np.int64(30), np.int64(31), np.int64(32), np.int64(34), np.int64(39), np.int64(41), np.int64(42), np.int64(45), np.int64(46), np.int64(48), np.int64(49), np.int64(50)]","[np.int64(0), np.int64(1), np.int64(2), np.int64(3), np.int64(4), np.int64(5)]","[np.int64(0), np.int64(1), np.int64(2), np.int64(3), np.int64(4), np.int64(5), np.int64(6), np.int64(7), np.int64(8), np.int64(9), np.int64(10), np.int64(12), np.int64(13), np.int64(14), np.int64(15), np.int64(16), np.int64(17), np.int64(18), np.int64(20), np.int64(21), np.int64(23), np.int64(24), np.int64(25), np.int64(27), np.int64(29), np.int64(30), np.int64(31), np.int64(32), np.int64(34), np.int64(39), np.int64(41), np.int64(42), np.int64(45), np.int64(46), np.int64(48), np.int64(49), np.int64(50)]"
5.15628103842916*x0**2*x1 - 2.4878654*x5 - 2.4878654*log(x2**2),x0 + x1 + x3 + (x2 + x4 + x5)*1.0802598,9.469231,1.1206292,2,52,38,"[np.int64(0), np.int64(1), np.int64(2), np.int64(3), np.int64(4), np.int64(5), np.int64(6), np.int64(8), np.int64(11), np.int64(13), np.int64(14), np.int64(16), np.int64(17), np.int64(18), np.int64(19), np.int64(20), np.int64(21), np.int64(26), np.int64(27), np.int64(28), np.int64(29), np.int64(30), np.int64(32), np.int64(33), np.int64(34), np.int64(35), np.int64(37), np.int64(38), np.int64(39), np.int64(40), np.int64(41), np.int64(42), np.int64(43), np.int64(45), np.int64(47), np.int64(48), np.int64(50), np.int64(51)]","[np.int64(0), np.int64(1), np.int64(2), np.int64(3), np.int64(4), np.int64(5)]","[np.int64(0), np.int64(1), np.int64(2), np.int64(3), np.int64(4), np.int64(5), np.int64(6), np.int64(8), np.int64(11), np.int64(13), np.int64(14), np.int64(16), np.int64(17), np.int64(18), np.int64(19), np.int64(20), np.int64(21), np.int64(26), np.int64(27), np.int64(28), np.int64(29), np.int64(30), np.int64(32), np.int64(33), np.int64(34), np.int64(35), np.int64(37), np.int64(38), np.int64(39), np.int64(40), np.int64(41), np.int64(42), np.int64(43), np.int64(45), np.int64(47), np.int64(48), np.int64(50), np.int64(51)]"
5.049225*x0**2*x1 - 2*x5 - 2.4757864*log(x2**2),x0 + x1 + x2 + x3 + x4 + x5,11.110033,0.9654971,2,52,32,"[np.int64(0), np.int64(1), np.int64(2), np.int64(4), np.int64(5), np.int64(6), np.int64(8), np.int64(14), np.int64(17), np.int64(18), np.int64(19), np.int64(23), np.int64(24), np.int64(27), np.int64(28), np.int64(29), np.int64(30), np.int64(32), np.int64(33), np.int64(34), np.int64(36), np.int64(37), np.int64(38), np.int64(39), np.int64(40), np.int64(42), np.int64(45), np.int64(46), np.int64(49), np.int64(50), np.int64(51)]","[np.int64(0), np.int64(1), np.int64(2), np.int64(3), np.int64(4), np.int64(5)]","[np.int64(0), np.int64(1), np.int64(2), np.int64(3), np.int64(4), np.int64(5), np.int64(6), np.int64(8), np.int64(14), np.int64(17), np.int64(18), np.int64(19), np.int64(23), np.int64(24), np.int64(27), np.int64(28), np.int64(29), np.int64(30), np.int64(32), np.int64(33), np.int64(34), np.int64(36), np.int64(37), np.int64(38), np.int64(39), np.int64(40), np.int64(42), np.int64(45), np.int64(46), np.int64(49), np.int64(50), np.int64(51)]"
5.495094*x0**2*x1 - 2.747547*x5 - 7.389634*sqrt(x2**2) + 9.122437,x0 + x1 + x2 + x3 + x4 + x5,23.320452,1.0540582,2,52,38,"[np.int64(0), np.int64(1), np.int64(3), np.int64(4), np.int64(5), np.int64(7), np.int64(8), np.int64(12), np.int64(14), np.int64(15), np.int64(16), np.int64(17), np.int64(18), np.int64(19), np.int64(20), np.int64(21), np.int64(22), np.int64(23), np.int64(24), np.int64(25), np.int64(28), np.int64(29), np.int64(31), np.int64(32), np.int64(35), np.int64(36), np.int64(37), np.int64(39), np.int64(42), np.int64(43), np.int64(45), np.int64(46), np.int64(47), np.int64(48), np.int64(49), np.int64(50), np.int64(51)]","[np.int64(0), np.int64(1), np.int64(2), np.int64(3), np.int64(4), np.int64(5)]","[np.int64(0), np.int64(1), np.int64(2), np.int64(3), np.int64(4), np.int64(5), np.int64(7), np.int64(8), np.int64(12), np.int64(14), np.int64(15), np.int64(16), np.int64(17), np.int64(18), np.int64(19), np.int64(20), np.int64(21), np.int64(22), np.int64(23), np.int64(24), np.int64(25), np.int64(28), np.int64(29), np.int64(31), np.int64(32), np.int64(35), np.int64(36), np.int64(37), np.int64(39), np.int64(42), np.int64(43), np.int64(45), np.int64(46), np.int64(47), np.int64(48), np.int64(49), np.int64(50), np.int64(51)]"
5.214282*x0**2*x1 - x5 - log(x2**4),x0 + x1 + x2 + x3 + x4 + x5,12.903643,0.99431646,1,51,38,"[np.int64(0), np.int64(1), np.int64(2), np.int64(3), np.int64(5), np.int64(6), np.int64(7), np.int64(8), np.int64(9), np.int64(11), np.int64(12), np.int64(13), np.int64(16), np.int64(18), np.int64(19), np.int64(20), np.int64(23), np.int64(24), np.int64(25), np.int64(26), np.int64(28), np.int64(29), np.int64(31), np.int64(32), np.int64(33), np.int64(34), np.int64(36), np.int64(37), np.int64(40), np.int64(41), np.int64(42), np.int64(43), np.int64(45), np.int64(46), np.int64(47), np.int64(48), np.int64(50)]","[np.int64(0), np.int64(1), np.int64(2), np.int64(3), np.int64(4), np.int64(5)]","[np.int64(0), np.int64(1), np.int64(2), np.int64(3), np.int64(4), np.int64(5), np.int64(6), np.int64(7), np.int64(8), np.int64(9), np.int64(11), np.int64(12), np.int64(13), np.int64(16), np.int64(18), np.int64(19), np.int64(20), np.int64(23), np.int64(24), np.int64(25), np.int64(26), np.int64(28), np.int64(29), np.int64(31), np.int64(32), np.int64(33), np.int64(34), np.int64(36), np.int64(37), np.int64(40), np.int64(41), np.int64(42), np.int64(43), np.int64(45), np.int64(46), np.int64(47), np.int64(48), np.int64(50)]"
(5.11648249447449*x0**2)*x1 - x2**2 - 1*(-4.3829927),x0 + x1 + x2 + x3 + x4 + x5,29.733925,0.8640356,2,52,38,"[np.int64(0), np.int64(1), np.int64(2), np.int64(3), np.int64(4), np.int64(5), np.int64(6), np.int64(9), np.int64(10), np.int64(11), np.int64(12), np.int64(13), np.int64(15), np.int64(17), np.int64(19), np.int64(23), np.int64(24), np.int64(25), np.int64(26), np.int64(27), np.int64(29), np.int64(30), np.int64(33), np.int64(34), np.int64(35), np.int64(38), np.int64(40), np.int64(41), np.int64(42), np.int64(43), np.int64(44), np.int64(45), np.int64(46), np.int64(47), np.int64(48), np.int64(49), np.int64(50), np.int64(51)]","[np.int64(0), np.int64(1), np.int64(2), np.int64(3), np.int64(4), np.int64(5)]","[np.int64(0), np.int64(1), np.int64(2), np.int64(3), np.int64(4), np.int64(5), np.int64(6), np.int64(9), np.int64(10), np.int64(11), np.int64(12), np.int64(13), np.int64(15), np.int64(17), np.int64(19), np.int64(23), np.int64(24), np.int64(25), np.int64(26), np.int64(27), np.int64(29), np.int64(30), np.int64(33), np.int64(34), np.int64(35), np.int64(38), np.int64(40), np.int64(41), np.int64(42), np.int64(43), np.int64(44), np.int64(45), np.int64(46), np.int64(47), np.int64(48), np.int64(49), np.int64(50), np.int64(51)]"
5.1120052*x0**2*x1 - 2.5560026*x5 - 2.5560026*log(x2**2),x0 + x1 + x2 + x3 + x4 + x5,12.050025,0.97588915,2,52,41,"[np.int64(1), np.int64(2), np.int64(4), np.int64(5), np.int64(6), np.int64(7), np.int64(8), np.int64(9), np.int64(10), np.int64(11), np.int64(12), np.int64(14), np.int64(17), np.int64(18), np.int64(19), np.int64(20), np.int64(21), np.int64(23), np.int64(24), np.int64(26), np.int64(27), np.int64(28), np.int64(29), np.int64(30), np.int64(31), np.int64(32), np.int64(33), np.int64(36), np.int64(37), np.int64(39), np.int64(40), np.int64(41), np.int64(43), np.int64(44), np.int64(45), np.int64(46), np.int64(48), np.int64(50), np.int64(51)]","[np.int64(0), np.int64(1), np.int64(2), np.int64(3), np.int64(4), np.int64(5)]","[np.int64(0), np.int64(1), np.int64(2), np.int64(3), np.int64(4), np.int64(5), np.int64(6), np.int64(7), np.int64(8), np.int64(9), np.int64(10), np.int64(11), np.int64(12), np.int64(14), np.int64(17), np.int64(18), np.int64(19), np.int64(20), np.int64(21), np.int64(23), np.int64(24), np.int64(26), np.int64(27), np.int64(28), np.int64(29), np.int64(30), np.int64(31), np.int64(32), np.int64(33), np.int64(36), np.int64(37), np.int64(39), np.int64(40), np.int64(41), np.int64(43), np.int64(44), np.int64(45), np.int64(46), np.int64(48), np.int64(50), np.int64(51)]"
5.0966496*x0**2*x1 - x5 - 2.548923*log(x2**2),x0 + x1 + x2 + x3 + x4 + x5,13.497673,0.9997075,2,52,38,"[np.int64(1), np.int64(2), np.int64(3), np.int64(5), np.int64(6), np.int64(8), np.int64(9), np.int64(10), np.int64(11), np.int64(13), np.int64(14), np.int64(15), np.int64(16), np.int64(19), np.int64(20), np.int64(21), np.int64(22), np.int64(23), np.int64(25), np.int64(26), np.int64(27), np.int64(29), np.int64(32), np.int64(34), np.int64(35), np.int64(36), np.int64(37), np.int64(38), np.int64(40), np.int64(41), np.int64(44), np.int64(46), np.int64(47), np.int64(49), np.int64(50), np.int64(51)]","[np.int64(0), np.int64(1), np.int64(2), np.int64(3), np.int64(4), np.int64(5)]","[np.int64(0), np.int64(1), np.int64(2), np.int64(3), np.int64(4), np.int64(5), np.int64(6), np.int64(8), np.int64(9), np.int64(10), np.int64(11), np.int64(13), np.int64(14), np.int64(15), np.int64(16), np.int64(19), np.int64(20), np.int64(21), np.int64(22), np.int64(23), np.int64(25), np.int64(26), np.int64(27), np.int64(29), np.int64(32), np.int64(34), np.int64(35), np.int64(36), np.int64(37), np.int64(38), np.int64(40), np.int64(41), np.int64(44), np.int64(46), np.int64(47), np.int64(49), np.int64(50), np.int64(51)]"
(5.22166235815849*x0**2)*x1 - 2.3509426*x2**2 + 5.422324,x1 + x3 + x5 - (0.038342312 - (x0 + x2 + x4)),31.178108,1.0603553,2,52,38,"[np.int64(1), np.int64(2), np.int64(3), np.int64(4), np.int64(5), np.int64(7), np.int64(8), np.int64(9), np.int64(10), np.int64(11), np.int64(12), np.int64(13), np.int64(14), np.int64(15), np.int64(16), np.int64(17), np.int64(20), np.int64(21), np.int64(23), np.int64(25), np.int64(27), np.int64(28), np.int64(29), np.int64(30), np.int64(31), np.int64(34), np.int64(35), np.int64(39), np.int64(40), np.int64(41), np.int64(42), np.int64(44), np.int64(45), np.int64(46), np.int64(48), np.int64(50), np.int64(51)]","[np.int64(0), np.int64(1), np.int64(2), np.int64(3), np.int64(4), np.int64(5)]","[np.int64(0), np.int64(1), np.int64(2), np.int64(3), np.int64(4), np.int64(5), np.int64(7), np.int64(8), np.int64(9), np.int64(10), np.int64(11), np.int64(12), np.int64(13), np.int64(14), np.int64(15), np.int64(16), np.int64(17), np.int64(20), np.int64(21), np.int64(23), np.int64(25), np.int64(27), np.int64(28), np.int64(29), np.int64(30), np.int64(31), np.int64(34), np.int64(35), np.int64(39), np.int64(40), np.int64(41), np.int64(42), np.int64(44), np.int64(45), np.int64(46), np.int64(48), np.int64(50), np.int64(51)]"
(x0**2*x1 - x2**2)*4.219333 + 7.8923535,x0 + x1 + x2 + x3 + x4 + x5,30.08071,0.9610454,2,52,42,"[np.int64(0), np.int64(1), np.int64(2), np.int64(4), np.int64(5), np.int64(6), np.int64(7), np.int64(8), np.int64(9), np.int64(11), np.int64(12), np.int64(13), np.int64(15), np.int64(16), np.int64(19), np.int64(20), np.int64(21), np.int64(22), np.int64(23), np.int64(24), np.int64(25), np.int64(26), np.int64(28), np.int64(29), np.int64(30), np.int64(31), np.int64(32), np.int64(33), np.int64(34), np.int64(40), np.int64(41), np.int64(42), np.int64(43), np.int64(44), np.int64(45), np.int64(46), np.int64(47), np.int64(48), np.int64(49), np.int64(50), np.int64(51)]","[np.int64(0), np.int64(1), np.int64(2), np.int64(3), np.int64(4), np.int64(5)]","[np.int64(0), np.int64(1), np.int64(2), np.int64(3), np.int64(4), np.int64(5), np.int64(6), np.int64(7), np.int64(8), np.int64(9), np.int64(11), np.int64(12), np.int64(13), np.int64(15), np.int64(16), np.int64(19), np.int64(20), np.int64(21), np.int64(22), np.int64(23), np.int64(24), np.int64(25), np.int64(26), np.int64(28), np.int64(29), np.int64(30), np.int64(31), np.int64(32), np.int64(33), np.int64(34), np.int64(40), np.int64(41), np.int64(42), np.int64(43), np.int64(44), np.int64(45), np.int64(46), np.int64(47), np.int64(48), np.int64(49), np.int64(50), np.int64(51)]"
(x0**2*2.2161074*x1 - x2**2 - x5 + 2.4508653)*2.565108,x0 + x1 + x2 + x3 + x4 + x5,33.87243,0.9665354,2,52,38,"[np.int64(0), np.int64(1), np.int64(2), np.int64(3), np.int64(4), np.int64(5), np.int64(6), np.int64(7), np.int64(8), np.int64(9), np.int64(10), np.int64(11), np.int64(13), np.int64(15), np.int64(16), np.int64(17), np.int64(18), np.int64(20), np.int64(22), np.int64(23), np.int64(25), np.int64(26), np.int64(28), np.int64(29), np.int64(30), np.int64(32), np.int64(34), np.int64(36), np.int64(40), np.int64(41), np.int64(42), np.int64(44), np.int64(45), np.int64(47), np.int64(48), np.int64(49), np.int64(50), np.int64(51)]","[np.int64(0), np.int64(1), np.int64(2), np.int64(3), np.int64(4), np.int64(5)]","[np.int64(0), np.int64(1), np.int64(2), np.int64(3), np.int64(4), np.int64(5), np.int64(6), np.int64(7), np.int64(8), np.int64(9), np.int64(10), np.int64(11), np.int64(13), np.int64(15), np.int64(16), np.int64(17), np.int64(18), np.int64(20), np.int64(22), np.int64(23), np.int64(25), np.int64(26), np.int64(28), np.int64(29), np.int64(30), np.int64(32), np.int64(34), np.int64(36), np.int64(40), np.int64(41), np.int64(42), np.int64(44), np.int64(45), np.int64(47), np.int64(48), np.int64(49), np.int64(50), np.int64(51)]"
5.1880493*x1*(x0 - 0.008216817)**2 - x5 - log(x2**4) + 0.82033885,-(-0.95488244)*x0 + x1 + x2 + x3 + x4 + x5,14.4951725,1.0159965,0,50,41,"[np.int64(0), np.int64(1), np.int64(2), np.int64(3), np.int64(4), np.int64(5), np.int64(7), np.int64(8), np.int64(9), np.int64(10), np.int64(11), np.int64(12), np.int64(13), np.int64(14), np.int64(15), np.int64(16), np.int64(18), np.int64(19), np.int64(20), np.int64(21), np.int64(23), np.int64(24), np.int64(25), np.int64(26), np.int64(27), np.int64(31), np.int64(32), np.int64(33), np.int64(35), np.int64(36), np.int64(38), np.int64(39), np.int64(40), np.int64(41), np.int64(42), np.int64(43), np.int64(45), np.int64(46), np.int64(47), np.int64(48), np.int64(49)]","[np.int64(0), np.int64(1), np.int64(2), np.int64(3), np.int64(4), np.int64(5)]","[np.int64(0), np.int64(1), np.int64(2), np.int64(3), np.int64(4), np.int64(5), np.int64(7), np.int64(8), np.int64(9), np.int64(10), np.int64(11), np.int64(12), np.int64(13), np.int64(14), np.int64(15), np.int64(16), np.int64(18), np.int64(19), np.int64(20), np.int64(21), np.int64(23), np.int64(24), np.int64(25), np.int64(26), np.int64(27), np.int64(31), np.int64(32), np.int64(33), np.int64(35), np.int64(36), np.int64(38), np.int64(39), np.int64(40), np.int64(41), np.int64(42), np.int64(43), np.int64(45), np.int64(46), np.int64(47), np.int64(48), np.int64(49)]"
(5.33307525276304*x0**2)*x1 - x2**2 + 4.2093935,x0 + x1 + x2 + x3 + x4 + x5,31.406166,0.9771425,2,52,39,"[np.int64(0), np.int64(1), np.int64(2), np.int64(3), np.int64(5), np.int64(6), np.int64(7), np.int64(10), np.int64(11), np.int64(13), np.int64(14), np.int64(15), np.int64(16), np.int64(17), np.int64(18), np.int64(19), np.int64(21), np.int64(23), np.int64(24), np.int64(25), np.int64(26), np.int64(27), np.int64(28), np.int64(29), np.int64(30), np.int64(33), np.int64(34), np.int64(35), np.int64(36), np.int64(37), np.int64(38), np.int64(39), np.int64(43), np.int64(46), np.int64(47), np.int64(49), np.int64(50), np.int64(51)]","[np.int64(0), np.int64(1), np.int64(2), np.int64(3), np.int64(4), np.int64(5)]","[np.int64(0), np.int64(1), np.int64(2), np.int64(3), np.int64(4), np.int64(5), np.int64(6), np.int64(7), np.int64(10), np.int64(11), np.int64(13), np.int64(14), np.int64(15), np.int64(16), np.int64(17), np.int64(18), np.int64(19), np.int64(21), np.int64(23), np.int64(24), np.int64(25), np.int64(26), np.int64(27), np.int64(28), np.int64(29), np.int64(30), np.int64(33), np.int64(34), np.int64(35), np.int64(36), np.int64(37), np.int64(38), np.int64(39), np.int64(43), np.int64(46), np.int64(47), np.int64(49), np.int64(50), np.int64(51)]"
x1*4.85232*x0**2 - x2**2 + 3.9576154,x1 + x2 + x4 + x5 - (x0*(-0.97422904) - x3),28.790104,0.9926586,2,52,31,"[np.int64(0), np.int64(1), np.int64(2), np.int64(3), np.int64(4), np.int64(5), np.int64(6), np.int64(11), np.int64(16), np.int64(17), np.int64(18), np.int64(21), np.int64(23), np.int64(25), np.int64(26), np.int64(27), np.int64(28), np.int64(31), np.int64(34), np.int64(35), np.int64(36), np.int64(37), np.int64(38), np.int64(39), np.int64(41), np.int64(42), np.int64(43), np.int64(45), np.int64(46), np.int64(48), np.int64(50)]","[np.int64(0), np.int64(1), np.int64(2), np.int64(3), np.int64(4), np.int64(5)]","[np.int64(0), np.int64(1), np.int64(2), np.int64(3), np.int64(4), np.int64(5), np.int64(6), np.int64(11), np.int64(16), np.int64(17), np.int64(18), np.int64(21), np.int64(23), np.int64(25), np.int64(26), np.int64(27), np.int64(28), np.int64(31), np.int64(34), np.int64(35), np.int64(36), np.int64(37), np.int64(38), np.int64(39), np.int64(41), np.int64(42), np.int64(43), np.int64(45), np.int64(46), np.int64(48), np.int64(50)]"
5.2955194*x0**2*x1 - x5 - 2.5126834*log(x2**2),x0 + x1 + x2 + x3 + x4 + x5 - 1*0.032748405,10.127124,0.8990436,2,52,36,"[np.int64(0), np.int64(1), np.int64(2), np.int64(4), np.int64(5), np.int64(6), np.int64(7), np.int64(9), np.int64(10), np.int64(12), np.int64(13), np.int64(14), np.int64(17), np.int64(18), np.int64(19), np.int64(20), np.int64(22), np.int64(23), np.int64(24), np.int64(25), np.int64(28), np.int64(29), np.int64(30), np.int64(32), np.int64(33), np.int64(34), np.int64(35), np.int64(40), np.int64(41), np.int64(42), np.int64(43), np.int64(45), np.int64(46), np.int64(50), np.int64(51)]","[np.int64(0), np.int64(1), np.int64(2), np.int64(3), np.int64(4), np.int64(5)]","[np.int64(0), np.int64(1), np.int64(2), np.int64(3), np.int64(4), np.int64(5), np.int64(6), np.int64(7), np.int64(9), np.int64(10), np.int64(12), np.int64(13), np.int64(14), np.int64(17), np.int64(18), np.int64(19), np.int64(20), np.int64(22), np.int64(23), np.int64(24), np.int64(25), np.int64(28), np.int64(29), np.int64(30), np.int64(32), np.int64(33), np.int64(34), np.int64(35), np.int64(40), np.int64(41), np.int64(42), np.int64(43), np.int64(45), np.int64(46), np.int64(50), np.int64(51)]"
5.0989056*x0**2*x1 - x5 - log(x2**4),x0 + x1 + x2 + x3 + x4 + x5,12.339127,0.9265103,1,51,40,"[np.int64(0), np.int64(1), np.int64(2), np.int64(3), np.int64(4), np.int64(5), np.int64(7), np.int64(8), np.int64(10), np.int64(11), np.int64(12), np.int64(13), np.int64(14), np.int64(15), np.int64(17), np.int64(18), np.int64(19), np.int64(20), np.int64(23), np.int64(24), np.int64(25), np.int64(26), np.int64(27), np.int64(28), np.int64(31), np.int64(33), np.int64(34), np.int64(35), np.int64(38), np.int64(39), np.int64(40), np.int64(41), np.int64(42), np.int64(43), np.int64(45), np.int64(46), np.int64(47), np.int64(48), np.int64(49), np.int64(50)]","[np.int64(0), np.int64(1), np.int64(2), np.int64(3), np.int64(4), np.int64(5)]","[np.int64(0), np.int64(1), np.int64(2), np.int64(3), np.int64(4), np.int64(5), np.int64(7), np.int64(8), np.int64(10), np.int64(11), np.int64(12), np.int64(13), np.int64(14), np.int64(15), np.int64(17), np.int64(18), np.int64(19), np.int64(20), np.int64(23), np.int64(24), np.int64(25), np.int64(26), np.int64(27), np.int64(28), np.int64(31), np.int64(33), np.int64(34), np.int64(35), np.int64(38), np.int64(39), np.int64(40), np.int64(41), np.int64(42), np.int64(43), np.int64(45), np.int64(46), np.int64(47), np.int64(48), np.int64(49), np.int64(50)]"
5.150698*x0**2*x1 - x5 - log(x2**4),x0 + x1 + x2 + x3 + x4 + x5,11.247048,0.963146,1,51,35,"[np.int64(0), np.int64(1), np.int64(2), np.int64(3), np.int64(4), np.int64(5), np.int64(6), np.int64(7), np.int64(8), np.int64(9), np.int64(11), np.int64(13), np.int64(15), np.int64(16), np.int64(17), np.int64(20), np.int64(21), np.int64(23), np.int64(24), np.int64(25), np.int64(26), np.int64(28), np.int64(30), np.int64(33), np.int64(34), np.int64(36), np.int64(37), np.int64(39), np.int64(40), np.int64(41), np.int64(43), np.int64(45), np.int64(46), np.int64(47), np.int64(50)]","[np.int64(0), np.int64(1), np.int64(2), np.int64(3), np.int64(4), np.int64(5)]","[np.int64(0), np.int64(1), np.int64(2), np.int64(3), np.int64(4), np.int64(5), np.int64(6), np.int64(7), np.int64(8), np.int64(9), np.int64(11), np.int64(13), np.int64(15), np.int64(16), np.int64(17), np.int64(20), np.int64(21), np.int64(23), np.int64(24), np.int64(25), np.int64(26), np.int64(28), np.int64(30), np.int64(33), np.int64(34), np.int64(36), np.int64(37), np.int64(39), np.int64(40), np.int64(41), np.int64(43), np.int64(45), np.int64(46), np.int64(47), np.int64(50)]"
(x1*2.1712604*x0**2 - x2**2 - x5 + 2.141748)*2.3873978,x0 + x1 + x2 + x3 + x5 - (0.017879933 - x4),28.373158,1.0339667,2,52,30,"[np.int64(0), np.int64(1), np.int64(2), np.int64(3), np.int64(4), np.int64(5), np.int64(6), np.int64(11), np.int64(14), np.int64(17), np.int64(18), np.int64(22), np.int64(23), np.int64(26), np.int64(28), np.int64(29), np.int64(30), np.int64(32), np.int64(34), np.int64(36), np.int64(38), np.int64(40), np.int64(42), np.int64(43), np.int64(44), np.int64(47), np.int64(48), np.int64(49), np.int64(50), np.int64(51)]","[np.int64(0), np.int64(1), np.int64(2), np.int64(3), np.int64(4), np.int64(5)]","[np.int64(0), np.int64(1), np.int64(2), np.int64(3), np.int64(4), np.int64(5), np.int64(6), np.int64(11), np.int64(14), np.int64(17), np.int64(18), np.int64(22), np.int64(23), np.int64(26), np.int64(28), np.int64(29), np.int64(30), np.int64(32), np.int64(34), np.int64(36), np.int64(38), np.int64(40), np.int64(42), np.int64(43), np.int64(44), np.int64(47), np.int64(48), np.int64(49), np.int64(50), np.int64(51)]"
(x1*2.0242312*x0**2 - x2**2 - x5 + 2.328841)*2.5436351,x0 + x1 + x2 + x3 + x4 + x5,28.956972,1.0204191,2,52,34,"[np.int64(1), np.int64(2), np.int64(3), np.int64(4), np.int64(5), np.int64(8), np.int64(10), np.int64(12), np.int64(13), np.int64(15), np.int64(16), np.int64(17), np.int64(19), np.int64(20), np.int64(21), np.int64(22), np.int64(23), np.int64(26), np.int64(27), np.int64(28), np.int64(29), np.int64(30), np.int64(31), np.int64(35), np.int64(38), np.int64(40), np.int64(41), np.int64(42), np.int64(44), np.int64(45), np.int64(48), np.int64(50), np.int64(51)]","[np.int64(0), np.int64(1), np.int64(2), np.int64(3), np.int64(4), np.int64(5)]","[np.int64(0), np.int64(1), np.int64(2), np.int64(3), np.int64(4), np.int64(5), np.int64(8), np.int64(10), np.int64(12), np.int64(13), np.int64(15), np.int64(16), np.int64(17), np.int64(19), np.int64(20), np.int64(21), np.int64(22), np.int64(23), np.int64(26), np.int64(27), np.int64(28), np.int64(29), np.int64(30), np.int64(31), np.int64(35), np.int64(38), np.int64(40), np.int64(41), np.int64(42), np.int64(44), np.int64(45), np.int64(48), np.int64(50), np.int64(51)]"
x0**2*x1*5.221333 - 2.5949373*(x2**2 + x5 - 1*1.7680013) - 1*(-0.84403026),x0 + x1 + x2 + x3 + x4 + x5,26.58619,1.0127534,2,52,34,"[np.int64(0), np.int64(1), np.int64(2), np.int64(3), np.int64(4), np.int64(5), np.int64(7), np.int64(10), np.int64(11), np.int64(12), np.int64(13), np.int64(14), np.int64(15), np.int64(16), np.int64(17), np.int64(20), np.int64(22), np.int64(23), np.int64(24), np.int64(25), np.int64(26), np.int64(27), np.int64(30), np.int64(31), np.int64(33), np.int64(34), np.int64(36), np.int64(37), np.int64(41), np.int64(45), np.int64(48), np.int64(49), np.int64(50), np.int64(51)]","[np.int64(0), np.int64(1), np.int64(2), np.int64(3), np.int64(4), np.int64(5)]","[np.int64(0), np.int64(1), np.int64(2), np.int64(3), np.int64(4), np.int64(5), np.int64(7), np.int64(10), np.int64(11), np.int64(12), np.int64(13), np.int64(14), np.int64(15), np.int64(16), np.int64(17), np.int64(20), np.int64(22), np.int64(23), np.int64(24), np.int64(25), np.int64(26), np.int64(27), np.int64(30), np.int64(31), np.int64(33), np.int64(34), np.int64(36), np.int64(37), np.int64(41), np.int64(45), np.int64(48), np.int64(49), np.int64(50), np.int64(51)]"
5.0605803*x0**2*x1 - log(x2**4),x0 + x1 + x2 + x3 + x4 + x5,14.996774,1.0369753,1,51,42,"[np.int64(0), np.int64(1), np.int64(2), np.int64(3), np.int64(4), np.int64(5), np.int64(6), np.int64(7), np.int64(9), np.int64(10), np.int64(11), np.int64(12), np.int64(13), np.int64(14), np.int64(15), np.int64(16), np.int64(17), np.int64(19), np.int64(21), np.int64(22), np.int64(23), np.int64(24), np.int64(25), np.int64(26), np.int64(27), np.int64(28), np.int64(29), np.int64(30), np.int64(31), np.int64(32), np.int64(33), np.int64(35), np.int64(36), np.int64(39), np.int64(40), np.int64(42), np.int64(43), np.int64(44), np.int64(45), np.int64(47), np.int64(48), np.int64(50)]","[np.int64(0), np.int64(1), np.int64(2), np.int64(3), np.int64(4), np.int64(5)]","[np.int64(0), np.int64(1), np.int64(2), np.int64(3), np.int64(4), np.int64(5), np.int64(6), np.int64(7), np.int64(9), np.int64(10), np.int64(11), np.int64(12), np.int64(13), np.int64(14), np.int64(15), np.int64(16), np.int64(17), np.int64(19), np.int64(21), np.int64(22), np.int64(23), np.int64(24), np.int64(25), np.int64(26), np.int64(27), np.int64(28), np.int64(29), np.int64(30), np.int64(31), np.int64(32), np.int64(33), np.int64(35), np.int64(36), np.int64(39), np.int64(40), np.int64(42), np.int64(43), np.int64(44), np.int64(45), np.int64(47), np.int64(48), np.int64(50)]"
5.44070739704976*x0**2*x1 - 2.3325324*log(x2**2),x0 + x1 + x2 + x3 + x4 + x5,15.480165,0.97747517,2,52,40,"[np.int64(0), np.int64(1), np.int64(2), np.int64(3), np.int64(4), np.int64(5), np.int64(6), np.int64(8), np.int64(9), np.int64(10), np.int64(11), np.int64(12), np.int64(14), np.int64(15), np.int64(18), np.int64(19), np.int64(20), np.int64(22), np.int64(24), np.int64(25), np.int64(26), np.int64(27), np.int64(28), np.int64(29), np.int64(30), np.int64(31), np.int64(33), np.int64(34), np.int64(35), np.int64(36), np.int64(39), np.int64(40), np.int64(41), np.int64(43), np.int64(45), np.int64(46), np.int64(48), np.int64(49), np.int64(50), np.int64(51)]","[np.int64(0), np.int64(1), np.int64(2), np.int64(3), np.int64(4), np.int64(5)]","[np.int64(0), np.int64(1), np.int64(2), np.int64(3), np.int64(4), np.int64(5), np.int64(6), np.int64(8), np.int64(9), np.int64(10), np.int64(11), np.int64(12), np.int64(14), np.int64(15), np.int64(18), np.int64(19), np.int64(20), np.int64(22), np.int64(24), np.int64(25), np.int64(26), np.int64(27), np.int64(28), np.int64(29), np.int64(30), np.int64(31), np.int64(33), np.int64(34), np.int64(35), np.int64(36), np.int64(39), np.int64(40), np.int64(41), np.int64(43), np.int64(45), np.int64(46), np.int64(48), np.int64(49), np.int64(50), np.int64(51)]"
5.1646176*x0**2*x1 - 1.2911544*x5 - 1.2911544*log(x2**4),x0 + x1 + x2 + x3 + x4,10.134691,1.7564737,1,51,33,"[np.int64(0), np.int64(1), np.int64(3), np.int64(4), np.int64(5), np.int64(7), np.int64(10), np.int64(13), np.int64(15), np.int64(16), np.int64(17), np.int64(18), np.int64(19), np.int64(22), np.int64(23), np.int64(25), np.int64(26), np.int64(27), np.int64(28), np.int64(29), np.int64(32), np.int64(33), np.int64(35), np.int64(37), np.int64(40), np.int64(41), np.int64(43), np.int64(45), np.int64(46), np.int64(47), np.int64(48), np.int64(50)]","[np.int64(0), np.int64(1), np.int64(2), np.int64(3), np.int64(4), np.int64(5)]","[np.int64(0), np.int64(1), np.int64(2), np.int64(3), np.int64(4), np.int64(5), np.int64(7), np.int64(10), np.int64(13), np.int64(15), np.int64(16), np.int64(17), np.int64(18), np.int64(19), np.int64(22), np.int64(23), np.int64(25), np.int64(26), np.int64(27), np.int64(28), np.int64(29), np.int64(32), np.int64(33), np.int64(35), np.int64(37), np.int64(40), np.int64(41), np.int64(43), np.int64(45), np.int64(46), np.int64(47), np.int64(48), np.int64(50)]"
5.124527929605*x0**2*x1 - 2.548805*x5 - 2.548805*log(x2**2),x0 + x1 + x2 + x3 + x4 + x5,9.728722,0.95223325,2,52,42,"[np.int64(0), np.int64(1), np.int64(3), np.int64(4), np.int64(5), np.int64(6), np.int64(7), np.int64(8), np.int64(9), np.int64(10), np.int64(11), np.int64(12), np.int64(14), np.int64(16), np.int64(17), np.int64(18), np.int64(19), np.int64(20), np.int64(22), np.int64(23), np.int64(25), np.int64(26), np.int64(27), np.int64(29), np.int64(30), np.int64(31), np.int64(32), np.int64(35), np.int64(36), np.int64(37), np.int64(38), np.int64(40), np.int64(41), np.int64(43), np.int64(45), np.int64(46), np.int64(47), np.int64(48), np.int64(49), np.int64(50), np.int64(51)]","[np.int64(0), np.int64(1), np.int64(2), np.int64(3), np.int64(4), np.int64(5)]","[np.int64(0), np.int64(1), np.int64(2), np.int64(3), np.int64(4), np.int64(5), np.int64(6), np.int64(7), np.int64(8), np.int64(9), np.int64(10), np.int64(11), np.int64(12), np.int64(14), np.int64(16), np.int64(17), np.int64(18), np.int64(19), np.int64(20), np.int64(22), np.int64(23), np.int64(25), np.int64(26), np.int64(27), np.int64(29), np.int64(30), np.int64(31), np.int64(32), np.int64(35), np.int64(36), np.int64(37), np.int64(38), np.int64(40), np.int64(41), np.int64(43), np.int64(45), np.int64(46), np.int64(47), np.int64(48), np.int64(49), np.int64(50), np.int64(51)]"
(5.07705534711684*x0**2)*x1 - x2**2 + 3.9686687,x0 + x1 + x2 + x3 + x4 + x5,33.97272,0.9448351,2,52,37,"[np.int64(0), np.int64(1), np.int64(2), np.int64(3), np.int64(4), np.int64(5), np.int64(7), np.int64(8), np.int64(10), np.int64(12), np.int64(13), np.int64(14), np.int64(15), np.int64(16), np.int64(18), np.int64(19), np.int64(20), np.int64(21), np.int64(22), np.int64(23), np.int64(24), np.int64(26), np.int64(27), np.int64(30), np.int64(32), np.int64(34), np.int64(37), np.int64(38), np.int64(39), np.int64(40), np.int64(41), np.int64(43), np.int64(47), np.int64(48), np.int64(49), np.int64(50), np.int64(51)]","[np.int64(0), np.int64(1), np.int64(2), np.int64(3), np.int64(4), np.int64(5), np.int64(51)]","[np.int64(0), np.int64(1), np.int64(2), np.int64(3), np.int64(4), np.int64(5), np.int64(7), np.int64(8), np.int64(10), np.int64(12), np.int64(13), np.int64(14), np.int64(15), np.int64(16), np.int64(18), np.int64(19), np.int64(20), np.int64(21), np.int64(22), np.int64(23), np.int64(24), np.int64(26), np.int64(27), np.int64(30), np.int64(32), np.int64(34), np.int64(37), np.int64(38), np.int64(39), np.int64(40), np.int64(41), np.int64(43), np.int64(47), np.int64(48), np.int64(49), np.int64(50), np.int64(51)]"
x1*(5.11481963345089*x0**2 + 0.52543914) - x5 - 2.330603*log(x2**2),x0 + x1 + x2 + x3 + x4 + x5,9.57765,0.891558,2,52,43,"[np.int64(0), np.int64(1), np.int64(2), np.int64(3), np.int64(5), np.int64(6), np.int64(7), np.int64(8), np.int64(9), np.int64(10), np.int64(12), np.int64(13), np.int64(14), np.int64(15), np.int64(16), np.int64(17), np.int64(18), np.int64(21), np.int64(22), np.int64(25), np.int64(26), np.int64(27), np.int64(28), np.int64(29), np.int64(30), np.int64(31), np.int64(32), np.int64(34), np.int64(35), np.int64(36), np.int64(37), np.int64(39), np.int64(40), np.int64(41), np.int64(42), np.int64(44), np.int64(46), np.int64(47), np.int64(48), np.int64(49), np.int64(50), np.int64(51)]","[np.int64(0), np.int64(1), np.int64(2), np.int64(3), np.int64(4), np.int64(5)]","[np.int64(0), np.int64(1), np.int64(2), np.int64(3), np.int64(4), np.int64(5), np.int64(6), np.int64(7), np.int64(8), np.int64(9), np.int64(10), np.int64(12), np.int64(13), np.int64(14), np.int64(15), np.int64(16), np.int64(17), np.int64(18), np.int64(21), np.int64(22), np.int64(25), np.int64(26), np.int64(27), np.int64(28), np.int64(29), np.int64(30), np.int64(31), np.int64(32), np.int64(34), np.int64(35), np.int64(36), np.int64(37), np.int64(39), np.int64(40), np.int64(41), np.int64(42), np.int64(44), np.int64(46), np.int64(47), np.int64(48), np.int64(49), np.int64(50), np.int64(51)]"
5.06819951125148*x0**2*x1 - 2.5368786*x5 - 2.5368786*log(x2**2),x0 + x1 + x2 + x3 + x4 + x5,11.463333,0.9974688,2,52,37,"[np.int64(0), np.int64(1), np.int64(2), np.int64(3), np.int64(4), np.int64(5), np.int64(7), np.int64(8), np.int64(9), np.int64(10), np.int64(12), np.int64(15), np.int64(16), np.int64(20), np.int64(22), np.int64(23), np.int64(25), np.int64(27), np.int64(28), np.int64(30), np.int64(31), np.int64(32), np.int64(33), np.int64(34), np.int64(37), np.int64(39), np.int64(41), np.int64(42), np.int64(43), np.int64(44), np.int64(45), np.int64(46), np.int64(47), np.int64(48), np.int64(49), np.int64(50), np.int64(51)]","[np.int64(0), np.int64(1), np.int64(2), np.int64(3), np.int64(4), np.int64(5)]","[np.int64(0), np.int64(1), np.int64(2), np.int64(3), np.int64(4), np.int64(5), np.int64(7), np.int64(8), np.int64(9), np.int64(10), np.int64(12), np.int64(15), np.int64(16), np.int64(20), np.int64(22), np.int64(23), np.int64(25), np.int64(27), np.int64(28), np.int64(30), np.int64(31), np.int64(32), np.int64(33), np.int64(34), np.int64(37), np.int64(39), np.int64(41), np.int64(42), np.int64(43), np.int64(44), np.int64(45), np.int64(46), np.int64(47), np.int64(48), np.int64(49), np.int64(50), np.int64(51)]"
x0**2*x1*5.3994684,x0 + x1 + x2 + x3 + x4 + x5,35.903095,0.96883595,1,51,35,"[np.int64(0), np.int64(1), np.int64(2), np.int64(5), np.int64(8), np.int64(9), np.int64(11), np.int64(12), np.int64(13), np.int64(14), np.int64(15), np.int64(16), np.int64(18), np.int64(19), np.int64(20), np.int64(22), np.int64(25), np.int64(28), np.int64(29), np.int64(31), np.int64(32), np.int64(35), np.int64(37), np.int64(38), np.int64(41), np.int64(42), np.int64(43), np.int64(44), np.int64(45), np.int64(46), np.int64(47), np.int64(48), np.int64(50)]","[np.int64(0), np.int64(1), np.int64(2), np.int64(3), np.int64(4), np.int64(5)]","[np.int64(0), np.int64(1), np.int64(2), np.int64(3), np.int64(4), np.int64(5), np.int64(8), np.int64(9), np.int64(11), np.int64(12), np.int64(13), np.int64(14), np.int64(15), np.int64(16), np.int64(18), np.int64(19), np.int64(20), np.int64(22), np.int64(25), np.int64(28), np.int64(29), np.int64(31), np.int64(32), np.int64(35), np.int64(37), np.int64(38), np.int64(41), np.int64(42), np.int64(43), np.int64(44), np.int64(45), np.int64(46), np.int64(47), np.int64(48), np.int64(50)]"
(x0**2*x1*1.8613017 - (x2**2 + x5) + 1.992274)*2.7538147,x0 + x1 + x2 + x3 + x4 + x5,21.028088,0.96076196,2,52,45,"[np.int64(0), np.int64(1), np.int64(2), np.int64(3), np.int64(4), np.int64(5), np.int64(6), np.int64(7), np.int64(8), np.int64(9), np.int64(10), np.int64(13), np.int64(14), np.int64(15), np.int64(16), np.int64(18), np.int64(19), np.int64(20), np.int64(21), np.int64(22), np.int64(23), np.int64(24), np.int64(25), np.int64(26), np.int64(27), np.int64(28), np.int64(30), np.int64(31), np.int64(32), np.int64(34), np.int64(35), np.int64(36), np.int64(38), np.int64(40), np.int64(41), np.int64(42), np.int64(43), np.int64(44), np.int64(45), np.int64(46), np.int64(47), np.int64(48), np.int64(49), np.int64(50), np.int64(51)]","[np.int64(0), np.int64(1), np.int64(2), np.int64(3), np.int64(4), np.int64(5)]","[np.int64(0), np.int64(1), np.int64(2), np.int64(3), np.int64(4), np.int64(5), np.int64(6), np.int64(7), np.int64(8), np.int64(9), np.int64(10), np.int64(13), np.int64(14), np.int64(15), np.int64(16), np.int64(18), np.int64(19), np.int64(20), np.int64(21), np.int64(22), np.int64(23), np.int64(24), np.int64(25), np.int64(26), np.int64(27), np.int64(28), np.int64(30), np.int64(31), np.int64(32), np.int64(34), np.int64(35), np.int64(36), np.int64(38), np.int64(40), np.int64(41), np.int64(42), np.int64(43), np.int64(44), np.int64(45), np.int64(46), np.int64(47), np.int64(48), np.int64(49), np.int64(50), np.int64(51)]"
